timestamp,open,high,low,close,volume
2025-10-08 15:00:00+00:00,122405.859375,122610.1796875,122015.6015625,122207.5234375,0
2025-10-08 16:00:00+00:00,122209.78125,123122.015625,122195.359375,123098.7890625,0
2025-10-08 17:00:00+00:00,123087.40625,124144.6328125,123042.96875,124141.4921875,423829504
2025-10-08 18:00:00+00:00,124093.4140625,124093.4140625,123515.9609375,123614.859375,506077184
2025-10-08 19:00:00+00:00,123507.84375,123745.0625,123235.5703125,123520.203125,0
2025-10-08 20:00:00+00:00,123500.1640625,123683.6953125,123054.9375,123054.9375,0
2025-10-08 21:00:00+00:00,122903.1953125,123357.859375,122903.1953125,123237.0,663265280
2025-10-08 22:00:00+00:00,123272.21875,123450.5625,123272.21875,123304.515625,0
2025-10-08 23:00:00+00:00,123287.7421875,123565.71875,123104.9296875,123337.0703125,29130752
2025-10-09 00:00:00+00:00,123379.09375,123379.09375,122945.984375,123006.21875,0
2025-10-09 01:00:00+00:00,122934.8359375,122934.8359375,122418.8828125,122576.875,901435392
2025-10-09 02:00:00+00:00,122564.6953125,122564.6953125,121600.2578125,121616.1171875,0
2025-10-09 03:00:00+00:00,121650.609375,122106.1484375,121650.609375,122064.671875,0
2025-10-09 04:00:00+00:00,122062.34375,122273.9453125,121983.2421875,122141.9609375,0
2025-10-09 05:00:00+00:00,122179.7109375,122201.1796875,121920.703125,122134.6328125,0
2025-10-09 06:00:00+00:00,122142.1875,122198.3984375,121948.625,121998.65625,0
2025-10-09 07:00:00+00:00,121986.71875,122065.8828125,121833.1171875,121932.7265625,0
2025-10-09 08:00:00+00:00,121937.9453125,121967.671875,121191.40625,121332.3125,0
2025-10-09 09:00:00+00:00,121297.78125,121857.4296875,121297.78125,121847.609375,966561792
2025-10-09 10:00:00+00:00,121811.203125,122326.6875,121713.640625,122215.1953125,0
2025-10-09 11:00:00+00:00,122213.1484375,122863.3203125,122213.1484375,122818.3671875,396902400
2025-10-09 12:00:00+00:00,122800.484375,123725.40625,122780.203125,123620.7265625,2027372544
2025-10-09 13:00:00+00:00,123600.5,123600.5,122435.5859375,122504.71875,527491072
2025-10-09 14:00:00+00:00,122435.25,122554.0546875,120868.7421875,121392.1875,3731177472
2025-10-09 15:00:00+00:00,121598.9765625,121717.75,120835.2109375,121213.40625,2855604224
2025-10-09 16:00:00+00:00,121196.8515625,121456.703125,119976.6484375,119976.6484375,1511567360
2025-10-09 17:00:00+00:00,119892.359375,120843.796875,119892.359375,120843.796875,2520236032
2025-10-09 18:00:00+00:00,121003.2421875,121012.2265625,120495.4453125,120744.4140625,779157504
2025-10-09 19:00:00+00:00,120821.0859375,121168.0546875,120821.0859375,121013.578125,383475712
2025-10-09 20:00:00+00:00,120998.796875,121205.7109375,120928.1484375,121165.140625,0
2025-10-09 21:00:00+00:00,121156.09375,121559.796875,121137.3125,121522.9375,1223712768
2025-10-09 22:00:00+00:00,121520.9765625,121806.3203125,121476.28125,121739.1015625,0
2025-10-09 23:00:00+00:00,121757.578125,121757.578125,121447.8515625,121704.7421875,1560428544
2025-10-10 00:00:00+00:00,121727.234375,121922.28125,121696.40625,121833.5546875,0
2025-10-10 01:00:00+00:00,121829.265625,121933.6328125,121610.4453125,121733.8359375,0
2025-10-10 02:00:00+00:00,121699.3671875,121699.3671875,121045.609375,121118.515625,900055040
2025-10-10 03:00:00+00:00,121137.921875,121618.8671875,121037.40625,121161.203125,1375879168
2025-10-10 04:00:00+00:00,121184.640625,121410.8984375,121141.046875,121284.40625,616955904
2025-10-10 05:00:00+00:00,121293.5234375,121623.5390625,121095.828125,121614.3671875,0
2025-10-10 06:00:00+00:00,121629.8203125,121770.28125,121321.5234375,121477.765625,1200832512
2025-10-10 07:00:00+00:00,121408.1953125,121408.1953125,121035.796875,121035.796875,2108727296
2025-10-10 08:00:00+00:00,120972.0234375,121636.5,120972.0234375,121636.5,0
2025-10-10 09:00:00+00:00,121685.6328125,121798.28125,121367.59375,121385.0546875,847249408
2025-10-10 10:00:00+00:00,121362.265625,121566.828125,121305.78125,121554.1875,0
2025-10-10 11:00:00+00:00,121545.40625,121710.171875,121473.3125,121623.3125,0
2025-10-10 12:00:00+00:00,121604.1875,121739.6875,121485.609375,121638.5703125,0
2025-10-10 13:00:00+00:00,121644.5,122498.6015625,121481.375,121673.265625,1834770432
2025-10-10 14:00:00+00:00,121720.0078125,122067.125,121245.84375,121276.6484375,0
2025-10-10 15:00:00+00:00,120577.5390625,120577.5390625,118579.5390625,119072.296875,7388680192
2025-10-10 16:00:00+00:00,119040.3046875,119418.9765625,118343.828125,118343.828125,697090048
2025-10-10 17:00:00+00:00,118306.953125,118398.8984375,117658.609375,117743.9609375,1975549952
2025-10-10 18:00:00+00:00,117705.8046875,117831.4609375,117310.21875,117310.21875,0
2025-10-10 19:00:00+00:00,117265.234375,117321.5546875,116060.9296875,116787.390625,7385464832
2025-10-10 20:00:00+00:00,116673.0,117144.265625,114047.453125,114527.5703125,0
2025-10-10 21:00:00+00:00,114253.625,115106.875,104953.1640625,113937.875,40710152192
2025-10-10 22:00:00+00:00,113989.4453125,114602.2421875,112592.046875,113973.1328125,18138316800
2025-10-10 23:00:00+00:00,113923.53125,114864.328125,113074.953125,113236.4296875,11383242752
2025-10-11 00:00:00+00:00,112980.5859375,113288.5625,111895.5546875,112762.6796875,5948424192
2025-10-11 01:00:00+00:00,112711.1796875,112711.1796875,111226.546875,111326.3359375,6381731840
2025-10-11 02:00:00+00:00,111256.3671875,113385.6484375,111256.3671875,113289.09375,7274381312
2025-10-11 03:00:00+00:00,113324.84375,113411.9609375,111990.3046875,112425.484375,2620997632
2025-10-11 04:00:00+00:00,112348.4609375,113060.8828125,111881.828125,113059.6015625,4138713088
2025-10-11 05:00:00+00:00,113060.890625,113060.890625,112168.8671875,112579.921875,1749942272
2025-10-11 06:00:00+00:00,112525.265625,112848.78125,112165.15625,112165.15625,888733696
2025-10-11 07:00:00+00:00,112212.9296875,112212.9296875,110320.6953125,110320.6953125,6356008960
2025-10-11 08:00:00+00:00,110451.0078125,111591.046875,110320.0859375,111530.3203125,3555377152
2025-10-11 09:00:00+00:00,111414.2578125,111939.734375,111414.2578125,111799.875,4034035712
2025-10-11 10:00:00+00:00,111790.8359375,112368.1640625,111790.8359375,112218.7421875,2280505344
2025-10-11 11:00:00+00:00,112210.8359375,112440.953125,111812.5546875,112351.6875,1011253248
2025-10-11 12:00:00+00:00,112389.0859375,112571.2265625,112164.71875,112450.359375,4243800064
2025-10-11 13:00:00+00:00,112502.609375,112617.640625,112049.0078125,112359.0,0
2025-10-11 14:00:00+00:00,112409.46875,112455.5859375,112040.984375,112057.8046875,0
2025-10-11 15:00:00+00:00,112102.6953125,112471.2109375,111975.2890625,111975.2890625,0
2025-10-11 16:00:00+00:00,111941.9765625,112201.03125,111607.5,111941.453125,0
2025-10-11 17:00:00+00:00,111996.8671875,112285.1484375,111864.59375,112111.984375,0
2025-10-11 18:00:00+00:00,112112.09375,112137.9453125,111980.4921875,112082.4453125,0
2025-10-11 19:00:00+00:00,112079.78125,112121.8203125,111060.015625,111225.9375,0
2025-10-11 20:00:00+00:00,111429.796875,111429.796875,109952.4453125,110234.7578125,0
2025-10-11 21:00:00+00:00,110412.15625,111105.40625,109817.7734375,111056.0,0
2025-10-11 22:00:00+00:00,111045.375,111371.9609375,110847.1953125,111165.25,0
2025-10-11 23:00:00+00:00,111166.3046875,111184.203125,110811.515625,110811.515625,0
2025-10-12 00:00:00+00:00,110718.3671875,110718.3671875,109741.984375,109741.984375,0
2025-10-12 01:00:00+00:00,109796.3359375,110342.78125,109796.3359375,109983.421875,0
2025-10-12 02:00:00+00:00,110054.890625,110672.3359375,109730.1953125,110135.3046875,0
2025-10-12 03:00:00+00:00,110188.421875,111341.34375,110141.1171875,110776.8984375,0
2025-10-12 04:00:00+00:00,110781.1015625,111987.15625,110774.890625,111563.5078125,0
2025-10-12 05:00:00+00:00,111602.328125,111833.2421875,111358.3671875,111831.3046875,0
2025-10-12 06:00:00+00:00,111816.5390625,112140.171875,111762.0625,111840.2109375,0
2025-10-12 07:00:00+00:00,111786.6875,112014.2109375,111613.5390625,111632.46875,0
2025-10-12 08:00:00+00:00,111657.7265625,111872.1015625,111426.6640625,111426.6640625,0
2025-10-12 09:00:00+00:00,111340.953125,111906.671875,111254.734375,111906.671875,0
2025-10-12 10:00:00+00:00,111914.4453125,111992.7734375,111543.5625,111726.234375,0
2025-10-12 11:00:00+00:00,111720.3125,112069.140625,111628.4453125,111870.453125,0
2025-10-12 12:00:00+00:00,111882.265625,112211.7578125,111699.8984375,111801.3203125,0
2025-10-12 13:00:00+00:00,111832.5859375,111976.234375,111396.3671875,111396.3671875,1090932736
2025-10-12 14:00:00+00:00,111331.3671875,112940.7890625,111256.140625,112306.71875,2003034112
2025-10-12 15:00:00+00:00,112385.9609375,113726.7109375,112385.9609375,113342.6484375,8404549632
2025-10-12 16:00:00+00:00,113273.0703125,114722.65625,113273.0703125,114139.5234375,6210732032
2025-10-12 17:00:00+00:00,114123.8515625,114543.5625,113726.7890625,113885.8671875,2874335232
2025-10-12 18:00:00+00:00,113892.7109375,114293.5,113689.171875,113953.75,1399775232
2025-10-12 19:00:00+00:00,113951.6328125,114469.5546875,113951.6328125,114407.2109375,0
2025-10-12 20:00:00+00:00,114417.3203125,115514.0625,114417.3203125,115134.28125,1293025280
2025-10-12 21:00:00+00:00,115022.625,115578.5234375,114534.671875,114971.5546875,0
2025-10-12 22:00:00+00:00,115646.9140625,115757.890625,115230.6171875,115424.1875,3927678976
2025-10-12 23:00:00+00:00,115386.328125,115410.6640625,114878.5,115161.6796875,413728768
2025-10-13 00:00:00+00:00,115091.0390625,115899.328125,115013.0078125,115382.1796875,818102272
2025-10-13 01:00:00+00:00,115401.8515625,115830.015625,115242.71875,115827.6796875,0
2025-10-13 02:00:00+00:00,115809.7421875,115830.5703125,115179.5859375,115430.3828125,0
2025-10-13 03:00:00+00:00,115464.4375,115653.0625,114815.6875,114913.0625,0
2025-10-13 04:00:00+00:00,115022.8125,115067.359375,114571.9453125,114756.28125,1147207680
2025-10-13 05:00:00+00:00,114802.4765625,114843.28125,114634.71875,114680.359375,0
2025-10-13 06:00:00+00:00,114707.640625,115355.109375,114552.625,115302.96875,0
2025-10-13 07:00:00+00:00,115369.1171875,115600.234375,115150.8046875,115423.5,1755504640
2025-10-13 08:00:00+00:00,115449.609375,115484.5390625,115271.1484375,115484.5390625,18415616
2025-10-13 09:00:00+00:00,115282.1484375,115304.296875,114899.484375,115220.484375,0
2025-10-13 10:00:00+00:00,115203.7265625,115203.7265625,114877.9296875,114941.890625,989208576
2025-10-13 11:00:00+00:00,114940.3671875,114940.3671875,114033.171875,114382.3203125,1461837824
2025-10-13 12:00:00+00:00,114310.40625,114733.3203125,114075.6875,114475.484375,612876288
2025-10-13 13:00:00+00:00,114572.953125,115538.640625,114356.9375,115323.5859375,0
2025-10-13 14:00:00+00:00,115432.546875,115474.2734375,113987.109375,114061.5703125,1284046848
2025-10-13 15:00:00+00:00,114145.0859375,114738.625,114133.2421875,114505.6484375,0
2025-10-13 16:00:00+00:00,114424.1640625,115118.015625,114424.1640625,114806.5703125,0
2025-10-13 17:00:00+00:00,114771.5078125,115061.8984375,114358.5546875,114723.515625,0
2025-10-13 18:00:00+00:00,115032.96875,115410.921875,114854.578125,115247.6328125,77111296
2025-10-13 19:00:00+00:00,115230.0,115986.171875,115230.0,115891.1484375,123838464
2025-10-13 20:00:00+00:00,115924.75,115960.4140625,115554.1171875,115713.96875,0
2025-10-13 21:00:00+00:00,115820.9140625,115860.6796875,115678.5390625,115794.71875,0
2025-10-13 22:00:00+00:00,115806.6484375,115931.2578125,115587.96875,115614.1484375,0
2025-10-13 23:00:00+00:00,115619.3046875,115619.3046875,115133.953125,115264.8828125,0
2025-10-14 00:00:00+00:00,115261.4453125,115466.7734375,115036.328125,115056.4609375,0
2025-10-14 01:00:00+00:00,115052.53125,115075.4296875,114242.4375,114383.4296875,0
2025-10-14 02:00:00+00:00,114360.046875,114372.34375,113780.984375,113828.171875,0
2025-10-14 03:00:00+00:00,113692.890625,113761.1875,113391.9375,113584.578125,3134038016
2025-10-14 04:00:00+00:00,113622.3671875,113643.34375,112977.9140625,113098.4765625,0
2025-10-14 05:00:00+00:00,113129.8828125,113688.5078125,112516.3984375,112516.3984375,22880256
2025-10-14 06:00:00+00:00,112551.59375,112765.2734375,111697.3828125,112004.890625,4713373696
2025-10-14 07:00:00+00:00,112083.34375,112240.1484375,111616.8203125,111616.8203125,0
2025-10-14 08:00:00+00:00,111796.984375,112216.0859375,111664.53125,111930.25,2721259520
2025-10-14 09:00:00+00:00,111895.5546875,112075.796875,111207.609375,111366.0859375,0
2025-10-14 10:00:00+00:00,111374.0859375,111374.0859375,110187.1484375,110729.0234375,4637810688
2025-10-14 11:00:00+00:00,110722.8203125,111670.359375,110722.8203125,111449.859375,0
2025-10-14 12:00:00+00:00,111430.3046875,111430.3046875,110855.2265625,110855.2265625,0
2025-10-14 13:00:00+00:00,110885.3203125,111313.6796875,110034.8671875,110940.8671875,827686912
2025-10-14 14:00:00+00:00,111115.9921875,112173.921875,111115.9921875,111547.5703125,552673280
2025-10-14 15:00:00+00:00,111547.296875,112800.46875,111194.8359375,112735.875,1745027072
2025-10-14 16:00:00+00:00,112944.9140625,113178.6953125,112341.484375,112341.484375,3942735872
2025-10-14 17:00:00+00:00,112184.21875,112927.9296875,111937.3125,112859.0078125,2658320384
2025-10-14 18:00:00+00:00,112853.375,113507.0,112743.2890625,112831.9140625,1191550976
2025-10-14 19:00:00+00:00,112985.8046875,113515.8671875,112170.1484375,112671.1171875,1630838784
2025-10-14 20:00:00+00:00,112735.984375,112992.75,112367.9140625,112983.46875,455106560
2025-10-14 21:00:00+00:00,113034.40625,113172.546875,112793.8828125,113172.546875,34611200
2025-10-14 22:00:00+00:00,113258.609375,113579.2890625,112958.84375,113259.671875,1185120256
2025-10-14 23:00:00+00:00,113256.359375,113546.65625,113112.265625,113113.96875,267345920
2025-10-15 00:00:00+00:00,113084.546875,113128.6953125,112692.0234375,113029.125,1613799424
2025-10-15 01:00:00+00:00,113031.4140625,113031.4140625,112437.3671875,112780.7890625,0
2025-10-15 02:00:00+00:00,112785.1796875,113559.046875,112756.0,112910.1171875,0
2025-10-15 03:00:00+00:00,112916.59375,112916.59375,111919.59375,112090.5078125,0
2025-10-15 04:00:00+00:00,112084.0703125,112496.109375,111891.453125,112397.875,1277566976
2025-10-15 05:00:00+00:00,112406.2578125,112692.6484375,112285.5234375,112474.53125,0
2025-10-15 06:00:00+00:00,112488.796875,112596.9921875,111979.2890625,112438.4921875,0
2025-10-15 07:00:00+00:00,112493.9609375,112614.3984375,112370.0,112611.09375,0
2025-10-15 08:00:00+00:00,112617.3046875,113538.0859375,112617.3046875,113079.984375,1532633088
2025-10-15 09:00:00+00:00,112975.4609375,113139.46875,112507.5,112552.3359375,0
2025-10-15 10:00:00+00:00,112606.0859375,112717.0390625,112287.9921875,112320.5703125,0
2025-10-15 11:00:00+00:00,112349.03125,112675.7109375,111979.078125,111992.0859375,0
2025-10-15 12:00:00+00:00,112006.828125,112175.3203125,111564.7109375,111745.390625,0
2025-10-15 13:00:00+00:00,111790.1015625,111996.7734375,110930.3359375,111505.1640625,0
2025-10-15 14:00:00+00:00,111505.421875,112285.265625,110953.421875,111120.3515625,529956864
2025-10-15 15:00:00+00:00,111168.921875,111506.2421875,110514.671875,110767.4765625,631078912
2025-10-15 16:00:00+00:00,110846.453125,111115.53125,110717.375,110832.7734375,0
2025-10-15 17:00:00+00:00,110768.28125,111173.7421875,110322.578125,111173.7421875,0
2025-10-15 18:00:00+00:00,111201.7890625,111540.3515625,110893.265625,111540.3515625,0
2025-10-15 19:00:00+00:00,111404.9765625,111579.328125,111155.2890625,111323.5,0
2025-10-15 20:00:00+00:00,111416.5859375,111586.4296875,110637.09375,111183.8125,0
2025-10-15 21:00:00+00:00,111168.546875,111481.75,110655.09375,110848.7265625,1439940608
2025-10-15 22:00:00+00:00,110918.046875,111402.1015625,110753.5703125,110753.5703125,0
2025-10-15 23:00:00+00:00,110748.9140625,111024.984375,110655.4921875,110777.1171875,0
2025-10-16 00:00:00+00:00,110797.3046875,110848.1484375,110431.5078125,110514.671875,0
2025-10-16 01:00:00+00:00,110549.609375,111306.3125,110549.609375,111306.3125,224493568
2025-10-16 02:00:00+00:00,111404.0625,111588.0625,111110.1015625,111569.546875,0
2025-10-16 03:00:00+00:00,111566.3203125,111869.2265625,111498.2890625,111498.2890625,168927232
2025-10-16 04:00:00+00:00,111399.859375,111685.75,110892.71875,111059.0703125,0
2025-10-16 05:00:00+00:00,111036.0,111447.7578125,110820.6015625,110976.796875,934944768
2025-10-16 06:00:00+00:00,110997.453125,111718.0390625,110997.453125,111698.4765625,0
2025-10-16 07:00:00+00:00,111748.5703125,111785.5703125,110613.65625,110613.65625,1881128960
2025-10-16 08:00:00+00:00,110658.0859375,110898.703125,110497.6484375,110851.3828125,0
2025-10-16 09:00:00+00:00,110862.6484375,111601.421875,109752.9921875,111173.625,3142836224
2025-10-16 10:00:00+00:00,111195.3828125,111677.578125,111083.8515625,111498.1640625,1613307904
2025-10-16 11:00:00+00:00,111513.625,111550.84375,111122.9921875,111442.0859375,0
2025-10-16 12:00:00+00:00,111453.734375,111955.5625,111417.0,111656.5078125,0
2025-10-16 13:00:00+00:00,111585.7109375,111585.7109375,110916.8515625,110916.8515625,0
2025-10-16 14:00:00+00:00,110934.3359375,111424.1953125,109912.7265625,110598.7578125,1286307840
2025-10-16 15:00:00+00:00,110596.9140625,110777.6796875,108513.4296875,108513.4296875,2175279104
2025-10-16 16:00:00+00:00,108400.109375,109117.1796875,107662.375,109117.1796875,6571524096
2025-10-16 17:00:00+00:00,109057.015625,109192.921875,108328.890625,108371.15625,1557315584
2025-10-16 18:00:00+00:00,108333.0,108648.046875,107810.6953125,108595.625,2486951936
2025-10-16 19:00:00+00:00,108621.8984375,108719.4765625,107800.3984375,108295.9609375,2585051136
2025-10-16 20:00:00+00:00,108226.6484375,108355.28125,107554.3515625,107785.3203125,507125760
2025-10-16 21:00:00+00:00,107945.9375,108462.453125,107693.546875,108437.5390625,0
2025-10-16 22:00:00+00:00,108462.359375,108462.359375,107827.1796875,107827.1796875,1112309760
2025-10-16 23:00:00+00:00,107840.515625,108332.125,107826.5,108179.1328125,432857088
2025-10-17 00:00:00+00:00,108202.9140625,108791.6171875,108016.4140625,108791.6171875,448225280
2025-10-17 01:00:00+00:00,108784.2578125,109108.3984375,108570.8125,108800.3828125,0
2025-10-17 02:00:00+00:00,108827.34375,108994.234375,108430.0859375,108994.234375,0
2025-10-17 03:00:00+00:00,108997.2109375,109190.796875,108946.328125,109190.796875,0
2025-10-17 04:00:00+00:00,109162.640625,109204.953125,108838.296875,108875.359375,0
2025-10-17 05:00:00+00:00,108802.453125,108903.6015625,108362.2734375,108397.3515625,166879232
2025-10-17 06:00:00+00:00,108447.1015625,108483.671875,106756.265625,106829.078125,3957669888
2025-10-17 07:00:00+00:00,106777.46875,106878.375,105566.015625,105566.015625,4914634752
2025-10-17 08:00:00+00:00,105586.390625,105606.0078125,104812.8984375,104993.2890625,7350771712
2025-10-17 09:00:00+00:00,104886.5859375,105574.1953125,104749.2890625,104749.2890625,48611328
2025-10-17 10:00:00+00:00,104606.5078125,104781.9765625,103598.4296875,104708.3984375,4809793536
2025-10-17 11:00:00+00:00,104751.8125,106356.6875,104678.703125,105670.03125,4848812032
2025-10-17 12:00:00+00:00,105673.28125,106032.640625,105291.703125,105347.0078125,877633536
2025-10-17 13:00:00+00:00,105364.015625,106078.640625,104993.9921875,105868.1171875,2296430592
2025-10-17 14:00:00+00:00,105744.8671875,106002.953125,104678.1875,105164.78125,9904128
2025-10-17 15:00:00+00:00,105162.421875,106720.640625,105158.375,106720.640625,0
2025-10-17 16:00:00+00:00,106816.984375,107397.3359375,106290.46875,106409.6640625,0
2025-10-17 17:00:00+00:00,106403.1875,106679.0078125,106113.7265625,106415.6171875,0
2025-10-17 18:00:00+00:00,106464.6328125,107067.90625,106464.6328125,106619.484375,0
2025-10-17 19:00:00+00:00,106668.90625,106887.390625,106332.25,106490.15625,0
2025-10-17 20:00:00+00:00,106490.46875,107180.9765625,106410.296875,107090.890625,0
2025-10-17 21:00:00+00:00,107058.65625,107451.2421875,107058.65625,107422.1171875,2282635264
2025-10-17 22:00:00+00:00,107372.5625,107437.015625,106927.71875,107036.96875,0
2025-10-17 23:00:00+00:00,107037.140625,107037.140625,106447.984375,106483.734375,20119552
2025-10-18 00:00:00+00:00,106474.34375,106867.1328125,106389.5859375,106839.5078125,0
2025-10-18 01:00:00+00:00,106881.4453125,107325.6796875,106881.3828125,107226.515625,0
2025-10-18 02:00:00+00:00,107195.0703125,107321.0078125,106543.8046875,106634.8984375,0
2025-10-18 03:00:00+00:00,106647.5703125,107147.390625,106647.5703125,107104.234375,2848522240
2025-10-18 04:00:00+00:00,107132.2421875,107132.2421875,106489.4140625,106538.7421875,327884800
2025-10-18 05:00:00+00:00,106529.8828125,106892.75,106529.8828125,106892.75,0
2025-10-18 06:00:00+00:00,106864.5390625,106968.1015625,106789.03125,106941.203125,0
2025-10-18 07:00:00+00:00,106912.5,107480.40625,106715.453125,106715.453125,0
2025-10-18 08:00:00+00:00,106729.1328125,106990.3203125,106696.1328125,106828.34375,0
2025-10-18 09:00:00+00:00,106770.5546875,106982.328125,106719.7421875,106957.3359375,0
2025-10-18 10:00:00+00:00,106957.046875,107172.78125,106853.3359375,106907.546875,0
2025-10-18 11:00:00+00:00,106960.1484375,107150.34375,106815.1953125,107150.34375,0
2025-10-18 12:00:00+00:00,107252.15625,107340.984375,107029.65625,107113.609375,0
2025-10-18 13:00:00+00:00,107118.1171875,107130.4453125,106879.234375,106933.453125,0
2025-10-18 14:00:00+00:00,106938.828125,107085.84375,106825.15625,107053.375,0
2025-10-18 15:00:00+00:00,107048.1328125,107179.078125,106882.28125,106986.8203125,0
2025-10-18 16:00:00+00:00,106987.2265625,107070.8046875,106569.609375,106711.03125,0
2025-10-18 17:00:00+00:00,106702.6015625,106999.3203125,106658.4375,106879.75,0
2025-10-18 18:00:00+00:00,106914.21875,106930.328125,106768.40625,106875.0859375,0
2025-10-18 19:00:00+00:00,106888.09375,107101.359375,106839.34375,107077.109375,0
2025-10-18 20:00:00+00:00,107109.1328125,107319.8984375,107062.7734375,107101.7578125,0
2025-10-18 21:00:00+00:00,107072.9296875,107259.7421875,106914.9453125,107259.7421875,0
2025-10-18 22:00:00+00:00,107227.1328125,107314.3359375,107130.1484375,107154.71875,0
2025-10-18 23:00:00+00:00,107156.484375,107219.0625,107058.2890625,107204.3125,63827968
2025-10-19 00:00:00+00:00,107198.890625,107256.140625,106789.046875,106927.3671875,0
2025-10-19 01:00:00+00:00,106925.4609375,107013.8828125,106805.90625,106978.265625,0
2025-10-19 02:00:00+00:00,106978.3671875,107009.6796875,106844.8125,106883.4921875,0
2025-10-19 03:00:00+00:00,106879.40625,107332.8828125,106838.21875,107303.8828125,0
2025-10-19 04:00:00+00:00,107312.4609375,107312.4609375,107045.6875,107089.7578125,1127974912
2025-10-19 05:00:00+00:00,107081.7890625,107190.328125,106846.7578125,106891.5625,0
2025-10-19 06:00:00+00:00,106915.78125,106948.8828125,106624.8125,106794.0546875,0
2025-10-19 07:00:00+00:00,106796.140625,106948.7421875,106742.5625,106802.0234375,0
2025-10-19 08:00:00+00:00,106808.8203125,107201.1640625,106330.5,106496.453125,0
2025-10-19 09:00:00+00:00,106479.8515625,107801.8046875,106160.3671875,107507.3671875,3791726592
2025-10-19 10:00:00+00:00,107610.671875,107874.296875,107361.7890625,107853.875,2346465280
2025-10-19 11:00:00+00:00,107881.9765625,108231.453125,107700.890625,107820.734375,1177362432
2025-10-19 12:00:00+00:00,107815.2109375,107843.1640625,107522.296875,107621.125,1595830272
2025-10-19 13:00:00+00:00,107620.625,108172.75,107441.4375,108128.6953125,521682944
2025-10-19 14:00:00+00:00,108111.1796875,108516.6484375,107957.03125,108495.65625,1952665600
2025-10-19 15:00:00+00:00,108489.3515625,108603.8984375,108375.015625,108495.3125,1463091200
2025-10-19 16:00:00+00:00,108542.15625,108921.3125,108308.46875,108689.4921875,0
2025-10-19 17:00:00+00:00,108672.3359375,109414.875,108672.3359375,109152.265625,1454657536
2025-10-19 18:00:00+00:00,109173.125,109479.828125,109120.171875,109434.1015625,626577408
2025-10-19 19:00:00+00:00,109440.5625,109440.5625,108866.5546875,108965.1953125,1745555456
2025-10-19 20:00:00+00:00,108961.015625,109011.171875,108883.03125,108923.40625,750612480
2025-10-19 21:00:00+00:00,108916.6875,108916.6875,108673.078125,108805.9765625,184926208
2025-10-19 22:00:00+00:00,108791.640625,109379.8359375,108791.640625,109200.0546875,1090961408
2025-10-19 23:00:00+00:00,109191.171875,109191.171875,108529.453125,108667.4453125,237748224
2025-10-20 00:00:00+00:00,108671.8125,108671.8125,107491.9609375,108078.09375,1876258816
2025-10-20 01:00:00+00:00,108083.7265625,108286.7265625,107956.046875,108120.875,2032246784
2025-10-20 02:00:00+00:00,108099.9921875,108952.421875,107936.984375,108810.671875,708882432
2025-10-20 03:00:00+00:00,108808.90625,110430.0625,108617.1953125,110211.2109375,1819701248
2025-10-20 04:00:00+00:00,110216.125,110477.8046875,110031.96875,110431.5078125,2946826240
2025-10-20 05:00:00+00:00,110463.328125,111134.0,110340.34375,111010.6796875,866189312
2025-10-20 06:00:00+00:00,111043.9375,111359.8984375,111043.9375,111347.203125,3122356224
2025-10-20 07:00:00+00:00,111344.7421875,111402.65625,111100.3984375,111211.859375,1882517504
2025-10-20 08:00:00+00:00,111209.65625,111596.296875,111005.8828125,111160.59375,10694656
2025-10-20 09:00:00+00:00,111150.828125,111209.203125,110746.0703125,111013.484375,0
2025-10-20 10:00:00+00:00,110989.7578125,111109.109375,110729.265625,110781.109375,0
2025-10-20 11:00:00+00:00,110774.3515625,111041.2734375,110696.2109375,111013.4296875,0
2025-10-20 12:00:00+00:00,111027.7578125,111206.4609375,110831.6875,110879.1015625,413462528
2025-10-20 13:00:00+00:00,110868.8671875,111196.8671875,110627.2109375,111196.8671875,363257856
2025-10-20 14:00:00+00:00,111194.296875,111351.9375,110781.90625,111302.25,0
2025-10-20 15:00:00+00:00,111306.0859375,111711.03125,111149.234375,111300.4921875,0
2025-10-20 16:00:00+00:00,111298.328125,111323.765625,110291.0234375,110734.921875,0
2025-10-20 17:00:00+00:00,110752.5546875,111082.2421875,109972.09375,110303.84375,8492281856
2025-10-20 18:00:00+00:00,110311.2578125,110949.5625,110269.7109375,110949.5625,1851559936
2025-10-20 19:00:00+00:00,110971.140625,111042.390625,110589.8671875,110878.4609375,397176832
2025-10-20 20:00:00+00:00,110856.1875,111176.5390625,110724.578125,111036.640625,83869696
2025-10-20 21:00:00+00:00,111080.078125,111248.390625,110525.765625,110566.5234375,0
2025-10-20 22:00:00+00:00,110583.3828125,110900.4453125,110477.1640625,110838.828125,0
2025-10-20 23:00:00+00:00,110848.0546875,110854.6015625,110576.71875,110588.9296875,642351104
2025-10-21 00:00:00+00:00,110587.6328125,110587.6328125,110212.3515625,110516.6796875,0
2025-10-21 01:00:00+00:00,110496.34375,110496.34375,109694.2734375,109839.125,0
2025-10-21 02:00:00+00:00,109899.5859375,109905.890625,109422.6875,109525.609375,1308925952
2025-10-21 03:00:00+00:00,109528.109375,109642.75,109181.9453125,109181.9453125,0
2025-10-21 04:00:00+00:00,109155.5,109155.5,107735.3671875,107843.015625,1943232512
2025-10-21 05:00:00+00:00,107823.0703125,107989.34375,107545.8515625,107571.828125,0
2025-10-21 06:00:00+00:00,107578.0703125,108126.8671875,107564.0703125,107968.515625,1469198336
2025-10-21 07:00:00+00:00,107964.515625,108186.375,107707.328125,108122.0234375,0
2025-10-21 08:00:00+00:00,108131.34375,108131.34375,107534.75,107783.546875,0
2025-10-21 09:00:00+00:00,107739.703125,107879.40625,107620.71875,107769.9609375,0
2025-10-21 10:00:00+00:00,107790.234375,108738.203125,107626.84375,108563.484375,913567744
2025-10-21 11:00:00+00:00,108510.1484375,108641.9375,108235.5625,108604.484375,0
2025-10-21 12:00:00+00:00,108615.484375,109450.421875,108548.3984375,108920.34375,2604568576
2025-10-21 13:00:00+00:00,108886.953125,108896.0078125,108292.515625,108404.0703125,598487040
2025-10-21 14:00:00+00:00,108458.265625,112091.265625,108458.265625,112040.71875,4554489856
2025-10-21 15:00:00+00:00,112161.8359375,113536.0234375,111872.984375,113351.0390625,8219615232
2025-10-21 16:00:00+00:00,113440.3828125,113938.7890625,112794.6171875,112841.3984375,1693220864
2025-10-21 17:00:00+00:00,112575.8046875,112978.015625,111910.8828125,112091.4453125,7154302976
2025-10-21 18:00:00+00:00,112063.5078125,112283.7734375,111592.6796875,112030.90625,5386878976
2025-10-21 19:00:00+00:00,112033.171875,112202.359375,111674.796875,111920.5234375,0
2025-10-21 20:00:00+00:00,111831.59375,111831.59375,110769.5703125,110983.859375,1730936832
2025-10-21 21:00:00+00:00,110940.453125,111144.34375,110257.671875,110947.3515625,2852929536
2025-10-21 22:00:00+00:00,110916.078125,110916.078125,108824.2890625,109067.3828125,3574702080
2025-10-21 23:00:00+00:00,109110.84375,109479.4296875,108283.7578125,108491.53125,2897182720
2025-10-22 00:00:00+00:00,108380.0078125,108612.0,107990.3359375,108117.6953125,2574352384
2025-10-22 01:00:00+00:00,108065.5390625,108488.765625,108065.5390625,108429.015625,1776312320
2025-10-22 02:00:00+00:00,108410.59375,108705.5078125,108317.203125,108344.375,0
2025-10-22 03:00:00+00:00,108321.703125,108321.703125,107950.9765625,108249.3671875,1362485248
2025-10-22 04:00:00+00:00,108272.5546875,108652.3046875,108221.890625,108652.3046875,0
2025-10-22 05:00:00+00:00,108660.0,108673.1171875,107948.109375,108220.65625,0
2025-10-22 06:00:00+00:00,108225.796875,108383.28125,108036.640625,108066.21875,312754176
2025-10-22 07:00:00+00:00,108053.5078125,108344.0,107701.4140625,108344.0,785506304
2025-10-22 08:00:00+00:00,108383.4765625,108395.0078125,108145.375,108288.5078125,0
2025-10-22 09:00:00+00:00,108280.34375,108302.5,107867.6015625,108006.6171875,0
2025-10-22 10:00:00+00:00,108020.21875,108137.5234375,107698.8125,107698.8125,0
2025-10-22 11:00:00+00:00,107724.890625,108180.2265625,106965.2265625,107582.3359375,3664289792
2025-10-22 12:00:00+00:00,107596.7578125,108293.6171875,107561.6484375,108070.1796875,0
2025-10-22 13:00:00+00:00,108082.375,108915.3203125,107787.2421875,108915.3203125,0
2025-10-22 14:00:00+00:00,108863.0078125,108863.0078125,107705.8046875,108796.15625,1860509696
2025-10-22 15:00:00+00:00,108899.4140625,109070.765625,107864.90625,108365.640625,0
2025-10-22 16:00:00+00:00,108403.4609375,108731.6328125,107983.03125,108384.2578125,0
2025-10-22 17:00:00+00:00,108242.5,108284.7265625,107630.890625,107781.3125,0
2025-10-22 18:00:00+00:00,107770.359375,108183.5,107530.6953125,107978.9296875,0
2025-10-22 19:00:00+00:00,108004.9140625,108374.390625,107788.953125,107788.953125,0
2025-10-22 20:00:00+00:00,107837.4140625,108003.6796875,107511.5234375,107658.9375,0
2025-10-22 21:00:00+00:00,107676.765625,107676.765625,106793.546875,107200.1015625,1144242176
2025-10-22 22:00:00+00:00,107178.5078125,107575.0390625,106988.8359375,107207.0,0
2025-10-22 23:00:00+00:00,107216.3359375,107885.4609375,107216.3359375,107679.4375,0
2025-10-23 00:00:00+00:00,107609.4375,107961.6640625,107563.6640625,107881.53125,0
2025-10-23 01:00:00+00:00,107872.484375,108468.859375,107858.5,108196.21875,0
2025-10-23 02:00:00+00:00,108181.25,108406.265625,108118.859375,108406.265625,0
2025-10-23 03:00:00+00:00,108428.1953125,108727.1953125,108385.703125,108404.8828125,115638272
2025-10-23 04:00:00+00:00,108407.25,108953.1953125,108401.6875,108748.9296875,0
2025-10-23 05:00:00+00:00,108726.328125,108999.0859375,108714.7421875,108999.0859375,0
2025-10-23 06:00:00+00:00,108987.703125,110241.6484375,108914.8203125,110241.6484375,1859813376
2025-10-23 07:00:00+00:00,110241.65625,110241.65625,109295.421875,109303.3203125,0
2025-10-23 08:00:00+00:00,109303.4765625,109848.3046875,109303.4765625,109511.3515625,457146368
2025-10-23 09:00:00+00:00,109531.984375,109549.5859375,109187.59375,109459.484375,0
2025-10-23 10:00:00+00:00,109445.8125,109694.34375,109445.8125,109508.765625,709017600
2025-10-23 11:00:00+00:00,109464.9765625,109645.515625,109192.984375,109281.8125,0
2025-10-23 12:00:00+00:00,109274.3203125,109274.3203125,108804.1796875,109109.53125,666091520
2025-10-23 13:00:00+00:00,109181.0703125,109585.0390625,108894.0625,109432.5390625,0
2025-10-23 14:00:00+00:00,109512.359375,109803.765625,108904.296875,109597.703125,0
2025-10-23 15:00:00+00:00,109618.671875,110099.7890625,109591.5546875,109981.8828125,0
2025-10-23 16:00:00+00:00,109975.2421875,110527.9375,109724.3984375,110312.9921875,0
2025-10-23 17:00:00+00:00,110293.171875,111244.796875,109753.390625,111233.1875,0
2025-10-23 18:00:00+00:00,111254.34375,111282.578125,110357.1484375,110589.453125,1492520960
2025-10-23 19:00:00+00:00,110591.90625,110591.90625,110193.8515625,110331.484375,0
2025-10-23 20:00:00+00:00,110272.0546875,110272.0546875,109521.6171875,109521.6171875,0
2025-10-23 21:00:00+00:00,109570.0859375,109758.5390625,109473.078125,109584.6328125,0
2025-10-23 22:00:00+00:00,109588.0,110155.1875,109588.0,109998.1171875,0
2025-10-23 23:00:00+00:00,109990.0546875,110123.75,109898.21875,110069.3515625,0
2025-10-24 00:00:00+00:00,110115.0625,110694.5859375,110034.703125,110572.96875,119934976
2025-10-24 01:00:00+00:00,110563.34375,110683.8984375,110272.3046875,110628.7578125,0
2025-10-24 02:00:00+00:00,110597.9453125,110779.78125,110392.78125,110714.453125,0
2025-10-24 03:00:00+00:00,110667.6953125,110667.6953125,110358.328125,110477.9296875,0
2025-10-24 04:00:00+00:00,110489.25,111382.0859375,110406.65625,111240.5234375,453677056
2025-10-24 05:00:00+00:00,111229.3515625,111303.7109375,111008.4453125,111293.5859375,330559488
2025-10-24 06:00:00+00:00,111277.9453125,111496.4921875,111198.8671875,111496.4921875,0
2025-10-24 07:00:00+00:00,111480.4921875,111480.4921875,110839.984375,111111.8203125,0
2025-10-24 08:00:00+00:00,111097.8515625,111206.53125,110770.6796875,111116.984375,0
2025-10-24 09:00:00+00:00,111125.328125,111477.671875,111038.4609375,111325.984375,973201408
2025-10-24 10:00:00+00:00,111337.765625,111342.21875,111102.890625,111185.1953125,0
2025-10-24 11:00:00+00:00,111157.765625,111251.3359375,110664.8984375,111063.3984375,0
2025-10-24 12:00:00+00:00,111150.4453125,111842.53125,110934.9609375,111312.21875,1556836352
2025-10-24 13:00:00+00:00,111308.734375,111443.53125,110467.8671875,110897.4765625,435646464
2025-10-24 14:00:00+00:00,110953.1171875,110953.1171875,109832.2109375,110167.1171875,1395884032
2025-10-24 15:00:00+00:00,110209.0390625,110593.2578125,110012.7265625,110044.8046875,541253632
2025-10-24 16:00:00+00:00,110065.1015625,110382.6640625,109866.6953125,110277.1015625,0
2025-10-24 17:00:00+00:00,110288.8828125,110588.8671875,110258.2734375,110281.2734375,0
2025-10-24 18:00:00+00:00,110288.1796875,110640.734375,110195.2890625,110640.734375,0
2025-10-24 19:00:00+00:00,110625.453125,110941.1796875,110580.640625,110626.46875,525914112
2025-10-24 20:00:00+00:00,110648.4375,110989.28125,110541.46875,110871.09375,0
2025-10-24 21:00:00+00:00,110905.3671875,111121.0234375,110669.4609375,111121.0234375,373522432
2025-10-24 22:00:00+00:00,111113.4609375,111148.140625,110981.0,111079.984375,74981376
2025-10-24 23:00:00+00:00,111064.984375,111163.3125,110926.578125,111032.6171875,728530944
2025-10-25 00:00:00+00:00,111042.21875,111072.5234375,110704.40625,110744.3671875,0
2025-10-25 01:00:00+00:00,110797.140625,111227.4296875,110797.140625,111050.875,0
2025-10-25 02:00:00+00:00,111107.0,111151.046875,110987.640625,111086.2578125,276320256
2025-10-25 03:00:00+00:00,111093.7421875,111147.015625,111045.9921875,111074.65625,0
2025-10-25 04:00:00+00:00,111056.578125,111453.0234375,111056.578125,111298.0,0
2025-10-25 05:00:00+00:00,111255.6875,111405.9296875,111115.140625,111374.515625,0
2025-10-25 06:00:00+00:00,111490.4609375,111503.484375,111307.28125,111397.140625,269377536
2025-10-25 07:00:00+00:00,111405.796875,111735.1875,111403.0390625,111519.5625,0
2025-10-25 08:00:00+00:00,111525.0859375,111785.328125,111503.421875,111785.328125,0
2025-10-25 09:00:00+00:00,111784.2265625,111840.796875,111532.4375,111543.375,0
2025-10-25 10:00:00+00:00,111540.1328125,111737.9921875,111445.4140625,111633.953125,0
2025-10-25 11:00:00+00:00,111614.4921875,111677.3828125,111556.140625,111606.1484375,0
2025-10-25 12:00:00+00:00,111598.2890625,111934.421875,111579.3828125,111934.421875,0
2025-10-25 13:00:00+00:00,111929.3671875,111929.3671875,111573.0,111678.609375,0
2025-10-25 14:00:00+00:00,111691.109375,111761.125,111570.4296875,111602.8203125,0
2025-10-25 15:00:00+00:00,111602.640625,111608.984375,111380.9765625,111404.171875,0
2025-10-25 16:00:00+00:00,111412.9921875,111465.2109375,111228.3125,111374.140625,5053507584
2025-10-25 17:00:00+00:00,111384.359375,111466.8046875,111336.5,111370.890625,0
2025-10-25 18:00:00+00:00,111372.7109375,111734.609375,111353.40625,111696.421875,0
2025-10-25 19:00:00+00:00,111726.7890625,111726.7890625,111611.6171875,111622.515625,118685696
2025-10-25 20:00:00+00:00,111628.8515625,111661.4609375,111432.8046875,111498.390625,0
2025-10-25 21:00:00+00:00,111470.9609375,111470.9609375,111367.8671875,111447.46875,0
2025-10-25 22:00:00+00:00,111471.3359375,111691.6953125,111435.96875,111667.625,0
2025-10-25 23:00:00+00:00,111650.7421875,111683.109375,111565.890625,111639.0546875,739653632
2025-10-26 00:00:00+00:00,111650.640625,111869.8515625,111577.3359375,111745.9296875,324890624
2025-10-26 01:00:00+00:00,111736.3828125,111827.1953125,111608.1328125,111635.015625,0
2025-10-26 02:00:00+00:00,111648.953125,111689.203125,111466.53125,111474.84375,220712960
2025-10-26 03:00:00+00:00,111476.140625,111498.2109375,111284.1953125,111288.1171875,0
2025-10-26 04:00:00+00:00,111286.78125,111465.1171875,111268.546875,111439.109375,0
2025-10-26 05:00:00+00:00,111441.8671875,111635.4609375,111393.90625,111629.78125,0
2025-10-26 06:00:00+00:00,111621.03125,111660.3671875,111557.0234375,111630.1640625,0
2025-10-26 07:00:00+00:00,111629.9453125,111731.9765625,111624.078125,111718.9140625,0
2025-10-26 08:00:00+00:00,111734.4140625,111852.90625,111734.4140625,111797.9609375,484401152
2025-10-26 09:00:00+00:00,111794.4765625,112698.4375,111741.8125,112464.703125,1188720640
2025-10-26 10:00:00+00:00,112494.671875,112549.515625,112252.7890625,112450.4296875,939939840
2025-10-26 11:00:00+00:00,112468.171875,113329.3828125,112468.171875,113275.234375,1191929856
2025-10-26 12:00:00+00:00,113292.453125,113760.40625,113292.453125,113605.4921875,2468548608
2025-10-26 13:00:00+00:00,113572.203125,113895.5703125,113343.234375,113723.4375,1655738368
2025-10-26 14:00:00+00:00,113709.9921875,113856.453125,113565.921875,113575.6796875,1484914688
2025-10-26 15:00:00+00:00,113555.3046875,113696.96875,113453.0078125,113693.71875,255092736
2025-10-26 16:00:00+00:00,113695.7890625,113708.1875,113315.171875,113549.6640625,1280444416
2025-10-26 17:00:00+00:00,113531.0078125,113711.4765625,113460.6171875,113460.6171875,477335552
2025-10-26 18:00:00+00:00,113455.15625,113748.1328125,113452.5703125,113628.78125,219678720
2025-10-26 19:00:00+00:00,113608.1875,113697.1953125,113520.5546875,113562.71875,132755456
2025-10-26 20:00:00+00:00,113583.4375,113583.4375,113388.390625,113416.015625,133591040
2025-10-26 21:00:00+00:00,113366.359375,113549.3984375,113034.421875,113439.9296875,788332544
2025-10-26 22:00:00+00:00,113450.8515625,115017.4765625,113450.8515625,114670.8125,3707011072
2025-10-26 23:00:00+00:00,114664.7890625,114884.7578125,114409.796875,114479.8515625,2529509376
2025-10-27 00:00:00+00:00,114557.6640625,115073.53125,114431.703125,114819.1953125,1746432000
2025-10-27 01:00:00+00:00,114771.8046875,115339.0546875,114720.484375,115296.9296875,350879744
2025-10-27 02:00:00+00:00,115285.6875,115432.1953125,114828.8046875,114903.3046875,2316316672
2025-10-27 03:00:00+00:00,114890.8828125,115175.9375,114854.0234375,114961.671875,63451136
2025-10-27 04:00:00+00:00,114976.34375,115276.2265625,114969.3515625,115244.3671875,1632026624
2025-10-27 05:00:00+00:00,115243.8671875,115601.234375,115243.8671875,115572.5703125,518025216
2025-10-27 06:00:00+00:00,115558.015625,116070.2890625,115405.1171875,116070.2890625,4065492992
2025-10-27 07:00:00+00:00,116002.109375,116078.65625,115500.515625,115579.359375,3715121152
2025-10-27 08:00:00+00:00,115562.3515625,115563.3984375,114926.6171875,114994.0078125,2412826624
2025-10-27 09:00:00+00:00,115006.6796875,115320.6171875,114835.796875,115263.0703125,0
2025-10-27 10:00:00+00:00,115255.3359375,115506.6796875,115157.9765625,115418.3359375,1312452608
2025-10-27 11:00:00+00:00,115423.5703125,115505.3046875,115204.21875,115418.453125,0
2025-10-27 12:00:00+00:00,115365.765625,115365.765625,115042.0625,115054.4921875,0
2025-10-27 13:00:00+00:00,115047.21875,115329.0625,114631.390625,115250.796875,0
2025-10-27 14:00:00+00:00,115245.4765625,115271.859375,114604.078125,114802.1484375,1039757312
2025-10-27 15:00:00+00:00,114796.4375,115147.3984375,114796.4375,114995.8984375,2818043904
2025-10-27 16:00:00+00:00,114951.2265625,115606.6640625,114932.625,115508.6796875,0
2025-10-27 17:00:00+00:00,115497.0859375,115664.40625,115330.8671875,115664.40625,1466486784
2025-10-27 18:00:00+00:00,115707.828125,115759.40625,115362.6640625,115362.6640625,0
2025-10-27 19:00:00+00:00,115344.515625,115344.515625,114798.515625,114914.3359375,999768064
2025-10-27 20:00:00+00:00,114897.9609375,114897.9609375,114478.3125,114515.8828125,945733632
2025-10-27 21:00:00+00:00,114488.1640625,114572.3515625,114167.2578125,114447.4921875,1486979072
2025-10-27 22:00:00+00:00,114389.015625,114580.078125,114097.0546875,114117.0390625,0
2025-10-27 23:00:00+00:00,114116.4609375,114178.421875,113899.0,114129.0859375,759844864
2025-10-28 00:00:00+00:00,114117.03125,114303.484375,113859.3828125,113948.3828125,0
2025-10-28 01:00:00+00:00,113955.5234375,114499.421875,113955.5234375,114451.5078125,23896064
2025-10-28 02:00:00+00:00,114432.0703125,114463.0390625,113942.6953125,113942.6953125,0
2025-10-28 14:00:00+00:00,115450.9140625,115450.9140625,114350.3203125,115080.40625,0
2025-10-28 15:00:00+00:00,115048.5234375,115334.5234375,114545.703125,114707.984375,396738560
2025-10-28 16:00:00+00:00,114636.796875,115467.125,114546.09375,115371.1484375,1160093696
2025-10-28 17:00:00+00:00,115366.3671875,115559.265625,115286.1484375,115325.6796875,1982386176
2025-10-28 18:00:00+00:00,115315.9453125,115333.203125,114683.0,114936.515625,0
2025-10-28 19:00:00+00:00,114977.546875,115013.2890625,113601.609375,113635.1953125,1223270400
2025-10-28 20:00:00+00:00,113662.3828125,113662.3828125,112423.9375,112863.7890625,3912286208
2025-10-28 21:00:00+00:00,112838.5078125,113191.21875,112291.6796875,113085.8359375,1296687104
2025-10-28 22:00:00+00:00,113061.234375,113290.3359375,112866.40625,113239.0625,2126729216
2025-10-28 23:00:00+00:00,113247.0703125,113247.0703125,112838.859375,112921.328125,1096638464
2025-10-29 00:00:00+00:00,112849.84375,112887.8671875,112541.234375,112545.453125,200392704
2025-10-29 01:00:00+00:00,112518.09375,112907.9375,112127.2890625,112573.2578125,1784881152
2025-10-29 02:00:00+00:00,112546.2734375,112760.1015625,112466.0390625,112685.484375,0
2025-10-29 03:00:00+00:00,112687.640625,112687.640625,112418.0859375,112539.2265625,321150976
2025-10-29 04:00:00+00:00,112543.6796875,112851.640625,112543.6796875,112838.28125,0
2025-10-29 05:00:00+00:00,112840.8359375,113337.6640625,112840.8359375,113103.8046875,0
2025-10-29 06:00:00+00:00,113071.546875,113339.4296875,113001.171875,113326.2578125,0
2025-10-29 07:00:00+00:00,113280.421875,113547.703125,113271.375,113547.703125,478453760
2025-10-29 08:00:00+00:00,113565.203125,113626.5390625,113020.9296875,113060.796875,567574528
2025-10-29 09:00:00+00:00,113080.5703125,113101.65625,112835.1796875,113024.09375,0
2025-10-29 10:00:00+00:00,113020.6015625,113165.953125,112819.484375,112900.0390625,1636851712
2025-10-29 11:00:00+00:00,112888.171875,113263.7578125,112824.171875,113180.046875,460750848
2025-10-29 12:00:00+00:00,113164.171875,113329.6953125,113086.8515625,113172.9453125,0
2025-10-29 13:00:00+00:00,113208.7265625,113612.2578125,112816.40625,112935.28125,0
2025-10-29 14:00:00+00:00,112927.2734375,112927.2734375,112310.5546875,112419.6640625,0
2025-10-29 15:00:00+00:00,112553.953125,112553.953125,111492.3828125,111546.140625,168816640
2025-10-29 16:00:00+00:00,111540.6171875,111540.6171875,111034.890625,111172.6796875,1115439104
2025-10-29 17:00:00+00:00,111141.5859375,111877.109375,111069.4375,111786.96875,0
2025-10-29 18:00:00+00:00,111817.8125,111974.9140625,109653.421875,111056.453125,4713070592
2025-10-29 19:00:00+00:00,110819.8984375,111419.0546875,110263.4375,110716.0859375,1285545984
2025-10-29 20:00:00+00:00,110716.0859375,111553.15625,110471.734375,111433.90625,0
2025-10-29 21:00:00+00:00,111463.2265625,111806.6015625,111407.7890625,111599.0546875,0
2025-10-29 22:00:00+00:00,111643.109375,111643.109375,111040.59375,111040.59375,0
2025-10-29 23:00:00+00:00,111028.2578125,111042.171875,109900.125,110059.1953125,9568256
2025-10-30 00:00:00+00:00,110066.0,110572.46875,109768.8046875,110551.328125,0
2025-10-30 01:00:00+00:00,110562.15625,110710.0078125,110313.6796875,110631.609375,0
2025-10-30 02:00:00+00:00,110420.84375,110986.09375,110420.84375,110958.75,537706496
2025-10-30 03:00:00+00:00,110963.609375,110963.609375,110606.4921875,110646.21875,53985280
2025-10-30 04:00:00+00:00,110726.90625,110726.90625,108085.6953125,108786.546875,5735604224
2025-10-30 05:00:00+00:00,108599.828125,110406.9609375,108517.28125,110406.9609375,1699778560
2025-10-30 06:00:00+00:00,110297.765625,110925.3515625,110048.625,110831.015625,2217660416
2025-10-30 07:00:00+00:00,110780.375,111585.46875,110719.4921875,111356.84375,722911232
2025-10-30 08:00:00+00:00,111341.515625,111342.8671875,110736.3359375,110736.3359375,0
2025-10-30 09:00:00+00:00,110724.4296875,110769.390625,110176.2421875,110231.8828125,887463936
2025-10-30 10:00:00+00:00,110137.265625,110208.796875,109887.0,110105.015625,1753161728
2025-10-30 11:00:00+00:00,110112.0078125,110128.8203125,109784.4609375,109796.4765625,0
2025-10-30 12:00:00+00:00,109776.0234375,109776.0234375,108374.53125,108398.953125,3105382400
2025-10-30 13:00:00+00:00,108345.234375,108710.0390625,107458.8515625,107788.15625,2673287168
2025-10-30 14:00:00+00:00,107784.0859375,108323.9296875,107784.0859375,108323.9296875,0
2025-10-30 15:00:00+00:00,108312.859375,108312.859375,107389.28125,107748.8828125,0
2025-10-30 16:00:00+00:00,107714.4609375,108210.4375,107638.7734375,108065.9296875,0
2025-10-30 17:00:00+00:00,108122.6015625,108122.6015625,106869.2421875,107450.15625,1505607680
2025-10-30 18:00:00+00:00,107474.875,107507.9609375,106886.4296875,106886.4296875,0
2025-10-30 19:00:00+00:00,106822.109375,107107.390625,106452.8984375,106452.8984375,0
2025-10-30 20:00:00+00:00,106510.9609375,107514.5546875,106398.71875,107514.5546875,1368104960
2025-10-30 21:00:00+00:00,107528.15625,107904.46875,107419.546875,107869.4140625,830578688
2025-10-30 22:00:00+00:00,107912.5390625,107912.5390625,107483.9609375,107880.90625,0
2025-10-30 23:00:00+00:00,107891.7421875,108304.4140625,107616.546875,108304.4140625,334741504
2025-10-31 00:00:00+00:00,108288.2734375,109500.90625,108288.2734375,109392.8515625,272269312
2025-10-31 01:00:00+00:00,109236.109375,109985.84375,109221.1640625,109559.5859375,1424154624
2025-10-31 02:00:00+00:00,109594.359375,109641.1953125,108690.3203125,108804.484375,778838016
2025-10-31 03:00:00+00:00,108831.8203125,109263.8203125,108667.0625,109224.1875,1214218240
2025-10-31 04:00:00+00:00,109211.8515625,110142.8515625,109141.5625,110130.75,0
2025-10-31 05:00:00+00:00,109999.3125,109999.3125,109701.1953125,109878.9140625,0
2025-10-31 06:00:00+00:00,109873.1875,109923.515625,109507.7265625,109610.796875,0
2025-10-31 07:00:00+00:00,109669.9375,109724.8359375,109280.4765625,109461.15625,0
2025-10-31 08:00:00+00:00,109421.9921875,110014.4375,109186.0390625,110014.4375,0
2025-10-31 09:00:00+00:00,110052.65625,110342.0859375,109805.1796875,109821.1796875,2416336896
2025-10-31 10:00:00+00:00,109805.96875,110027.6015625,109727.078125,109788.859375,0
2025-10-31 11:00:00+00:00,109801.75,110351.1171875,109465.921875,110351.1171875,0
2025-10-31 12:00:00+00:00,110379.6953125,110504.2578125,109612.984375,109612.984375,0
2025-10-31 13:00:00+00:00,109621.3125,110154.3203125,109489.2578125,110095.3515625,0
2025-10-31 14:00:00+00:00,110089.203125,110885.3125,109625.1796875,110795.875,0
2025-10-31 15:00:00+00:00,110692.9453125,111004.484375,110133.03125,110160.484375,3826196480
2025-10-31 16:00:00+00:00,110169.2421875,110202.078125,108753.390625,108753.390625,530038784
2025-10-31 17:00:00+00:00,108605.5546875,109337.6796875,108605.5546875,109226.5078125,0
2025-10-31 18:00:00+00:00,109238.171875,109704.8671875,108958.9296875,109316.3203125,2254761984
2025-10-31 19:00:00+00:00,109393.671875,110147.203125,109121.71875,109818.265625,0
2025-10-31 20:00:00+00:00,109806.0859375,109806.0859375,109419.375,109426.515625,0
2025-10-31 21:00:00+00:00,109422.5859375,109683.7109375,109279.1875,109532.765625,0
2025-10-31 22:00:00+00:00,109501.3046875,109750.09375,109487.8203125,109581.5546875,0
2025-10-31 23:00:00+00:00,109531.1484375,109621.1484375,109487.515625,109558.625,790495232
2025-11-01 00:00:00+00:00,109559.015625,109702.015625,109373.3203125,109681.0078125,0
2025-11-01 01:00:00+00:00,109672.515625,109976.359375,109660.1796875,109722.546875,0
2025-11-01 02:00:00+00:00,109690.03125,109795.328125,109434.53125,109754.1640625,0
2025-11-01 03:00:00+00:00,109774.921875,110207.2265625,109741.65625,110170.6484375,0
2025-11-01 04:00:00+00:00,110167.9453125,110390.5390625,110096.28125,110236.9453125,0
2025-11-01 05:00:00+00:00,110239.4609375,110295.40625,110019.1875,110056.4140625,0
2025-11-01 06:00:00+00:00,110078.953125,110099.09375,109905.6796875,109945.1953125,0
2025-11-01 07:00:00+00:00,109930.6796875,110177.9453125,109930.6796875,110013.703125,0
2025-11-01 08:00:00+00:00,110004.578125,110184.9453125,110004.578125,110157.546875,0
2025-11-01 09:00:00+00:00,110182.4375,110182.4375,109928.1875,109939.71875,0
2025-11-01 10:00:00+00:00,109974.984375,110085.859375,109812.46875,110055.15625,0
2025-11-01 11:00:00+00:00,110063.296875,110164.15625,109955.0,110065.5,0
2025-11-01 12:00:00+00:00,110089.96875,110128.328125,109986.84375,109993.09375,0
2025-11-01 13:00:00+00:00,109985.7265625,109992.2421875,109709.9296875,109898.7890625,0
2025-11-01 14:00:00+00:00,109922.5859375,109940.34375,109702.1953125,109889.7109375,0
2025-11-01 15:00:00+00:00,109898.203125,110328.2109375,109869.1796875,110195.8359375,0
2025-11-01 16:00:00+00:00,110297.8046875,110538.203125,110233.71875,110508.953125,0
2025-11-01 17:00:00+00:00,110499.9375,110499.9375,110264.671875,110280.65625,0
2025-11-01 18:00:00+00:00,110294.8203125,110444.0703125,110294.8203125,110415.6171875,0
2025-11-01 19:00:00+00:00,110416.234375,110416.234375,110299.5625,110380.7578125,0
2025-11-01 20:00:00+00:00,110363.0,110551.515625,110363.0,110494.8828125,0
2025-11-01 21:00:00+00:00,110502.6875,110529.9375,109900.5390625,109900.5390625,0
2025-11-01 22:00:00+00:00,109835.0234375,110056.7265625,109835.0234375,110056.7265625,733175808
2025-11-01 23:00:00+00:00,110039.859375,110093.375,109954.9921875,110093.375,0
2025-11-02 00:00:00+00:00,110048.0625,110059.9296875,109886.8203125,109915.125,0
2025-11-02 01:00:00+00:00,109923.71875,110063.5,109872.703125,109935.140625,0
2025-11-02 02:00:00+00:00,109935.59375,110202.8828125,109867.671875,109995.2265625,0
2025-11-02 03:00:00+00:00,109974.1796875,110003.46875,109925.125,109993.5703125,0
2025-11-02 04:00:00+00:00,109999.671875,110666.9921875,109988.9921875,110612.0078125,278573056
2025-11-02 05:00:00+00:00,110626.8359375,110644.984375,110292.3828125,110493.890625,2480666624
2025-11-02 06:00:00+00:00,110450.3046875,110690.0,110299.125,110636.0703125,971266048
2025-11-02 07:00:00+00:00,110636.3203125,110972.28125,110416.9140625,110886.0078125,0
2025-11-02 08:00:00+00:00,110876.0,110930.125,110682.390625,110776.578125,1414748160
2025-11-02 09:00:00+00:00,110792.9375,111000.359375,110502.34375,110665.265625,0
2025-11-02 10:00:00+00:00,110663.7578125,110799.5078125,110361.7109375,110380.6328125,1663518720
2025-11-02 11:00:00+00:00,110466.6953125,111055.0,110466.6953125,111055.0,571142144
2025-11-02 12:00:00+00:00,111094.7578125,111142.5390625,110709.3359375,110725.7578125,61687808
2025-11-02 13:00:00+00:00,110712.671875,110712.671875,110240.1171875,110514.6640625,1292634112
2025-11-02 14:00:00+00:00,110521.8984375,110625.1484375,110218.09375,110398.4765625,370288640
2025-11-02 15:00:00+00:00,110396.3359375,110524.6328125,110125.2421875,110125.2421875,0
2025-11-02 16:00:00+00:00,110098.21875,110122.578125,109747.109375,110115.2421875,299868160
2025-11-02 17:00:00+00:00,110119.375,110252.1484375,110022.828125,110167.984375,777859072
2025-11-02 18:00:00+00:00,110173.4140625,110314.0078125,110172.546875,110314.0078125,0
2025-11-02 19:00:00+00:00,110315.734375,110315.734375,109970.0078125,110172.5859375,0
2025-11-02 20:00:00+00:00,110172.2109375,110208.5546875,109898.265625,110063.5234375,0
2025-11-02 21:00:00+00:00,110059.5390625,110117.71875,109981.765625,109998.6171875,2039261184
2025-11-02 22:00:00+00:00,110002.09375,110019.0078125,109523.453125,109798.46875,0
2025-11-02 23:00:00+00:00,109837.1953125,110663.0390625,109837.1953125,110646.90625,1329182720
2025-11-03 00:00:00+00:00,110491.5625,110713.7109375,109831.5546875,109831.5546875,375158784
2025-11-03 01:00:00+00:00,109783.703125,109828.9453125,109405.5703125,109669.5625,2654674944
2025-11-03 02:00:00+00:00,109679.25,109734.0078125,108711.5,109036.6015625,1210994688
2025-11-03 03:00:00+00:00,109020.2421875,109107.515625,107968.3828125,108007.796875,1748922368
2025-11-03 04:00:00+00:00,107998.640625,107998.640625,107521.3828125,107852.1171875,2562187264
2025-11-03 05:00:00+00:00,107889.828125,107997.7890625,107432.2109375,107577.953125,0
2025-11-03 06:00:00+00:00,107592.0078125,107672.546875,107065.546875,107538.0234375,684445696
2025-11-03 07:00:00+00:00,107488.5625,107744.1953125,107300.484375,107652.0625,1032433664
2025-11-03 08:00:00+00:00,107493.0,107674.28125,107049.109375,107483.8359375,1894240256
2025-11-03 09:00:00+00:00,107556.3359375,107844.625,107097.9765625,107120.5859375,0
2025-11-03 10:00:00+00:00,107218.859375,107584.5390625,107132.890625,107132.890625,104787968
2025-11-03 11:00:00+00:00,106909.953125,107876.28125,106909.953125,107782.328125,994951168
2025-11-03 12:00:00+00:00,107779.640625,108219.8125,107743.4296875,107775.34375,1379684352
2025-11-03 13:00:00+00:00,107740.609375,108004.421875,107601.9140625,107873.296875,0
2025-11-03 14:00:00+00:00,107892.859375,108271.5703125,107421.0234375,107995.9296875,1461252096
2025-11-03 15:00:00+00:00,108011.15625,108011.15625,105654.4765625,105821.1953125,6453678080
2025-11-03 16:00:00+00:00,105724.4609375,106727.5546875,105369.6328125,106717.328125,5445275648
2025-11-03 17:00:00+00:00,106690.109375,107618.6640625,106565.765625,107464.046875,3190300672
2025-11-03 18:00:00+00:00,107372.640625,107519.5859375,106819.5546875,106961.703125,2772144128
2025-11-03 19:00:00+00:00,106902.9453125,107326.328125,106598.6640625,107110.515625,1828519936
2025-11-03 20:00:00+00:00,107027.671875,107121.203125,106364.7265625,106418.59375,1572474880
2025-11-03 21:00:00+00:00,106613.5078125,107027.65625,106286.078125,106819.1875,2526666752
2025-11-03 22:00:00+00:00,106849.65625,106849.65625,105910.6796875,106352.4453125,1251418112
2025-11-03 23:00:00+00:00,106439.6953125,106679.7578125,106034.2734375,106541.421875,178405376
2025-11-04 00:00:00+00:00,106557.8046875,106746.71875,105872.3671875,106391.3203125,978812928
2025-11-04 01:00:00+00:00,106487.546875,107188.703125,106437.15625,107041.5625,392863744
2025-11-04 02:00:00+00:00,106890.2421875,107169.4765625,106482.3828125,106514.5546875,0
2025-11-04 03:00:00+00:00,106469.8359375,107150.8828125,106236.953125,107136.75,0
2025-11-04 04:00:00+00:00,107118.2578125,107231.1796875,106712.140625,106749.953125,0
2025-11-04 05:00:00+00:00,106730.1484375,106730.1484375,104219.1484375,104219.1484375,3229696000
2025-11-04 06:00:00+00:00,104225.2109375,105135.8046875,104225.2109375,104629.3125,2249662464
2025-11-04 07:00:00+00:00,104736.015625,104838.234375,104330.1640625,104495.375,2490974208
2025-11-04 08:00:00+00:00,104444.53125,104516.328125,103749.71875,104000.140625,1030725632
2025-11-04 09:00:00+00:00,104016.2890625,104035.8046875,103661.484375,103899.796875,1860149248
2025-11-04 10:00:00+00:00,103727.4453125,103995.953125,103608.5,103777.453125,894640128
2025-11-04 11:00:00+00:00,103783.0859375,104574.4375,103775.8984375,104541.5859375,0
2025-11-04 12:00:00+00:00,104513.828125,104580.109375,103818.9609375,103943.203125,0
2025-11-04 13:00:00+00:00,103984.9921875,104142.171875,103579.4609375,103901.125,2691284992
2025-11-04 14:00:00+00:00,103866.7265625,104626.1875,102943.9921875,104435.875,2361262080
2025-11-04 15:00:00+00:00,104525.4453125,104711.625,103337.8203125,103363.5625,0
2025-11-04 16:00:00+00:00,103218.9296875,103445.09375,102204.0078125,102204.0078125,0
2025-11-04 17:00:00+00:00,102140.5625,102140.5625,100906.5703125,101085.3125,4124073984
2025-11-04 18:00:00+00:00,101118.8984375,101419.1640625,100022.8203125,101419.1640625,4364091392
2025-11-04 19:00:00+00:00,101319.15625,101493.3515625,100452.5,100452.5,0
2025-11-04 20:00:00+00:00,100458.046875,100950.46875,99688.796875,100638.90625,10527973376
2025-11-04 21:00:00+00:00,100701.0625,100774.8203125,99065.5546875,99939.5078125,5184995328
2025-11-04 22:00:00+00:00,100252.7109375,101646.3515625,100252.7109375,101071.25,2578284544
2025-11-04 23:00:00+00:00,101159.25,101678.9140625,100958.7265625,101579.234375,1852047360
2025-11-05 00:00:00+00:00,101517.0859375,101711.4140625,100385.6484375,100587.90625,424894464
2025-11-05 01:00:00+00:00,100562.2421875,100911.65625,99008.890625,100911.65625,2188460032
2025-11-05 02:00:00+00:00,100820.4140625,101697.1484375,100820.4140625,101697.1484375,5814304768
2025-11-05 03:00:00+00:00,101675.921875,102222.6171875,101512.546875,102118.2734375,1441841152
2025-11-05 04:00:00+00:00,102094.71875,102191.796875,101562.828125,101941.546875,3912007680
2025-11-05 05:00:00+00:00,101974.4296875,102264.515625,101639.9453125,101781.5234375,0
2025-11-05 06:00:00+00:00,101795.875,102110.515625,101556.5546875,102110.515625,0
2025-11-05 07:00:00+00:00,102104.4296875,102104.4296875,101664.9296875,102066.140625,0
2025-11-05 08:00:00+00:00,102026.765625,102026.765625,101204.78125,101742.4296875,0
2025-11-05 09:00:00+00:00,101693.6171875,102110.9140625,101638.234375,101974.6796875,0
2025-11-05 10:00:00+00:00,101964.3671875,101964.3671875,101341.9453125,101418.46875,0
2025-11-05 11:00:00+00:00,101429.0,102072.7421875,101429.0,101998.875,191365120
2025-11-05 12:00:00+00:00,102076.40625,102703.03125,101956.9140625,102623.484375,0
2025-11-05 13:00:00+00:00,102655.3359375,103176.7578125,102309.8046875,102965.234375,0
2025-11-05 14:00:00+00:00,102972.984375,103398.4921875,102313.234375,103150.4140625,0
2025-11-05 15:00:00+00:00,103194.046875,103728.90625,102876.9453125,103686.015625,264273920
2025-11-05 16:00:00+00:00,103708.40625,103984.5859375,103135.40625,103905.546875,0
2025-11-05 17:00:00+00:00,103930.3828125,103976.109375,103411.0703125,103827.5,0
2025-11-05 18:00:00+00:00,103805.078125,104394.8046875,103781.265625,104308.3203125,0
2025-11-05 19:00:00+00:00,104346.71875,104436.1328125,104011.984375,104103.484375,0
2025-11-05 20:00:00+00:00,104084.8203125,104501.3515625,103768.7421875,103851.6015625,0
2025-11-05 21:00:00+00:00,103863.734375,103863.734375,103576.890625,103672.265625,0
2025-11-05 22:00:00+00:00,103674.8671875,103765.9921875,103324.578125,103765.9921875,0
2025-11-05 23:00:00+00:00,103772.78125,104061.25,103692.8671875,103893.6640625,7987200
2025-11-06 00:00:00+00:00,103896.96875,103896.96875,103373.5859375,103671.828125,0
2025-11-06 01:00:00+00:00,103623.109375,103623.109375,102842.328125,103418.59375,0
2025-11-06 02:00:00+00:00,103372.0078125,103523.8984375,102867.140625,103464.6796875,0
2025-11-06 03:00:00+00:00,103374.8671875,103900.0703125,103374.8671875,103681.921875,0
2025-11-06 04:00:00+00:00,103622.421875,104147.3046875,103587.421875,103931.5703125,0
2025-11-06 05:00:00+00:00,104001.4921875,104007.65625,103109.1015625,103109.1015625,0
2025-11-06 06:00:00+00:00,103122.2734375,103569.578125,103109.265625,103317.15625,0
2025-11-06 07:00:00+00:00,103340.6015625,103492.6640625,102948.1015625,103235.3984375,325808128
2025-11-06 08:00:00+00:00,103189.03125,103384.8203125,103024.3984375,103274.9375,0
2025-11-06 09:00:00+00:00,103194.09375,103250.203125,102884.515625,102905.7734375,0
2025-11-06 10:00:00+00:00,102844.6875,103262.796875,102687.1875,103040.1953125,1013891072
2025-11-06 11:00:00+00:00,102811.171875,103265.203125,102811.171875,103199.3515625,0
2025-11-06 12:00:00+00:00,103199.8984375,103265.6328125,102409.2421875,102542.484375,0
2025-11-06 13:00:00+00:00,102612.5546875,103516.9375,102607.1875,103404.25,0
2025-11-06 14:00:00+00:00,102947.015625,103079.953125,102043.2421875,102043.2421875,0
2025-11-06 15:00:00+00:00,101978.9453125,102845.8359375,101737.375,101944.7265625,1805344768
2025-11-06 16:00:00+00:00,101975.71875,102233.875,100342.953125,100851.34375,745242624
2025-11-06 17:00:00+00:00,100921.875,101800.7109375,100798.7421875,101682.4296875,1118633984
2025-11-06 18:00:00+00:00,101752.3515625,102233.90625,100943.703125,101700.34375,101781504
2025-11-06 19:00:00+00:00,101635.796875,101943.0,101219.546875,101487.046875,0
2025-11-06 20:00:00+00:00,101365.96875,101526.890625,100678.0234375,100936.9921875,307892224
2025-11-06 21:00:00+00:00,100860.140625,101167.15625,100562.203125,101066.046875,0
2025-11-06 22:00:00+00:00,101067.796875,101395.9140625,100983.9765625,101395.9140625,2737618944
2025-11-06 23:00:00+00:00,101416.2109375,101475.5078125,101145.609375,101286.2421875,1240936448
2025-11-07 00:00:00+00:00,101282.7421875,101586.28125,100749.15625,101510.03125,0
2025-11-07 01:00:00+00:00,101458.734375,101834.5546875,100946.5390625,101432.9921875,0
2025-11-07 02:00:00+00:00,101497.1875,101808.0859375,101246.7734375,101808.0859375,3442405376
2025-11-07 03:00:00+00:00,101892.984375,102314.984375,101892.984375,101893.6640625,0
2025-11-07 04:00:00+00:00,101866.6953125,101959.7578125,101537.8046875,101889.5390625,3303362560
2025-11-07 05:00:00+00:00,101973.1640625,102412.109375,101973.1640625,102368.59375,834502656
2025-11-07 06:00:00+00:00,102385.6796875,102429.765625,101851.453125,101857.8828125,0
2025-11-07 07:00:00+00:00,101844.1953125,101970.90625,101602.015625,101970.90625,1645387776
2025-11-07 08:00:00+00:00,101967.6640625,101967.6640625,101441.5546875,101472.078125,0
2025-11-07 09:00:00+00:00,101453.453125,101453.453125,100797.2265625,100892.0546875,1407434752
2025-11-07 10:00:00+00:00,100963.8359375,101171.5,100549.265625,100705.59375,1034534912
2025-11-07 11:00:00+00:00,100743.0234375,100743.0234375,99842.5078125,100313.25,3371999232
2025-11-07 12:00:00+00:00,100349.6015625,100524.8828125,99309.9609375,99586.625,3894738944
2025-11-07 13:00:00+00:00,99573.078125,100487.6171875,99436.9921875,100249.6875,1373863936
2025-11-07 14:00:00+00:00,100266.640625,100715.015625,99618.1953125,100664.765625,2485035008
2025-11-07 15:00:00+00:00,100681.8203125,101149.421875,100394.2734375,100866.7578125,1841627136
2025-11-07 16:00:00+00:00,100764.2109375,101533.09375,100492.5859375,100971.84375,0
2025-11-07 17:00:00+00:00,101089.5078125,102594.7578125,100911.8828125,102289.4296875,908263424
2025-11-07 18:00:00+00:00,102316.8828125,102744.78125,102266.53125,102604.1640625,4187766784
2025-11-07 19:00:00+00:00,102483.3828125,103244.1796875,102467.40625,103244.1796875,1174175744
2025-11-07 20:00:00+00:00,103339.796875,103852.1640625,102958.6875,103746.3515625,0
2025-11-07 21:00:00+00:00,103766.359375,103814.828125,103384.25,103814.828125,1235066880
2025-11-07 22:00:00+00:00,103839.625,104036.640625,103640.171875,103640.171875,1081548800
2025-11-07 23:00:00+00:00,103608.46875,103652.0703125,103352.1875,103373.3671875,0
2025-11-08 00:00:00+00:00,103296.953125,103359.0625,102613.7578125,102696.0078125,0
2025-11-08 01:00:00+00:00,102617.6953125,103147.140625,102617.6953125,102935.203125,0
2025-11-08 02:00:00+00:00,102935.9765625,103254.578125,102728.140625,102831.546875,0
2025-11-08 03:00:00+00:00,102835.8203125,103237.3984375,102569.5078125,102600.0390625,0
2025-11-08 04:00:00+00:00,102630.40625,102748.40625,102383.75,102474.8046875,588341248
2025-11-08 05:00:00+00:00,102531.1171875,102659.265625,102283.078125,102293.1640625,0
2025-11-08 06:00:00+00:00,102257.390625,102468.03125,102136.828125,102182.0859375,284721152
2025-11-08 07:00:00+00:00,102192.046875,102333.8125,101911.6015625,102301.4140625,25001984
2025-11-08 08:00:00+00:00,102309.9921875,102619.5078125,102146.0703125,102421.28125,0
2025-11-08 09:00:00+00:00,102413.7890625,102545.3359375,102213.0546875,102347.8046875,0
2025-11-08 10:00:00+00:00,102352.109375,102515.2734375,102263.8359375,102504.71875,0
2025-11-08 11:00:00+00:00,102474.34375,102582.3125,101760.0859375,101815.7890625,0
2025-11-08 12:00:00+00:00,101853.484375,102006.515625,101732.8359375,101972.8515625,0
2025-11-08 13:00:00+00:00,102000.375,102154.59375,101751.2578125,101922.296875,0
2025-11-08 14:00:00+00:00,101772.140625,102019.0390625,101463.1953125,101829.4296875,0
2025-11-08 15:00:00+00:00,101819.6171875,101883.9296875,101498.921875,101637.4375,0
2025-11-08 16:00:00+00:00,101678.3046875,101908.0,101535.1015625,101747.3984375,0
2025-11-08 17:00:00+00:00,101834.5,101963.703125,101592.9453125,101963.703125,0
2025-11-08 18:00:00+00:00,101956.0546875,102201.7421875,101819.015625,102201.7421875,0
2025-11-08 19:00:00+00:00,102159.5078125,102169.140625,101557.6796875,101920.5546875,0
2025-11-08 20:00:00+00:00,101955.2890625,102127.5546875,101951.0078125,102022.8046875,0
2025-11-08 21:00:00+00:00,102032.0625,102329.9375,102032.0625,102261.375,0
2025-11-08 22:00:00+00:00,102267.8046875,102396.3828125,102200.9921875,102375.125,0
2025-11-08 23:00:00+00:00,102365.5078125,102455.3203125,102278.984375,102278.984375,0
2025-11-09 00:00:00+00:00,102287.390625,102307.6328125,101677.78125,101766.984375,0
2025-11-09 01:00:00+00:00,101760.6328125,102061.375,101712.0625,102041.6796875,0
2025-11-09 02:00:00+00:00,102025.0625,102025.0625,101616.46875,101616.46875,0
2025-11-09 03:00:00+00:00,101613.8359375,101782.40625,101468.875,101650.90625,0
2025-11-09 04:00:00+00:00,101634.7421875,102053.9375,101632.546875,101702.1015625,1054281728
2025-11-09 05:00:00+00:00,101701.4765625,101911.3046875,101660.859375,101884.125,0
2025-11-09 06:00:00+00:00,101895.65625,101912.5,101699.9375,101701.5,0
2025-11-09 07:00:00+00:00,101728.671875,101904.8359375,101699.65625,101885.4609375,0
2025-11-09 08:00:00+00:00,101922.34375,101999.328125,101822.4296875,101939.59375,0
2025-11-09 09:00:00+00:00,101961.296875,102117.5234375,101626.484375,101669.578125,0
2025-11-09 10:00:00+00:00,101638.2890625,101869.34375,101524.90625,101826.2734375,678592512
2025-11-09 11:00:00+00:00,101849.7109375,102266.2890625,101849.7109375,102188.7109375,718438400
2025-11-09 12:00:00+00:00,102208.90625,102384.4765625,102055.9140625,102055.9140625,0
2025-11-09 13:00:00+00:00,102065.234375,102970.890625,102065.234375,102877.796875,891469824
2025-11-09 14:00:00+00:00,102901.2578125,103976.703125,102775.5078125,102975.3828125,1158832128
2025-11-09 15:00:00+00:00,102996.1328125,104012.7421875,102996.1328125,103758.5078125,2282745856
2025-11-09 16:00:00+00:00,103730.7734375,103839.796875,103345.8515625,103818.515625,0
2025-11-09 17:00:00+00:00,103819.6953125,103915.578125,103393.984375,103601.1953125,886829056
2025-11-09 18:00:00+00:00,103617.9453125,104487.046875,103566.203125,104487.046875,0
2025-11-09 19:00:00+00:00,104507.8203125,104786.1875,104190.6875,104786.1875,349515776
2025-11-09 20:00:00+00:00,104788.0625,104987.3984375,104462.8125,104588.6171875,853225472
2025-11-09 21:00:00+00:00,104622.8828125,104793.03125,104341.6875,104523.21875,2552422400
2025-11-09 22:00:00+00:00,104504.6171875,104774.640625,104189.84375,104688.78125,1590611968
2025-11-09 23:00:00+00:00,104675.6484375,105253.3046875,104534.5625,104723.7734375,1387393024
2025-11-10 00:00:00+00:00,104725.828125,106432.9375,104365.1796875,106373.5703125,1237368832
2025-11-10 01:00:00+00:00,106284.1640625,106529.5234375,105757.2109375,105757.2109375,5361995776
2025-11-10 02:00:00+00:00,105727.796875,105919.3828125,105636.921875,105904.9609375,717103104
2025-11-10 03:00:00+00:00,106066.484375,106209.71875,105861.609375,106007.0859375,1291792384
2025-11-10 04:00:00+00:00,106021.4296875,106237.7578125,105859.90625,106187.7421875,0
2025-11-10 05:00:00+00:00,106168.328125,106416.171875,106031.546875,106085.9609375,0
2025-11-10 06:00:00+00:00,106062.6640625,106284.5234375,105995.1953125,106233.1796875,992169984
2025-11-10 07:00:00+00:00,106216.3046875,106511.3125,106214.484375,106421.890625,605822976
2025-11-10 08:00:00+00:00,106442.296875,106513.96875,105922.125,105923.7734375,0
2025-11-10 09:00:00+00:00,105946.9296875,106545.859375,105946.9296875,106386.796875,2375245824
2025-11-10 10:00:00+00:00,106424.65625,106424.65625,105976.296875,106005.2890625,0
2025-11-10 11:00:00+00:00,106001.7890625,106283.828125,105944.421875,106184.1953125,0
2025-11-10 12:00:00+00:00,106184.328125,106184.328125,105883.9140625,105925.8203125,1035689984
2025-11-10 13:00:00+00:00,105929.4453125,106535.1328125,105913.2109375,106535.1328125,0
2025-11-10 14:00:00+00:00,106491.734375,106491.734375,104727.78125,104951.7890625,844144640
2025-11-10 15:00:00+00:00,104893.6796875,105489.78125,104737.09375,104979.7734375,1661214720
2025-11-10 16:00:00+00:00,105024.46875,105321.6875,104823.875,105167.859375,1580269568
2025-11-10 17:00:00+00:00,105237.1484375,105856.828125,105198.7265625,105847.9609375,630218752
2025-11-10 18:00:00+00:00,105907.953125,106009.125,105577.453125,105577.453125,0
2025-11-10 19:00:00+00:00,105521.9765625,105984.2890625,105395.484375,105806.75,0
2025-11-10 20:00:00+00:00,105769.5625,106241.0546875,105769.5625,105895.2890625,0
2025-11-10 21:00:00+00:00,105993.203125,105993.203125,105280.71875,105504.109375,505536512
2025-11-10 22:00:00+00:00,105569.3125,106021.6015625,105343.1484375,105965.234375,0
2025-11-10 23:00:00+00:00,106025.9296875,106237.265625,105936.328125,105996.859375,823164928
2025-11-11 00:00:00+00:00,105986.1796875,106081.7578125,105563.3125,106081.7578125,0
2025-11-11 01:00:00+00:00,106153.2578125,107341.21875,106045.328125,106045.328125,0
2025-11-11 02:00:00+00:00,106055.3671875,107036.6875,105700.6640625,106548.7734375,1542836224
2025-11-11 03:00:00+00:00,106662.78125,107035.3515625,106399.75,106437.6015625,10137600
2025-11-11 04:00:00+00:00,106446.6640625,106480.890625,105695.9296875,105695.9296875,614117376
2025-11-11 05:00:00+00:00,105716.9921875,105716.9921875,105260.234375,105264.28125,1884258304
2025-11-11 06:00:00+00:00,105240.34375,105281.625,104910.328125,105235.625,1559396352
2025-11-11 07:00:00+00:00,105234.3828125,105281.671875,104773.1953125,104788.7109375,0
2025-11-11 08:00:00+00:00,104765.2265625,105217.59375,104765.2265625,105133.015625,0
2025-11-11 09:00:00+00:00,105128.796875,105388.515625,104920.53125,104920.53125,0
2025-11-11 10:00:00+00:00,104957.6640625,105204.5703125,104944.6953125,105095.609375,317136896
2025-11-11 11:00:00+00:00,105120.203125,105458.03125,105120.203125,105250.3203125,0
2025-11-11 12:00:00+00:00,105307.4453125,105466.7421875,104415.8671875,104469.0625,0
2025-11-11 13:00:00+00:00,104499.640625,104665.828125,104274.140625,104389.6875,5521465344
2025-11-11 14:00:00+00:00,104366.1953125,104513.6328125,103879.0234375,104437.0546875,0
2025-11-11 15:00:00+00:00,104613.84375,104613.84375,103238.3828125,103478.7421875,0
2025-11-11 16:00:00+00:00,103497.59375,103711.1171875,103248.9140625,103389.1171875,250798080
2025-11-11 17:00:00+00:00,103405.546875,103587.015625,102898.46875,103355.859375,0
2025-11-11 18:00:00+00:00,103376.6796875,103487.6875,103109.84375,103397.5390625,418979840
2025-11-11 19:00:00+00:00,103378.9140625,103412.609375,102975.734375,103111.40625,0
2025-11-11 20:00:00+00:00,103105.953125,103185.375,102757.9453125,102809.6015625,0
2025-11-11 21:00:00+00:00,102730.4921875,103017.953125,102462.1171875,102681.2265625,0
2025-11-11 22:00:00+00:00,102698.890625,103091.6953125,102477.3828125,102972.3203125,234741760
2025-11-11 23:00:00+00:00,102954.2890625,103120.4609375,102811.0859375,103011.4375,197230592
2025-11-12 00:00:00+00:00,103019.21875,103226.8359375,102818.3359375,102940.546875,0
2025-11-12 01:00:00+00:00,102848.8359375,103304.5234375,102724.78125,103197.296875,0
2025-11-12 02:00:00+00:00,103216.2265625,103351.640625,102945.9140625,103117.40625,0
2025-11-12 03:00:00+00:00,103112.3671875,103398.6484375,103084.6953125,103262.40625,0
2025-11-12 04:00:00+00:00,103260.1875,103411.2734375,103038.0390625,103222.21875,0
2025-11-12 05:00:00+00:00,103210.8359375,103422.5625,103210.8359375,103345.4921875,0
2025-11-12 06:00:00+00:00,103358.7265625,103587.46875,103345.796875,103345.796875,0
2025-11-12 07:00:00+00:00,103347.2109375,103522.1640625,103086.46875,103086.46875,0
2025-11-12 08:00:00+00:00,103106.53125,104178.640625,103106.53125,104125.4140625,1364733952
2025-11-12 09:00:00+00:00,104168.7265625,104983.953125,104168.7265625,104490.3515625,2084294656
2025-11-12 10:00:00+00:00,104560.8125,104956.421875,104560.8125,104879.21875,879161344
2025-11-12 11:00:00+00:00,104903.046875,105184.4140625,104770.03125,105011.9765625,0
2025-11-12 12:00:00+00:00,105008.5078125,105292.03125,104842.2421875,105015.890625,518238208
2025-11-12 13:00:00+00:00,105000.6015625,105157.3359375,104696.5625,105016.4453125,0
2025-11-12 14:00:00+00:00,105034.0625,105034.0625,103834.953125,103953.8203125,0
2025-11-12 15:00:00+00:00,104026.0078125,104243.09375,102035.890625,102100.9453125,351072256
2025-11-12 16:00:00+00:00,102173.4296875,102211.4375,101394.4140625,101450.7890625,2528591872
2025-11-12 17:00:00+00:00,101436.4765625,102061.3984375,101431.9921875,101761.6171875,424976384
2025-11-12 18:00:00+00:00,101729.7578125,101874.1796875,101423.9140625,101577.359375,356995072
2025-11-12 19:00:00+00:00,101578.6953125,101578.6953125,100863.390625,101276.109375,2422108160
2025-11-12 20:00:00+00:00,101269.5234375,101783.0625,101175.1875,101512.3671875,608817152
2025-11-12 21:00:00+00:00,101523.3828125,101868.375,101523.3828125,101850.125,0
2025-11-12 22:00:00+00:00,101894.5625,101954.2890625,101462.890625,101944.15625,0
2025-11-12 23:00:00+00:00,101964.8515625,101965.5,101509.7578125,101674.1484375,1854246912
2025-11-13 00:00:00+00:00,101661.0625,101962.6796875,101470.484375,101831.203125,1541976064
2025-11-13 01:00:00+00:00,101844.8125,102522.2890625,101844.8125,102002.3984375,1069944832
2025-11-13 02:00:00+00:00,101980.7578125,102328.3984375,101980.7578125,102056.3984375,0
2025-11-13 03:00:00+00:00,102061.3515625,102455.125,101027.640625,102291.65625,1919819776
2025-11-13 04:00:00+00:00,102245.1484375,102351.6171875,101760.8984375,102140.96875,3434733568
2025-11-13 05:00:00+00:00,102135.375,103261.578125,101836.5546875,103261.578125,0
2025-11-13 06:00:00+00:00,103133.265625,103618.5625,102941.6328125,103599.8046875,3770990592
2025-11-13 07:00:00+00:00,103563.421875,103976.484375,103322.4296875,103443.328125,1163771904
2025-11-13 08:00:00+00:00,103475.28125,103738.9296875,103382.9765625,103692.09375,0
2025-11-13 09:00:00+00:00,103699.8203125,103699.8203125,102592.3125,102818.9453125,0
2025-11-13 10:00:00+00:00,102824.078125,103234.2421875,102798.9375,102932.0703125,0
2025-11-13 11:00:00+00:00,102976.90625,103109.9296875,102753.2265625,102957.8125,0
2025-11-13 12:00:00+00:00,102954.5234375,103233.0234375,102779.6171875,103139.96875,0
2025-11-13 13:00:00+00:00,103143.9375,103143.9375,102219.0,102305.640625,2765717504
2025-11-13 14:00:00+00:00,102297.8046875,103195.1328125,101773.21875,102881.2265625,0
2025-11-13 15:00:00+00:00,102913.03125,102913.03125,101250.6328125,101301.1953125,3485376512
2025-11-13 16:00:00+00:00,101378.4765625,101422.4765625,100566.234375,100566.234375,1018798080
2025-11-13 17:00:00+00:00,100584.7578125,100703.8828125,99718.5859375,99718.5859375,3437281280
2025-11-13 18:00:00+00:00,99614.265625,99835.4765625,98213.8359375,98686.3671875,7403044864
2025-11-13 19:00:00+00:00,98508.6328125,99191.8125,98322.21875,98650.9921875,4070203392
2025-11-13 20:00:00+00:00,98644.015625,98908.875,98035.65625,98099.3203125,2497880064
2025-11-13 21:00:00+00:00,98051.3515625,98825.7265625,98051.3515625,98778.46875,1679319040
2025-11-13 22:00:00+00:00,98765.1328125,99866.3671875,98717.8828125,99760.3359375,2220998656
2025-11-13 23:00:00+00:00,99705.84375,100436.953125,99583.7578125,99694.703125,1074905088
2025-11-14 00:00:00+00:00,99690.40625,99690.40625,98744.25,98842.765625,1344831488
2025-11-14 01:00:00+00:00,98817.1328125,99481.0859375,98757.9296875,99199.328125,1871527936
2025-11-14 02:00:00+00:00,99290.7890625,99789.1640625,99290.7890625,99609.0625,53321728
2025-11-14 03:00:00+00:00,99611.859375,99611.859375,98818.125,99087.3515625,0
2025-11-14 04:00:00+00:00,99102.328125,99102.75,96841.6015625,97772.7109375,4251508736
2025-11-14 05:00:00+00:00,97774.09375,97908.296875,97162.734375,97466.3203125,2507341824
2025-11-14 06:00:00+00:00,97479.46875,97479.46875,96120.90625,97249.4140625,1933443072
2025-11-14 07:00:00+00:00,97364.8359375,97646.6953125,96874.671875,97102.8359375,3142393856
2025-11-14 08:00:00+00:00,97102.5703125,97375.03125,96847.40625,97375.03125,1234616320
2025-11-14 09:00:00+00:00,97343.140625,97473.7734375,96718.8359375,96830.8046875,0
2025-11-14 10:00:00+00:00,96842.84375,97241.5859375,96719.5,96725.859375,377225216
2025-11-14 11:00:00+00:00,96670.71875,96883.15625,95823.5390625,96073.0625,2645622784
2025-11-14 12:00:00+00:00,96152.84375,96152.84375,94612.328125,95309.578125,4474642432
2025-11-14 13:00:00+00:00,95297.5390625,95428.203125,94525.0625,95097.0390625,4945223680
2025-11-14 14:00:00+00:00,95106.296875,96629.4609375,94984.265625,96388.0078125,3010363392
2025-11-14 15:00:00+00:00,96472.1953125,97182.765625,95830.3359375,96787.4140625,1139712000
2025-11-14 16:00:00+00:00,96718.0390625,97291.0625,96302.703125,97009.90625,0
2025-11-14 17:00:00+00:00,97010.5703125,97052.4765625,95721.7265625,95912.78125,0
2025-11-14 18:00:00+00:00,95738.0,96231.4765625,95129.7421875,95129.7421875,0
2025-11-14 19:00:00+00:00,95020.125,95801.828125,94805.4921875,95615.3046875,0
2025-11-14 20:00:00+00:00,95693.171875,95799.1796875,94183.953125,94260.015625,3515015168
2025-11-14 21:00:00+00:00,94269.0703125,95019.5234375,94269.0703125,95006.015625,0
2025-11-14 22:00:00+00:00,94978.234375,95375.03125,94718.390625,95019.3359375,0
2025-11-14 23:00:00+00:00,95066.1015625,95066.1015625,94148.2421875,94420.46875,611270656
2025-11-15 00:00:00+00:00,94509.15625,95286.453125,94509.15625,95022.5390625,0
2025-11-15 01:00:00+00:00,95056.53125,95672.140625,94692.9921875,95574.4296875,0
2025-11-15 02:00:00+00:00,95572.75,96241.234375,95377.8671875,96241.234375,4676329472
2025-11-15 03:00:00+00:00,96312.6640625,96706.703125,96079.5625,96333.921875,0
2025-11-15 04:00:00+00:00,96314.78125,96407.0,95929.453125,96067.6796875,0
2025-11-15 05:00:00+00:00,96057.34375,96343.625,95942.1796875,96261.109375,0
2025-11-15 06:00:00+00:00,96282.5390625,96495.3828125,95982.140625,96075.21875,0
2025-11-15 07:00:00+00:00,96067.0546875,96288.3125,95942.15625,96275.25,0
2025-11-15 08:00:00+00:00,96259.34375,96259.34375,95645.6953125,95836.65625,0
2025-11-15 09:00:00+00:00,95842.9921875,96035.0703125,95643.515625,95783.796875,0
2025-11-15 10:00:00+00:00,95778.875,95972.9921875,95652.7578125,95912.6171875,0
2025-11-15 11:00:00+00:00,95893.65625,95893.65625,95592.90625,95620.6328125,0
2025-11-15 12:00:00+00:00,95616.5625,95792.078125,95530.0625,95719.859375,0
2025-11-15 13:00:00+00:00,95706.1875,96297.6640625,95686.1328125,96270.3984375,0
2025-11-15 14:00:00+00:00,96276.484375,96408.375,96035.4453125,96163.390625,0
2025-11-15 15:00:00+00:00,96163.3515625,96327.125,96100.3359375,96280.296875,0
2025-11-15 16:00:00+00:00,96209.8671875,96210.2109375,95710.1875,96059.578125,0
2025-11-15 17:00:00+00:00,96116.171875,96237.546875,95826.125,96131.8359375,0
2025-11-15 18:00:00+00:00,96149.2734375,96222.2265625,95928.8515625,95954.25,0
2025-11-15 19:00:00+00:00,95996.34375,96073.984375,95882.5,95983.578125,0
2025-11-15 20:00:00+00:00,95962.9296875,95975.7578125,95107.578125,95168.140625,0
2025-11-15 21:00:00+00:00,95205.5234375,95594.5703125,95084.671875,95201.5,0
2025-11-15 22:00:00+00:00,95185.5,95615.421875,95185.5,95560.59375,0
2025-11-15 23:00:00+00:00,95560.6796875,95612.2734375,95442.0546875,95549.1484375,59682816
2025-11-16 00:00:00+00:00,95548.828125,95607.828125,95182.890625,95422.9765625,268402688
2025-11-16 01:00:00+00:00,95398.3203125,95436.609375,94876.5625,95327.6875,0
2025-11-16 02:00:00+00:00,95276.734375,95843.078125,95084.9375,95843.078125,15168929792
2025-11-16 03:00:00+00:00,95887.125,95887.125,95642.6015625,95667.8828125,0
2025-11-16 04:00:00+00:00,95768.5859375,95846.890625,95619.8359375,95742.78125,0
2025-11-16 05:00:00+00:00,95746.0390625,96048.4453125,95746.0390625,95851.6328125,0
2025-11-16 06:00:00+00:00,95777.03125,95939.203125,95723.9765625,95723.9765625,0
2025-11-16 07:00:00+00:00,95741.2421875,96000.0078125,95729.5390625,96000.0078125,0
2025-11-16 08:00:00+00:00,96023.2109375,96111.125,95816.0078125,96042.53125,0
2025-11-16 09:00:00+00:00,96040.15625,96468.6484375,95902.671875,96468.6484375,0
2025-11-16 10:00:00+00:00,96553.15625,96553.15625,96330.734375,96376.3671875,949174272
2025-11-16 11:00:00+00:00,96375.8828125,96379.359375,95508.2109375,95574.21875,1575067648
2025-11-16 12:00:00+00:00,95565.3359375,95832.9609375,95407.0,95667.859375,133791744
2025-11-16 13:00:00+00:00,95684.9296875,95768.1953125,95121.4296875,95365.7578125,0
2025-11-16 14:00:00+00:00,95369.796875,95595.1640625,95259.390625,95503.1171875,3535839232
2025-11-16 15:00:00+00:00,95492.0625,95504.140625,94386.3828125,94386.3828125,0
2025-11-16 16:00:00+00:00,94453.9375,94829.4140625,94040.6640625,94121.1015625,7689678848
2025-11-16 17:00:00+00:00,94162.4921875,94376.15625,93826.6640625,94097.2109375,1666400256
2025-11-16 18:00:00+00:00,94340.4140625,95340.7265625,93807.9765625,93961.3984375,4903522304
2025-11-16 19:00:00+00:00,94004.8671875,94522.390625,93939.0625,93939.0625,2022428672
2025-11-16 20:00:00+00:00,93958.0078125,94628.1796875,93950.4921875,94173.046875,162656256
2025-11-16 21:00:00+00:00,94050.4375,94091.5703125,93382.84375,93437.6328125,1902497792
2025-11-16 22:00:00+00:00,93437.3671875,94392.859375,92971.1640625,94327.28125,2526973952
2025-11-16 23:00:00+00:00,94120.65625,94455.1171875,93081.640625,94180.875,4009984000
2025-11-17 00:00:00+00:00,94194.296875,95293.7890625,93758.75,95293.7890625,2688507904
2025-11-17 01:00:00+00:00,95242.53125,95401.3828125,94729.671875,94749.1640625,402956288
2025-11-17 02:00:00+00:00,94723.8828125,95329.6171875,94709.8515625,94907.4296875,0
2025-11-17 03:00:00+00:00,94919.1953125,95432.625,94919.1953125,95390.0078125,919568384
2025-11-17 04:00:00+00:00,95423.3828125,95457.765625,94900.03125,95072.109375,1490591744
2025-11-17 05:00:00+00:00,95063.8515625,95179.0625,94878.203125,95132.8828125,0
2025-11-17 06:00:00+00:00,95078.6953125,95206.6796875,94846.984375,95206.6796875,0
2025-11-17 07:00:00+00:00,95209.4609375,95771.03125,95153.8203125,95657.4921875,2252652544
2025-11-17 08:00:00+00:00,95645.9921875,95928.3671875,95497.0703125,95541.7890625,795729920
2025-11-17 09:00:00+00:00,95552.6484375,95762.5625,95284.078125,95614.3984375,0
2025-11-17 10:00:00+00:00,95595.015625,95761.03125,95509.7890625,95569.6875,0
2025-11-17 11:00:00+00:00,95569.53125,95812.75,95332.359375,95487.546875,0
2025-11-17 12:00:00+00:00,95490.5,95490.5,95234.234375,95271.453125,0
2025-11-17 13:00:00+00:00,95243.703125,95303.8984375,93566.765625,93843.5078125,2194300928
2025-11-17 14:00:00+00:00,93838.9609375,95791.875,93798.2578125,94625.875,1409867776
2025-11-17 15:00:00+00:00,94692.9609375,94838.4453125,93771.5078125,93878.6171875,6242983936
2025-11-17 16:00:00+00:00,93858.671875,94245.2578125,93017.9375,94217.8671875,0
2025-11-17 17:00:00+00:00,94188.453125,94188.453125,92634.734375,92683.46875,5367889920
2025-11-17 18:00:00+00:00,92685.8125,93050.3125,92387.109375,92454.109375,207101952
2025-11-17 19:00:00+00:00,92468.0234375,92516.203125,91557.140625,91585.546875,812146688
2025-11-17 20:00:00+00:00,91571.5703125,92016.4375,91224.0546875,91868.890625,7766876160
2025-11-17 21:00:00+00:00,91871.96875,92066.921875,91487.0390625,91828.9765625,932069376
2025-11-17 22:00:00+00:00,91815.34375,92275.0,91727.6015625,92146.7265625,0
2025-11-17 23:00:00+00:00,92147.921875,92153.6171875,91722.4140625,92094.53125,930430976
2025-11-18 00:00:00+00:00,92059.7734375,92227.984375,91256.7578125,92003.3203125,28418048
2025-11-18 01:00:00+00:00,92051.4375,92064.8125,91539.3359375,91631.765625,2609176576
2025-11-18 02:00:00+00:00,91570.1640625,91570.1640625,90744.65625,90832.3125,2614886400
2025-11-18 03:00:00+00:00,90753.7890625,90773.0234375,89673.46875,90708.1015625,6269231104
2025-11-18 04:00:00+00:00,90739.4140625,90739.4140625,89491.4921875,90046.1875,2903056384
2025-11-18 05:00:00+00:00,89991.203125,90278.5234375,89703.8203125,90098.3828125,2325585920
2025-11-18 06:00:00+00:00,89966.765625,90065.8671875,89300.4609375,89508.5859375,349995008
2025-11-18 07:00:00+00:00,89529.2421875,90408.9921875,89368.6015625,90372.5390625,3414638592
2025-11-18 08:00:00+00:00,90391.1796875,91287.3828125,90391.1796875,91149.703125,2038693888
2025-11-18 09:00:00+00:00,91149.703125,91312.71875,90817.3359375,91283.1328125,0
2025-11-18 10:00:00+00:00,91327.6171875,91491.203125,91169.75,91491.203125,0
2025-11-18 11:00:00+00:00,91480.21875,91495.8515625,91172.640625,91444.859375,6326681600
2025-11-18 12:00:00+00:00,91476.5078125,91730.9609375,91048.875,91332.9140625,0
2025-11-18 13:00:00+00:00,91373.4453125,91512.3515625,90882.171875,91303.1640625,0
2025-11-18 14:00:00+00:00,91373.921875,92316.609375,91147.5078125,91438.2734375,6705504256
2025-11-18 15:00:00+00:00,91323.8125,92892.5078125,90993.53125,92887.3984375,750436352
2025-11-18 16:00:00+00:00,92845.0,93733.4375,92590.46875,93389.5546875,1928372224
2025-11-18 17:00:00+00:00,93408.2421875,93558.171875,92833.0859375,93199.4375,0
2025-11-18 18:00:00+00:00,93198.9375,93664.359375,93198.9375,93303.046875,0
2025-11-18 19:00:00+00:00,93289.59375,93472.2890625,92985.0859375,93052.4375,0
2025-11-18 20:00:00+00:00,93187.09375,93187.09375,92644.0703125,92775.1015625,0
2025-11-18 21:00:00+00:00,92781.9140625,92978.296875,92427.1484375,92452.7109375,0
2025-11-18 22:00:00+00:00,92447.0625,93344.2109375,92447.0625,93116.8359375,2456731648
2025-11-18 23:00:00+00:00,93122.328125,93122.328125,92721.8515625,92946.1640625,0
2025-11-19 00:00:00+00:00,92944.140625,92944.140625,92036.2578125,92511.15625,0
2025-11-19 01:00:00+00:00,92381.359375,92562.484375,91933.4921875,92194.3671875,0
2025-11-19 02:00:00+00:00,92375.4453125,92732.7890625,92286.0546875,92574.2421875,0
2025-11-19 03:00:00+00:00,92507.9765625,92556.53125,91816.8359375,91900.3984375,0
2025-11-19 04:00:00+00:00,91875.859375,91906.1171875,91387.1171875,91425.171875,0
2025-11-19 05:00:00+00:00,91397.921875,91397.921875,89989.59375,90238.9375,0
2025-11-19 06:00:00+00:00,90348.96875,91007.84375,90262.1796875,90916.234375,0
2025-11-19 07:00:00+00:00,90929.421875,91951.125,90915.1796875,91855.6484375,473038848
2025-11-19 08:00:00+00:00,91833.625,91868.9921875,91337.953125,91427.5390625,0
2025-11-19 09:00:00+00:00,91410.2890625,91424.5703125,91085.4921875,91402.7578125,0
2025-11-19 10:00:00+00:00,91486.4609375,91613.546875,91194.8046875,91263.03125,0
2025-11-19 11:00:00+00:00,91271.9921875,91644.6484375,91260.40625,91363.3046875,0
2025-11-19 12:00:00+00:00,91371.8203125,91695.25,91232.125,91695.25,0
2025-11-19 13:00:00+00:00,91716.5390625,91793.6328125,91262.1328125,91307.4453125,0
2025-11-19 14:00:00+00:00,91327.9375,91695.3125,91053.046875,91565.53125,0
2025-11-19 15:00:00+00:00,91645.5078125,92267.5078125,89842.6640625,89842.6640625,0
2025-11-19 16:00:00+00:00,89867.3828125,90131.625,89442.75,89719.3828125,569548800
2025-11-19 17:00:00+00:00,89842.421875,90001.6484375,88878.796875,89286.203125,1872052224
2025-11-19 18:00:00+00:00,89429.1015625,89620.1328125,88787.5078125,89156.0078125,1858715648
2025-11-19 19:00:00+00:00,89058.1171875,89268.390625,88587.1328125,88828.6640625,1029193728
2025-11-19 20:00:00+00:00,88778.3515625,89547.765625,88526.828125,89547.765625,1366769664
2025-11-19 21:00:00+00:00,89448.640625,90665.6328125,89392.1171875,90630.5,3709919232
2025-11-19 22:00:00+00:00,90530.3203125,90530.3203125,90068.0859375,90387.015625,969834496
2025-11-19 23:00:00+00:00,90390.4765625,91465.9921875,90390.4765625,91465.9921875,312557568
2025-11-20 00:00:00+00:00,91460.7890625,92177.46875,91174.5859375,91801.25,0
2025-11-20 01:00:00+00:00,91808.5390625,92564.453125,91779.515625,92471.296875,1032626176
2025-11-20 02:00:00+00:00,92479.6953125,92687.5234375,92274.625,92599.0,104144896
2025-11-20 03:00:00+00:00,92519.3984375,92609.953125,92351.140625,92440.28125,1052983296
2025-11-20 04:00:00+00:00,92405.9296875,92781.34375,92116.5,92781.34375,0
2025-11-20 05:00:00+00:00,92851.796875,92996.515625,92505.03125,92524.6171875,446078976
2025-11-20 06:00:00+00:00,92539.8046875,92739.7421875,91636.1796875,91814.5703125,38674432
2025-11-20 07:00:00+00:00,91873.7421875,92320.90625,91772.40625,92279.4296875,0
2025-11-20 08:00:00+00:00,92241.375,92281.9140625,91984.921875,92012.578125,0
2025-11-20 09:00:00+00:00,92023.8359375,92023.8359375,91441.5546875,91782.359375,3617202176
2025-11-20 10:00:00+00:00,91798.953125,91965.546875,91539.5625,91701.765625,1351245824
2025-11-20 11:00:00+00:00,91715.5390625,91887.1015625,91432.5625,91879.7109375,781869056
2025-11-20 12:00:00+00:00,91856.5703125,91895.46875,91632.109375,91776.109375,923353088
2025-11-20 13:00:00+00:00,91757.453125,92148.828125,91512.1953125,91567.328125,1972150272
2025-11-20 14:00:00+00:00,91536.1015625,91536.1015625,90472.5703125,90997.046875,0
2025-11-20 15:00:00+00:00,91033.6484375,91033.6484375,89917.03125,89917.03125,2348302336
2025-11-20 16:00:00+00:00,89757.34375,89761.9296875,87709.1015625,87709.1015625,3816316928
2025-11-20 17:00:00+00:00,87680.078125,87887.453125,86474.5078125,87101.0625,1162428416
2025-11-20 18:00:00+00:00,87151.328125,87584.328125,86304.9921875,86323.6328125,2162294784
2025-11-20 19:00:00+00:00,86418.0546875,86949.734375,86057.9609375,86746.90625,4180361216
2025-11-20 20:00:00+00:00,86797.265625,86962.53125,86327.71875,86345.0078125,1180909568
2025-11-20 21:00:00+00:00,86329.0625,87564.09375,86329.0625,87204.28125,0
2025-11-20 22:00:00+00:00,87214.390625,88126.8046875,87145.765625,88049.3203125,1880350720
2025-11-20 23:00:00+00:00,88030.7109375,88100.90625,86528.7734375,86528.7734375,1733066752
2025-11-21 00:00:00+00:00,86523.953125,87356.359375,86523.953125,87122.53125,0
2025-11-21 01:00:00+00:00,87227.4375,87325.9765625,86785.7109375,87018.1953125,0
2025-11-21 02:00:00+00:00,86974.859375,86974.859375,85403.7265625,85403.7265625,914604032
2025-11-21 03:00:00+00:00,85461.7109375,85977.5859375,85384.5625,85883.3984375,2037235712
2025-11-21 04:00:00+00:00,85722.21875,85976.578125,85338.2890625,85976.578125,0
2025-11-21 05:00:00+00:00,85948.6953125,86225.875,85758.796875,86073.4296875,1193402368
2025-11-21 06:00:00+00:00,86077.34375,86116.1640625,85472.1953125,85504.765625,0
2025-11-21 07:00:00+00:00,85496.0,85599.921875,83324.109375,83816.34375,8799748096
2025-11-21 08:00:00+00:00,83911.9296875,84530.3203125,83557.3984375,83625.5390625,6747594752
2025-11-21 09:00:00+00:00,83582.0859375,83804.5234375,82062.703125,82355.15625,0
2025-11-21 10:00:00+00:00,82150.90625,82734.09375,81730.671875,82619.28125,13507993600
2025-11-21 11:00:00+00:00,82652.0390625,83146.6796875,82140.640625,82228.7734375,2783854592
2025-11-21 12:00:00+00:00,82228.703125,83471.1796875,80756.515625,83190.15625,8121606144
2025-11-21 13:00:00+00:00,83152.8671875,84270.0078125,83142.1875,84102.34375,3419136000
2025-11-21 14:00:00+00:00,84035.828125,85318.171875,83507.34375,85036.3671875,1693696000
2025-11-21 15:00:00+00:00,84938.171875,84938.171875,82816.7109375,82816.7109375,2125381632
2025-11-21 16:00:00+00:00,82866.078125,84713.3359375,82414.4765625,84713.3359375,0
2025-11-21 17:00:00+00:00,84849.2578125,85362.765625,84566.5625,84845.890625,5077762048
2025-11-21 18:00:00+00:00,84799.2890625,84848.40625,83326.296875,84512.421875,0
2025-11-21 19:00:00+00:00,84531.0546875,84897.5625,84093.7578125,84169.3671875,6145269760
2025-11-21 20:00:00+00:00,84150.1796875,84561.46875,83470.5703125,84510.875,337231872
2025-11-21 21:00:00+00:00,84502.375,85344.1953125,84371.7578125,85096.375,347676672
2025-11-21 22:00:00+00:00,85124.7109375,85311.234375,84290.78125,84316.1171875,0
2025-11-21 23:00:00+00:00,84281.6796875,85235.375,84107.5859375,85098.5625,9954795520
2025-11-22 00:00:00+00:00,85075.9609375,85503.0078125,84579.546875,84689.8203125,0
2025-11-22 01:00:00+00:00,84687.3984375,85119.828125,84612.65625,85010.109375,929292288
2025-11-22 02:00:00+00:00,85054.6328125,85098.7734375,84267.3828125,84422.21875,0
2025-11-22 03:00:00+00:00,84438.5859375,84538.9765625,84206.53125,84406.234375,0
2025-11-22 04:00:00+00:00,84397.1953125,84431.53125,83818.5859375,84140.8046875,94887936
2025-11-22 05:00:00+00:00,84178.703125,84237.21875,83858.359375,84237.21875,0
2025-11-22 06:00:00+00:00,84223.96875,84701.359375,84055.6875,84618.375,0
2025-11-22 07:00:00+00:00,84592.625,84592.625,84381.8671875,84514.515625,0
2025-11-22 08:00:00+00:00,84521.4140625,84521.4140625,83908.421875,84056.0859375,0
2025-11-22 09:00:00+00:00,83974.5,84264.9921875,83837.1484375,83837.984375,0
2025-11-22 10:00:00+00:00,83853.53125,84134.5234375,83490.8984375,83703.1484375,0
2025-11-22 11:00:00+00:00,83664.0546875,84258.875,83656.4140625,84144.0390625,0
2025-11-22 12:00:00+00:00,84096.421875,84096.421875,83604.1796875,83850.5078125,0
2025-11-22 13:00:00+00:00,83826.578125,84054.328125,83658.4921875,83890.1796875,0
2025-11-22 14:00:00+00:00,83897.1953125,84573.0078125,83897.1953125,84453.5234375,0
2025-11-22 15:00:00+00:00,84438.640625,84454.578125,84023.2734375,84197.09375,0
2025-11-22 16:00:00+00:00,84221.4765625,84756.6328125,84209.0859375,84682.390625,0
2025-11-22 17:00:00+00:00,84611.2109375,84635.7109375,84419.625,84492.046875,0
2025-11-22 18:00:00+00:00,84549.4140625,84604.8984375,84453.140625,84537.2890625,0
2025-11-22 19:00:00+00:00,84604.2734375,84727.0546875,84511.3046875,84610.125,0
2025-11-22 20:00:00+00:00,84608.5,84745.578125,84239.4921875,84397.015625,0
2025-11-22 21:00:00+00:00,84413.265625,84437.25,84229.84375,84363.34375,0
2025-11-22 22:00:00+00:00,84372.1015625,85164.078125,84251.9375,85102.5703125,0
2025-11-22 23:00:00+00:00,85036.921875,85086.8359375,84648.609375,84648.609375,0
2025-11-23 00:00:00+00:00,84680.8125,85224.0703125,84680.8125,84893.2890625,0
2025-11-23 01:00:00+00:00,84905.3671875,85865.9140625,84905.3671875,85791.6328125,445984768
2025-11-23 02:00:00+00:00,85835.5078125,86268.2109375,85658.9609375,86008.625,991727616
2025-11-23 03:00:00+00:00,85962.1875,86200.2421875,85806.4296875,86194.265625,115240960
2025-11-23 04:00:00+00:00,86289.8984375,86743.296875,86159.5078125,86524.7421875,748486656
2025-11-23 05:00:00+00:00,86509.3671875,86509.3671875,86016.046875,86279.78125,0
2025-11-23 06:00:00+00:00,86287.75,86437.953125,85868.3359375,85881.9921875,0
2025-11-23 07:00:00+00:00,85859.625,85859.625,85413.03125,85691.453125,2667675648
2025-11-23 08:00:00+00:00,85735.734375,86129.15625,85728.5234375,86129.15625,0
2025-11-23 09:00:00+00:00,86108.328125,86403.078125,86077.4453125,86353.421875,0
2025-11-23 10:00:00+00:00,86353.2109375,86353.2109375,86053.359375,86053.359375,0
2025-11-23 11:00:00+00:00,86011.453125,86391.9453125,85840.2421875,86266.1640625,2780491776
2025-11-23 12:00:00+00:00,86264.4609375,86808.5390625,86263.578125,86491.4765625,1107263488
2025-11-23 13:00:00+00:00,86480.6875,86870.15625,86327.125,86870.15625,502423552
2025-11-23 14:00:00+00:00,86912.796875,87107.375,86505.8671875,86516.9921875,944197632
2025-11-23 15:00:00+00:00,86517.3359375,87115.7890625,86481.3125,87115.7890625,770637824
2025-11-23 16:00:00+00:00,87047.4453125,87388.296875,86721.734375,86721.734375,1830780928
2025-11-23 17:00:00+00:00,86662.0234375,86909.5390625,86497.75,86721.8203125,1671208960
2025-11-23 18:00:00+00:00,86760.5859375,87158.65625,86741.7265625,86983.296875,1473978368
2025-11-23 19:00:00+00:00,86956.6484375,87609.8515625,86950.0390625,87326.5,1054035968
2025-11-23 20:00:00+00:00,87303.2734375,87647.09375,87251.2421875,87410.640625,1798660096
2025-11-23 21:00:00+00:00,87460.0859375,87973.9453125,87247.5546875,87973.9453125,1423523840
2025-11-23 22:00:00+00:00,87966.109375,88010.4453125,87595.5546875,87961.4375,295694336
2025-11-23 23:00:00+00:00,88025.1875,88025.1875,86758.390625,86798.7734375,2197024768
2025-11-24 00:00:00+00:00,86794.40625,87106.9453125,85967.28125,86694.1328125,1670569984
2025-11-24 01:00:00+00:00,86616.765625,87013.015625,86423.6015625,87013.015625,126472192
2025-11-24 02:00:00+00:00,87032.484375,87987.9921875,87032.484375,87414.140625,1428889600
2025-11-24 03:00:00+00:00,87501.875,87717.4140625,87195.90625,87344.1484375,555020288
2025-11-24 04:00:00+00:00,87344.1484375,87544.8125,86435.75,86691.2734375,220213248
2025-11-24 05:00:00+00:00,86699.234375,87717.4765625,86695.1640625,87376.5078125,1229467648
2025-11-24 06:00:00+00:00,87403.4765625,87441.078125,86845.5,86920.609375,945635328
2025-11-24 07:00:00+00:00,86880.796875,87267.1328125,86721.0078125,86977.4453125,343789568
2025-11-24 08:00:00+00:00,86948.171875,86960.1640625,86719.78125,86959.3671875,554532864
2025-11-24 09:00:00+00:00,86949.046875,86949.046875,85858.46875,85968.671875,1021411328
2025-11-24 10:00:00+00:00,85933.015625,86083.7109375,85691.3203125,86053.9140625,1139445760
2025-11-24 11:00:00+00:00,86026.6640625,86331.3828125,85834.1796875,86224.9765625,0
2025-11-24 12:00:00+00:00,86224.1640625,86234.75,85884.28125,85928.125,0
2025-11-24 13:00:00+00:00,85968.859375,86497.046875,85968.609375,86189.2265625,3421085696
2025-11-24 14:00:00+00:00,86089.9765625,86569.6953125,85279.109375,85833.9765625,648933376
2025-11-24 15:00:00+00:00,86030.171875,86668.375,85940.296875,86539.2578125,1780838400
2025-11-24 16:00:00+00:00,86555.53125,87573.6328125,86555.53125,87185.5703125,964018176
2025-11-24 17:00:00+00:00,87272.2421875,88394.140625,86945.7734375,88394.140625,1028988928
2025-11-24 18:00:00+00:00,88362.0390625,88674.8671875,88217.4609375,88674.8671875,2625601536
2025-11-24 19:00:00+00:00,88674.8671875,88804.015625,88146.6328125,88234.0546875,180518912
2025-11-24 20:00:00+00:00,88307.3984375,89195.734375,88307.3984375,89143.7421875,1915731968
2025-11-24 21:00:00+00:00,89113.6953125,89113.6953125,88732.2734375,88823.078125,297320448
2025-11-24 22:00:00+00:00,88777.046875,89001.9375,88589.0703125,88699.21875,0
2025-11-24 23:00:00+00:00,88618.703125,88618.703125,88255.1328125,88261.2578125,0
2025-11-25 00:00:00+00:00,88268.5390625,88268.5390625,87857.4453125,88089.46875,0
2025-11-25 01:00:00+00:00,88072.46875,88133.6015625,87766.8203125,87766.8203125,0
2025-11-25 02:00:00+00:00,87738.234375,87909.78125,87459.7421875,87853.6953125,0
2025-11-25 03:00:00+00:00,87886.0859375,87957.7734375,87567.5390625,87734.015625,0
2025-11-25 04:00:00+00:00,87767.6328125,88457.3359375,87767.6328125,88335.015625,0
2025-11-25 05:00:00+00:00,88336.9296875,88336.9296875,87948.2890625,88097.0546875,0
2025-11-25 06:00:00+00:00,88125.4921875,88125.4921875,87820.0546875,87993.71875,0
2025-11-25 07:00:00+00:00,87963.7109375,88008.4453125,87381.484375,87381.484375,239296512
2025-11-25 08:00:00+00:00,87373.609375,87568.5703125,87035.765625,87035.765625,663764992
2025-11-25 09:00:00+00:00,86966.1640625,87217.9609375,86674.8046875,87217.9609375,73392128
2025-11-25 10:00:00+00:00,87206.796875,87393.8984375,86935.90625,87393.8984375,0
2025-11-25 11:00:00+00:00,87395.984375,87502.2265625,87293.546875,87364.375,0
2025-11-25 12:00:00+00:00,87365.5078125,87687.359375,87365.5078125,87488.8046875,257994752
2025-11-25 13:00:00+00:00,87490.96875,87651.34375,86888.4921875,87005.359375,0
2025-11-25 14:00:00+00:00,87031.8046875,87211.1328125,86144.3515625,86611.1171875,596488192
2025-11-25 15:00:00+00:00,86562.328125,87238.703125,86223.8828125,86947.859375,55107584
2025-11-25 16:00:00+00:00,86941.890625,87197.4296875,86775.015625,87070.5703125,0
2025-11-25 17:00:00+00:00,87086.2421875,88070.765625,87019.875,87681.09375,0
2025-11-25 18:00:00+00:00,87610.7578125,87778.8515625,87241.4765625,87241.4765625,0
2025-11-25 19:00:00+00:00,87223.8984375,87232.734375,86171.4765625,86800.15625,497102848
2025-11-25 20:00:00+00:00,86848.3359375,87396.9609375,86750.7734375,87396.9609375,0
2025-11-25 21:00:00+00:00,87336.890625,87398.2890625,86977.8984375,87000.9296875,0
2025-11-25 22:00:00+00:00,86918.5,87520.5078125,86605.2578125,87392.234375,648445952
2025-11-25 23:00:00+00:00,87604.5703125,87764.9609375,87308.9296875,87345.5859375,153554944
2025-11-26 00:00:00+00:00,87311.9375,87695.9140625,87311.9375,87512.875,0
2025-11-26 01:00:00+00:00,87539.4296875,88150.796875,87359.5390625,87894.0234375,446685184
2025-11-26 02:00:00+00:00,87877.515625,88014.5859375,87662.296875,87663.3984375,0
2025-11-26 03:00:00+00:00,87670.640625,87827.4375,87063.0546875,87063.0546875,0
2025-11-26 04:00:00+00:00,87133.0859375,87305.71875,86895.28125,87211.8671875,309141504
2025-11-26 05:00:00+00:00,87208.0078125,87660.1953125,87208.0078125,87491.5703125,930045952
2025-11-26 06:00:00+00:00,87462.078125,87830.7734375,87444.578125,87802.03125,56762368
2025-11-26 07:00:00+00:00,87793.6484375,87862.171875,87690.421875,87862.171875,0
2025-11-26 08:00:00+00:00,87905.921875,87905.921875,87392.3515625,87392.3515625,0
2025-11-26 09:00:00+00:00,87402.140625,87402.140625,86767.2109375,86783.984375,0
2025-11-26 10:00:00+00:00,86800.5546875,86993.5859375,86671.5390625,86918.8359375,0
2025-11-26 11:00:00+00:00,86922.6953125,87055.5,86839.5546875,87031.1640625,208891904
2025-11-26 12:00:00+00:00,87065.8515625,87128.640625,86406.53125,86642.9453125,109342720
2025-11-26 13:00:00+00:00,86632.0390625,87030.7109375,86572.8046875,87023.5078125,0
2025-11-26 14:00:00+00:00,87023.578125,87575.53125,86944.7421875,86955.6640625,0
2025-11-26 15:00:00+00:00,86841.265625,87298.0078125,86734.171875,86897.2265625,0
2025-11-26 16:00:00+00:00,86956.9453125,87892.2578125,86956.9453125,87812.828125,2590838784
2025-11-26 17:00:00+00:00,87798.7734375,89942.109375,87731.1015625,89942.109375,3481866240
2025-11-26 18:00:00+00:00,89908.8046875,90380.8203125,89745.09375,90144.4453125,3115094016
2025-11-26 19:00:00+00:00,90129.1796875,90149.2109375,89785.203125,89989.7578125,348139520
2025-11-26 20:00:00+00:00,89924.015625,90047.3046875,89516.9140625,89899.359375,758681600
2025-11-26 21:00:00+00:00,89901.2578125,90426.4921875,89845.1875,90179.109375,727597056
2025-11-26 22:00:00+00:00,90160.609375,90568.3671875,90132.9296875,90426.59375,0
2025-11-26 23:00:00+00:00,90384.421875,90558.3125,90333.125,90517.765625,4571136
2025-11-27 00:00:00+00:00,90474.9921875,90578.8359375,90127.2109375,90492.703125,0
2025-11-27 01:00:00+00:00,90469.7109375,91038.1484375,90461.3046875,91038.1484375,13197312
2025-11-27 02:00:00+00:00,91138.6484375,91862.0,90919.9609375,91435.8515625,4390580224
2025-11-27 03:00:00+00:00,91399.3203125,91567.75,91078.0703125,91161.3984375,1019559936
2025-11-27 04:00:00+00:00,91138.7421875,91326.1171875,91059.6484375,91257.5078125,0
2025-11-27 05:00:00+00:00,91222.484375,91509.8515625,90941.8046875,90964.6328125,575160320
2025-11-27 06:00:00+00:00,91006.59375,91378.625,90991.15625,91245.71875,108191744
2025-11-27 07:00:00+00:00,91254.796875,91479.1640625,91152.7734375,91395.1015625,237469696
2025-11-27 08:00:00+00:00,91412.6015625,91494.8046875,91253.4765625,91494.8046875,129515520
2025-11-27 09:00:00+00:00,91489.3203125,91836.625,91484.046875,91553.3984375,460120064
2025-11-27 10:00:00+00:00,91532.3828125,91727.2734375,91371.546875,91637.2109375,59826176
2025-11-27 11:00:00+00:00,91620.015625,91620.015625,91386.90625,91386.90625,288276480
2025-11-27 12:00:00+00:00,91383.9453125,91423.59375,90975.6484375,90975.6484375,0
2025-11-27 13:00:00+00:00,91015.4296875,91050.890625,90489.515625,90935.609375,1362329600
2025-11-27 14:00:00+00:00,90845.4375,90941.9375,90632.5859375,90803.4921875,0
2025-11-27 15:00:00+00:00,90780.1015625,90962.1796875,90654.8203125,90959.4765625,0
2025-11-27 16:00:00+00:00,90935.90625,91521.3359375,90871.359375,91455.765625,0
2025-11-27 17:00:00+00:00,91448.7265625,91569.078125,91334.0703125,91477.421875,934858752
2025-11-27 18:00:00+00:00,91480.2421875,91811.3671875,91388.359375,91792.296875,0
2025-11-27 19:00:00+00:00,91791.7421875,91791.7421875,91517.3125,91537.890625,0
2025-11-27 20:00:00+00:00,91542.53125,91566.296875,91401.34375,91456.75,0
2025-11-27 21:00:00+00:00,91411.203125,91560.4140625,91309.4921875,91438.140625,0
2025-11-27 22:00:00+00:00,91443.109375,91573.6484375,91223.90625,91304.4765625,0
2025-11-27 23:00:00+00:00,91313.515625,91519.7734375,91223.359375,91285.3828125,0
2025-11-28 00:00:00+00:00,91317.5234375,91358.7109375,91111.3671875,91178.859375,0
2025-11-28 01:00:00+00:00,91187.1015625,91187.1015625,90847.4765625,90850.5234375,0
2025-11-28 02:00:00+00:00,90820.7421875,91098.734375,90699.5703125,91082.8515625,0
2025-11-28 03:00:00+00:00,91052.1484375,91261.8828125,91003.6484375,91204.703125,0
2025-11-28 04:00:00+00:00,91193.9453125,91480.7578125,91127.8203125,91449.46875,0
2025-11-28 05:00:00+00:00,91429.8984375,91675.6953125,91330.0546875,91636.9921875,0
2025-11-28 06:00:00+00:00,91642.546875,91642.546875,91194.3671875,91317.1484375,0
2025-11-28 07:00:00+00:00,91306.4375,91507.578125,90862.7421875,90895.9609375,0
2025-11-28 08:00:00+00:00,90923.90625,91596.7109375,90923.90625,91590.015625,523505664
2025-11-28 09:00:00+00:00,91599.828125,91813.1171875,91468.796875,91530.359375,0
2025-11-28 10:00:00+00:00,91584.2265625,91820.3515625,91489.8828125,91804.265625,0
2025-11-28 11:00:00+00:00,91818.28125,91873.53125,91150.65625,91456.0078125,973312000
2025-11-28 12:00:00+00:00,91454.734375,91632.8359375,91445.6953125,91491.28125,0
2025-11-28 13:00:00+00:00,91493.4375,92330.59375,91403.7734375,92297.046875,0
2025-11-28 14:00:00+00:00,92355.1953125,92913.328125,91939.421875,92148.7578125,3284803584
2025-11-28 15:00:00+00:00,92224.3359375,92766.03125,92069.3125,92350.546875,2247561216
2025-11-28 16:00:00+00:00,92365.2421875,92371.3515625,90971.75,90971.75,544002048
2025-11-28 17:00:00+00:00,90948.390625,91172.4296875,90281.1640625,90784.4921875,3780550656
2025-11-28 18:00:00+00:00,90624.46875,90944.0,90517.0234375,90758.109375,0
2025-11-28 19:00:00+00:00,90841.6875,91189.984375,90841.6875,91164.7421875,2177605632
2025-11-28 20:00:00+00:00,91170.484375,91220.0703125,90901.578125,91190.1015625,228159488
2025-11-28 21:00:00+00:00,91228.8671875,91273.90625,91001.5859375,91001.5859375,0
2025-11-28 22:00:00+00:00,90907.2109375,91002.765625,90777.890625,90939.7265625,110141440
2025-11-29 19:00:00+00:00,90733.03125,90733.03125,90646.484375,90675.4296875,0
2025-11-29 20:00:00+00:00,90682.03125,91031.6640625,90481.703125,91008.421875,0
2025-11-29 21:00:00+00:00,91000.5703125,91078.0859375,90863.8828125,91045.890625,0
2025-11-29 22:00:00+00:00,91036.65625,91036.65625,90742.90625,90838.671875,0
2025-11-29 23:00:00+00:00,90825.234375,90901.890625,90731.5078125,90850.890625,0
2025-11-30 00:00:00+00:00,90836.71875,90970.828125,90809.6328125,90911.953125,0
2025-11-30 01:00:00+00:00,90910.7265625,91061.7265625,90904.2578125,90961.6796875,0
2025-11-30 02:00:00+00:00,90950.390625,91054.6171875,90799.3359375,90812.421875,0
2025-11-30 03:00:00+00:00,90810.25,90941.8828125,90521.59375,90907.5546875,423297024
2025-11-30 04:00:00+00:00,90915.96875,90978.7578125,90845.828125,90874.015625,59613184
2025-11-30 05:00:00+00:00,90886.875,90886.875,90712.6171875,90821.984375,0
2025-11-30 06:00:00+00:00,90812.8046875,90953.265625,90775.0546875,90908.2578125,0
2025-11-30 07:00:00+00:00,90912.0546875,91038.3984375,90891.1796875,90973.234375,0
2025-11-30 08:00:00+00:00,90970.2265625,91349.359375,90958.2109375,91234.6640625,861442048
2025-11-30 09:00:00+00:00,91217.484375,91566.0703125,91193.484375,91409.203125,676818944
2025-11-30 10:00:00+00:00,91423.96875,91442.015625,91231.1484375,91238.5546875,0
2025-11-30 11:00:00+00:00,91246.4140625,91372.0625,91059.453125,91059.453125,0
2025-11-30 12:00:00+00:00,91056.2265625,91480.5703125,91050.4375,91448.640625,284856320
2025-11-30 13:00:00+00:00,91457.0078125,91965.046875,91447.4921875,91761.46875,1489371136
2025-11-30 14:00:00+00:00,91780.71875,91780.71875,91310.015625,91477.2265625,611565568
2025-11-30 15:00:00+00:00,91497.4921875,91622.5859375,91339.8515625,91461.4375,41324544
2025-11-30 16:00:00+00:00,91455.3984375,91865.8515625,91440.9375,91816.1875,0
2025-11-30 17:00:00+00:00,91776.90625,91776.90625,91352.1484375,91497.828125,0
2025-11-30 18:00:00+00:00,91495.1015625,91495.1015625,91250.6875,91448.78125,0
2025-11-30 19:00:00+00:00,91451.6640625,91493.0625,91321.671875,91467.609375,0
2025-11-30 20:00:00+00:00,91474.3203125,91607.875,91212.390625,91343.46875,0
2025-11-30 21:00:00+00:00,91324.4296875,91328.6640625,90965.703125,91172.078125,465276928
2025-11-30 22:00:00+00:00,91173.234375,91334.6640625,91084.3203125,91235.375,0
2025-11-30 23:00:00+00:00,91242.9765625,91242.9765625,90389.109375,90389.109375,686333952
2025-12-01 00:00:00+00:00,90379.84375,90379.84375,87068.546875,87154.7578125,6631452672
2025-12-01 01:00:00+00:00,87049.8203125,87715.6015625,87043.6796875,87316.8046875,3720790016
2025-12-01 02:00:00+00:00,87231.7890625,87495.3828125,86545.1484375,86749.7421875,2891567104
2025-12-01 03:00:00+00:00,86745.25,86789.1953125,86226.484375,86397.4765625,2436825088
2025-12-01 04:00:00+00:00,86383.203125,86383.203125,85732.765625,85816.6875,2819989504
2025-12-01 05:00:00+00:00,85812.5703125,85998.2578125,85665.9453125,85975.171875,1354584064
2025-12-01 06:00:00+00:00,85987.671875,86320.9375,85987.671875,86270.1796875,1837895680
2025-12-01 07:00:00+00:00,86266.3828125,86541.1640625,86089.78125,86533.8359375,2125672448
2025-12-01 08:00:00+00:00,86536.78125,86847.7734375,86422.1875,86847.7734375,524853248
2025-12-01 09:00:00+00:00,86866.2109375,86896.9453125,86587.5078125,86716.6953125,263401472
2025-12-01 10:00:00+00:00,86726.046875,86796.2734375,86564.8359375,86638.0703125,807399424
2025-12-01 11:00:00+00:00,86644.25,86646.1171875,86227.578125,86227.578125,747626496
2025-12-01 12:00:00+00:00,86137.1484375,86156.4921875,84817.421875,85484.3046875,90808320
2025-12-01 13:00:00+00:00,85418.2890625,86088.3203125,85418.2890625,86006.6015625,1751769088
2025-12-01 14:00:00+00:00,85983.1171875,86580.734375,85942.140625,86161.53125,3965136896
2025-12-01 15:00:00+00:00,86044.4921875,86061.4921875,83909.734375,84637.1953125,4063100928
2025-12-01 16:00:00+00:00,84653.6015625,85358.1328125,84104.4921875,84513.078125,3634044928
2025-12-01 17:00:00+00:00,84529.6953125,85260.0859375,84478.2578125,84953.6953125,2091474944
2025-12-01 18:00:00+00:00,84933.296875,85477.53125,84732.265625,85179.3203125,1276346368
2025-12-01 19:00:00+00:00,85218.265625,85239.2890625,84654.0078125,85033.78125,2018066432
2025-12-01 20:00:00+00:00,85021.875,85813.5859375,85021.875,85469.125,1664278528
2025-12-01 21:00:00+00:00,85455.1796875,86450.90625,85455.1796875,86425.0703125,1892753408
2025-12-01 22:00:00+00:00,86440.8828125,86853.6796875,86381.71875,86648.2578125,841400320
2025-12-01 23:00:00+00:00,86599.984375,86822.59375,86298.8203125,86322.5390625,106921984
2025-12-02 00:00:00+00:00,86306.09375,86620.84375,86205.09375,86500.1875,0
2025-12-02 01:00:00+00:00,86519.75,87272.2734375,86398.6953125,86440.8515625,0
2025-12-02 02:00:00+00:00,86449.2734375,86859.3515625,86336.3046875,86583.1953125,0
2025-12-02 03:00:00+00:00,86547.4765625,87005.375,86223.6015625,86956.0703125,0
2025-12-02 04:00:00+00:00,86961.7109375,87218.3828125,86926.828125,86970.6328125,0
2025-12-02 05:00:00+00:00,86974.765625,87075.4921875,86857.1484375,86997.5390625,0
2025-12-02 06:00:00+00:00,87012.4140625,87173.859375,86899.1015625,87106.515625,0
2025-12-02 07:00:00+00:00,87118.578125,87118.734375,86917.609375,87032.6953125,0
2025-12-02 08:00:00+00:00,87039.8359375,87039.8359375,86408.96875,86408.96875,0
2025-12-02 09:00:00+00:00,86509.9609375,86943.859375,86509.9609375,86742.0703125,0
2025-12-02 10:00:00+00:00,86753.5234375,87490.9765625,86753.5234375,87301.625,0
2025-12-02 11:00:00+00:00,87298.359375,87553.921875,87037.6875,87395.390625,2308128768
2025-12-02 12:00:00+00:00,87381.4140625,87505.84375,87250.3671875,87250.3671875,0
2025-12-02 13:00:00+00:00,87284.8671875,87841.1953125,87114.8359375,87841.1953125,0
2025-12-02 14:00:00+00:00,87779.3984375,89221.328125,87667.4140625,89157.0625,2447892480
2025-12-02 15:00:00+00:00,89255.9140625,91084.7265625,89255.9140625,90948.328125,2543419392
2025-12-02 16:00:00+00:00,90928.65625,91220.0546875,90316.7734375,90902.4296875,0
2025-12-02 17:00:00+00:00,90833.2421875,91945.46875,90833.2421875,91497.4296875,2102452224
2025-12-02 18:00:00+00:00,91494.40625,92193.4921875,91494.40625,91862.984375,0
2025-12-02 19:00:00+00:00,91963.6171875,92309.515625,91943.3828125,91951.6484375,2146222080
2025-12-02 20:00:00+00:00,91945.8359375,91945.8359375,90821.234375,91046.8828125,1333592064
2025-12-02 21:00:00+00:00,91119.1328125,91654.3515625,91053.6484375,91613.0,0
2025-12-02 22:00:00+00:00,91635.1796875,92003.703125,91600.859375,92003.703125,0
2025-12-02 23:00:00+00:00,92004.703125,92004.703125,91345.09375,91345.09375,483549184
2025-12-03 00:00:00+00:00,91345.3125,91741.6640625,91080.0,91588.7421875,0
2025-12-03 01:00:00+00:00,91632.609375,92359.796875,91542.7109375,92189.578125,47554560
2025-12-03 02:00:00+00:00,92237.671875,92973.796875,92237.671875,92814.484375,2008293376
2025-12-03 03:00:00+00:00,92813.1328125,92945.15625,92661.3515625,92738.0703125,22814720
2025-12-03 04:00:00+00:00,92710.0703125,93418.109375,92694.1328125,93418.109375,900497408
2025-12-03 05:00:00+00:00,93369.4765625,93640.78125,93212.015625,93640.78125,1866670080
2025-12-03 06:00:00+00:00,93703.5234375,93935.609375,93221.65625,93420.2109375,1514610688
2025-12-03 07:00:00+00:00,93438.7109375,93438.7109375,92960.828125,93009.0,1506877440
2025-12-03 08:00:00+00:00,93019.3515625,93154.8125,92728.46875,92728.46875,0
2025-12-03 09:00:00+00:00,92758.1953125,93182.9296875,92758.1953125,93182.9296875,0
2025-12-03 10:00:00+00:00,93209.25,93380.3203125,92923.8125,92928.59375,2962178048
2025-12-03 11:00:00+00:00,92938.109375,93041.4921875,92788.8984375,93030.828125,0
2025-12-03 12:00:00+00:00,93030.1171875,93087.4375,92740.609375,92976.1953125,45260800
2025-12-03 13:00:00+00:00,92953.1328125,93236.265625,92953.1328125,93145.3984375,0
2025-12-03 14:00:00+00:00,93166.890625,93554.9296875,91883.2109375,92663.9140625,890290176
2025-12-03 15:00:00+00:00,92479.0703125,92987.9453125,92018.0390625,92391.71875,0
2025-12-03 16:00:00+00:00,92380.34375,92731.96875,91878.703125,92271.6875,0
2025-12-03 17:00:00+00:00,92276.625,93032.640625,92276.625,93017.203125,0
2025-12-03 18:00:00+00:00,92981.7421875,93486.4921875,92430.9296875,92572.125,0
2025-12-03 19:00:00+00:00,92612.4375,93089.234375,92585.0546875,93015.546875,0
2025-12-03 20:00:00+00:00,93034.28125,93309.734375,92865.453125,92913.59375,0
2025-12-03 21:00:00+00:00,92971.890625,93679.609375,92911.6796875,93679.609375,0
2025-12-03 22:00:00+00:00,93744.78125,93932.9453125,93351.6953125,93802.8671875,1659002880
2025-12-03 23:00:00+00:00,93805.984375,94049.6953125,93454.2578125,93454.2578125,0
2025-12-04 00:00:00+00:00,93463.3828125,93478.859375,92749.1484375,93090.1171875,0
2025-12-04 01:00:00+00:00,93073.5859375,93700.109375,93045.6953125,93202.7578125,0
2025-12-04 02:00:00+00:00,93209.8046875,94010.6796875,93197.5,93982.4140625,0
2025-12-04 03:00:00+00:00,93972.65625,94022.4765625,93464.7421875,93546.546875,0
2025-12-04 04:00:00+00:00,93553.65625,93553.65625,93267.125,93326.0859375,0
2025-12-04 05:00:00+00:00,93345.90625,93376.7578125,92821.0625,92989.1953125,0
2025-12-04 06:00:00+00:00,93005.1875,93364.609375,92891.6875,93149.25,0
2025-12-04 07:00:00+00:00,93169.0703125,93395.09375,92952.921875,93395.09375,0
2025-12-04 08:00:00+00:00,93405.609375,93591.2109375,93121.6875,93218.3046875,0
2025-12-04 09:00:00+00:00,93291.3671875,93599.9375,93291.3671875,93494.8828125,0
2025-12-04 10:00:00+00:00,93510.8984375,93563.9765625,93205.2890625,93264.0234375,0
2025-12-04 11:00:00+00:00,93262.5078125,93293.765625,92797.765625,92943.4375,0
2025-12-04 12:00:00+00:00,92966.2734375,93165.9921875,92817.171875,93040.796875,0
2025-12-04 13:00:00+00:00,93000.0703125,93018.1640625,92485.859375,92558.546875,77438976
2025-12-04 14:00:00+00:00,92533.0234375,92805.6953125,91905.4375,91918.953125,0
2025-12-04 15:00:00+00:00,92013.609375,93060.65625,92013.609375,93007.4921875,155361280
2025-12-04 16:00:00+00:00,92941.8984375,93165.234375,92308.2421875,92479.0625,0
2025-12-04 17:00:00+00:00,92461.078125,92504.4140625,91830.0546875,92425.2890625,173293568
2025-12-04 18:00:00+00:00,92421.8671875,92544.4921875,92010.1484375,92038.3046875,0
2025-12-04 19:00:00+00:00,92144.0234375,92164.59375,90978.71875,92028.8671875,2364346368
2025-12-04 20:00:00+00:00,92067.2890625,92529.390625,91771.90625,92529.390625,0
2025-12-04 21:00:00+00:00,92514.6640625,92663.65625,92156.4296875,92172.4453125,0
2025-12-04 22:00:00+00:00,92172.4453125,92484.6484375,92172.4453125,92419.203125,0
2025-12-04 23:00:00+00:00,92399.1796875,92442.7734375,92115.8828125,92133.6484375,0
2025-12-05 00:00:00+00:00,92139.3359375,92475.6796875,92103.9453125,92292.671875,0
2025-12-05 01:00:00+00:00,92309.9765625,92603.4765625,92297.5859375,92387.2578125,0
2025-12-05 02:00:00+00:00,92382.46875,92679.1640625,92282.9453125,92544.34375,0
2025-12-05 03:00:00+00:00,92547.1875,92638.6015625,92070.9296875,92150.609375,0
2025-12-05 04:00:00+00:00,92172.640625,92385.453125,91862.125,92048.828125,225943552
2025-12-05 05:00:00+00:00,92044.4765625,92196.734375,91918.03125,91938.3515625,0
2025-12-05 06:00:00+00:00,91944.078125,92288.828125,91944.078125,92288.828125,0
2025-12-05 07:00:00+00:00,92288.3203125,92496.078125,92246.5234375,92246.8359375,0
2025-12-05 08:00:00+00:00,92257.3515625,92257.3515625,91977.078125,92103.515625,0
2025-12-05 09:00:00+00:00,92124.5078125,92128.2734375,91051.4765625,91147.0546875,958406656
2025-12-05 10:00:00+00:00,91159.8125,91481.359375,91131.265625,91353.8203125,396427264
2025-12-05 11:00:00+00:00,91321.21875,91538.3828125,91189.0546875,91395.03125,0
2025-12-05 12:00:00+00:00,91381.8046875,91422.6640625,91155.390625,91262.7890625,66285568
2025-12-05 13:00:00+00:00,91255.4921875,91347.5078125,90332.375,90573.9140625,50393088
2025-12-05 14:00:00+00:00,90513.0703125,90744.578125,90010.3359375,90270.2109375,883863552
2025-12-05 15:00:00+00:00,90292.03125,91399.390625,90292.03125,90320.109375,359223296
2025-12-05 16:00:00+00:00,90453.953125,90453.953125,88232.8828125,88878.6875,3293970432
2025-12-05 17:00:00+00:00,88900.9296875,89487.3359375,88689.8359375,89371.1640625,732663808
2025-12-05 18:00:00+00:00,89368.71875,89803.1015625,88983.4921875,89003.90625,522678272
2025-12-05 19:00:00+00:00,88979.6328125,89802.9609375,88910.5703125,89725.2890625,0
2025-12-05 20:00:00+00:00,89680.0625,89727.28125,89277.46875,89336.2421875,360071168
2025-12-05 21:00:00+00:00,89323.0625,89491.9921875,89120.3984375,89184.6640625,435535872
2025-12-05 22:00:00+00:00,89188.171875,89368.6796875,88944.9453125,89297.1875,97525760
2025-12-05 23:00:00+00:00,89282.65625,89389.359375,88977.3203125,89389.359375,0
2025-12-06 00:00:00+00:00,89360.8359375,89449.546875,89092.0390625,89448.2578125,0
2025-12-06 01:00:00+00:00,89440.5703125,89489.546875,89255.46875,89320.0,0
2025-12-06 02:00:00+00:00,89319.875,89346.7578125,89234.9140625,89343.7890625,0
2025-12-06 03:00:00+00:00,89367.6171875,89793.8984375,89367.6171875,89709.21875,420872192
2025-12-06 04:00:00+00:00,89705.296875,89711.7265625,89583.3671875,89711.7265625,0
2025-12-06 05:00:00+00:00,89693.109375,89751.2109375,89567.1328125,89628.9765625,0
2025-12-06 06:00:00+00:00,89627.8828125,89771.8359375,89567.5390625,89693.375,0
2025-12-06 07:00:00+00:00,89711.578125,89719.953125,89501.703125,89638.171875,0
2025-12-06 08:00:00+00:00,89627.609375,89630.9921875,89290.7734375,89337.828125,51716096
2025-12-06 09:00:00+00:00,89319.796875,89677.1328125,89308.1875,89629.75,0
2025-12-06 10:00:00+00:00,89620.6015625,89693.6328125,89524.9375,89554.4921875,0
2025-12-06 11:00:00+00:00,89526.3125,89729.40625,89526.3125,89648.8359375,174460928
2025-12-06 12:00:00+00:00,89659.328125,89666.484375,89593.234375,89604.390625,0
2025-12-06 13:00:00+00:00,89598.6015625,89778.234375,89598.6015625,89691.0546875,0
2025-12-06 14:00:00+00:00,89682.421875,90174.3359375,89676.25,90050.109375,0
2025-12-06 15:00:00+00:00,90045.5703125,90045.5703125,89582.7421875,89885.171875,0
2025-12-06 16:00:00+00:00,89779.0546875,89985.5703125,89714.890625,89733.109375,0
2025-12-06 17:00:00+00:00,89730.1484375,89816.3828125,89672.0546875,89713.203125,0
2025-12-06 18:00:00+00:00,89722.0,89787.09375,89599.5546875,89657.1171875,0
2025-12-06 19:00:00+00:00,89663.1953125,89749.1484375,89350.9453125,89433.890625,0
2025-12-06 20:00:00+00:00,89433.6015625,89570.984375,89366.1796875,89570.984375,0
2025-12-06 21:00:00+00:00,89565.4609375,89604.9296875,89444.609375,89479.1875,0
2025-12-06 22:00:00+00:00,89458.59375,89538.8828125,89300.4921875,89326.234375,0
2025-12-06 23:00:00+00:00,89310.046875,89331.578125,88981.4921875,89277.8125,259080192
2025-12-07 00:00:00+00:00,89257.46875,89549.46875,89225.390625,89499.3984375,0
2025-12-07 01:00:00+00:00,89458.8515625,89596.4375,89378.28125,89378.28125,0
2025-12-07 02:00:00+00:00,89348.90625,89670.8125,89348.90625,89670.8125,0
2025-12-07 03:00:00+00:00,89640.296875,89750.2890625,89586.09375,89732.3203125,0
2025-12-07 04:00:00+00:00,89736.515625,89806.9375,89517.1328125,89568.5859375,236564480
2025-12-07 05:00:00+00:00,89570.1640625,89590.1171875,89468.0078125,89535.3203125,0
2025-12-07 06:00:00+00:00,89524.71875,89701.53125,89520.2109375,89693.625,78209024
2025-12-07 07:00:00+00:00,89702.7578125,89755.9921875,89260.28125,89367.4921875,0
2025-12-07 08:00:00+00:00,89382.1328125,89524.8515625,89229.546875,89328.65625,0
2025-12-07 09:00:00+00:00,89341.5,89395.4921875,89098.2734375,89152.0703125,0
2025-12-07 10:00:00+00:00,89137.875,89374.3125,89137.875,89295.9296875,62070784
2025-12-07 11:00:00+00:00,89272.703125,89281.90625,89192.921875,89199.75,0
2025-12-07 12:00:00+00:00,89201.8125,89582.8671875,89167.6328125,89491.4375,57413632
2025-12-07 13:00:00+00:00,89491.7421875,89524.6953125,88948.6640625,89086.1953125,588152832
2025-12-07 14:00:00+00:00,89070.71875,89096.5703125,87823.5,88224.4140625,1236549632
2025-12-07 15:00:00+00:00,88250.9609375,89512.78125,88206.3515625,89498.5859375,1544073216
2025-12-07 16:00:00+00:00,89587.203125,89675.546875,89199.21875,89675.546875,1127821312
2025-12-07 17:00:00+00:00,89772.421875,91173.875,89665.6640625,90995.703125,3157397504
2025-12-07 18:00:00+00:00,90990.34375,91719.8515625,90990.34375,91386.5234375,1838891008
2025-12-07 19:00:00+00:00,91387.40625,91545.7109375,91279.0,91367.9921875,0
2025-12-07 20:00:00+00:00,91401.015625,91504.9296875,91365.9765625,91456.53125,210132992
2025-12-07 21:00:00+00:00,91454.2265625,91454.2265625,89961.5078125,90123.9375,221388800
2025-12-07 22:00:00+00:00,90157.8515625,90173.6875,89150.5390625,89670.59375,2868666368
2025-12-07 23:00:00+00:00,89628.4609375,90424.5859375,89583.765625,90424.5859375,691253248
2025-12-08 00:00:00+00:00,90426.9453125,90602.1484375,90006.03125,90422.671875,1128091648
2025-12-08 01:00:00+00:00,90354.796875,91670.484375,90354.796875,90906.8671875,1658298368
2025-12-08 02:00:00+00:00,90910.8203125,91440.1484375,90863.015625,91429.0625,1001168896
2025-12-08 03:00:00+00:00,91379.65625,91419.4296875,91010.359375,91126.984375,1164009472
2025-12-08 04:00:00+00:00,91132.6875,91452.6015625,91092.9921875,91271.1640625,38129664
2025-12-08 05:00:00+00:00,91294.0234375,91416.03125,91087.1484375,91349.4375,593805312
2025-12-08 06:00:00+00:00,91338.0859375,91635.78125,91253.8828125,91454.828125,792178688
2025-12-08 07:00:00+00:00,91457.5390625,91810.265625,91390.7265625,91544.1953125,515788800
2025-12-08 08:00:00+00:00,91565.6328125,91885.7421875,91526.875,91830.4765625,204132352
2025-12-08 09:00:00+00:00,91842.125,92255.546875,91842.125,91953.1640625,1536200704
2025-12-08 10:00:00+00:00,91937.0,92216.90625,91863.328125,92147.109375,491900928
2025-12-08 11:00:00+00:00,92151.6953125,92182.3828125,91902.2109375,92000.78125,197328896
2025-12-08 12:00:00+00:00,91982.6640625,91982.6640625,91751.125,91796.140625,619315200
2025-12-08 13:00:00+00:00,91791.28125,92099.34375,91429.8359375,91429.8359375,0
2025-12-08 14:00:00+00:00,91448.625,91615.046875,90846.3125,90846.3125,671834112
2025-12-08 15:00:00+00:00,90882.3359375,90923.125,89689.6640625,90054.5625,2128613376
2025-12-08 16:00:00+00:00,89910.1796875,90440.8515625,89753.640625,89968.3125,826658816
2025-12-08 17:00:00+00:00,89954.265625,90282.9609375,89765.7578125,90282.9609375,0
2025-12-08 18:00:00+00:00,90242.078125,90486.9453125,89760.9296875,89760.9296875,0
2025-12-08 19:00:00+00:00,89870.453125,90328.765625,89870.453125,90099.9375,1347035136
2025-12-08 20:00:00+00:00,90125.0390625,90914.5546875,90125.0390625,90736.6796875,1129852928
2025-12-08 21:00:00+00:00,90812.7890625,91379.140625,90734.3125,91379.140625,0
2025-12-08 22:00:00+00:00,91336.2890625,91336.2890625,90776.5390625,90793.1796875,0
2025-12-08 23:00:00+00:00,90832.390625,90993.421875,90523.0625,90639.703125,0
2025-12-09 00:00:00+00:00,90644.140625,90820.96875,90380.578125,90410.28125,0
2025-12-09 01:00:00+00:00,90412.0625,90552.28125,90017.4296875,90081.6171875,0
2025-12-09 02:00:00+00:00,90084.9296875,90367.6328125,90056.03125,90106.9296875,0
2025-12-09 03:00:00+00:00,90072.609375,90438.3515625,89830.9375,90435.75,1202860032
2025-12-09 04:00:00+00:00,90412.375,90500.078125,89781.4765625,89945.96875,654217216
2025-12-09 05:00:00+00:00,89930.3828125,90194.296875,89586.9765625,89924.875,630419456
2025-12-09 06:00:00+00:00,89920.8125,90202.3984375,89808.2890625,90169.5390625,0
2025-12-09 07:00:00+00:00,90185.8359375,90524.1484375,90111.4609375,90480.9765625,54607872
2025-12-09 08:00:00+00:00,90477.609375,90595.03125,90453.0546875,90487.265625,102821888
2025-12-09 09:00:00+00:00,90493.1484375,90499.0078125,90156.625,90156.625,0
2025-12-09 10:00:00+00:00,90155.0859375,90314.78125,90014.7890625,90231.4296875,0
2025-12-09 11:00:00+00:00,90275.46875,90375.5078125,90164.6171875,90375.5078125,209571840
2025-12-09 12:00:00+00:00,90375.3125,90670.171875,90363.2265625,90610.328125,0
2025-12-09 13:00:00+00:00,90599.359375,90826.0625,90229.25,90415.15625,0
2025-12-09 14:00:00+00:00,90418.75,90570.9140625,90051.0625,90243.671875,0
2025-12-09 15:00:00+00:00,90361.7265625,92812.984375,90361.7265625,92724.46875,914980864
2025-12-09 16:00:00+00:00,92656.3828125,94461.84375,92656.3828125,94288.1015625,6740717568
2025-12-09 17:00:00+00:00,94189.546875,94601.5703125,93573.5625,93842.578125,2488238080
2025-12-09 18:00:00+00:00,93874.6796875,94170.453125,93688.421875,93986.015625,386461696
2025-12-09 19:00:00+00:00,93936.5625,94140.6640625,93709.2578125,93815.1640625,132485120
2025-12-09 20:00:00+00:00,93741.5078125,93808.9765625,92819.7109375,93102.7734375,546512896
2025-12-09 21:00:00+00:00,93090.6171875,93220.8359375,92316.5546875,92697.71875,362266624
2025-12-09 22:00:00+00:00,92681.03125,92994.84375,92544.1328125,92921.28125,955392000
2025-12-09 23:00:00+00:00,92903.53125,92969.734375,92584.84375,92695.234375,241999872
2025-12-10 00:00:00+00:00,92705.875,92770.34375,92143.8359375,92166.734375,687542272
2025-12-10 01:00:00+00:00,92166.5234375,92406.5703125,92027.890625,92359.421875,299515904
2025-12-10 02:00:00+00:00,92333.53125,92551.25,92070.703125,92380.78125,32329728
2025-12-10 03:00:00+00:00,92540.0859375,92540.0859375,92357.125,92418.5390625,0
2025-12-10 04:00:00+00:00,92415.859375,92664.28125,92415.40625,92574.15625,1309835264
2025-12-10 05:00:00+00:00,92567.3125,92711.7109375,92564.09375,92608.1328125,0
2025-12-10 06:00:00+00:00,92600.359375,92729.78125,92462.4765625,92708.0390625,0
2025-12-10 07:00:00+00:00,92667.65625,92733.6328125,92509.2734375,92733.6328125,0
2025-12-10 08:00:00+00:00,92778.1796875,92778.1796875,92581.609375,92650.9453125,28663808
2025-12-10 09:00:00+00:00,92638.3046875,92936.8515625,92485.6484375,92936.8515625,0
2025-12-10 10:00:00+00:00,92944.96875,93181.6015625,92188.515625,92388.03125,1535393792
2025-12-10 11:00:00+00:00,92292.828125,92430.4765625,91839.6171875,92112.546875,1394872320
2025-12-10 12:00:00+00:00,92130.1328125,92190.0234375,91857.0546875,92033.6015625,0
2025-12-10 13:00:00+00:00,92007.25,92208.6171875,91971.1953125,92082.21875,0
2025-12-10 14:00:00+00:00,92096.4609375,92096.4609375,91711.921875,91787.484375,0
2025-12-10 15:00:00+00:00,91810.25,92124.8671875,91676.8984375,92012.4921875,0
2025-12-10 16:00:00+00:00,92072.859375,92579.34375,91956.8125,92173.6953125,0
2025-12-10 17:00:00+00:00,92176.6328125,92479.90625,92140.125,92395.203125,0
2025-12-10 18:00:00+00:00,92400.4375,93013.9453125,92055.921875,92372.96875,0
2025-12-10 19:00:00+00:00,92501.7890625,93128.8515625,92054.2578125,92979.0546875,5123604480
2025-12-10 20:00:00+00:00,92946.1171875,94447.9921875,92449.1953125,92528.1640625,1298399232
2025-12-10 21:00:00+00:00,92490.6015625,92787.4140625,91923.453125,92509.34375,3418726400
2025-12-10 22:00:00+00:00,92372.5,92683.015625,92008.3359375,92578.71875,0
2025-12-10 23:00:00+00:00,92530.5703125,92568.5625,91979.4296875,92055.515625,0
2025-12-11 00:00:00+00:00,92034.4453125,92083.9765625,91148.2890625,91422.4609375,0
2025-12-11 01:00:00+00:00,91415.5546875,91415.5546875,90721.15625,90739.1015625,890335232
2025-12-11 02:00:00+00:00,90709.59375,90709.59375,89915.875,90046.1171875,1868226560
2025-12-11 03:00:00+00:00,90079.1328125,90079.1328125,89494.6875,89905.5078125,1742594048
2025-12-11 04:00:00+00:00,89807.2109375,90489.390625,89768.9375,90489.390625,721903616
2025-12-11 05:00:00+00:00,90466.5078125,90466.5078125,90111.328125,90317.8984375,522092544
2025-12-11 06:00:00+00:00,90327.21875,90433.125,90067.828125,90317.0703125,202948608
2025-12-11 07:00:00+00:00,90331.5859375,90335.8515625,90135.3828125,90258.65625,0
2025-12-11 08:00:00+00:00,90257.734375,90268.8125,90008.578125,90186.234375,0
2025-12-11 09:00:00+00:00,90202.7421875,90488.09375,90202.7421875,90224.1015625,183967744
2025-12-11 10:00:00+00:00,90243.7578125,90354.4375,90206.875,90353.875,0
2025-12-11 11:00:00+00:00,90346.34375,90413.6328125,90237.296875,90276.5078125,0
2025-12-11 12:00:00+00:00,90277.78125,90386.4609375,90130.203125,90130.203125,0
2025-12-11 13:00:00+00:00,90053.328125,90145.8984375,89924.1640625,90096.8203125,27492352
2025-12-11 14:00:00+00:00,90097.578125,90426.84375,89341.171875,89595.6015625,0
2025-12-11 15:00:00+00:00,89458.125,90585.953125,89458.125,89825.3515625,2575290368
2025-12-11 16:00:00+00:00,89912.9921875,90105.46875,89395.0,89662.6328125,0
2025-12-11 17:00:00+00:00,89718.21875,90261.140625,89697.546875,89994.71875,0
2025-12-11 18:00:00+00:00,89980.2890625,91163.2734375,89954.9140625,90654.0859375,0
2025-12-11 19:00:00+00:00,90768.984375,91511.421875,90632.4765625,90834.9921875,0
2025-12-11 20:00:00+00:00,90874.296875,91813.8203125,90874.296875,91813.8203125,0
2025-12-11 21:00:00+00:00,91794.125,93512.1796875,91762.796875,92885.890625,2230702080
2025-12-11 22:00:00+00:00,92900.546875,93069.6328125,92206.734375,92450.28125,0
2025-12-11 23:00:00+00:00,92418.9765625,92795.046875,92418.9765625,92513.6640625,1818030080
2025-12-12 00:00:00+00:00,92522.484375,92647.03125,91893.4921875,91893.4921875,0
2025-12-12 01:00:00+00:00,91506.9921875,92266.8203125,91506.9921875,92131.1484375,207601664
2025-12-12 02:00:00+00:00,92166.7421875,92726.8359375,91996.1328125,92582.3359375,0
2025-12-12 03:00:00+00:00,92599.2421875,92720.140625,92233.046875,92317.5390625,0
2025-12-12 04:00:00+00:00,92323.609375,92414.546875,92174.0859375,92391.1796875,0
2025-12-12 05:00:00+00:00,92392.640625,92502.4765625,92108.0234375,92455.7890625,0
2025-12-12 06:00:00+00:00,92455.3984375,92720.09375,92439.203125,92528.6484375,783388672
2025-12-12 07:00:00+00:00,92532.3984375,92556.4921875,92297.6328125,92448.7109375,2303827968
2025-12-12 08:00:00+00:00,92460.8125,92460.8125,92194.46875,92301.8671875,1168453632
2025-12-12 09:00:00+00:00,92348.65625,92537.0703125,92140.4375,92537.0703125,1281175552
2025-12-12 10:00:00+00:00,92584.921875,92623.703125,92434.1015625,92543.1796875,1446789120
2025-12-12 11:00:00+00:00,92525.0,92525.0,92332.0,92395.375,1522884608
2025-12-12 12:00:00+00:00,92415.5703125,92415.5703125,92110.3671875,92402.03125,0
2025-12-12 13:00:00+00:00,92435.4921875,92507.53125,92294.7265625,92323.40625,2539741184
2025-12-12 14:00:00+00:00,92310.171875,92589.546875,92012.8671875,92588.9921875,919822336
2025-12-12 15:00:00+00:00,92314.484375,92344.53125,89817.984375,89817.984375,3051659264
2025-12-12 16:00:00+00:00,89972.2265625,90408.1171875,89546.15625,89982.59375,4424622080
2025-12-12 17:00:00+00:00,90123.296875,90632.9453125,89924.5234375,90056.2265625,1558151168
2025-12-12 18:00:00+00:00,90084.46875,90672.5546875,90084.46875,90354.390625,2403155968
2025-12-12 19:00:00+00:00,90378.890625,90378.890625,90068.8515625,90169.8515625,1225531392
2025-12-12 20:00:00+00:00,90218.3828125,90322.6640625,89926.5234375,90212.9296875,467247104
2025-12-12 21:00:00+00:00,90227.9921875,90337.609375,90162.671875,90238.5859375,0
2025-12-12 22:00:00+00:00,90205.0703125,90379.5078125,90205.0703125,90334.3203125,0
2025-12-12 23:00:00+00:00,90340.234375,90410.109375,90257.796875,90257.796875,0
2025-12-13 00:00:00+00:00,90279.3203125,90417.578125,90242.75,90349.96875,607256576
2025-12-13 01:00:00+00:00,90329.203125,90370.7421875,90128.15625,90206.3203125,108183552
2025-12-13 02:00:00+00:00,90247.8359375,90317.4140625,90241.2734375,90241.2734375,440655872
2025-12-13 03:00:00+00:00,90245.609375,90433.8671875,90225.1328125,90344.0859375,387940352
2025-12-13 04:00:00+00:00,90359.953125,90416.1171875,90312.453125,90397.828125,778256384
2025-12-13 05:00:00+00:00,90394.21875,90394.5703125,90290.546875,90351.421875,655106048
2025-12-13 06:00:00+00:00,90354.671875,90376.5078125,90293.5,90368.75,0
2025-12-13 07:00:00+00:00,90358.640625,90409.7421875,90346.265625,90354.0,0
2025-12-13 08:00:00+00:00,90351.9921875,90550.359375,90335.203125,90441.3203125,0
2025-12-13 09:00:00+00:00,90462.6796875,90515.359375,90413.4375,90413.4375,0
2025-12-13 10:00:00+00:00,90419.4453125,90644.8359375,90419.4453125,90581.6640625,0
2025-12-13 11:00:00+00:00,90588.3203125,90621.734375,90335.796875,90355.0390625,270860288
2025-12-13 12:00:00+00:00,90361.4375,90488.75,90314.859375,90368.203125,0
2025-12-13 13:00:00+00:00,90430.8828125,90457.421875,90240.4609375,90272.125,0
2025-12-13 14:00:00+00:00,90310.5234375,90310.5234375,89988.046875,90121.3125,0
2025-12-13 15:00:00+00:00,90154.296875,90301.8515625,90066.53125,90119.0390625,0
2025-12-13 16:00:00+00:00,90119.0390625,90260.7734375,90072.421875,90115.046875,0
2025-12-13 17:00:00+00:00,90115.609375,90115.609375,90017.15625,90065.71875,0
2025-12-13 18:00:00+00:00,90074.71875,90192.3125,90074.71875,90131.875,0
2025-12-13 19:00:00+00:00,90146.390625,90246.9921875,90126.2109375,90215.390625,0
2025-12-13 20:00:00+00:00,90223.625,90235.8984375,90107.0859375,90107.0859375,0
2025-12-13 21:00:00+00:00,90112.8203125,90195.25,89828.6484375,90181.5546875,0
2025-12-13 22:00:00+00:00,90186.9375,90237.296875,90077.3046875,90113.3125,0
2025-12-13 23:00:00+00:00,90108.4921875,90297.0078125,90108.4921875,90296.4375,0
2025-12-14 00:00:00+00:00,90264.171875,90490.1953125,90168.09375,90375.453125,561475584
2025-12-14 01:00:00+00:00,90386.1328125,90461.3125,90225.3125,90290.640625,0
2025-12-14 02:00:00+00:00,90316.578125,90405.875,90280.171875,90323.59375,103026688
2025-12-14 03:00:00+00:00,90320.8515625,90324.6796875,90272.6171875,90272.6171875,0
2025-12-14 04:00:00+00:00,90274.3125,90342.4140625,90178.4765625,90207.453125,0
2025-12-14 05:00:00+00:00,90183.8828125,90234.3671875,90101.96875,90218.28125,384671744
2025-12-14 06:00:00+00:00,90217.828125,90244.5625,90113.078125,90173.15625,480243712
2025-12-14 07:00:00+00:00,90181.9765625,90288.546875,90120.09375,90260.6328125,0
2025-12-14 08:00:00+00:00,90260.5,90287.25,90149.34375,90149.5078125,0
2025-12-14 09:00:00+00:00,90139.5625,90165.7734375,90022.8203125,90039.96875,6338183168
2025-12-14 10:00:00+00:00,90038.5859375,90116.9765625,89863.0078125,89864.765625,0
2025-12-14 11:00:00+00:00,89845.625,89845.625,88899.2578125,89386.75,0
2025-12-14 12:00:00+00:00,89415.796875,89654.21875,89164.328125,89447.1640625,0
2025-12-14 13:00:00+00:00,89432.921875,89432.921875,89214.140625,89401.4375,0
2025-12-14 14:00:00+00:00,89490.6484375,89551.3359375,88951.3515625,89109.390625,0
2025-12-14 15:00:00+00:00,89118.7265625,89154.0078125,88947.625,89052.140625,0
2025-12-14 16:00:00+00:00,89044.1875,89338.21875,88704.8515625,88704.8515625,0
2025-12-14 17:00:00+00:00,88847.890625,89028.6484375,88677.109375,88855.9921875,0
2025-12-14 18:00:00+00:00,88835.140625,89060.125,88766.9765625,89028.4609375,0
2025-12-14 19:00:00+00:00,89021.8203125,89021.8203125,88547.8125,88605.0546875,0
2025-12-14 20:00:00+00:00,88660.578125,88809.21875,88433.390625,88593.5078125,0
2025-12-14 21:00:00+00:00,88584.515625,88711.9140625,88464.671875,88473.1015625,0
2025-12-14 22:00:00+00:00,88469.046875,88581.640625,88088.28125,88380.984375,0
2025-12-14 23:00:00+00:00,88514.953125,88514.953125,87638.3203125,88171.078125,0
2025-12-15 00:00:00+00:00,88167.90625,88632.359375,88130.1640625,88491.96875,0
2025-12-15 01:00:00+00:00,88528.703125,89334.4921875,88452.6328125,89222.875,0
2025-12-15 02:00:00+00:00,89263.765625,89983.921875,89263.765625,89333.046875,0
2025-12-15 03:00:00+00:00,89325.1953125,89529.25,89255.6484375,89300.5546875,0
2025-12-15 04:00:00+00:00,89286.5859375,89757.4140625,89286.5859375,89705.4609375,0
2025-12-15 05:00:00+00:00,89665.2890625,89743.8125,89503.6640625,89609.96875,0
2025-12-15 06:00:00+00:00,89618.0390625,89899.2421875,89497.828125,89762.5234375,0
2025-12-15 07:00:00+00:00,89761.3828125,89828.03125,89544.40625,89765.875,0
2025-12-15 08:00:00+00:00,89752.6796875,89908.265625,89675.40625,89798.7578125,0
2025-12-15 09:00:00+00:00,89803.671875,89950.6796875,89803.671875,89866.8125,0
2025-12-15 10:00:00+00:00,89882.359375,89975.203125,89749.6171875,89862.7734375,384565248
2025-12-15 11:00:00+00:00,89865.4375,89886.6015625,89589.8671875,89653.140625,0
2025-12-15 12:00:00+00:00,89651.890625,89753.9296875,89439.8359375,89707.7578125,0
2025-12-15 13:00:00+00:00,89706.375,89722.1875,89297.6328125,89452.8984375,381523968
2025-12-15 14:00:00+00:00,89445.328125,89834.75,87956.8828125,88136.921875,975976448
2025-12-15 15:00:00+00:00,88091.3828125,88091.3828125,86681.4453125,86956.4140625,5710870528
2025-12-15 16:00:00+00:00,86872.3515625,87156.4296875,86217.7578125,86324.3125,2532503552
2025-12-15 17:00:00+00:00,86409.109375,86449.9140625,85630.5234375,85712.1484375,1740865536
2025-12-15 18:00:00+00:00,85738.8671875,86239.7265625,85337.203125,86227.8515625,1902190592
2025-12-15 19:00:00+00:00,86197.875,86490.5546875,85924.8984375,86203.125,2213670912
2025-12-15 20:00:00+00:00,86132.421875,86152.84375,85645.6953125,85892.359375,594681856
2025-12-15 21:00:00+00:00,85818.1640625,86236.46875,85570.0859375,86236.46875,0
2025-12-15 22:00:00+00:00,86205.6171875,86211.7421875,85859.3515625,86163.25,1293418496
2025-12-15 23:00:00+00:00,86238.8125,86444.1484375,86155.390625,86422.1875,0
2025-12-16 00:00:00+00:00,86424.4375,86496.2890625,85874.703125,85874.703125,0
2025-12-16 01:00:00+00:00,85773.46875,86139.359375,85696.125,85904.03125,0
2025-12-16 02:00:00+00:00,85913.15625,86190.765625,85834.234375,85878.828125,0
2025-12-16 03:00:00+00:00,85923.265625,86002.703125,85568.0546875,85837.78125,1979572224
2025-12-16 04:00:00+00:00,85837.78125,85862.765625,85381.6875,85800.59375,456720384
2025-12-16 05:00:00+00:00,85804.640625,86160.6484375,85804.640625,85996.9921875,213884928
2025-12-16 06:00:00+00:00,86008.203125,86556.953125,86008.203125,86542.5625,363614208
2025-12-16 07:00:00+00:00,86496.9921875,86563.328125,85891.96875,86039.8125,855908352
2025-12-16 08:00:00+00:00,86007.2109375,86310.078125,85967.171875,86234.78125,438214656
2025-12-16 09:00:00+00:00,86266.1953125,86382.390625,86209.6484375,86323.8828125,180744192
2025-12-16 10:00:00+00:00,86331.8203125,87288.140625,86304.5546875,87051.265625,661389312
2025-12-16 11:00:00+00:00,86893.1171875,87291.6484375,86852.6484375,87278.96875,304504832
2025-12-16 12:00:00+00:00,87245.671875,87409.9765625,87079.46875,87210.5625,0
2025-12-16 13:00:00+00:00,87220.4609375,87527.84375,86548.96875,86548.96875,3285856256
2025-12-16 14:00:00+00:00,86507.453125,87517.765625,86272.8125,87215.671875,0
2025-12-16 15:00:00+00:00,87255.0625,88108.234375,86993.84375,87875.8828125,0
2025-12-16 16:00:00+00:00,87950.71875,87992.578125,87421.5703125,87626.015625,0
2025-12-16 17:00:00+00:00,87605.359375,87801.640625,87142.9453125,87142.9453125,0
2025-12-16 18:00:00+00:00,87111.7890625,87975.828125,87064.734375,87730.515625,0
2025-12-16 19:00:00+00:00,87746.9921875,87754.5625,87284.5625,87613.0234375,0
2025-12-16 20:00:00+00:00,87581.15625,87778.1484375,87354.046875,87656.7421875,0
2025-12-16 21:00:00+00:00,87615.640625,87915.609375,87498.7890625,87763.109375,0
2025-12-16 22:00:00+00:00,87765.171875,87883.3203125,87636.0234375,87757.2109375,0
2025-12-16 23:00:00+00:00,87772.9453125,87850.40625,87603.15625,87847.6171875,0
2025-12-17 00:00:00+00:00,87842.8671875,87842.8671875,87415.8671875,87526.046875,628613120
2025-12-17 01:00:00+00:00,87536.7890625,87888.8359375,87484.6640625,87517.6875,0
2025-12-17 02:00:00+00:00,87532.8984375,87560.7109375,87200.109375,87457.0234375,0
2025-12-17 03:00:00+00:00,87463.953125,87580.9765625,87177.265625,87185.2109375,0
2025-12-17 04:00:00+00:00,87210.3828125,87357.15625,86746.40625,86777.421875,0
2025-12-17 05:00:00+00:00,86762.515625,86762.515625,86229.78125,86602.9140625,468123648
2025-12-17 06:00:00+00:00,86605.6484375,86935.7421875,86583.359375,86741.2734375,0
2025-12-17 07:00:00+00:00,86743.6484375,87071.4921875,86592.4453125,87032.375,0
2025-12-17 08:00:00+00:00,87024.109375,87024.109375,86313.46875,86348.0546875,0
2025-12-17 09:00:00+00:00,86365.984375,86560.203125,86237.71875,86408.046875,159756288
2025-12-17 10:00:00+00:00,86406.921875,86784.59375,86290.140625,86582.0234375,0
2025-12-17 11:00:00+00:00,86600.9921875,87080.6953125,86566.7421875,86952.9765625,0
2025-12-17 12:00:00+00:00,86953.8359375,87165.5078125,86835.2734375,86994.59375,0
2025-12-17 13:00:00+00:00,86998.2265625,87676.1015625,86826.59375,87636.28125,0
2025-12-17 14:00:00+00:00,87618.9453125,89451.8046875,87194.9609375,89451.8046875,0
2025-12-17 15:00:00+00:00,89524.5,90234.7734375,87302.0546875,87302.0546875,4645810176
2025-12-17 16:00:00+00:00,87222.421875,87693.265625,86163.265625,86909.4375,1868443648
2025-12-17 17:00:00+00:00,86913.578125,87042.3046875,86311.8984375,86422.5234375,448954368
2025-12-17 18:00:00+00:00,86394.6875,86785.1171875,85735.890625,85754.4453125,162873344
2025-12-17 19:00:00+00:00,85793.1640625,86112.2109375,85344.1796875,85976.78125,1341763584
2025-12-17 20:00:00+00:00,85986.8203125,86168.734375,85635.21875,85852.1484375,487251968
2025-12-17 21:00:00+00:00,85836.9140625,86004.515625,85713.6015625,85950.6640625,0
2025-12-17 22:00:00+00:00,85945.2109375,86350.875,85907.859375,86298.7265625,432304128
2025-12-17 23:00:00+00:00,86305.0078125,86305.0078125,85930.3203125,86144.3671875,345477120
2025-12-18 00:00:00+00:00,86196.7890625,86272.6484375,86039.640625,86203.75,0
2025-12-18 01:00:00+00:00,86202.46875,86202.46875,85848.5,86097.6953125,74092544
2025-12-18 02:00:00+00:00,86095.859375,86736.5390625,86037.40625,86641.4375,449380352
2025-12-18 03:00:00+00:00,86550.265625,86636.34375,86254.765625,86554.53125,716374016
2025-12-18 04:00:00+00:00,86583.875,86857.8359375,86583.875,86733.515625,47095808
2025-12-18 05:00:00+00:00,86727.9765625,86727.9765625,86360.46875,86394.859375,0
2025-12-18 06:00:00+00:00,86397.921875,86592.9375,86392.3515625,86592.9375,0
2025-12-18 07:00:00+00:00,86636.453125,86823.0234375,86590.421875,86772.3515625,0
2025-12-18 08:00:00+00:00,86796.6328125,87036.234375,86674.5703125,86946.1015625,632524800
2025-12-18 09:00:00+00:00,86942.5546875,87327.046875,86775.515625,87257.828125,465829888
2025-12-18 10:00:00+00:00,87242.3359375,87389.9140625,87218.3125,87255.8359375,0
2025-12-18 11:00:00+00:00,87281.8828125,87291.1953125,87071.96875,87220.5234375,0
2025-12-18 12:00:00+00:00,87271.328125,87355.9375,87103.390625,87181.09375,0
2025-12-18 13:00:00+00:00,87313.1640625,89106.109375,87313.1640625,88797.2890625,2830639104
2025-12-18 14:00:00+00:00,88935.765625,89283.6640625,87784.625,88299.4140625,1610309632
2025-12-18 15:00:00+00:00,88369.046875,89279.9609375,88033.359375,88502.203125,0
2025-12-18 16:00:00+00:00,88447.6328125,88466.8203125,87900.78125,87928.2421875,0
2025-12-18 17:00:00+00:00,87900.3125,87900.3125,85479.0234375,86302.8359375,2901164032
2025-12-18 18:00:00+00:00,86420.046875,86738.25,85824.640625,85972.5546875,399704064
2025-12-18 19:00:00+00:00,85890.25,85890.25,84485.53125,84542.4453125,2145484800
2025-12-18 20:00:00+00:00,84460.9765625,85154.109375,84460.9765625,84765.296875,2918789120
2025-12-18 21:00:00+00:00,85134.09375,85666.7109375,84994.25,85600.0703125,1111547904
2025-12-18 22:00:00+00:00,85583.328125,85649.9140625,85285.1640625,85570.890625,535089152
2025-12-18 23:00:00+00:00,85544.578125,85561.8046875,85293.8125,85476.1328125,8474624
2025-12-19 00:00:00+00:00,85463.296875,85539.0703125,85258.5078125,85539.0703125,0
2025-12-19 01:00:00+00:00,85552.5078125,85552.5078125,85134.0625,85317.0859375,114257920
2025-12-19 02:00:00+00:00,85289.609375,85847.609375,85114.8828125,85660.546875,119107584
2025-12-19 03:00:00+00:00,85578.90625,87489.6171875,85578.90625,86761.8046875,1879740416
2025-12-19 04:00:00+00:00,86789.3828125,87288.6328125,86789.3828125,87043.8984375,1428692992
2025-12-19 05:00:00+00:00,87032.0390625,87156.9296875,86660.9296875,87048.6875,663064576
2025-12-19 06:00:00+00:00,87054.8515625,87318.6328125,86885.859375,87290.609375,632479744
2025-12-19 07:00:00+00:00,87398.1171875,88295.3046875,87398.1171875,87899.90625,1315643392
2025-12-19 08:00:00+00:00,87893.8828125,88127.4375,87702.75,88097.6484375,279502848
2025-12-19 09:00:00+00:00,88051.5078125,88051.5078125,87868.6484375,88015.984375,0
2025-12-19 10:00:00+00:00,88051.140625,88237.09375,87892.640625,88237.09375,0
2025-12-19 11:00:00+00:00,88230.515625,88314.3125,88121.4453125,88158.4375,663236608
2025-12-19 12:00:00+00:00,88147.6484375,88188.4375,87859.78125,87907.0078125,309714944
2025-12-19 13:00:00+00:00,87828.5390625,88093.6328125,87802.6484375,87945.6484375,0
2025-12-19 14:00:00+00:00,87945.9609375,88439.8046875,87567.078125,88094.3203125,0
2025-12-19 15:00:00+00:00,88135.0703125,89313.359375,87744.703125,87873.5234375,0
2025-12-19 16:00:00+00:00,87939.203125,88755.9453125,87924.78125,87944.4453125,1538793472
2025-12-19 17:00:00+00:00,87926.3359375,88233.96875,86890.7578125,87302.953125,0
2025-12-19 18:00:00+00:00,86918.34375,87351.375,86858.1796875,87163.515625,0
2025-12-19 19:00:00+00:00,87099.3203125,87969.96875,87097.421875,87817.0390625,0
2025-12-19 20:00:00+00:00,87790.046875,88288.6328125,87593.0546875,87909.09375,0
2025-12-19 21:00:00+00:00,87938.2265625,87987.03125,87760.1875,87760.1875,263950336
2025-12-19 22:00:00+00:00,87779.5390625,88339.921875,87779.5390625,88244.1328125,0
2025-12-19 23:00:00+00:00,88268.0625,88294.1484375,88099.9921875,88101.671875,13664256
2025-12-20 00:00:00+00:00,88098.40625,88132.34375,87924.875,87981.296875,0
2025-12-20 01:00:00+00:00,87979.59375,88122.5703125,87979.59375,88025.375,0
2025-12-20 02:00:00+00:00,88032.8828125,88244.171875,87976.21875,88161.390625,0
2025-12-20 03:00:00+00:00,88169.7109375,88306.1640625,88147.390625,88192.0078125,0
2025-12-20 04:00:00+00:00,88181.5234375,88276.953125,88097.0546875,88224.125,0
2025-12-20 05:00:00+00:00,88260.75,88450.6796875,88255.7265625,88262.6953125,0
2025-12-20 06:00:00+00:00,88261.625,88399.0078125,88244.5625,88256.359375,0
2025-12-20 07:00:00+00:00,88261.9375,88284.859375,88156.25,88217.40625,0
2025-12-20 08:00:00+00:00,88218.359375,88377.5390625,88218.359375,88248.25,0
2025-12-20 09:00:00+00:00,88205.984375,88295.6953125,88196.6171875,88203.1640625,0
2025-12-20 10:00:00+00:00,88185.4375,88219.9453125,88093.015625,88121.890625,0
2025-12-20 11:00:00+00:00,88120.4375,88256.0234375,88082.484375,88254.078125,0
2025-12-20 12:00:00+00:00,88239.15625,88279.078125,88154.7421875,88208.6328125,0
2025-12-20 13:00:00+00:00,88213.484375,88273.5,87953.9375,88203.9609375,0
2025-12-20 14:00:00+00:00,88225.6015625,88225.6015625,87993.6484375,88215.15625,0
2025-12-20 15:00:00+00:00,88213.8515625,88213.8984375,88014.59375,88148.1640625,0
2025-12-20 16:00:00+00:00,88163.40625,88170.1796875,88094.8359375,88114.2265625,0
2025-12-20 17:00:00+00:00,88144.15625,88206.9921875,88086.0546875,88139.3515625,0
2025-12-20 18:00:00+00:00,88146.2734375,88337.6015625,88117.734375,88304.6328125,0
2025-12-20 19:00:00+00:00,88273.953125,88273.953125,88179.015625,88190.2109375,0
2025-12-20 20:00:00+00:00,88185.4453125,88256.7578125,88178.390625,88245.984375,0
2025-12-20 21:00:00+00:00,88243.046875,88362.8515625,88170.328125,88170.328125,0
2025-12-20 22:00:00+00:00,88207.6015625,88294.9453125,88118.7734375,88294.9453125,0
2025-12-20 23:00:00+00:00,88268.703125,88373.46875,88231.6875,88344.703125,36218880
2025-12-21 00:00:00+00:00,88339.9609375,88387.328125,88277.8828125,88320.03125,217068544
2025-12-21 01:00:00+00:00,88367.140625,88367.140625,88027.7578125,88027.7578125,35826688
2025-12-21 02:00:00+00:00,88000.640625,88044.4765625,87870.3671875,87921.0546875,289453056
2025-12-21 03:00:00+00:00,87924.1640625,88112.328125,87924.1640625,88044.75,66693120
2025-12-21 04:00:00+00:00,88038.3828125,88105.0625,88031.09375,88040.6796875,0
2025-12-21 05:00:00+00:00,88041.28125,88120.34375,88036.390625,88111.515625,0
2025-12-21 06:00:00+00:00,88110.390625,88177.2578125,88063.3359375,88067.3359375,0
2025-12-21 07:00:00+00:00,88063.84375,88109.765625,88040.625,88104.828125,0
2025-12-21 08:00:00+00:00,88129.6328125,88576.7265625,88128.2421875,88532.265625,434766848
2025-12-21 09:00:00+00:00,88592.8203125,89011.0859375,88504.4296875,88842.46875,868160512
2025-12-21 10:00:00+00:00,88917.625,88919.984375,88565.765625,88617.765625,287939584
2025-12-21 11:00:00+00:00,88622.9296875,88708.84375,88562.9921875,88585.8359375,63645696
2025-12-21 12:00:00+00:00,88591.1484375,88878.453125,88514.1171875,88556.2734375,424061952
2025-12-21 13:00:00+00:00,88601.6328125,88637.9375,87624.03125,87643.1015625,1027958784
2025-12-21 14:00:00+00:00,87666.40625,88106.1484375,87666.40625,88018.5234375,440483840
2025-12-21 15:00:00+00:00,88027.7578125,88219.46875,87802.8046875,88039.1875,156100608
2025-12-21 16:00:00+00:00,88042.78125,88306.3125,87982.703125,88303.6875,442085376
2025-12-21 17:00:00+00:00,88331.9296875,88447.09375,88269.25,88296.5234375,331239424
2025-12-21 18:00:00+00:00,88293.28125,88410.96875,87957.515625,88410.96875,172236800
2025-12-21 19:00:00+00:00,88474.0859375,88530.125,88241.5,88482.203125,295604224
2025-12-21 20:00:00+00:00,88462.3515625,88485.9609375,88216.046875,88216.046875,116543488
2025-12-21 21:00:00+00:00,88216.9140625,88342.7890625,88108.7890625,88137.4296875,0
2025-12-21 22:00:00+00:00,88112.2578125,88445.3046875,88112.2578125,88445.3046875,142993408
2025-12-21 23:00:00+00:00,88445.3046875,88711.84375,88360.8828125,88621.3984375,468498432
2025-12-22 00:00:00+00:00,88621.6640625,89577.7109375,88621.6640625,88837.7578125,1135831040
2025-12-22 01:00:00+00:00,88639.453125,89220.96875,88564.359375,88641.953125,1398138880
2025-12-22 02:00:00+00:00,88641.8125,88641.8125,88013.03125,88443.0078125,818884608
2025-12-22 03:00:00+00:00,88433.671875,88775.640625,88321.3828125,88758.171875,379111424
2025-12-22 04:00:00+00:00,88783.2734375,88986.2109375,88702.5859375,88907.1171875,322160640
2025-12-22 05:00:00+00:00,88881.8828125,88959.125,88760.9765625,88811.2890625,567367680
2025-12-22 06:00:00+00:00,88798.5859375,88945.03125,88711.453125,88924.828125,356710400
2025-12-22 07:00:00+00:00,88887.2109375,89144.6328125,88887.2109375,89093.9765625,736342016
2025-12-22 08:00:00+00:00,89118.734375,89817.203125,89088.1640625,89290.5078125,1117186048
2025-12-22 09:00:00+00:00,89280.4375,89744.5546875,89280.1171875,89726.6015625,0
2025-12-22 10:00:00+00:00,89792.2265625,89801.625,89601.796875,89763.6015625,143038464
2025-12-22 11:00:00+00:00,89745.140625,89989.4453125,89633.796875,89919.90625,1293662208
2025-12-22 12:00:00+00:00,89915.8828125,90372.2109375,89915.8828125,90233.796875,1350805504
2025-12-22 13:00:00+00:00,90186.359375,90285.5078125,89725.3359375,89875.0234375,0
2025-12-22 14:00:00+00:00,89889.5625,90151.4140625,89520.0703125,90079.375,1464584192
2025-12-22 15:00:00+00:00,90096.3203125,90299.828125,89219.296875,89738.3046875,2053013504
2025-12-22 16:00:00+00:00,89715.3671875,90056.9765625,89527.6484375,89565.0234375,1159237632
2025-12-22 17:00:00+00:00,89499.6484375,89499.6484375,89119.90625,89264.734375,777867264
2025-12-22 18:00:00+00:00,89298.34375,89459.7109375,89149.2421875,89149.2421875,379748352
2025-12-22 19:00:00+00:00,89111.0859375,89111.0859375,87975.2265625,88039.9375,1626800128
2025-12-22 20:00:00+00:00,88034.3359375,88403.3203125,87933.328125,88403.3203125,1313689600
2025-12-22 21:00:00+00:00,88321.2578125,88551.3671875,88213.3828125,88231.4765625,533372928
2025-12-22 22:00:00+00:00,88237.6484375,88732.3828125,88126.546875,88598.8359375,636502016
2025-12-22 23:00:00+00:00,88534.1171875,88621.3515625,88395.0703125,88490.03125,0
2025-12-23 00:00:00+00:00,88530.7265625,88857.3046875,88455.171875,88745.96875,0
2025-12-23 01:00:00+00:00,88729.734375,88810.0859375,88432.75,88483.4453125,0
2025-12-23 02:00:00+00:00,88471.015625,88695.546875,88124.5703125,88155.4609375,0
2025-12-23 03:00:00+00:00,88151.4921875,88280.78125,87883.34375,88181.9140625,482131968
2025-12-23 04:00:00+00:00,88131.7890625,88304.8671875,87902.828125,87902.828125,0
2025-12-23 05:00:00+00:00,87909.8125,87960.296875,87595.2734375,87739.828125,711389184
2025-12-23 06:00:00+00:00,87625.6015625,87710.90625,87061.8203125,87352.9609375,880627712
2025-12-23 07:00:00+00:00,87348.03125,87616.640625,87348.03125,87509.3359375,5864038400
2025-12-23 08:00:00+00:00,87506.2421875,87609.125,87390.453125,87392.890625,1763012608
2025-12-23 09:00:00+00:00,87407.1953125,87547.40625,87268.7265625,87485.78125,0
2025-12-23 10:00:00+00:00,87473.9375,87598.6484375,87469.125,87553.3515625,0
2025-12-23 11:00:00+00:00,87555.0859375,87819.015625,87525.765625,87819.015625,0
2025-12-23 12:00:00+00:00,87809.015625,87862.21875,87612.5,87774.171875,0
2025-12-23 13:00:00+00:00,87759.8515625,87814.265625,87434.71875,87605.765625,0
2025-12-23 14:00:00+00:00,87562.90625,87737.3203125,86656.34375,86656.34375,0
2025-12-23 15:00:00+00:00,86822.3828125,87438.9140625,86760.140625,87426.453125,0
2025-12-23 16:00:00+00:00,87417.984375,88077.9140625,87376.0859375,87986.765625,767049728
2025-12-23 17:00:00+00:00,87966.71875,88117.2109375,87372.65625,87378.0,6168576
2025-12-23 18:00:00+00:00,87151.1953125,88072.5703125,87151.1953125,87947.7109375,1074348032
2025-12-23 19:00:00+00:00,87933.8125,87986.5,87628.7421875,87697.2734375,0
2025-12-23 20:00:00+00:00,87709.71875,88271.2109375,87518.4140625,87651.453125,0
2025-12-23 21:00:00+00:00,87657.46875,87794.1953125,87512.0234375,87672.484375,174862336
2025-12-23 22:00:00+00:00,87669.0078125,87708.8828125,87293.6953125,87343.171875,322273280
2025-12-23 23:00:00+00:00,87358.0859375,87454.9140625,87174.4921875,87404.3203125,295649280
2025-12-24 00:00:00+00:00,87431.0859375,87593.640625,87239.0625,87584.7890625,0
2025-12-24 01:00:00+00:00,87603.9921875,87750.0546875,87463.390625,87600.0,74338304
2025-12-24 02:00:00+00:00,87595.78125,87595.78125,86912.3359375,87113.875,0
2025-12-24 03:00:00+00:00,87085.3671875,87337.1171875,86873.8515625,87287.046875,0
2025-12-24 04:00:00+00:00,87286.5234375,87401.4453125,87077.109375,87079.703125,0
2025-12-24 05:00:00+00:00,87079.421875,87199.2578125,86755.796875,86905.234375,0
2025-12-24 06:00:00+00:00,86901.734375,86986.0546875,86794.1796875,86941.0078125,0
2025-12-24 07:00:00+00:00,86952.203125,87104.390625,86921.6328125,86921.6328125,0
2025-12-24 08:00:00+00:00,86877.7890625,86998.0859375,86749.8125,86749.8125,0
2025-12-24 09:00:00+00:00,86733.1953125,86823.796875,86691.9375,86757.4375,0
2025-12-24 10:00:00+00:00,86753.1640625,87107.46875,86748.75,87036.765625,178896896
2025-12-24 11:00:00+00:00,87026.7734375,87280.8046875,87026.7734375,87156.0859375,0
2025-12-24 12:00:00+00:00,87158.4140625,87420.4609375,87098.6171875,87391.71875,0
2025-12-24 13:00:00+00:00,87383.5625,87389.453125,87025.7421875,87244.0390625,0
2025-12-24 14:00:00+00:00,87248.9296875,87377.28125,86411.796875,86882.3984375,0
2025-12-24 15:00:00+00:00,87071.8515625,87104.203125,86587.953125,86914.6015625,0
2025-12-24 16:00:00+00:00,86941.2890625,87572.890625,86904.109375,87168.1484375,0
2025-12-24 17:00:00+00:00,87247.875,87475.90625,87196.7578125,87216.53125,0
2025-12-24 18:00:00+00:00,87256.9921875,87435.09375,87203.0390625,87412.6171875,0
2025-12-24 19:00:00+00:00,87406.7890625,87507.859375,87307.3046875,87495.484375,0
2025-12-24 20:00:00+00:00,87507.8203125,87591.8984375,87489.7734375,87494.3671875,0
2025-12-24 21:00:00+00:00,87532.1640625,87711.4921875,87532.1640625,87607.796875,0
2025-12-24 22:00:00+00:00,87629.796875,87947.0546875,87629.796875,87941.3515625,0
2025-12-24 23:00:00+00:00,87936.734375,87936.734375,87551.7109375,87608.3203125,0
2025-12-25 00:00:00+00:00,87608.0546875,87664.0625,87488.328125,87490.3671875,64530432
2025-12-25 01:00:00+00:00,87498.1875,87685.4453125,87498.1875,87631.765625,0
2025-12-25 02:00:00+00:00,87636.96875,87870.1171875,87529.2109375,87843.265625,0
2025-12-25 03:00:00+00:00,87827.7734375,87848.265625,87728.640625,87792.0546875,0
2025-12-25 04:00:00+00:00,87788.71875,87789.609375,87699.0234375,87744.0078125,0
2025-12-25 05:00:00+00:00,87742.5234375,87742.5234375,87613.1875,87702.3671875,0
2025-12-25 06:00:00+00:00,87703.8515625,87773.6796875,87645.6796875,87773.6796875,0
2025-12-25 07:00:00+00:00,87774.5703125,87795.21875,87707.5078125,87786.6875,0
2025-12-25 08:00:00+00:00,87782.921875,87808.9375,87339.2734375,87508.9765625,242833408
2025-12-25 09:00:00+00:00,87525.859375,87525.859375,87392.3671875,87465.7109375,17125376
2025-12-25 10:00:00+00:00,87459.4375,87459.4375,87238.015625,87361.8828125,0
2025-12-25 11:00:00+00:00,87370.640625,87517.3046875,87370.640625,87458.4921875,0
2025-12-25 12:00:00+00:00,87455.9140625,87533.203125,87441.921875,87521.0859375,0
2025-12-25 13:00:00+00:00,87516.6328125,87607.109375,87373.84375,87601.421875,0
2025-12-25 14:00:00+00:00,87581.0234375,87685.4765625,87517.5,87672.6953125,0
2025-12-25 15:00:00+00:00,87667.3671875,88462.0703125,87667.3671875,88274.7890625,0
2025-12-25 16:00:00+00:00,88259.4140625,88389.234375,87948.015625,88053.796875,0
2025-12-25 17:00:00+00:00,88042.1328125,88126.40625,87963.8515625,88114.0546875,0
2025-12-25 18:00:00+00:00,88103.953125,88253.4921875,88103.953125,88185.5703125,0
2025-12-25 19:00:00+00:00,88182.546875,88186.1953125,88024.7734375,88094.2265625,0
2025-12-25 20:00:00+00:00,88096.2109375,88103.3125,87687.015625,87821.90625,218568704
2025-12-25 21:00:00+00:00,87838.140625,87921.65625,87775.4453125,87851.859375,27912192
2025-12-25 22:00:00+00:00,87845.4765625,87867.7421875,87351.3046875,87625.0625,177784832
2025-12-25 23:00:00+00:00,87541.421875,87690.484375,86971.5,87235.5078125,1127550976
2025-12-26 00:00:00+00:00,87214.5,87263.5625,86917.9765625,87041.6640625,273956864
2025-12-26 01:00:00+00:00,87063.359375,87411.6875,87063.359375,87385.875,955342848
2025-12-26 02:00:00+00:00,87379.9609375,89232.1484375,87379.9609375,89091.078125,4295059456
2025-12-26 03:00:00+00:00,89099.0078125,89158.734375,88639.0625,88742.3125,2309169152
2025-12-26 04:00:00+00:00,88688.6484375,89020.203125,88455.6328125,88891.71875,1110192128
2025-12-26 05:00:00+00:00,88893.8046875,88942.3828125,88769.390625,88942.3828125,186279936
2025-12-26 06:00:00+00:00,88924.1953125,89163.2578125,88924.1953125,89133.1015625,926695424
2025-12-26 07:00:00+00:00,89072.8828125,89439.1171875,88372.125,88372.125,2443640832
2025-12-26 08:00:00+00:00,88394.3984375,88741.3828125,88394.3984375,88666.6328125,710477824
2025-12-26 09:00:00+00:00,88677.171875,88828.0625,88615.0625,88769.6171875,309696512
2025-12-26 10:00:00+00:00,88750.15625,88807.9609375,88635.9375,88716.546875,22343680
2025-12-26 11:00:00+00:00,88707.4609375,88707.4609375,88498.59375,88512.640625,112492544
2025-12-26 12:00:00+00:00,88493.953125,88682.6484375,88493.953125,88626.3984375,339990528
2025-12-26 13:00:00+00:00,88618.734375,88983.1640625,88597.7109375,88983.1640625,166897664
2025-12-26 14:00:00+00:00,88873.515625,88975.640625,87360.75,87382.0,2166237184
2025-12-26 15:00:00+00:00,87368.0703125,87368.0703125,86645.6328125,86991.421875,4316983296
2025-12-26 16:00:00+00:00,87063.71875,87286.53125,86831.4453125,86831.4453125,913866752
2025-12-26 17:00:00+00:00,86785.90625,87359.15625,86785.90625,87238.2734375,755982336
2025-12-26 18:00:00+00:00,87235.6484375,87282.5390625,87064.8125,87189.5859375,519565312
2025-12-26 19:00:00+00:00,87196.3671875,87481.71875,87171.859375,87414.7265625,670957568
2025-12-26 20:00:00+00:00,87447.5078125,87698.7109375,87349.5234375,87553.0390625,187916288
2025-12-26 21:00:00+00:00,87524.1484375,87623.390625,87422.9765625,87422.9765625,301699072
2025-12-26 22:00:00+00:00,87407.5546875,87505.3828125,87284.5703125,87418.5,0
2025-12-26 23:00:00+00:00,87468.765625,87468.765625,87278.109375,87301.4296875,58531840
2025-12-27 00:00:00+00:00,87316.0078125,87340.015625,87196.078125,87338.203125,0
2025-12-27 01:00:00+00:00,87335.859375,87409.8984375,87292.984375,87404.7734375,0
2025-12-27 02:00:00+00:00,87408.015625,87409.953125,87346.875,87386.515625,0
2025-12-27 03:00:00+00:00,87389.859375,87463.1796875,87332.03125,87448.96875,0
2025-12-27 04:00:00+00:00,87447.90625,87447.90625,87398.3046875,87405.90625,0
2025-12-27 05:00:00+00:00,87415.6640625,87451.359375,87387.8125,87451.359375,0
2025-12-27 06:00:00+00:00,87448.6328125,87493.5625,87369.2734375,87407.640625,0
2025-12-27 07:00:00+00:00,87425.0234375,87642.4921875,87416.09375,87478.546875,0
2025-12-27 08:00:00+00:00,87488.0703125,87606.2109375,87488.0703125,87530.71875,0
2025-12-27 09:00:00+00:00,87519.296875,87604.3671875,87497.1484375,87565.796875,0
2025-12-27 10:00:00+00:00,87560.59375,87565.4765625,87367.0859375,87456.3046875,0
2025-12-27 11:00:00+00:00,87449.3203125,87485.0078125,87407.4296875,87416.84375,0
2025-12-27 12:00:00+00:00,87451.8359375,87468.3828125,87400.4375,87426.546875,0
2025-12-27 13:00:00+00:00,87425.359375,87434.828125,87294.828125,87424.0546875,0
2025-12-27 14:00:00+00:00,87405.484375,87486.171875,87363.5859375,87485.0625,0
2025-12-27 15:00:00+00:00,87475.1015625,87545.8046875,87447.3984375,87516.34375,0
2025-12-27 16:00:00+00:00,87492.6640625,87525.015625,87400.0,87449.171875,0
2025-12-27 17:00:00+00:00,87451.09375,87513.7578125,87446.4375,87501.921875,0
2025-12-27 18:00:00+00:00,87502.015625,87504.515625,87409.7109375,87433.75,0
2025-12-27 19:00:00+00:00,87438.8515625,87513.8203125,87438.296875,87512.390625,0
2025-12-27 20:00:00+00:00,87523.9375,87557.1328125,87479.7890625,87495.9375,0
2025-12-27 21:00:00+00:00,87498.109375,87609.6875,87495.3515625,87605.6640625,0
2025-12-27 22:00:00+00:00,87605.15625,87830.609375,87480.53125,87587.4609375,186419200
2025-12-27 23:00:00+00:00,87509.40625,87863.984375,87509.40625,87799.34375,180030464
2025-12-28 00:00:00+00:00,87806.0546875,87857.3125,87657.78125,87781.640625,15262720
2025-12-28 01:00:00+00:00,87786.984375,87866.5859375,87692.8359375,87717.453125,111571968
2025-12-28 02:00:00+00:00,87723.5,87805.1015625,87690.1328125,87748.28125,0
2025-12-28 03:00:00+00:00,87743.90625,87760.0,87669.8828125,87688.1015625,0
2025-12-28 04:00:00+00:00,87684.0703125,87743.640625,87635.578125,87661.0078125,28371968
2025-12-28 05:00:00+00:00,87655.5546875,87655.5546875,87555.765625,87589.0390625,41666560
2025-12-28 06:00:00+00:00,87588.984375,87720.3125,87577.40625,87681.515625,0
2025-12-28 07:00:00+00:00,87666.84375,87670.8125,87597.859375,87665.2734375,0
2025-12-28 08:00:00+00:00,87657.328125,87881.53125,87657.328125,87760.6171875,51259392
2025-12-28 09:00:00+00:00,87733.6015625,87832.34375,87690.953125,87730.890625,0
2025-12-28 10:00:00+00:00,87737.75,87881.890625,87733.5234375,87787.6796875,218498048
2025-12-28 11:00:00+00:00,87788.359375,87862.765625,87743.9921875,87789.5546875,21225472
2025-12-28 12:00:00+00:00,87813.84375,87813.84375,87749.59375,87786.7890625,45235200
2025-12-28 13:00:00+00:00,87772.8203125,87864.09375,87752.4765625,87833.6640625,84672512
2025-12-28 14:00:00+00:00,87826.2734375,87951.984375,87826.2734375,87865.4140625,0
2025-12-28 15:00:00+00:00,87848.40625,87935.75,87780.0625,87780.0625,510532608
2025-12-28 16:00:00+00:00,87779.65625,87833.5078125,87719.40625,87750.1171875,142030848
2025-12-28 17:00:00+00:00,87749.4453125,87857.578125,87686.4609375,87693.71875,0
2025-12-28 18:00:00+00:00,87693.3828125,87695.40625,87482.78125,87537.0703125,526517248
2025-12-28 19:00:00+00:00,87538.5546875,87607.9765625,87444.390625,87485.578125,409132032
2025-12-28 20:00:00+00:00,87476.078125,87579.25,87396.0390625,87477.890625,130200576
2025-12-28 21:00:00+00:00,87459.7578125,87527.0390625,87402.84375,87500.2265625,181508096
2025-12-28 22:00:00+00:00,87503.65625,87898.421875,87445.984375,87843.0078125,0
2025-12-28 23:00:00+00:00,87831.65625,87844.625,87604.8515625,87835.7890625,210207744
2025-12-29 00:00:00+00:00,87858.109375,88234.0,87756.3671875,88226.78125,870933504
2025-12-29 01:00:00+00:00,88226.6875,88380.2578125,87833.65625,88314.171875,947730432
2025-12-29 02:00:00+00:00,88353.5078125,89236.6171875,88353.5078125,89102.625,3253251072
2025-12-29 03:00:00+00:00,89086.8125,90032.4140625,89026.6328125,90032.4140625,3074658304
2025-12-29 04:00:00+00:00,90012.6328125,90269.015625,89903.0703125,90100.4140625,2378932224
2025-12-29 05:00:00+00:00,90070.7578125,90194.328125,89873.2578125,89927.6875,1425721344
2025-12-29 06:00:00+00:00,89908.9921875,90028.6171875,89666.796875,89672.9609375,1104549888
2025-12-29 07:00:00+00:00,89672.7109375,89708.859375,89415.9765625,89518.6171875,1356230656
2025-12-29 08:00:00+00:00,89505.28125,89694.109375,89399.90625,89451.8984375,1522210816
2025-12-29 09:00:00+00:00,89438.515625,89489.328125,87795.0078125,87940.6015625,3895531520
2025-12-29 10:00:00+00:00,87981.0859375,88137.9609375,87602.5078125,87678.9453125,814858240
2025-12-29 11:00:00+00:00,87620.4375,87686.4296875,87485.3203125,87508.1796875,887361536
2025-12-29 12:00:00+00:00,87485.1015625,87508.265625,86760.265625,87242.8046875,3058946048
2025-12-29 13:00:00+00:00,87252.3203125,87393.125,87125.609375,87222.25,0
2025-12-29 14:00:00+00:00,87255.890625,88007.96875,87176.984375,87322.015625,2892251136
2025-12-29 15:00:00+00:00,87288.6015625,87760.9296875,87196.8359375,87636.625,2911100928
2025-12-29 16:00:00+00:00,87600.4453125,87691.0234375,87364.8984375,87538.171875,274800640
2025-12-29 17:00:00+00:00,87529.6015625,87697.2265625,87327.8984375,87697.2265625,894156800
2025-12-29 18:00:00+00:00,87734.7890625,87870.671875,87307.2421875,87357.53125,679157760
2025-12-29 19:00:00+00:00,87336.90625,87547.25,87238.1015625,87238.1015625,601432064
2025-12-29 20:00:00+00:00,87246.40625,87482.46875,86975.015625,87121.6796875,482496512
2025-12-29 21:00:00+00:00,87157.78125,87246.6953125,87129.8515625,87224.9609375,582574080
2025-12-29 22:00:00+00:00,87227.59375,87286.21875,86983.703125,87260.8046875,188563456
2025-12-29 23:00:00+00:00,87237.921875,87291.375,87079.765625,87134.3515625,15020032
2025-12-30 00:00:00+00:00,87142.078125,87233.5234375,87010.6171875,87129.7890625,0
2025-12-30 01:00:00+00:00,87139.046875,87228.65625,87033.828125,87191.5703125,0
2025-12-30 02:00:00+00:00,87206.671875,87230.3828125,86907.703125,86975.734375,0
2025-12-30 03:00:00+00:00,86987.84375,87305.9375,86737.0703125,87285.1484375,0
2025-12-30 04:00:00+00:00,87263.125,87374.3671875,87196.625,87199.7421875,0
2025-12-30 05:00:00+00:00,87199.890625,87250.3671875,87052.0546875,87129.546875,0
2025-12-30 06:00:00+00:00,87132.8359375,87396.1328125,87121.984375,87317.140625,0
2025-12-30 07:00:00+00:00,87326.1796875,87472.65625,87278.7578125,87378.296875,0
2025-12-30 08:00:00+00:00,87377.125,88039.8984375,87377.125,87771.765625,239476736
2025-12-30 09:00:00+00:00,87760.78125,87881.125,87550.1875,87881.125,0
2025-12-30 10:00:00+00:00,87878.875,88056.640625,87816.4375,87844.3203125,0
2025-12-30 11:00:00+00:00,87843.2734375,87912.9140625,87665.15625,87751.421875,0
2025-12-30 12:00:00+00:00,87845.296875,87970.3515625,87822.1953125,87888.2265625,0
2025-12-30 13:00:00+00:00,87913.5703125,88012.078125,87813.5078125,88002.9453125,0
2025-12-30 14:00:00+00:00,88003.203125,88890.40625,87749.84375,88834.1796875,558620672
2025-12-30 15:00:00+00:00,88811.78125,88973.1015625,88153.78125,88947.28125,1242370048
2025-12-30 16:00:00+00:00,88916.6796875,89291.796875,88527.8359375,88672.234375,2170177536
2025-12-30 17:00:00+00:00,88678.78125,88799.6328125,88135.7890625,88334.1015625,585842688
2025-12-30 18:00:00+00:00,88302.4765625,88378.7421875,88086.2578125,88238.75,65056768
2025-12-30 19:00:00+00:00,88240.765625,88329.6484375,87927.6328125,88153.5390625,111890432
2025-12-30 20:00:00+00:00,88142.3359375,88142.3359375,87814.0234375,87831.0859375,0
2025-12-30 21:00:00+00:00,87821.828125,88224.8828125,87821.828125,88172.453125,0
2025-12-30 22:00:00+00:00,88182.109375,88367.234375,88182.109375,88325.125,0
2025-12-30 23:00:00+00:00,88329.578125,88477.875,88318.5859375,88429.5859375,266125312
2025-12-31 00:00:00+00:00,88407.7265625,88407.7265625,88161.0546875,88161.0546875,0
2025-12-31 01:00:00+00:00,88148.671875,88645.015625,88085.4921875,88552.8984375,386588672
2025-12-31 02:00:00+00:00,88501.4921875,88629.28125,88437.21875,88585.5859375,0
2025-12-31 03:00:00+00:00,88575.71875,88665.9609375,88289.765625,88338.7890625,0
2025-12-31 04:00:00+00:00,88342.203125,88440.0234375,88229.0546875,88229.0546875,0
2025-12-31 05:00:00+00:00,88239.765625,88413.234375,88239.765625,88354.6484375,517029888
2025-12-31 06:00:00+00:00,88352.7578125,88457.7578125,88349.3515625,88396.65625,0
2025-12-31 07:00:00+00:00,88401.96875,88517.1484375,88342.2109375,88496.046875,2150400
2025-12-31 08:00:00+00:00,88492.7265625,88604.8359375,88302.9921875,88321.921875,0
2025-12-31 09:00:00+00:00,88324.9453125,88587.1953125,88324.9453125,88585.390625,45109248
2025-12-31 10:00:00+00:00,88553.96875,88699.6171875,88553.96875,88697.6796875,0
2025-12-31 11:00:00+00:00,88732.7578125,88894.6484375,88703.1484375,88863.515625,248856576
2025-12-31 12:00:00+00:00,88910.5,88910.5,88658.2421875,88668.21875,297261056
2025-12-31 13:00:00+00:00,88680.65625,88921.734375,88642.578125,88856.4609375,72802304
2025-12-31 14:00:00+00:00,88872.7109375,89019.9375,88218.484375,88323.921875,11276288
2025-12-31 15:00:00+00:00,88371.0,88371.0,87728.4140625,87911.6328125,0
2025-12-31 16:00:00+00:00,87845.2421875,87903.6875,87334.125,87558.6171875,0
2025-12-31 17:00:00+00:00,87539.96875,87561.078125,87385.9609375,87490.890625,0
2025-12-31 18:00:00+00:00,87502.9296875,87838.8203125,87458.5078125,87575.078125,0
2025-12-31 19:00:00+00:00,87561.8515625,87712.1328125,87420.515625,87455.484375,296370176
2025-12-31 20:00:00+00:00,87419.890625,87534.90625,87141.0078125,87534.90625,7612416
2025-12-31 21:00:00+00:00,87531.6328125,87692.2890625,87531.6328125,87637.1953125,1113237504
2025-12-31 22:00:00+00:00,87652.2734375,87738.6171875,87561.1953125,87561.1953125,46741504
2025-12-31 23:00:00+00:00,87585.8203125,87587.4140625,87501.953125,87508.046875,3041280
2026-01-01 00:00:00+00:00,87512.875,87679.9375,87512.875,87675.9296875,77195264
2026-01-01 01:00:00+00:00,87665.65625,87890.0234375,87665.65625,87817.6171875,0
2026-01-01 02:00:00+00:00,87812.1875,87922.5234375,87751.6171875,87776.4921875,0
2026-01-01 03:00:00+00:00,87748.3203125,87857.46875,87700.390625,87710.953125,0
2026-01-01 04:00:00+00:00,87698.5078125,87698.5078125,87413.7578125,87441.4609375,441933824
2026-01-01 05:00:00+00:00,87452.7890625,87577.171875,87452.7890625,87558.3359375,0
2026-01-01 06:00:00+00:00,87555.4453125,87555.4453125,87486.953125,87506.2578125,0
2026-01-01 07:00:00+00:00,87504.0,87528.1171875,87468.5625,87479.6875,0
2026-01-01 08:00:00+00:00,87486.9296875,87633.3515625,87486.9296875,87598.375,0
2026-01-01 09:00:00+00:00,87623.3046875,87789.7890625,87618.5234375,87724.84375,0
2026-01-01 10:00:00+00:00,87732.3203125,87738.1875,87659.03125,87716.8125,0
2026-01-01 11:00:00+00:00,87716.4140625,87875.796875,87716.4140625,87875.796875,0
2026-01-01 12:00:00+00:00,87878.8671875,87889.703125,87806.5234375,87838.296875,0
2026-01-01 13:00:00+00:00,87829.3203125,87884.8515625,87759.8359375,87786.3515625,0
2026-01-01 14:00:00+00:00,87793.8515625,87849.6015625,87713.8515625,87840.1640625,0
2026-01-01 15:00:00+00:00,87848.578125,87941.4140625,87814.3984375,87922.0625,0
2026-01-01 16:00:00+00:00,87920.5625,87920.5625,87762.65625,87863.2734375,0
2026-01-01 17:00:00+00:00,87868.3359375,88358.0390625,87856.0234375,88187.8203125,0
2026-01-01 18:00:00+00:00,88239.390625,88239.390625,87984.6015625,88055.2578125,0
2026-01-01 19:00:00+00:00,88062.9765625,88297.9296875,87970.1875,88222.2578125,0
2026-01-01 20:00:00+00:00,88239.71875,88244.1015625,88133.1328125,88146.328125,0
2026-01-01 21:00:00+00:00,88147.5546875,88280.140625,88142.515625,88270.203125,0
2026-01-01 22:00:00+00:00,88271.7734375,88565.015625,88271.7734375,88562.9765625,242911232
2026-01-01 23:00:00+00:00,88530.3203125,88791.9765625,88378.5078125,88733.0625,388841472
2026-01-02 00:00:00+00:00,88725.46875,88754.3984375,88498.2890625,88675.3984375,507719680
2026-01-02 01:00:00+00:00,88710.0625,88739.828125,88433.0234375,88534.2890625,0
2026-01-02 02:00:00+00:00,88535.265625,88550.125,88298.6171875,88498.0546875,186787840
2026-01-02 03:00:00+00:00,88519.609375,88985.9609375,88471.65625,88778.703125,978737152
2026-01-02 04:00:00+00:00,88832.3828125,88862.59375,88530.375,88530.375,0
2026-01-02 05:00:00+00:00,88529.6484375,88670.9765625,88477.3984375,88652.2890625,0
2026-01-02 06:00:00+00:00,88636.3359375,88956.0703125,88626.7421875,88838.5703125,574554112
2026-01-02 07:00:00+00:00,88830.1875,88934.4296875,88748.6640625,88773.3203125,424103936
2026-01-02 08:00:00+00:00,88754.0859375,89049.5703125,88711.90625,89049.5703125,516001792
2026-01-02 09:00:00+00:00,89068.890625,89346.9765625,89024.6328125,89344.4140625,1701500928
2026-01-02 10:00:00+00:00,89356.6328125,89786.4921875,89356.6328125,89544.265625,2306879488
2026-01-02 11:00:00+00:00,89557.59375,89557.59375,89280.6015625,89428.8046875,939407360
2026-01-02 12:00:00+00:00,89412.015625,89481.9453125,89293.984375,89321.921875,387647488
2026-01-02 13:00:00+00:00,89312.8671875,89557.453125,89291.1015625,89291.1015625,776005632
2026-01-02 14:00:00+00:00,89290.6796875,89990.46875,88506.0078125,89565.3359375,3307180032
2026-01-02 15:00:00+00:00,89728.6640625,89762.53125,88834.8515625,89319.90625,3514005504
2026-01-02 16:00:00+00:00,89318.4140625,90740.125,89190.1171875,90346.578125,4760252416
2026-01-02 17:00:00+00:00,90338.5234375,90865.4453125,90239.125,90283.484375,2257563648
2026-01-02 18:00:00+00:00,90320.3125,90510.9296875,89526.8203125,89776.4609375,1836531712
2026-01-02 19:00:00+00:00,89739.390625,90054.0,89683.1171875,89878.859375,1196072960
2026-01-02 20:00:00+00:00,89869.515625,90025.4140625,89599.8515625,89695.359375,1267941376
2026-01-02 21:00:00+00:00,89724.6796875,90092.3203125,89724.6796875,90046.5703125,438116352
2026-01-02 22:00:00+00:00,89990.53125,90347.03125,89990.53125,90159.9921875,478527488
2026-01-02 23:00:00+00:00,90168.9921875,90168.9921875,89873.859375,89945.0546875,73728
2026-01-03 00:00:00+00:00,89948.5625,90153.2421875,89929.8984375,90098.6640625,0
2026-01-03 01:00:00+00:00,90120.7890625,90253.984375,90047.109375,90253.984375,0
2026-01-03 02:00:00+00:00,90221.046875,90362.2578125,90095.8046875,90304.015625,33968128
2026-01-03 03:00:00+00:00,90295.59375,90335.0625,90165.5859375,90293.8828125,0
2026-01-03 04:00:00+00:00,90321.4921875,90391.078125,90076.90625,90122.328125,8540160
2026-01-03 05:00:00+00:00,90148.15625,90168.8515625,89895.671875,90002.6171875,50565120
2026-01-03 06:00:00+00:00,89993.5625,90090.3359375,89826.4765625,89853.4140625,0
2026-01-03 07:00:00+00:00,89849.4296875,89922.953125,89386.046875,89553.9609375,901804032
2026-01-03 08:00:00+00:00,89515.1796875,89790.5234375,89438.5,89646.4609375,38719488
2026-01-03 09:00:00+00:00,89636.7890625,89942.8671875,89613.03125,89810.0703125,0
2026-01-03 10:00:00+00:00,89766.7109375,89842.8984375,89670.390625,89766.546875,0
2026-01-03 11:00:00+00:00,89719.78125,89737.3125,89643.015625,89713.3671875,0
2026-01-03 12:00:00+00:00,89686.890625,89969.359375,89618.546875,89922.1875,0
2026-01-03 13:00:00+00:00,89955.921875,89984.7421875,89878.421875,89956.140625,0
2026-01-03 14:00:00+00:00,89953.1875,90183.1015625,89941.8828125,90062.0703125,0
2026-01-03 15:00:00+00:00,90090.2265625,90090.2265625,89926.546875,89927.828125,0
2026-01-03 16:00:00+00:00,89917.1640625,90147.7734375,89875.0,90055.75,0
2026-01-03 17:00:00+00:00,90057.7109375,90081.8203125,89979.828125,90044.3828125,0
2026-01-03 18:00:00+00:00,90030.875,90139.1171875,89982.390625,90090.171875,0
2026-01-03 19:00:00+00:00,90091.8671875,90095.0546875,90007.125,90056.625,0
2026-01-03 20:00:00+00:00,90065.5546875,90301.4765625,89992.4609375,90301.4765625,0
2026-01-03 21:00:00+00:00,90310.5,90643.890625,90277.953125,90486.7578125,0
2026-01-03 22:00:00+00:00,90487.3125,90672.265625,90450.015625,90526.171875,0
2026-01-03 23:00:00+00:00,90548.421875,90655.4609375,90441.15625,90603.0,0
2026-01-04 00:00:00+00:00,90615.3671875,91390.7265625,90615.3671875,91320.8984375,2100066304
2026-01-04 01:00:00+00:00,91293.3515625,91386.375,90984.546875,91197.3046875,506750976
2026-01-04 02:00:00+00:00,91196.6640625,91226.046875,91051.6953125,91072.4375,17674240
2026-01-04 03:00:00+00:00,91088.59375,91300.4609375,91070.25,91205.828125,396124160
2026-01-04 04:00:00+00:00,91217.7890625,91519.984375,91196.921875,91360.6796875,30613504
2026-01-04 05:00:00+00:00,91349.1484375,91438.0,91317.9609375,91432.5703125,0
2026-01-04 06:00:00+00:00,91434.1328125,91685.1796875,91213.8046875,91213.8046875,101595136
2026-01-04 07:00:00+00:00,91206.6875,91474.9375,91206.6875,91474.9375,42860544
2026-01-04 08:00:00+00:00,91487.390625,91487.390625,91176.1171875,91307.09375,265007104
2026-01-04 09:00:00+00:00,91327.6875,91426.203125,91244.1015625,91409.796875,814034944
2026-01-04 10:00:00+00:00,91418.1171875,91554.625,91387.0234375,91538.21875,971368448
2026-01-04 11:00:00+00:00,91533.859375,91533.859375,91205.5,91235.6796875,414734336
2026-01-04 12:00:00+00:00,91236.4609375,91300.234375,91078.1171875,91098.34375,311578624
2026-01-04 13:00:00+00:00,91080.828125,91223.3515625,91015.5078125,91223.3515625,114096128
2026-01-04 14:00:00+00:00,91212.140625,91349.0859375,91103.0546875,91270.609375,5550080
2026-01-04 15:00:00+00:00,91274.171875,91320.7109375,91071.453125,91270.453125,203657216
2026-01-04 16:00:00+00:00,91286.796875,91391.921875,91219.4765625,91285.140625,283027456
2026-01-04 17:00:00+00:00,91282.5078125,91391.234375,91276.5,91297.8203125,180326400
2026-01-04 18:00:00+00:00,91294.46875,91294.46875,90965.75,91161.8359375,358440960
2026-01-04 19:00:00+00:00,91164.640625,91164.640625,90877.046875,91099.46875,530702336
2026-01-04 20:00:00+00:00,91100.7890625,91298.765625,91084.6875,91252.453125,122902528
2026-01-04 21:00:00+00:00,91259.6171875,91350.375,91147.78125,91220.7734375,0
2026-01-04 22:00:00+00:00,91224.3984375,91338.75,91108.8359375,91140.7421875,0
2026-01-04 23:00:00+00:00,91168.3984375,91463.3515625,91168.3984375,91414.625,158046208
2026-01-05 00:00:00+00:00,91498.046875,92355.8359375,91498.046875,92355.8359375,1700913152
2026-01-05 01:00:00+00:00,92339.203125,93177.6171875,92251.21875,92916.90625,3015315456
2026-01-05 02:00:00+00:00,92913.40625,93101.40625,92737.0078125,92984.3203125,1564921856
2026-01-05 03:00:00+00:00,92988.2578125,93106.265625,92845.640625,92845.640625,411762688
2026-01-05 04:00:00+00:00,92841.5,92896.2265625,92344.34375,92566.8125,398170112
2026-01-05 05:00:00+00:00,92551.1484375,92666.4609375,92330.484375,92351.9453125,553881600
2026-01-05 06:00:00+00:00,92321.7578125,92450.0078125,92141.8984375,92433.3359375,0
2026-01-05 07:00:00+00:00,92427.5390625,92574.1015625,92427.5390625,92474.3359375,14626816
2026-01-05 08:00:00+00:00,92491.6640625,92697.921875,92425.84375,92475.5390625,0
2026-01-05 09:00:00+00:00,92421.6953125,92750.609375,92298.984375,92664.875,0
2026-01-05 10:00:00+00:00,92673.4453125,93086.3828125,92625.9375,93036.1484375,25061376
2026-01-05 11:00:00+00:00,92986.8203125,93083.4375,92841.0,93051.1875,575928320
2026-01-05 12:00:00+00:00,93083.203125,93101.0234375,92740.421875,92803.3203125,160313344
2026-01-05 13:00:00+00:00,92802.7890625,92947.3046875,92493.21875,92666.9140625,597544960
2026-01-05 14:00:00+00:00,92702.8984375,93552.46875,92410.171875,93393.625,2340327424
2026-01-05 15:00:00+00:00,93370.8828125,93933.75,93172.3203125,93883.9453125,4002770944
2026-01-05 16:00:00+00:00,93873.3671875,93972.0859375,93585.0546875,93715.7734375,2509283328
2026-01-05 17:00:00+00:00,93687.3203125,94264.9609375,93283.2265625,94264.9609375,1925922816
2026-01-05 18:00:00+00:00,94234.8125,94458.9609375,93919.9765625,94458.9609375,2163507200
2026-01-05 19:00:00+00:00,94334.6796875,94480.921875,94135.46875,94225.5859375,1226817536
2026-01-05 20:00:00+00:00,94219.390625,94673.3984375,94066.71875,94148.84375,2656026624
2026-01-05 21:00:00+00:00,94146.8203125,94207.7421875,93880.28125,94091.6328125,1079730176
2026-01-05 22:00:00+00:00,94082.9375,94377.453125,94020.46875,94184.484375,489959424
2026-01-05 23:00:00+00:00,94178.3359375,94178.3359375,93876.9453125,93876.9453125,269361152
2026-01-06 00:00:00+00:00,93869.1328125,93948.578125,93551.6015625,93801.8125,0
2026-01-06 01:00:00+00:00,93823.234375,94130.609375,93747.875,93764.15625,0
2026-01-06 02:00:00+00:00,93773.4609375,93841.8203125,93542.1796875,93626.34375,463204352
2026-01-06 03:00:00+00:00,93608.1640625,93894.046875,93595.4765625,93762.5859375,0
2026-01-06 04:00:00+00:00,93750.640625,93971.703125,93722.828125,93817.09375,0
2026-01-06 05:00:00+00:00,93794.8203125,93794.8203125,93548.765625,93558.046875,115195904
2026-01-06 06:00:00+00:00,93590.9453125,93889.2109375,93577.3359375,93780.90625,470167552
2026-01-06 07:00:00+00:00,93739.625,93739.625,93119.6328125,93213.8984375,654757888
2026-01-06 08:00:00+00:00,93206.53125,93370.5859375,93142.25,93207.3125,0
2026-01-06 09:00:00+00:00,93191.2734375,93494.8046875,93191.2734375,93437.9609375,0
2026-01-06 10:00:00+00:00,93430.0546875,93616.8515625,93385.6953125,93537.8359375,0
2026-01-06 11:00:00+00:00,93538.203125,93846.890625,93538.203125,93789.015625,0
2026-01-06 12:00:00+00:00,93825.0,93910.921875,93765.3125,93853.609375,0
2026-01-06 13:00:00+00:00,93782.4296875,93819.09375,93628.7265625,93671.75,0
2026-01-06 14:00:00+00:00,93686.390625,94391.71875,93543.09375,93750.140625,0
2026-01-06 15:00:00+00:00,93789.6171875,94204.0078125,93331.9453125,93480.5390625,1294888960
2026-01-06 16:00:00+00:00,93658.0859375,93674.859375,92325.59375,92573.4921875,1490718720
2026-01-06 17:00:00+00:00,92650.890625,92697.109375,91550.1796875,91550.1796875,1925910528
2026-01-06 18:00:00+00:00,91526.3203125,92130.9921875,91526.3203125,91991.3671875,1073266688
2026-01-06 19:00:00+00:00,91975.234375,92239.0234375,91890.90625,92048.78125,0
2026-01-06 20:00:00+00:00,92053.625,92594.9921875,92053.625,92462.4140625,0
2026-01-06 21:00:00+00:00,92438.0078125,93759.796875,92342.046875,93236.828125,2303221760
2026-01-06 22:00:00+00:00,93230.1640625,93363.625,92940.6796875,93301.5703125,481783808
2026-01-06 23:00:00+00:00,93272.953125,93731.6796875,93272.953125,93727.46875,331366400
2026-01-07 00:00:00+00:00,93623.96875,93637.75,92814.0703125,92814.0703125,486268928
2026-01-07 01:00:00+00:00,92637.4140625,92795.171875,92319.9609375,92430.859375,1494544384
2026-01-07 02:00:00+00:00,92385.953125,92947.5546875,92208.34375,92885.8515625,761499648
2026-01-07 03:00:00+00:00,92900.75,93025.375,92717.21875,92743.2890625,218001408
2026-01-07 04:00:00+00:00,92730.953125,92828.3046875,92563.15625,92625.1796875,236961792
2026-01-07 05:00:00+00:00,92583.1875,92774.8203125,92459.9140625,92459.9140625,0
2026-01-07 06:00:00+00:00,92473.1796875,92805.359375,92457.546875,92563.828125,0
2026-01-07 07:00:00+00:00,92579.7890625,92796.203125,92579.7890625,92773.609375,0
2026-01-07 08:00:00+00:00,92795.28125,92864.1953125,92628.3125,92647.359375,71581696
2026-01-07 09:00:00+00:00,92566.5703125,92625.125,91557.2578125,91648.0546875,1742815232
2026-01-07 10:00:00+00:00,91569.234375,91884.859375,91557.4453125,91868.5703125,590028800
2026-01-07 11:00:00+00:00,91880.8515625,92184.3046875,91880.8515625,92074.484375,267243520
2026-01-07 12:00:00+00:00,92064.4140625,92086.4140625,91915.078125,91935.390625,0
2026-01-07 13:00:00+00:00,91938.90625,92174.03125,91835.765625,91990.6953125,49598464
2026-01-07 14:00:00+00:00,91970.2421875,92018.8671875,91408.2734375,91896.5,0
2026-01-07 15:00:00+00:00,91827.125,91827.125,91068.46875,91265.1015625,0
2026-01-07 16:00:00+00:00,91313.859375,91659.7578125,91116.3125,91190.921875,0
2026-01-07 17:00:00+00:00,91215.4765625,91595.234375,91015.765625,91186.109375,0
2026-01-07 18:00:00+00:00,91192.46875,91344.2578125,90659.9765625,90691.7578125,0
2026-01-07 19:00:00+00:00,90828.2734375,91182.3984375,90665.71875,91131.265625,1650155520
2026-01-07 20:00:00+00:00,91098.1484375,91193.15625,90726.890625,90948.8984375,0
2026-01-07 21:00:00+00:00,91055.890625,91128.6640625,90976.703125,91044.5390625,0
2026-01-07 22:00:00+00:00,91040.125,91221.546875,90828.2734375,91106.28125,0
2026-01-07 23:00:00+00:00,91024.9765625,91346.1171875,90945.4921875,91309.640625,319004672
2026-01-08 00:00:00+00:00,91280.703125,91386.5,91004.2578125,91317.5859375,0
2026-01-08 01:00:00+00:00,91298.3046875,91450.6875,91240.0703125,91333.125,0
2026-01-08 02:00:00+00:00,91334.3671875,91353.0625,90701.4921875,90853.953125,0
2026-01-08 03:00:00+00:00,90862.0546875,91019.796875,90585.265625,90704.7265625,537935872
2026-01-08 04:00:00+00:00,90726.5625,91027.7421875,90620.21875,90949.7421875,0
2026-01-08 05:00:00+00:00,90989.6796875,91050.5234375,90684.6171875,90698.7578125,0
2026-01-08 06:00:00+00:00,90702.1875,90750.2109375,89940.03125,89940.03125,1764753408
2026-01-08 07:00:00+00:00,89831.8125,90437.515625,89578.3125,90434.546875,1826439168
2026-01-08 08:00:00+00:00,90428.6953125,90569.234375,90078.7734375,90082.125,1316593664
2026-01-08 09:00:00+00:00,90098.828125,90254.109375,89871.5078125,89879.1328125,0
2026-01-08 10:00:00+00:00,89892.578125,90347.8515625,89698.6328125,90293.734375,0
2026-01-08 11:00:00+00:00,90357.25,90357.25,89927.6875,90068.7265625,766349312
2026-01-08 12:00:00+00:00,90082.265625,90082.265625,89682.171875,89883.265625,457900032
2026-01-08 13:00:00+00:00,89866.3203125,89972.59375,89781.6640625,89851.09375,0
2026-01-08 14:00:00+00:00,89849.03125,89972.921875,89291.1328125,89924.4453125,27627520
2026-01-08 15:00:00+00:00,89932.625,90649.90625,89765.6875,90649.90625,0
2026-01-08 16:00:00+00:00,90710.4921875,90791.5546875,90232.7109375,90718.8984375,945803264
2026-01-08 17:00:00+00:00,90835.78125,91345.546875,90793.1875,91254.640625,267583488
2026-01-08 18:00:00+00:00,91293.2421875,91328.1484375,90903.234375,90985.6640625,0
2026-01-08 19:00:00+00:00,91038.6796875,91238.0,90765.9375,90819.8046875,0
2026-01-08 20:00:00+00:00,90855.390625,90872.421875,90482.4296875,90841.203125,56164352
2026-01-08 21:00:00+00:00,90836.7578125,91222.1796875,90836.7578125,91222.1796875,837226496
2026-01-08 22:00:00+00:00,91200.4375,91385.109375,90987.2890625,91130.78125,0
2026-01-08 23:00:00+00:00,91145.7421875,91254.7578125,90978.171875,91025.75,0
2026-01-09 00:00:00+00:00,91015.2109375,91211.65625,90984.6875,91205.7734375,0
2026-01-09 01:00:00+00:00,91193.8671875,91412.484375,90795.625,90976.4921875,152719360
2026-01-09 02:00:00+00:00,90972.578125,91373.53125,90932.5546875,90932.5546875,0
2026-01-09 03:00:00+00:00,90947.7265625,91160.609375,90893.7265625,91112.8046875,0
2026-01-09 04:00:00+00:00,91125.5546875,91125.5546875,90842.0078125,90939.28125,0
2026-01-09 05:00:00+00:00,90927.3046875,91001.1328125,90826.6015625,90971.515625,0
2026-01-09 06:00:00+00:00,90975.1328125,91027.09375,90882.609375,91027.09375,0
2026-01-09 07:00:00+00:00,91024.6640625,91024.6640625,90687.078125,90687.078125,0
2026-01-09 08:00:00+00:00,90649.5,90730.6484375,89628.5703125,89845.1328125,793100288
2026-01-09 09:00:00+00:00,89872.390625,90304.2265625,89872.390625,90222.0234375,0
2026-01-09 10:00:00+00:00,90228.046875,90431.421875,90183.75,90404.4609375,0
2026-01-09 11:00:00+00:00,90380.5390625,90560.6640625,90314.0234375,90337.78125,0
2026-01-09 12:00:00+00:00,90345.2265625,90463.0859375,90144.3515625,90348.6640625,0
2026-01-09 13:00:00+00:00,90350.171875,90682.0,90337.9375,90550.796875,619769856
2026-01-09 14:00:00+00:00,90480.234375,90492.671875,89896.546875,90056.421875,0
2026-01-09 15:00:00+00:00,90038.875,91864.40625,89794.6640625,90999.8203125,2035843072
2026-01-09 16:00:00+00:00,91028.7109375,91662.3515625,91028.7109375,91527.2890625,535068672
2026-01-09 17:00:00+00:00,91516.171875,91542.765625,90967.609375,91343.59375,0
2026-01-09 18:00:00+00:00,91343.5390625,91396.7265625,90432.0703125,90781.109375,0
2026-01-09 19:00:00+00:00,90631.2890625,90643.8828125,90150.90625,90267.0546875,889446400
2026-01-09 20:00:00+00:00,90144.8046875,90447.5078125,90144.8046875,90185.78125,0
2026-01-09 21:00:00+00:00,90166.140625,90483.921875,90117.078125,90421.0390625,0
2026-01-09 22:00:00+00:00,90413.21875,90542.6875,90259.3125,90502.359375,0
2026-01-09 23:00:00+00:00,90513.7890625,90595.9140625,90490.7734375,90510.1015625,3289088
2026-01-10 00:00:00+00:00,90509.2109375,90560.8125,90417.703125,90477.046875,0
2026-01-10 01:00:00+00:00,90471.671875,90601.7734375,90469.7421875,90567.203125,0
2026-01-10 02:00:00+00:00,90560.3515625,90655.21875,90479.7578125,90543.375,0
2026-01-10 03:00:00+00:00,90556.75,90556.75,90430.21875,90507.671875,0
2026-01-10 04:00:00+00:00,90512.125,90514.7734375,90311.09375,90326.484375,0
2026-01-10 05:00:00+00:00,90344.859375,90493.0625,90314.5078125,90484.0546875,0
2026-01-10 06:00:00+00:00,90474.2734375,90477.8125,90352.6171875,90383.640625,15286272
2026-01-10 07:00:00+00:00,90377.0703125,90546.71875,90374.875,90537.1953125,0
2026-01-10 08:00:00+00:00,90546.8046875,90614.96875,90499.1171875,90531.078125,0
2026-01-10 09:00:00+00:00,90539.90625,90621.734375,90514.4375,90616.21875,0
2026-01-10 10:00:00+00:00,90629.5703125,90712.703125,90605.5390625,90685.1875,0
2026-01-10 11:00:00+00:00,90703.625,90703.625,90597.0,90610.2734375,0
2026-01-10 12:00:00+00:00,90606.9765625,90659.484375,90542.9140625,90598.2890625,0
2026-01-10 13:00:00+00:00,90607.6171875,90625.8828125,90526.546875,90526.546875,0
2026-01-10 14:00:00+00:00,90532.0546875,90546.828125,90426.2734375,90456.796875,0
2026-01-10 15:00:00+00:00,90463.6875,90547.828125,90458.40625,90543.0546875,0
2026-01-10 16:00:00+00:00,90541.8203125,90597.1328125,90501.2265625,90555.0390625,0
2026-01-10 17:00:00+00:00,90554.9375,90623.078125,90428.203125,90428.203125,0
2026-01-10 18:00:00+00:00,90431.8359375,90476.0625,90410.6171875,90476.0625,0
2026-01-10 19:00:00+00:00,90469.3203125,90510.546875,90456.4375,90507.0390625,0
2026-01-10 20:00:00+00:00,90507.8671875,90531.5078125,90446.2890625,90448.4609375,0
2026-01-10 21:00:00+00:00,90450.328125,90455.4765625,90384.46875,90386.5546875,0
2026-01-10 22:00:00+00:00,90386.4296875,90467.5703125,90287.2734375,90341.5703125,0
2026-01-10 23:00:00+00:00,90322.4296875,90445.953125,90312.875,90385.359375,3770368
2026-01-11 00:00:00+00:00,90385.625,90510.921875,90333.6484375,90509.6875,0
2026-01-11 01:00:00+00:00,90513.6875,90539.046875,90431.78125,90509.9609375,0
2026-01-11 02:00:00+00:00,90513.203125,90601.640625,90505.4609375,90579.109375,0
2026-01-11 03:00:00+00:00,90577.6171875,90617.046875,90523.5625,90617.046875,0
2026-01-11 04:00:00+00:00,90613.515625,90662.78125,90580.953125,90662.78125,0
2026-01-11 05:00:00+00:00,90674.28125,90716.96875,90626.71875,90644.2890625,0
2026-01-11 06:00:00+00:00,90650.0,90682.7109375,90506.7265625,90632.9921875,337265664
2026-01-11 07:00:00+00:00,90634.09375,90634.09375,90564.0546875,90589.421875,0
2026-01-11 08:00:00+00:00,90597.4375,90683.984375,90526.84375,90668.0546875,0
2026-01-11 09:00:00+00:00,90667.6640625,90683.7734375,90568.484375,90623.921875,200894464
2026-01-11 10:00:00+00:00,90624.6015625,90630.6328125,90573.7578125,90614.265625,0
2026-01-11 11:00:00+00:00,90610.6328125,90626.9609375,90574.984375,90593.4609375,132082688
2026-01-11 12:00:00+00:00,90610.3203125,90871.7109375,90609.609375,90825.1875,259120128
2026-01-11 13:00:00+00:00,90826.3125,90846.1484375,90713.5078125,90736.9296875,233666560
2026-01-11 14:00:00+00:00,90740.7421875,91043.9453125,90740.7421875,91043.9453125,248259584
2026-01-11 15:00:00+00:00,91022.921875,91022.921875,90615.4609375,90747.7578125,819688448
2026-01-11 16:00:00+00:00,90751.171875,91147.3671875,90751.171875,90905.046875,654397440
2026-01-11 17:00:00+00:00,90912.34375,91014.5078125,90810.578125,90869.96875,295511040
2026-01-11 18:00:00+00:00,90866.5625,90866.5625,90667.1953125,90745.3515625,0
2026-01-11 19:00:00+00:00,90757.1640625,90791.015625,90555.03125,90593.4765625,234848256
2026-01-11 20:00:00+00:00,90596.71875,90596.71875,90309.0390625,90538.40625,725939200
2026-01-11 21:00:00+00:00,90573.2734375,90677.828125,90474.1640625,90646.3125,401456128
2026-01-11 22:00:00+00:00,90623.984375,90623.984375,90335.2421875,90430.3515625,73481216
2026-01-11 23:00:00+00:00,90400.2109375,90888.4453125,90226.9609375,90825.859375,1111240704
2026-01-12 00:00:00+00:00,90851.8984375,91082.1171875,90617.9765625,91032.3671875,879105024
2026-01-12 01:00:00+00:00,91076.9609375,91555.0546875,91035.484375,91262.015625,2222364672
2026-01-12 02:00:00+00:00,91274.8984375,92220.484375,91274.8984375,92115.5234375,2094305280
2026-01-12 03:00:00+00:00,92098.6015625,92384.8515625,91719.34375,91719.34375,1771446272
2026-01-12 04:00:00+00:00,91694.4140625,92151.6484375,91647.984375,92036.109375,978001920
2026-01-12 05:00:00+00:00,92035.6484375,92127.9765625,91955.953125,91991.640625,684238848
2026-01-12 06:00:00+00:00,91984.6796875,92065.4296875,91691.34375,91732.0625,347693056
2026-01-12 07:00:00+00:00,91721.546875,91816.296875,91278.328125,91301.734375,983662592
2026-01-12 08:00:00+00:00,91290.7890625,91499.1796875,90315.640625,90669.2109375,1842366464
2026-01-12 09:00:00+00:00,90643.09375,90790.9765625,90552.2109375,90591.09375,794685440
2026-01-12 10:00:00+00:00,90555.515625,90661.75,90261.9609375,90278.859375,501448704
2026-01-12 11:00:00+00:00,90313.0390625,90659.265625,90313.0390625,90566.390625,826839040
2026-01-12 12:00:00+00:00,90536.359375,90733.6484375,90520.546875,90672.5078125,156246016
2026-01-12 13:00:00+00:00,90662.8515625,90691.46875,90426.8203125,90533.3359375,397813760
2026-01-12 14:00:00+00:00,90525.1953125,90961.6328125,90095.2578125,90803.7421875,2507259904
2026-01-12 15:00:00+00:00,90802.75,91546.453125,90679.171875,91546.453125,1540530176
2026-01-12 16:00:00+00:00,91571.625,92210.1484375,91571.625,92042.640625,1636651008
2026-01-12 17:00:00+00:00,92049.5234375,92210.1328125,91015.9765625,91416.15625,2972286976
2026-01-12 18:00:00+00:00,91433.328125,91843.6796875,91360.7734375,91622.5859375,759361536
2026-01-12 19:00:00+00:00,91617.8125,91794.125,91381.09375,91770.25,761724928
2026-01-12 20:00:00+00:00,91784.5625,91962.3125,91353.0234375,91393.1953125,0
2026-01-12 21:00:00+00:00,91404.1640625,91404.1640625,90894.484375,90913.7265625,244572160
2026-01-12 22:00:00+00:00,90984.1953125,91350.2578125,90984.1953125,91157.546875,346845184
2026-01-12 23:00:00+00:00,91142.65625,91203.8671875,90987.8984375,91185.3359375,2879488
2026-01-13 00:00:00+00:00,91195.6328125,91403.6953125,91175.1328125,91386.7109375,0
2026-01-13 01:00:00+00:00,91384.75,91432.3203125,90941.9296875,91058.9296875,0
2026-01-13 02:00:00+00:00,91081.4453125,91267.5234375,91030.4453125,91114.5859375,0
2026-01-13 03:00:00+00:00,91031.1953125,91327.140625,91019.5390625,91291.3125,0
2026-01-13 04:00:00+00:00,91293.7890625,91463.125,91238.9609375,91396.671875,0
2026-01-13 05:00:00+00:00,91396.7734375,92109.390625,91396.7734375,91803.9453125,1761660928
2026-01-13 06:00:00+00:00,91811.0234375,92145.1015625,91729.1875,92120.84375,218918912
2026-01-13 07:00:00+00:00,92089.4453125,92089.4453125,91806.1171875,91853.8203125,730107904
2026-01-13 08:00:00+00:00,91868.9609375,92134.84375,91846.6640625,92087.9140625,0
2026-01-13 09:00:00+00:00,92076.375,92510.2109375,91913.390625,92149.171875,1037434880
2026-01-13 10:00:00+00:00,92201.4140625,92230.078125,91927.4921875,92029.3359375,259035136
2026-01-13 11:00:00+00:00,92038.296875,92138.875,91886.8359375,91893.6484375,33396477952
2026-01-13 12:00:00+00:00,91932.1484375,92053.7109375,91832.640625,91999.1171875,0
2026-01-13 13:00:00+00:00,92013.0546875,92477.4140625,91904.25,91966.578125,36816220160
2026-01-13 14:00:00+00:00,91926.328125,92756.578125,91760.140625,92453.84375,0
2026-01-13 15:00:00+00:00,92421.359375,93294.53125,92091.1328125,93283.03125,694923264
2026-01-13 16:00:00+00:00,93500.4609375,93654.5078125,93097.4921875,93441.21875,1261322240
2026-01-13 17:00:00+00:00,93347.1015625,93412.9765625,93135.7578125,93241.6796875,0
2026-01-13 18:00:00+00:00,93171.8984375,93790.5078125,93171.8984375,93557.6484375,22642688
2026-01-13 19:00:00+00:00,93584.296875,94194.6484375,93431.703125,94194.6484375,2483032064
2026-01-13 20:00:00+00:00,94222.4765625,94468.875,94134.0390625,94438.890625,2689589248
2026-01-13 21:00:00+00:00,94400.453125,94476.421875,94058.6640625,94074.9609375,1534304256
2026-01-13 22:00:00+00:00,94069.5078125,95928.796875,94062.21875,95667.828125,5290397696
2026-01-13 23:00:00+00:00,95648.703125,95935.6484375,95040.296875,95322.90625,2157133824
2026-01-14 00:00:00+00:00,95363.3046875,95539.734375,95143.6796875,95277.7734375,777388032
2026-01-14 01:00:00+00:00,95185.6796875,95495.0,95111.1875,95266.8515625,671092736
2026-01-14 02:00:00+00:00,95205.578125,95490.609375,95180.5078125,95279.2109375,1220997120
2026-01-14 03:00:00+00:00,95272.1953125,95632.609375,95249.203125,95630.9765625,2407698432
2026-01-14 04:00:00+00:00,95694.421875,95694.421875,95182.9765625,95202.515625,786616320
2026-01-14 05:00:00+00:00,95191.1328125,95204.1328125,94934.296875,94988.1640625,0
2026-01-14 06:00:00+00:00,94970.9765625,94976.859375,94583.046875,94976.859375,591003648
2026-01-14 07:00:00+00:00,94985.765625,95176.1328125,94840.03125,95176.1328125,408600576
2026-01-14 08:00:00+00:00,95162.828125,95231.53125,94860.3125,94868.3046875,0
2026-01-14 09:00:00+00:00,94852.8203125,95131.5234375,94849.390625,95038.109375,0
2026-01-14 10:00:00+00:00,95051.1640625,95213.5859375,94870.0546875,95059.109375,346828800
2026-01-14 11:00:00+00:00,95042.125,95042.125,94706.0078125,94706.0078125,0
2026-01-14 12:00:00+00:00,94727.6953125,95102.671875,94701.1328125,95031.6484375,1391976448
2026-01-14 13:00:00+00:00,95028.859375,95183.5625,94861.1015625,94937.046875,0
2026-01-14 14:00:00+00:00,94958.4921875,96734.7109375,94951.84375,96460.421875,1887080448
2026-01-14 15:00:00+00:00,96450.109375,96984.578125,96232.4453125,96710.59375,2725945344
2026-01-14 16:00:00+00:00,96699.578125,97566.859375,96699.578125,97212.4921875,888070144
2026-01-14 17:00:00+00:00,97245.53125,97747.125,96894.046875,96941.90625,3065225216
2026-01-14 18:00:00+00:00,96953.8359375,97086.8515625,96295.0625,96835.984375,649310208
2026-01-14 19:00:00+00:00,96801.8359375,97519.5234375,96694.8359375,97274.1875,305246208
2026-01-14 20:00:00+00:00,97244.59375,97860.6015625,97221.5078125,97585.109375,0
2026-01-14 21:00:00+00:00,97641.6953125,97686.171875,97409.546875,97443.15625,0
2026-01-14 22:00:00+00:00,97528.46875,97542.9453125,96832.3359375,96915.5625,0
2026-01-14 23:00:00+00:00,96894.984375,97324.4453125,96894.984375,96931.2890625,0
2026-01-15 00:00:00+00:00,96934.609375,96973.4609375,96508.34375,96573.6328125,0
2026-01-15 01:00:00+00:00,96614.0703125,96928.6328125,96310.796875,96418.140625,72564736
2026-01-15 02:00:00+00:00,96434.84375,96578.609375,96154.34375,96236.4921875,0
2026-01-15 03:00:00+00:00,96292.828125,96341.265625,95763.4375,95963.015625,1138237440
2026-01-15 04:00:00+00:00,95941.859375,96327.546875,95930.7421875,96151.6796875,8413184
2026-01-15 05:00:00+00:00,96243.6484375,96468.2890625,96237.453125,96392.03125,0
2026-01-15 06:00:00+00:00,96406.0390625,96529.1015625,96161.8046875,96281.8203125,0
2026-01-15 07:00:00+00:00,96275.9765625,96651.6484375,96193.765625,96516.46875,0
2026-01-15 08:00:00+00:00,96560.265625,96618.5546875,96309.9296875,96614.46875,566321152
2026-01-15 09:00:00+00:00,96617.703125,97150.171875,96545.96875,97046.734375,869601280
2026-01-15 10:00:00+00:00,96994.9921875,97013.7109375,96720.890625,96792.0546875,0
2026-01-15 11:00:00+00:00,96788.5,96845.8359375,96558.1796875,96587.4453125,100679680
2026-01-15 12:00:00+00:00,96551.375,96940.3046875,96517.484375,96940.3046875,0
2026-01-15 13:00:00+00:00,96946.40625,96965.6953125,96611.4453125,96817.375,191619072
2026-01-15 14:00:00+00:00,96811.3046875,97097.1171875,95627.9453125,96019.609375,0
2026-01-15 15:00:00+00:00,96027.8515625,96434.890625,95416.09375,96434.890625,0
2026-01-15 16:00:00+00:00,96649.9453125,96797.609375,96263.6171875,96797.609375,0
2026-01-15 17:00:00+00:00,96696.2578125,97015.3515625,96407.2578125,96598.6328125,0
2026-01-15 18:00:00+00:00,96548.8515625,96570.9765625,95793.5625,95793.5625,753541120
2026-01-15 19:00:00+00:00,95797.9609375,95882.234375,95284.75,95411.0859375,738045952
2026-01-15 20:00:00+00:00,95423.5546875,95607.8984375,95112.25,95143.53125,0
2026-01-15 21:00:00+00:00,95177.4765625,95575.203125,95166.8515625,95548.5234375,0
2026-01-15 22:00:00+00:00,95553.2109375,95784.0390625,95472.9921875,95522.6484375,0
2026-01-15 23:00:00+00:00,95571.3046875,95663.1953125,95413.96875,95554.1015625,0
2026-01-16 00:00:00+00:00,95562.78125,95759.5625,95548.1015625,95574.8046875,0
2026-01-16 01:00:00+00:00,95574.0,95736.3984375,95418.8203125,95617.4609375,0
2026-01-16 02:00:00+00:00,95628.453125,95636.4375,95368.6171875,95477.90625,0
2026-01-16 03:00:00+00:00,95466.359375,95540.3203125,95297.765625,95325.96875,0
2026-01-16 04:00:00+00:00,95306.4375,95520.359375,95125.375,95125.375,34451456
2026-01-16 05:00:00+00:00,95222.0703125,95612.265625,95222.0703125,95612.265625,478240768
2026-01-16 06:00:00+00:00,95613.5703125,95759.96875,95509.8984375,95710.625,0
2026-01-16 07:00:00+00:00,95713.9140625,95736.7734375,95452.953125,95633.5390625,0
2026-01-16 08:00:00+00:00,95630.6875,95801.890625,95541.15625,95643.59375,0
2026-01-16 09:00:00+00:00,95634.2265625,95708.3203125,95557.09375,95577.734375,0
2026-01-16 10:00:00+00:00,95573.9296875,95587.84375,95268.9296875,95272.90625,0
2026-01-16 11:00:00+00:00,95273.109375,95431.671875,95226.6796875,95389.3203125,297009152
2026-01-16 12:00:00+00:00,95397.6015625,95538.640625,95327.4375,95409.296875,0
2026-01-16 13:00:00+00:00,95415.3125,95523.640625,95274.6953125,95418.40625,0
2026-01-16 14:00:00+00:00,95412.2578125,95635.9140625,95169.609375,95169.609375,0
2026-01-16 15:00:00+00:00,95151.796875,95581.2890625,94268.7734375,94605.625,0
2026-01-16 16:00:00+00:00,94559.625,94937.5,94517.3515625,94795.359375,0
2026-01-16 17:00:00+00:00,94831.453125,94893.2578125,94538.2265625,94893.2578125,0
2026-01-16 18:00:00+00:00,95032.8671875,95156.140625,94963.34375,95003.015625,0
2026-01-16 19:00:00+00:00,94955.8515625,94992.625,94822.21875,94964.3359375,0
2026-01-16 20:00:00+00:00,94957.2890625,95399.2578125,94650.234375,95399.2578125,0
2026-01-16 21:00:00+00:00,95476.1171875,95528.4609375,95337.671875,95443.859375,180514816
2026-01-16 22:00:00+00:00,95478.6875,95495.234375,95228.6796875,95441.125,0
2026-01-16 23:00:00+00:00,95472.46875,95531.8515625,95394.078125,95525.15625,94234624
2026-01-17 00:00:00+00:00,95514.765625,95523.9765625,95395.0234375,95459.390625,0
2026-01-17 01:00:00+00:00,95429.03125,95472.5546875,95351.6171875,95366.125,0
2026-01-17 02:00:00+00:00,95356.984375,95370.984375,95194.140625,95322.7265625,0
2026-01-17 03:00:00+00:00,95316.15625,95331.15625,95221.65625,95330.2109375,0
2026-01-17 04:00:00+00:00,95324.578125,95324.578125,95221.28125,95307.7109375,0
2026-01-17 05:00:00+00:00,95259.3203125,95316.96875,95240.34375,95250.9765625,0
2026-01-17 06:00:00+00:00,95261.390625,95280.1484375,95153.5625,95225.6171875,0
2026-01-17 07:00:00+00:00,95196.7421875,95196.7421875,95030.25,95061.109375,0
2026-01-17 08:00:00+00:00,95051.65625,95214.6640625,95020.9609375,95203.4296875,0
2026-01-17 09:00:00+00:00,95199.6953125,95234.890625,95138.0859375,95212.46875,0
2026-01-17 10:00:00+00:00,95211.2890625,95219.2265625,95064.84375,95077.9453125,0
2026-01-17 11:00:00+00:00,95066.109375,95268.0,95029.234375,95255.2421875,0
2026-01-17 12:00:00+00:00,95267.8359375,95312.90625,95199.9921875,95205.4140625,0
2026-01-17 13:00:00+00:00,95210.578125,95398.953125,95152.8828125,95374.9140625,0
2026-01-17 14:00:00+00:00,95383.0859375,95490.3125,95312.4765625,95383.328125,0
2026-01-17 15:00:00+00:00,95422.125,95596.8828125,95396.1484375,95525.6328125,0
2026-01-17 16:00:00+00:00,95509.640625,95509.640625,95201.4140625,95278.6171875,0
2026-01-17 17:00:00+00:00,95277.421875,95398.703125,95259.0703125,95323.453125,0
2026-01-17 18:00:00+00:00,95330.4140625,95428.2421875,95330.4140625,95382.875,0
2026-01-17 19:00:00+00:00,95396.4296875,95396.4296875,95247.890625,95261.3515625,0
2026-01-17 20:00:00+00:00,95259.2578125,95345.1640625,95242.265625,95343.6796875,0
2026-01-17 21:00:00+00:00,95339.0546875,95367.46875,95239.3046875,95257.078125,0
2026-01-17 22:00:00+00:00,95270.3203125,95273.8125,95011.4375,95156.2421875,0
2026-01-17 23:00:00+00:00,95128.3046875,95166.7734375,95088.328125,95101.1796875,0
2026-01-18 00:00:00+00:00,95112.3984375,95189.4921875,95054.734375,95061.84375,67320832
2026-01-18 01:00:00+00:00,95062.1328125,95062.1328125,94848.9296875,94908.953125,310758400
2026-01-18 02:00:00+00:00,94926.140625,95012.78125,94851.5,94977.703125,0
2026-01-18 03:00:00+00:00,94980.296875,95152.140625,94980.296875,95147.21875,86411264
2026-01-18 04:00:00+00:00,95121.0546875,95146.0,95038.8984375,95059.859375,0
2026-01-18 05:00:00+00:00,95059.390625,95189.578125,95025.65625,95154.515625,149681152
2026-01-18 06:00:00+00:00,95134.3046875,95171.390625,95112.2109375,95136.4921875,37563392
2026-01-18 07:00:00+00:00,95137.25,95141.3046875,94995.9296875,95023.484375,61304832
2026-01-18 08:00:00+00:00,94999.828125,95159.0234375,94977.6953125,95146.9765625,0
2026-01-18 09:00:00+00:00,95146.78125,95245.3203125,95122.953125,95236.4140625,291320832
2026-01-18 10:00:00+00:00,95230.1171875,95237.7890625,95064.1484375,95137.8203125,439664640
2026-01-18 11:00:00+00:00,95134.15625,95142.8203125,95038.8828125,95124.703125,0
2026-01-18 12:00:00+00:00,95129.015625,95135.609375,95049.40625,95049.40625,0
2026-01-18 13:00:00+00:00,95066.609375,95146.4375,94884.125,95115.234375,311855104
2026-01-18 14:00:00+00:00,95118.6171875,95275.953125,94904.9375,94904.9375,444989440
2026-01-18 15:00:00+00:00,94931.953125,95088.28125,94891.65625,95088.28125,0
2026-01-18 16:00:00+00:00,95082.828125,95157.6796875,95044.390625,95139.5,0
2026-01-18 17:00:00+00:00,95124.078125,95233.15625,95121.7890625,95171.609375,6135808
2026-01-18 18:00:00+00:00,95229.9375,95488.1796875,95155.28125,95439.3671875,440893440
2026-01-18 19:00:00+00:00,95408.9921875,95475.015625,95308.9921875,95334.5625,524771328
2026-01-18 20:00:00+00:00,95345.9609375,95406.9765625,95260.4609375,95266.8046875,129189888
2026-01-18 21:00:00+00:00,95266.96875,95396.859375,95245.46875,95388.8515625,0
2026-01-18 22:00:00+00:00,95389.390625,95473.25,95363.46875,95458.40625,90507264
2026-01-18 23:00:00+00:00,95416.59375,95416.59375,93595.4140625,93655.671875,3332814848
2026-01-19 00:00:00+00:00,93646.9140625,93646.9140625,92286.546875,92697.59375,6988539904
2026-01-19 01:00:00+00:00,92703.4140625,92792.6171875,92234.4140625,92509.7265625,1805570048
2026-01-19 02:00:00+00:00,92529.109375,92599.1015625,92366.15625,92518.2109375,1139877888
2026-01-19 03:00:00+00:00,92536.8203125,92740.625,92481.3828125,92642.5625,874809344
2026-01-19 04:00:00+00:00,92654.5546875,92682.65625,92481.0,92674.09375,822702080
2026-01-19 05:00:00+00:00,92630.9921875,92710.4765625,92484.2734375,92484.2890625,438132736
2026-01-19 06:00:00+00:00,92481.125,92565.40625,92381.03125,92511.3046875,710830080
2026-01-19 07:00:00+00:00,92534.484375,92792.71875,92517.8203125,92792.71875,606826496
2026-01-19 08:00:00+00:00,92793.3515625,93259.109375,92703.3203125,93259.109375,2015547392
2026-01-19 09:00:00+00:00,93238.890625,93238.890625,92911.3828125,92993.5625,0
2026-01-19 10:00:00+00:00,92993.8359375,93021.6953125,92843.3125,92999.53125,120508416
2026-01-19 11:00:00+00:00,93002.109375,93225.7734375,92931.7421875,93140.140625,1161461760
2026-01-19 12:00:00+00:00,93136.5390625,93153.4375,92969.1953125,92996.1953125,975622144
2026-01-19 13:00:00+00:00,93013.1015625,93071.46875,92829.953125,92964.34375,194220032
2026-01-19 14:00:00+00:00,92974.21875,92976.765625,92677.9453125,92768.84375,0
2026-01-19 15:00:00+00:00,92776.3125,93022.8125,92776.3125,93022.8125,568815616
2026-01-19 16:00:00+00:00,93003.4296875,93320.265625,92965.234375,93298.6640625,601255936
2026-01-19 17:00:00+00:00,93273.6015625,93345.34375,93100.703125,93182.34375,543985664
2026-01-19 18:00:00+00:00,93184.4609375,93207.0390625,92884.6015625,93003.1875,0
2026-01-19 19:00:00+00:00,93002.796875,93095.921875,92976.734375,93079.109375,0
2026-01-19 20:00:00+00:00,93067.625,93215.546875,93048.0078125,93091.734375,107687936
2026-01-19 21:00:00+00:00,93077.25,93249.3515625,92955.578125,92975.2578125,351973376
2026-01-19 22:00:00+00:00,92968.515625,92976.5703125,92570.8125,92570.8125,332480512
2026-01-19 23:00:00+00:00,92516.0859375,92643.53125,92152.296875,92553.6015625,0
2026-01-20 00:00:00+00:00,92583.640625,92796.171875,92300.734375,92606.875,0
2026-01-20 01:00:00+00:00,92637.40625,92797.2109375,92490.6171875,92757.5,0
2026-01-20 02:00:00+00:00,92645.9296875,92645.9296875,92335.1796875,92464.546875,0
2026-01-20 03:00:00+00:00,92540.9296875,92540.9296875,92217.1171875,92357.453125,0
2026-01-20 04:00:00+00:00,92367.1171875,92385.4921875,91954.4921875,91954.4921875,0
2026-01-20 05:00:00+00:00,91988.40625,91988.40625,91332.03125,91604.171875,2795505664
2026-01-20 06:00:00+00:00,91556.8984375,91556.8984375,90714.109375,90770.21875,2230145024
2026-01-20 07:00:00+00:00,90816.7578125,91197.2421875,90816.7578125,91076.8671875,579307520
2026-01-20 08:00:00+00:00,91083.25,91141.125,90623.09375,90998.25,499728384
2026-01-20 09:00:00+00:00,90998.7265625,90998.7265625,90828.7578125,90938.984375,0
2026-01-20 10:00:00+00:00,90931.65625,91188.875,90900.21875,91184.6796875,0
2026-01-20 11:00:00+00:00,91176.0,91334.3828125,91146.7578125,91146.7578125,165572608
2026-01-20 12:00:00+00:00,91131.4609375,91205.4296875,90981.8515625,91195.4375,276025344
2026-01-20 13:00:00+00:00,91192.8125,91199.3203125,90772.796875,90871.96875,484593664
2026-01-20 14:00:00+00:00,90869.0625,91273.8984375,90302.3515625,90583.90625,2314514432
2026-01-20 15:00:00+00:00,90461.1796875,90670.4375,89835.34375,90429.4609375,3672580096
2026-01-20 16:00:00+00:00,90583.625,90856.9453125,89990.1484375,90095.3359375,1268162560
2026-01-20 17:00:00+00:00,90072.9609375,90372.078125,89424.9375,89671.7265625,2078396416
2026-01-20 18:00:00+00:00,89675.8359375,89815.71875,89311.7578125,89393.78125,1880948736
2026-01-20 19:00:00+00:00,89387.1328125,89651.1484375,89193.546875,89597.7265625,1656410112
2026-01-20 20:00:00+00:00,89600.03125,89697.8359375,89297.7109375,89504.59375,1510215680
2026-01-20 21:00:00+00:00,89588.1484375,89699.453125,89311.140625,89416.03125,583491584
2026-01-20 22:00:00+00:00,89405.296875,89511.6328125,87954.25,88411.828125,2148122624
2026-01-20 23:00:00+00:00,88405.0390625,88405.0390625,87828.9140625,88326.5078125,3121152
2026-01-21 00:00:00+00:00,88321.28125,88844.9375,88163.0546875,88816.96875,2648227840
2026-01-21 01:00:00+00:00,88814.421875,89033.203125,88764.1640625,88909.5859375,280936448
2026-01-21 02:00:00+00:00,88912.34375,89198.4609375,88881.53125,88958.2265625,866316288
2026-01-21 03:00:00+00:00,88940.71875,89455.671875,88940.71875,89315.8828125,185372672
2026-01-21 04:00:00+00:00,89315.8828125,89503.46875,89256.34375,89352.0078125,587218944
2026-01-21 05:00:00+00:00,89335.65625,89972.5234375,89335.65625,89813.7734375,0
2026-01-21 06:00:00+00:00,89842.734375,89842.734375,89409.96875,89527.296875,0
2026-01-21 07:00:00+00:00,89542.9375,89638.125,88987.125,89049.6171875,22372352
2026-01-21 08:00:00+00:00,89112.140625,89260.765625,88894.2578125,89101.4921875,0
2026-01-21 09:00:00+00:00,89096.578125,89381.4921875,88984.3203125,88984.3203125,0
2026-01-21 10:00:00+00:00,89008.3984375,89283.7578125,89008.3359375,89175.625,103473152
2026-01-21 11:00:00+00:00,89158.875,89274.3046875,88652.5859375,88687.1328125,0
2026-01-21 12:00:00+00:00,88694.875,88726.515625,88190.734375,88647.78125,2625662976
2026-01-21 13:00:00+00:00,88655.0546875,88919.2109375,88505.4296875,88700.5,0
2026-01-21 14:00:00+00:00,88599.59375,89869.4609375,88549.03125,89829.578125,2650615808
2026-01-21 15:00:00+00:00,89722.8828125,90412.0625,89721.328125,90238.5859375,0
2026-01-21 16:00:00+00:00,90192.3828125,90231.1484375,87585.9921875,87585.9921875,340979712
2026-01-21 17:00:00+00:00,87527.5546875,87927.9921875,87240.59375,87895.9296875,3013287936
2026-01-21 18:00:00+00:00,87872.296875,88505.5859375,87563.40625,88377.2890625,635789312
2026-01-21 19:00:00+00:00,88390.3046875,90284.2578125,88222.90625,90246.1328125,2162290688
2026-01-21 20:00:00+00:00,90271.765625,90271.765625,89400.9765625,90090.5546875,691843072
2026-01-21 21:00:00+00:00,90095.609375,90232.65625,89955.09375,90194.1328125,347852800
2026-01-21 22:00:00+00:00,90171.5859375,90309.03125,89779.609375,89782.7421875,0
2026-01-21 23:00:00+00:00,89735.8671875,90118.4921875,89306.90625,89378.5234375,0
2026-01-22 00:00:00+00:00,89372.4296875,89931.953125,89372.4296875,89814.7421875,0
2026-01-22 01:00:00+00:00,89823.671875,90078.8984375,89772.5625,90045.375,0
2026-01-22 02:00:00+00:00,90030.71875,90254.0546875,89786.90625,89860.421875,0
2026-01-22 03:00:00+00:00,89857.9296875,90058.765625,89649.703125,89806.5078125,0
2026-01-22 04:00:00+00:00,89799.9140625,89975.3671875,89745.5078125,89961.8203125,0
2026-01-22 05:00:00+00:00,89928.8828125,89974.5625,89843.46875,89859.625,0
2026-01-22 06:00:00+00:00,89937.40625,90115.2890625,89823.6484375,90108.515625,0
2026-01-22 07:00:00+00:00,90085.953125,90104.0390625,89713.28125,89713.28125,0
2026-01-22 08:00:00+00:00,89737.8359375,89868.625,89688.9609375,89823.0078125,0
2026-01-22 09:00:00+00:00,89823.6015625,90042.640625,89820.1171875,89947.0625,0
2026-01-22 10:00:00+00:00,89947.3203125,90013.328125,89884.875,90011.8125,991895552
2026-01-22 11:00:00+00:00,90005.0859375,90053.109375,89825.8671875,89853.8828125,0
2026-01-22 12:00:00+00:00,89853.265625,89985.984375,89803.6484375,89935.0,0
2026-01-22 13:00:00+00:00,89943.90625,90220.1015625,89424.3359375,89521.828125,94830592
2026-01-22 14:00:00+00:00,89534.890625,89596.09375,89056.0546875,89121.171875,0
2026-01-22 15:00:00+00:00,89030.96875,89265.7109375,88438.4453125,88943.0234375,16252928
2026-01-22 16:00:00+00:00,88937.2578125,89120.75,88648.4296875,88906.21875,0
2026-01-22 17:00:00+00:00,88946.9453125,89447.0625,88946.9453125,89447.0625,0
2026-01-22 18:00:00+00:00,89484.3203125,89672.359375,89221.640625,89221.640625,0
2026-01-22 19:00:00+00:00,89236.59375,89809.1328125,89074.765625,89729.1796875,0
2026-01-22 20:00:00+00:00,89704.7109375,89835.3984375,89358.2734375,89373.109375,0
2026-01-22 21:00:00+00:00,89481.0390625,89555.8828125,89166.453125,89166.453125,0
2026-01-22 22:00:00+00:00,89170.6953125,89432.0625,89098.59375,89252.34375,0
2026-01-22 23:00:00+00:00,89197.2890625,89478.9140625,89086.1484375,89462.046875,0
2026-01-23 00:00:00+00:00,89460.1953125,89536.5859375,89362.640625,89503.7421875,0
2026-01-23 01:00:00+00:00,89464.34375,89823.1796875,89464.34375,89823.1796875,0
2026-01-23 02:00:00+00:00,89819.3984375,89849.0390625,89562.15625,89567.625,0
2026-01-23 03:00:00+00:00,89564.484375,89809.9609375,89558.8359375,89806.8046875,0
2026-01-23 04:00:00+00:00,89816.9921875,89924.640625,89786.2421875,89896.5625,569004032
2026-01-23 05:00:00+00:00,89873.828125,89873.828125,89412.8671875,89495.859375,0
2026-01-23 06:00:00+00:00,89514.6640625,89672.78125,89346.40625,89394.3515625,211247104
2026-01-23 07:00:00+00:00,89390.765625,89566.390625,89381.0859375,89438.1640625,713007104
2026-01-23 08:00:00+00:00,89440.5234375,89492.421875,89068.359375,89134.0390625,425525248
2026-01-23 09:00:00+00:00,89128.2265625,89245.515625,88804.515625,88848.1875,833204224
2026-01-23 10:00:00+00:00,88856.9140625,89002.046875,88794.5859375,88907.9609375,0
2026-01-23 11:00:00+00:00,88925.7421875,89201.5546875,88888.203125,89056.578125,274743296
2026-01-23 12:00:00+00:00,89088.9609375,89240.4375,88971.203125,89177.328125,0
2026-01-23 13:00:00+00:00,89153.296875,89326.21875,89122.0234375,89222.6328125,0
2026-01-23 14:00:00+00:00,89238.3671875,89575.2578125,88616.1015625,88899.03125,95121408
2026-01-23 15:00:00+00:00,88900.2109375,89732.8203125,88585.921875,89529.734375,0
2026-01-23 16:00:00+00:00,89636.40625,90334.65625,89420.1796875,90003.8515625,0
2026-01-23 17:00:00+00:00,90031.8203125,91088.8125,89881.375,90490.875,1752940544
2026-01-23 18:00:00+00:00,90484.453125,90912.9140625,90394.4921875,90460.0703125,1016676352
2026-01-23 19:00:00+00:00,90425.8125,90425.8125,89612.3515625,89854.390625,1029402624
2026-01-23 20:00:00+00:00,89867.703125,90018.3828125,89199.8984375,89444.8828125,0
2026-01-23 21:00:00+00:00,89372.0,89561.796875,89228.5703125,89228.5703125,1192067072
2026-01-23 22:00:00+00:00,89237.75,89621.8984375,89237.75,89534.2421875,72814592
2026-01-23 23:00:00+00:00,89516.6328125,89516.6328125,89381.484375,89506.1484375,0
2026-01-24 00:00:00+00:00,89487.0,89508.328125,89305.03125,89347.3515625,0
2026-01-24 01:00:00+00:00,89340.84375,89470.703125,89334.5625,89415.65625,0
2026-01-24 02:00:00+00:00,89429.53125,89582.09375,89429.53125,89582.09375,0
2026-01-24 03:00:00+00:00,89576.2109375,89795.78125,89562.6328125,89647.421875,0
2026-01-24 04:00:00+00:00,89644.4140625,89720.5859375,89584.6953125,89720.5859375,0
2026-01-24 05:00:00+00:00,89717.6953125,89730.140625,89633.890625,89658.796875,0
2026-01-24 06:00:00+00:00,89669.1015625,89669.1015625,89512.5078125,89512.5078125,0
2026-01-24 07:00:00+00:00,89516.6640625,89537.125,89442.890625,89471.3125,0
2026-01-24 08:00:00+00:00,89480.171875,89543.7578125,89458.421875,89534.7734375,0
2026-01-24 09:00:00+00:00,89516.2421875,89525.7578125,89453.6484375,89462.7734375,0
2026-01-24 10:00:00+00:00,89461.9140625,89513.7890625,89453.5078125,89492.6015625,0
2026-01-24 11:00:00+00:00,89491.9296875,89519.328125,89463.234375,89463.234375,0
2026-01-24 12:00:00+00:00,89460.1015625,89460.1015625,89355.953125,89398.375,0
2026-01-24 13:00:00+00:00,89393.078125,89416.375,89385.890625,89398.90625,0
2026-01-24 14:00:00+00:00,89331.703125,89383.796875,89119.8203125,89323.2109375,0
2026-01-24 15:00:00+00:00,89317.1796875,89348.3515625,89143.34375,89143.34375,0
2026-01-24 16:00:00+00:00,89147.7734375,89208.7265625,89049.9609375,89149.1015625,0
2026-01-24 17:00:00+00:00,89138.515625,89270.4765625,89138.515625,89246.3828125,0
2026-01-24 18:00:00+00:00,89246.4375,89324.7890625,89240.2578125,89258.7265625,0
2026-01-24 19:00:00+00:00,89259.265625,89259.265625,89141.328125,89193.1484375,0
2026-01-24 20:00:00+00:00,89195.15625,89258.5625,89188.1796875,89243.9609375,0
2026-01-24 21:00:00+00:00,89241.6875,89243.8359375,89137.8515625,89243.8359375,0
2026-01-24 22:00:00+00:00,89261.71875,89340.9296875,89178.390625,89261.984375,0
2026-01-24 23:00:00+00:00,89291.421875,89331.640625,89104.765625,89104.765625,3477504
2026-01-25 00:00:00+00:00,89095.46875,89158.3828125,89053.7734375,89154.3671875,4557824
2026-01-25 01:00:00+00:00,89168.0859375,89186.140625,88991.484375,89032.7421875,0
2026-01-25 02:00:00+00:00,89035.7578125,89103.859375,89003.84375,89003.84375,0
2026-01-25 03:00:00+00:00,89002.734375,89038.59375,88717.078125,88839.1171875,219425792
2026-01-25 04:00:00+00:00,88840.0625,88953.1015625,88816.78125,88923.28125,354953216
2026-01-25 05:00:00+00:00,88875.8671875,88907.3046875,88741.9375,88862.65625,206692352
2026-01-25 06:00:00+00:00,88854.484375,88854.484375,88570.8671875,88718.78125,441782272
2026-01-25 07:00:00+00:00,88715.296875,88715.296875,88503.3671875,88513.375,9151488
2026-01-25 08:00:00+00:00,88521.5078125,88615.0078125,88088.53125,88188.765625,758052864
2026-01-25 09:00:00+00:00,88184.5625,88350.4609375,88126.609375,88263.265625,121177088
2026-01-25 10:00:00+00:00,88262.796875,88525.4296875,88262.0703125,88512.4140625,929459200
2026-01-25 11:00:00+00:00,88516.390625,88572.28125,88400.7734375,88436.84375,223760384
2026-01-25 12:00:00+00:00,88440.3203125,88649.5859375,88319.828125,88649.5859375,260517888
2026-01-25 13:00:00+00:00,88648.3515625,88833.125,88565.453125,88787.1328125,424740864
2026-01-25 14:00:00+00:00,88790.2109375,88799.8046875,88513.5859375,88573.75,0
2026-01-25 15:00:00+00:00,88580.6484375,88623.5390625,88274.546875,88330.328125,198039552
2026-01-25 16:00:00+00:00,88332.8515625,88332.8515625,87576.09375,87969.25,2697684992
2026-01-25 17:00:00+00:00,87963.1796875,87963.1796875,87676.1328125,87718.25,1028018176
2026-01-25 18:00:00+00:00,87744.3515625,87848.640625,86934.3046875,87338.1875,3198857216
2026-01-25 19:00:00+00:00,87296.2109375,87336.828125,86189.78125,86388.40625,3238873088
2026-01-25 20:00:00+00:00,86402.265625,86552.375,86166.2734375,86552.375,1958035456
2026-01-25 21:00:00+00:00,86549.4609375,86884.3515625,86432.734375,86517.0625,1676402688
2026-01-25 22:00:00+00:00,86491.2890625,86545.5859375,86149.046875,86441.5546875,1653880832
2026-01-25 23:00:00+00:00,86442.28125,86677.3828125,86003.7109375,86557.3828125,2192750592
2026-01-26 00:00:00+00:00,86577.5859375,86999.71875,86433.8046875,86734.3203125,1140068352
2026-01-26 01:00:00+00:00,86759.3828125,87664.5078125,86740.9609375,87514.0234375,2153881600
2026-01-26 02:00:00+00:00,87568.5625,87847.46875,87352.5,87437.140625,1271566336
2026-01-26 03:00:00+00:00,87433.46875,87542.3515625,86984.6484375,87120.2421875,1440399360
2026-01-26 04:00:00+00:00,87137.65625,87800.7734375,87137.65625,87605.3515625,1402601472
2026-01-26 05:00:00+00:00,87617.15625,87809.5,87571.9609375,87760.015625,990195712
2026-01-26 06:00:00+00:00,87744.078125,87898.359375,87645.0703125,87838.7421875,812916736
2026-01-26 07:00:00+00:00,87800.7578125,87938.8515625,87623.5,87904.1171875,1503031296
2026-01-26 08:00:00+00:00,87896.6328125,88138.546875,87779.0234375,87884.3984375,174665728
2026-01-26 09:00:00+00:00,87879.421875,87879.421875,87519.9453125,87551.1015625,351358976
2026-01-26 10:00:00+00:00,87562.953125,87848.1640625,87562.953125,87806.640625,374571008
2026-01-26 11:00:00+00:00,87803.171875,87886.2890625,87689.328125,87761.484375,0
2026-01-26 12:00:00+00:00,87757.75,87880.4921875,87655.9140625,87709.390625,210690048
2026-01-26 13:00:00+00:00,87711.5703125,87943.046875,87638.09375,87878.0546875,793583616
2026-01-26 14:00:00+00:00,87872.265625,88310.1171875,87384.1640625,88120.7109375,2734944256
2026-01-26 15:00:00+00:00,88153.3359375,88715.4921875,87328.375,87579.9296875,3291828224
2026-01-26 16:00:00+00:00,87553.265625,87844.15625,87160.7734375,87546.7421875,0
2026-01-26 17:00:00+00:00,87539.296875,87673.6640625,87025.0546875,87593.140625,103497728
2026-01-26 18:00:00+00:00,87606.25,88264.78125,87606.25,88264.78125,0
2026-01-26 19:00:00+00:00,88313.21875,88419.7578125,87873.0625,87919.96875,0
2026-01-26 20:00:00+00:00,87912.3046875,88021.421875,87453.5859375,87495.5859375,0
2026-01-26 21:00:00+00:00,87512.546875,88124.8828125,87497.1875,87966.7734375,0
2026-01-26 22:00:00+00:00,87976.3984375,88165.890625,87917.3984375,88040.0546875,0
2026-01-26 23:00:00+00:00,88011.03125,88548.1875,87960.3828125,88257.4765625,0
2026-01-27 00:00:00+00:00,88190.84375,88333.46875,88111.0,88248.3046875,0
2026-01-27 01:00:00+00:00,88255.828125,88575.6796875,88102.9921875,88462.6171875,0
2026-01-27 02:00:00+00:00,88464.9296875,88722.390625,88464.9296875,88681.78125,0
2026-01-27 03:00:00+00:00,88714.0234375,88759.0,88502.2421875,88640.9453125,0
2026-01-27 04:00:00+00:00,88643.2578125,88813.1328125,88435.46875,88478.6328125,0
2026-01-27 05:00:00+00:00,88473.484375,88481.1015625,88293.109375,88341.765625,0
2026-01-27 06:00:00+00:00,88338.7421875,88406.7734375,88173.7265625,88206.984375,0
2026-01-27 07:00:00+00:00,88216.6875,88453.859375,88205.3828125,88205.3828125,0
2026-01-27 08:00:00+00:00,88216.96875,88276.5,88018.1015625,88073.9609375,0
2026-01-27 09:00:00+00:00,88053.5078125,88053.5078125,87771.109375,87771.40625,0
2026-01-27 10:00:00+00:00,87770.828125,87928.8828125,87652.4375,87654.546875,267079680
2026-01-27 11:00:00+00:00,87684.75,87956.796875,87660.1328125,87900.7734375,367038464
2026-01-27 12:00:00+00:00,87884.34375,88022.484375,87829.5546875,87845.5859375,393248768
2026-01-27 13:00:00+00:00,87866.1953125,87946.8515625,87691.859375,87846.5546875,0
2026-01-27 14:00:00+00:00,87855.3671875,88267.328125,87544.734375,87643.46875,0
2026-01-27 15:00:00+00:00,87610.390625,88010.1796875,87517.875,87908.796875,0
2026-01-27 16:00:00+00:00,87919.828125,88671.171875,87902.3671875,88541.4921875,985309184
2026-01-27 17:00:00+00:00,88527.1796875,88542.5625,87268.1953125,87426.1796875,262320128
2026-01-27 18:00:00+00:00,87447.328125,88348.0234375,87359.6484375,88237.9765625,867287040
2026-01-27 19:00:00+00:00,88156.3125,88409.671875,87950.796875,88292.1875,644694016
2026-01-27 20:00:00+00:00,88286.953125,89358.7109375,88268.1015625,89237.53125,1247973376
2026-01-27 21:00:00+00:00,89295.1484375,89403.3515625,88909.71875,88909.71875,441962496
2026-01-27 22:00:00+00:00,88947.8125,89299.5546875,88920.3984375,89170.09375,731156480
2026-01-27 23:00:00+00:00,89135.9140625,89402.484375,89046.40625,89104.046875,75063296
2026-01-28 00:00:00+00:00,89129.90625,89322.4375,89039.734375,89275.3671875,0
2026-01-28 01:00:00+00:00,89333.2265625,89367.5546875,89093.5859375,89307.5703125,804864000
2026-01-28 02:00:00+00:00,89282.0234375,89309.6171875,88993.328125,89121.609375,0
2026-01-28 03:00:00+00:00,89141.96875,89157.3828125,88884.53125,89013.21875,0
2026-01-28 04:00:00+00:00,89000.6328125,89035.7578125,88741.3046875,88890.5625,0
2026-01-28 05:00:00+00:00,88858.3203125,88942.4921875,88736.1484375,88908.9296875,0
2026-01-28 06:00:00+00:00,88948.84375,89259.1171875,88948.84375,89210.6328125,29609984
2026-01-28 07:00:00+00:00,89194.0546875,89218.328125,89012.0546875,89012.0546875,0
2026-01-28 08:00:00+00:00,89009.1640625,89099.8515625,88775.59375,88799.0234375,679886848
2026-01-28 09:00:00+00:00,88803.65625,89298.5859375,88752.9921875,89298.484375,0
2026-01-28 10:00:00+00:00,89364.421875,89457.515625,89214.6875,89307.328125,988319744
2026-01-28 11:00:00+00:00,89299.1796875,89978.96875,89211.0390625,89947.3515625,1113837568
2026-01-28 12:00:00+00:00,89964.140625,90020.734375,89683.4296875,89868.25,722059264
2026-01-28 13:00:00+00:00,89863.1640625,90304.5234375,89863.0078125,90081.8984375,1609379840
2026-01-28 14:00:00+00:00,90118.578125,90118.578125,89349.0234375,89517.859375,70070272
2026-01-28 15:00:00+00:00,89490.46875,89701.8671875,88976.4140625,89381.1953125,728797184
2026-01-28 16:00:00+00:00,89404.578125,89673.9921875,89155.0703125,89530.984375,0
2026-01-28 17:00:00+00:00,89514.71875,90339.96875,89277.265625,90079.1875,0
2026-01-28 18:00:00+00:00,89818.390625,89818.390625,89318.9453125,89442.84375,560984064
2026-01-28 19:00:00+00:00,89434.5546875,89515.6875,88921.5546875,89425.9921875,755519488
2026-01-28 20:00:00+00:00,89342.6640625,89620.546875,88899.296875,89083.0546875,0
2026-01-28 21:00:00+00:00,89014.7890625,89336.0546875,88780.7734375,89276.7578125,0
2026-01-28 22:00:00+00:00,89292.4375,89336.2421875,89015.2890625,89242.8359375,0
2026-01-28 23:00:00+00:00,89241.203125,89324.9140625,89088.8515625,89169.8515625,4526080
2026-01-29 00:00:00+00:00,89191.0546875,89191.0546875,88799.640625,88978.078125,709607424
2026-01-29 01:00:00+00:00,88997.6640625,89008.015625,88427.1484375,88487.015625,0
2026-01-29 02:00:00+00:00,88456.703125,88602.1953125,87634.8359375,87757.3125,2085818368
2026-01-29 03:00:00+00:00,87724.421875,88043.65625,87724.421875,87938.640625,590024704
2026-01-29 04:00:00+00:00,87916.703125,88192.9921875,87783.8203125,88192.9921875,233902080
2026-01-29 05:00:00+00:00,88173.828125,88253.140625,88006.9609375,88020.765625,105656320
2026-01-29 06:00:00+00:00,88064.890625,88202.703125,88064.890625,88182.0390625,431738880
2026-01-29 07:00:00+00:00,88187.53125,88293.34375,88127.4296875,88280.1484375,222318592
2026-01-29 08:00:00+00:00,88212.9375,88292.7109375,87790.1953125,87928.0625,674963456
2026-01-29 09:00:00+00:00,87929.890625,87995.15625,87768.6796875,87768.6796875,0
2026-01-29 10:00:00+00:00,87763.2890625,87847.5546875,87709.171875,87803.015625,0
2026-01-29 11:00:00+00:00,87807.2421875,87909.734375,87629.2109375,87690.2109375,0
2026-01-29 12:00:00+00:00,87709.984375,87951.8671875,87709.984375,87951.8671875,0
2026-01-29 13:00:00+00:00,87966.6015625,87996.9296875,87829.3359375,87863.984375,0
2026-01-29 14:00:00+00:00,87898.3984375,87925.65625,86876.078125,86876.078125,0
2026-01-29 15:00:00+00:00,86885.578125,86885.578125,84327.9765625,84758.59375,8217477120
2026-01-29 16:00:00+00:00,84780.3671875,85137.859375,84309.265625,85137.859375,4687618048
2026-01-29 17:00:00+00:00,85151.8671875,85425.3046875,84011.8125,84025.984375,3183382528
2026-01-29 18:00:00+00:00,84115.875,84439.1796875,83401.7109375,83441.046875,2568851456
2026-01-29 19:00:00+00:00,83334.640625,84085.640625,83306.4609375,83862.9375,1623662592
2026-01-29 20:00:00+00:00,83852.4140625,84131.6796875,83669.921875,83916.7578125,411402240
2026-01-29 21:00:00+00:00,84068.1796875,84491.640625,84068.1796875,84363.0078125,2076966912
2026-01-29 22:00:00+00:00,84384.71875,84466.46875,84202.5390625,84433.796875,486285312
2026-01-29 23:00:00+00:00,84422.7578125,84590.1875,84306.671875,84562.7265625,605642752
2026-01-30 00:00:00+00:00,84553.6875,84593.25,84064.421875,84109.7421875,0
2026-01-30 01:00:00+00:00,84070.5703125,84070.5703125,81479.8203125,82348.3984375,6574526464
2026-01-30 02:00:00+00:00,82350.1640625,82350.1640625,81075.1328125,81904.53125,2459353088
2026-01-30 03:00:00+00:00,82032.0625,82581.6640625,81969.328125,82581.6640625,1409638400
2026-01-30 04:00:00+00:00,82551.75,83130.3828125,82551.75,82798.3125,2365882368
2026-01-30 05:00:00+00:00,82784.0859375,83178.6796875,82784.0859375,82835.453125,349560832
2026-01-30 06:00:00+00:00,82785.5390625,82785.5390625,81949.140625,82440.125,1947443200
2026-01-30 07:00:00+00:00,82485.2421875,82920.640625,82343.875,82710.9453125,1404534784
2026-01-30 08:00:00+00:00,82688.2734375,82810.4453125,82344.0859375,82493.3515625,622706688
2026-01-30 09:00:00+00:00,82544.40625,82642.203125,82076.375,82209.171875,0
2026-01-30 10:00:00+00:00,82225.15625,82722.3515625,82057.5859375,82657.203125,1975410688
2026-01-30 11:00:00+00:00,82689.8515625,83098.0546875,82565.0,83055.71875,0
2026-01-30 12:00:00+00:00,83043.0546875,83167.1171875,82546.5234375,82632.265625,465207296
2026-01-30 13:00:00+00:00,82653.0625,82815.703125,82459.2890625,82570.15625,1722204160
2026-01-30 14:00:00+00:00,82610.84375,83562.625,82610.84375,82851.0234375,1577369600
2026-01-30 15:00:00+00:00,82890.3984375,83464.59375,82374.90625,82771.1953125,0
2026-01-30 16:00:00+00:00,82770.171875,83294.609375,82519.0078125,82971.6015625,0
2026-01-30 17:00:00+00:00,83006.765625,83309.3828125,82526.390625,82907.296875,0
2026-01-30 18:00:00+00:00,82828.015625,83851.125,81823.2578125,83851.125,0
2026-01-30 19:00:00+00:00,83824.8828125,84414.1875,83824.8828125,84213.6484375,956481536
2026-01-30 20:00:00+00:00,84120.6640625,84120.6640625,83425.53125,83716.234375,1311678464
2026-01-30 21:00:00+00:00,83824.3359375,84338.046875,83672.2109375,84250.5546875,0
2026-01-30 22:00:00+00:00,84203.7109375,84203.7109375,83782.0859375,84013.8515625,247824384
2026-01-30 23:00:00+00:00,84073.4921875,84153.4296875,83814.8828125,84126.5,0
2026-01-31 00:00:00+00:00,84121.6015625,84130.375,83886.6953125,83914.75,0
2026-01-31 01:00:00+00:00,83936.6640625,84103.828125,83792.3984375,83867.9453125,0
2026-01-31 02:00:00+00:00,83857.015625,84035.203125,83686.375,83986.765625,0
2026-01-31 03:00:00+00:00,83986.203125,84091.1015625,83896.1015625,83896.1015625,0
2026-01-31 04:00:00+00:00,83884.8515625,84005.359375,83806.6640625,83839.328125,0
2026-01-31 05:00:00+00:00,83851.0234375,83950.421875,83767.6875,83858.796875,0
2026-01-31 06:00:00+00:00,83860.34375,83877.8125,83515.4375,83629.1875,0
2026-01-31 07:00:00+00:00,83633.7109375,83644.375,83255.703125,83409.8046875,0
2026-01-31 08:00:00+00:00,83401.9921875,83450.9296875,82553.8046875,82968.609375,840929280
2026-01-31 09:00:00+00:00,82930.703125,83136.75,82777.4453125,83005.203125,0
2026-01-31 10:00:00+00:00,82963.265625,83045.8359375,82807.546875,83010.109375,0
2026-01-31 11:00:00+00:00,83000.546875,83000.546875,82720.984375,82843.46875,0
2026-01-31 12:00:00+00:00,82866.5234375,82979.6640625,82593.765625,82618.6796875,0
2026-01-31 13:00:00+00:00,82621.4765625,82770.4296875,82394.9609375,82607.328125,0
2026-01-31 14:00:00+00:00,82625.9296875,82775.578125,80851.734375,81360.4375,2602426368
2026-01-31 15:00:00+00:00,81367.0859375,81548.734375,81000.84375,81127.515625,0
2026-01-31 16:00:00+00:00,81181.5625,81708.4296875,80008.2109375,80141.0390625,4329385984
2026-01-31 17:00:00+00:00,80232.4140625,80397.9453125,78533.9921875,78709.8984375,6226350080
2026-01-31 18:00:00+00:00,78768.59375,78980.890625,76092.7890625,77837.171875,5326495744
2026-01-31 19:00:00+00:00,77932.796875,78229.4609375,77173.59375,77820.7421875,0
2026-01-31 20:00:00+00:00,77661.0390625,77975.796875,77033.0078125,77941.3203125,0
2026-01-31 21:00:00+00:00,77948.125,78229.1328125,77313.2265625,78229.1328125,1694023680
2026-01-31 22:00:00+00:00,78177.4609375,78374.46875,77911.875,78136.9921875,31563776
2026-01-31 23:00:00+00:00,78084.3671875,79122.1484375,78050.2265625,78626.125,3149910016
2026-02-01 00:00:00+00:00,78655.09375,79284.5,78576.78125,78827.4453125,1376026624
2026-02-01 01:00:00+00:00,78823.6171875,78861.09375,78245.0078125,78418.0234375,541687808
2026-02-01 02:00:00+00:00,78433.078125,78927.8671875,78309.5,78844.2734375,670220288
2026-02-01 03:00:00+00:00,78856.28125,78910.1015625,78602.640625,78803.34375,583016448
2026-02-01 04:00:00+00:00,78790.4609375,79003.578125,78663.75,78940.9296875,89751552
2026-02-01 05:00:00+00:00,78914.46875,78914.46875,78490.1875,78510.140625,472121344
2026-02-01 06:00:00+00:00,78524.265625,78713.4296875,78207.578125,78250.0390625,626958336
2026-02-01 07:00:00+00:00,78231.734375,78585.125,77937.5234375,78274.625,138952704
2026-02-01 08:00:00+00:00,78269.703125,78778.640625,78213.296875,78507.0859375,0
2026-02-01 09:00:00+00:00,78518.1875,78978.7265625,78492.7734375,78978.7265625,0
2026-02-01 10:00:00+00:00,78977.8125,79117.34375,78076.1328125,78159.1953125,387915776
2026-02-01 11:00:00+00:00,78195.0625,78797.8984375,78195.0625,78672.671875,939835392
2026-02-01 12:00:00+00:00,78675.828125,78675.828125,78219.6484375,78421.515625,135454720
2026-02-01 13:00:00+00:00,78386.0546875,78669.5234375,78218.890625,78242.3203125,0
2026-02-01 14:00:00+00:00,78191.390625,78324.3125,77271.5390625,78308.2265625,0
2026-02-01 15:00:00+00:00,78204.0390625,78204.0390625,76879.5546875,77652.15625,1812144128
2026-02-01 16:00:00+00:00,77521.90625,77677.6953125,77063.640625,77376.4765625,0
2026-02-01 17:00:00+00:00,77414.203125,77658.8359375,77243.5546875,77600.8515625,0
2026-02-01 18:00:00+00:00,77670.421875,78303.7578125,77670.421875,77737.0625,0
2026-02-01 19:00:00+00:00,77965.265625,77965.265625,76932.9921875,77017.9296875,0
2026-02-01 20:00:00+00:00,77097.5859375,77470.4375,76586.546875,77010.90625,0
2026-02-01 21:00:00+00:00,77026.9609375,77055.703125,76376.3515625,76405.0,273088512
2026-02-01 22:00:00+00:00,76473.9453125,77527.2109375,76424.328125,77248.171875,346492928
2026-02-01 23:00:00+00:00,77169.71875,77383.71875,75730.4296875,76968.875,3299586048
2026-02-02 00:00:00+00:00,76899.453125,78038.875,76641.46875,77585.1015625,289636352
2026-02-02 01:00:00+00:00,77613.953125,77833.8046875,76713.0703125,77462.3125,241242112
2026-02-02 02:00:00+00:00,77458.328125,77458.328125,76423.1640625,76423.1640625,379691008
2026-02-02 03:00:00+00:00,76403.0390625,76432.8359375,74567.171875,76201.125,6499930112
2026-02-02 04:00:00+00:00,76211.796875,76451.1796875,75303.9765625,75800.8828125,2670108672
2026-02-02 05:00:00+00:00,75809.9296875,75868.8515625,74875.734375,75453.3984375,2212487168
2026-02-02 06:00:00+00:00,75430.578125,76537.4296875,74886.6796875,76386.546875,3661258752
2026-02-02 07:00:00+00:00,76409.375,76772.703125,76289.7265625,76630.1015625,1207623680
2026-02-02 08:00:00+00:00,76550.1015625,76997.296875,76550.1015625,76923.2421875,410697728
2026-02-02 09:00:00+00:00,76803.4609375,77716.125,76600.7734375,77648.125,1877893120
2026-02-02 10:00:00+00:00,77608.65625,77752.8359375,77409.4375,77443.8125,623304704
2026-02-02 11:00:00+00:00,77416.765625,77875.234375,77413.609375,77647.1171875,388063232
2026-02-02 12:00:00+00:00,77705.25,78273.6875,77673.859375,77944.7578125,1096335360
2026-02-02 13:00:00+00:00,77919.1484375,78216.015625,77736.71875,78216.015625,809435136
2026-02-02 14:00:00+00:00,78181.796875,78792.1015625,77574.0859375,77795.7734375,1299988480
2026-02-02 15:00:00+00:00,77785.125,79207.78125,77555.8515625,78802.921875,1717182464
2026-02-02 16:00:00+00:00,78797.265625,79186.15625,78528.8671875,78586.3203125,1466867712
2026-02-02 17:00:00+00:00,78571.734375,79151.9765625,78571.734375,78959.21875,1171972096
2026-02-02 18:00:00+00:00,78951.4921875,78951.4921875,78324.6328125,78551.328125,79208448
2026-02-02 19:00:00+00:00,78536.9453125,78607.921875,78263.4609375,78443.40625,828669952
2026-02-02 20:00:00+00:00,78275.7421875,78592.984375,77920.7890625,77920.7890625,0
2026-02-02 21:00:00+00:00,77918.9921875,78456.3125,77918.9921875,78445.9609375,0
2026-02-02 22:00:00+00:00,78461.1484375,78765.1484375,78461.1484375,78694.359375,0
2026-02-02 23:00:00+00:00,78734.7421875,78876.578125,78522.296875,78693.5078125,10346496
2026-02-03 00:00:00+00:00,78677.4453125,79009.5859375,78365.828125,79009.5859375,0
2026-02-03 01:00:00+00:00,79008.90625,79104.7578125,78694.7734375,78939.5390625,0
2026-02-03 02:00:00+00:00,78950.703125,78950.703125,77810.25,77810.25,0
2026-02-03 03:00:00+00:00,77789.25,78804.734375,77604.5078125,78719.21875,0
2026-02-03 04:00:00+00:00,78692.9140625,78908.9140625,78440.46875,78717.8125,0
2026-02-03 05:00:00+00:00,78735.6953125,78735.6953125,78190.984375,78190.984375,0
2026-02-03 06:00:00+00:00,78165.84375,78563.0703125,77898.6484375,78502.71875,0
2026-02-03 07:00:00+00:00,78526.203125,78817.375,78465.7890625,78674.046875,0
2026-02-03 08:00:00+00:00,78675.0703125,78942.1796875,78405.5546875,78673.890625,0
2026-02-03 09:00:00+00:00,78669.9921875,78739.921875,77895.4609375,78320.34375,0
2026-02-03 10:00:00+00:00,78330.5703125,78469.125,78006.5234375,78006.5234375,0
2026-02-03 11:00:00+00:00,78045.7265625,78256.125,77942.1796875,78038.4609375,0
2026-02-03 12:00:00+00:00,78007.921875,78331.4921875,77947.1328125,78281.8515625,0
2026-02-03 13:00:00+00:00,78237.9375,78374.125,78143.203125,78242.140625,0
2026-02-03 14:00:00+00:00,78204.8828125,78344.484375,77201.9609375,77201.9609375,0
2026-02-03 15:00:00+00:00,77140.09375,78089.84375,77043.4921875,78089.84375,0
2026-02-03 16:00:00+00:00,78075.03125,78075.03125,76518.6015625,76518.6015625,985391104
2026-02-03 17:00:00+00:00,76452.234375,76452.234375,74846.2890625,74846.2890625,1783324672
2026-02-03 18:00:00+00:00,75094.3515625,75174.875,73094.4375,73178.6484375,6889398272
2026-02-03 19:00:00+00:00,73073.453125,75109.3046875,72957.203125,74939.3515625,3994415104
2026-02-03 20:00:00+00:00,74880.3203125,76439.9609375,74527.0703125,76281.6796875,2349641728
2026-02-03 21:00:00+00:00,76405.1328125,76820.0234375,76099.3203125,76159.6171875,742961152
2026-02-03 22:00:00+00:00,76149.3984375,76154.9140625,75340.2109375,75543.5,1236070400
2026-02-03 23:00:00+00:00,75609.0234375,75878.296875,75349.7890625,75640.09375,0
2026-02-04 00:00:00+00:00,75621.7265625,76120.8828125,75366.078125,75804.78125,0
2026-02-04 01:00:00+00:00,75798.2265625,76657.6875,75798.2265625,76332.2265625,502697984
2026-02-04 02:00:00+00:00,76327.453125,76487.59375,75651.0390625,75910.71875,315539456
2026-02-04 03:00:00+00:00,75880.7890625,76858.1328125,75830.9921875,76621.1328125,0
2026-02-04 04:00:00+00:00,76617.9140625,76712.1953125,76366.78125,76366.78125,0
2026-02-04 05:00:00+00:00,76382.703125,76425.84375,76033.015625,76148.5390625,1160429568
2026-02-04 06:00:00+00:00,76185.203125,76669.78125,76182.46875,76553.671875,0
2026-02-04 07:00:00+00:00,76552.265625,76552.265625,76246.3125,76402.2265625,0
2026-02-04 08:00:00+00:00,76412.5,76466.7890625,75993.9296875,76421.3046875,0
2026-02-04 09:00:00+00:00,76471.59375,76481.625,75891.5625,76003.046875,0
2026-02-04 10:00:00+00:00,75986.21875,76211.890625,75966.2265625,76189.34375,0
2026-02-04 11:00:00+00:00,76185.1875,76185.1875,75602.859375,76008.765625,1096249344
2026-02-04 12:00:00+00:00,75947.3359375,76140.171875,75925.671875,76048.375,0
2026-02-04 13:00:00+00:00,76050.5,76075.46875,74758.4296875,74758.4296875,1647616000
2026-02-04 14:00:00+00:00,74772.0703125,75413.5,74255.1640625,74255.1640625,1825669120
2026-02-04 15:00:00+00:00,74233.3984375,75031.2109375,73774.4765625,74074.9140625,1654530048
2026-02-04 16:00:00+00:00,74013.046875,74067.9375,73001.78125,73541.828125,0
2026-02-04 17:00:00+00:00,73513.9609375,73669.7734375,72163.328125,72488.2109375,0
2026-02-04 18:00:00+00:00,72412.46875,73908.3125,72147.59375,73406.4765625,0
2026-02-04 19:00:00+00:00,73257.71875,73793.578125,72990.5859375,73782.9140625,0
2026-02-04 20:00:00+00:00,73768.2265625,73892.3359375,73294.921875,73414.15625,0
2026-02-04 21:00:00+00:00,73351.7421875,73420.765625,72076.0390625,72609.0078125,0
2026-02-04 22:00:00+00:00,72625.59375,73495.828125,71801.09375,72321.9765625,524906496
2026-02-04 23:00:00+00:00,72386.7265625,73315.2578125,72340.1953125,73042.9765625,1920655360
2026-02-05 00:00:00+00:00,73019.046875,73096.59375,72626.15625,72715.375,0
2026-02-05 01:00:00+00:00,72716.1640625,73161.5546875,71923.4296875,72327.2109375,1462738944
2026-02-05 02:00:00+00:00,72259.9609375,72589.4765625,71495.2109375,71502.9609375,2263703552
2026-02-05 03:00:00+00:00,71315.2265625,71696.7578125,71033.1875,71080.6328125,2192056320
2026-02-05 04:00:00+00:00,71095.203125,71242.34375,70604.3046875,70715.390625,4062175232
2026-02-05 05:00:00+00:00,70730.171875,70919.1796875,70045.265625,70544.9609375,3701088256
2026-02-05 06:00:00+00:00,70579.46875,70809.6796875,70322.6484375,70787.046875,1348034560
2026-02-05 07:00:00+00:00,70804.4375,71392.6015625,70511.1640625,70511.1640625,308125696
2026-02-05 08:00:00+00:00,70567.3359375,71358.1328125,70567.3359375,71038.921875,1365311488
2026-02-05 09:00:00+00:00,70908.0234375,71770.03125,70908.0234375,71408.4921875,1743953920
2026-02-05 10:00:00+00:00,71413.3125,71581.5,70615.9375,70689.8359375,710393856
2026-02-05 11:00:00+00:00,70730.5859375,70888.1171875,69875.6015625,70168.015625,3275325440
2026-02-05 12:00:00+00:00,70200.3203125,70452.1171875,69099.15625,69455.5234375,938082304
2026-02-05 13:00:00+00:00,69427.59375,69605.4296875,69151.953125,69458.4296875,2181881856
2026-02-05 14:00:00+00:00,69555.3671875,70626.5546875,69334.984375,69347.7890625,692666368
2026-02-05 15:00:00+00:00,69328.6484375,69328.6484375,66666.5625,67298.3125,6255230976
2026-02-05 16:00:00+00:00,67372.921875,68465.875,66843.46875,68121.9765625,1920024576
2026-02-05 17:00:00+00:00,68169.625,68169.625,66066.1328125,66066.1328125,2916851712
2026-02-05 18:00:00+00:00,66050.9453125,66354.328125,65321.4375,66248.5234375,2688524288
2026-02-05 19:00:00+00:00,66223.2109375,66408.4765625,65099.53515625,65136.609375,973561856
2026-02-05 20:00:00+00:00,65125.8515625,65465.00390625,62473.234375,63543.17578125,8927444992
2026-02-05 21:00:00+00:00,63628.7734375,64358.5625,62919.2890625,63136.7578125,5355724800
2026-02-05 22:00:00+00:00,63110.16015625,64319.59765625,62652.79296875,63948.0078125,4144545792
2026-02-05 23:00:00+00:00,63795.109375,64639.2890625,62704.453125,62704.453125,1445339136
2026-02-06 00:00:00+00:00,62801.2734375,63744.52734375,60074.8046875,63515.5859375,13555834880
2026-02-06 01:00:00+00:00,63448.31640625,65623.96875,63448.31640625,65503.72265625,5209243648
2026-02-06 02:00:00+00:00,65560.9609375,65882.78125,64253.453125,64803.53515625,179732480
2026-02-06 03:00:00+00:00,64896.12890625,65055.5,63812.953125,64074.9453125,0
2026-02-06 04:00:00+00:00,64116.52734375,64928.484375,64047.6640625,64807.66015625,0
2026-02-06 05:00:00+00:00,64835.25,66687.53125,64774.20703125,66298.2109375,0
2026-02-06 06:00:00+00:00,66322.40625,66687.8984375,64851.87890625,65076.14453125,1245216768
2026-02-06 07:00:00+00:00,64915.19921875,65411.0546875,64609.625,64802.48046875,198443008
2026-02-06 08:00:00+00:00,64748.1484375,65064.28515625,64466.109375,64782.484375,0
2026-02-06 09:00:00+00:00,64810.96875,66019.640625,64754.5,65739.6796875,3169878016
2026-02-06 10:00:00+00:00,65729.75,66096.640625,65519.984375,65868.8515625,694943744
2026-02-06 11:00:00+00:00,65861.453125,66610.0703125,65715.703125,66508.9140625,0
2026-02-06 12:00:00+00:00,66528.8515625,66528.8515625,66097.9296875,66455.7734375,0
2026-02-06 13:00:00+00:00,66478.7734375,67470.515625,66453.21875,67311.828125,1024229376
2026-02-06 14:00:00+00:00,67248.3046875,68567.7890625,66626.734375,68182.078125,2606202880
2026-02-06 15:00:00+00:00,67970.34375,69125.625,67871.5859375,68622.9140625,0
2026-02-06 16:00:00+00:00,68613.3359375,70167.9375,68516.328125,69743.1484375,0
2026-02-06 17:00:00+00:00,69922.9921875,71438.921875,69648.8046875,70801.6171875,1737785344
2026-02-06 18:00:00+00:00,70761.6796875,70761.6796875,69397.40625,69745.578125,0
2026-02-06 19:00:00+00:00,69736.8203125,70808.890625,69660.2734375,70739.2421875,0
2026-02-06 20:00:00+00:00,70672.296875,70923.2890625,70020.3828125,70078.875,0
2026-02-06 21:00:00+00:00,70005.5078125,70440.5546875,69863.625,70341.296875,0
2026-02-06 22:00:00+00:00,70307.0078125,71467.296875,70255.5859375,71295.2578125,0
2026-02-06 23:00:00+00:00,71306.65625,71670.015625,70514.7265625,70553.796875,0
2026-02-07 00:00:00+00:00,70524.3515625,70524.3515625,69693.6640625,69918.40625,0
2026-02-07 01:00:00+00:00,69920.5390625,70601.6484375,69739.125,70479.3984375,0
2026-02-07 02:00:00+00:00,70454.4453125,70574.0546875,70152.8515625,70330.5625,0
2026-02-07 03:00:00+00:00,70328.234375,70818.9375,70258.2421875,70793.75,437444608
2026-02-07 04:00:00+00:00,70873.4921875,71611.1484375,70596.5390625,70678.53125,0
2026-02-07 05:00:00+00:00,70722.6015625,71132.3125,69952.828125,70077.4375,0
2026-02-07 06:00:00+00:00,70095.2265625,70264.0078125,68887.171875,68887.171875,0
2026-02-07 07:00:00+00:00,68751.1640625,68944.3984375,67375.96875,68144.4140625,3177095168
2026-02-07 08:00:00+00:00,68076.0,68668.4140625,67767.1171875,68526.3046875,284229632
2026-02-07 09:00:00+00:00,68485.5703125,68692.375,67860.796875,68037.2734375,0
2026-02-07 10:00:00+00:00,68083.8828125,68234.8828125,67587.890625,67967.296875,885989376
2026-02-07 11:00:00+00:00,67986.7109375,68102.90625,67674.640625,67935.734375,0
2026-02-07 12:00:00+00:00,67943.171875,69737.5,67943.171875,68888.953125,1515642880
2026-02-07 13:00:00+00:00,68963.5859375,69261.984375,68797.7734375,68944.21875,0
2026-02-07 14:00:00+00:00,68982.6484375,69088.3359375,68375.5546875,68617.71875,0
2026-02-07 15:00:00+00:00,68588.1328125,69585.1484375,68588.1328125,69057.765625,0
2026-02-07 16:00:00+00:00,69083.765625,69622.3359375,68819.84375,68935.0546875,0
2026-02-07 17:00:00+00:00,68958.2421875,69342.578125,68637.796875,69141.8203125,0
2026-02-07 18:00:00+00:00,69135.7734375,69598.5625,68979.609375,69420.8203125,0
2026-02-07 19:00:00+00:00,69449.5703125,69513.578125,69241.8984375,69262.84375,0
2026-02-07 20:00:00+00:00,69317.5703125,69648.6484375,69217.921875,69589.25,0
2026-02-07 21:00:00+00:00,69580.296875,69650.375,69327.2265625,69393.890625,0
2026-02-07 22:00:00+00:00,69433.6796875,69656.6640625,69318.4765625,69401.46875,0
2026-02-07 23:00:00+00:00,69385.84375,69388.125,68762.859375,69283.7265625,10575872
2026-02-08 00:00:00+00:00,69302.40625,69356.890625,68852.8984375,68980.015625,0
2026-02-08 01:00:00+00:00,69090.8671875,69422.046875,69075.1015625,69318.828125,0
2026-02-08 02:00:00+00:00,69346.3515625,69629.640625,69150.921875,69280.2109375,0
2026-02-08 03:00:00+00:00,69326.2109375,69367.515625,69033.8359375,69053.3359375,0
2026-02-08 04:00:00+00:00,69061.484375,69263.1171875,68951.5703125,69227.8203125,0
2026-02-08 05:00:00+00:00,69279.359375,69349.25,69115.953125,69181.0078125,0
2026-02-08 06:00:00+00:00,69169.3828125,69339.453125,69049.4765625,69250.5546875,0
2026-02-08 07:00:00+00:00,69298.375,69640.6875,69200.8359375,69640.6875,0
2026-02-08 08:00:00+00:00,69644.28125,70681.6171875,69501.515625,70629.3203125,0
2026-02-08 09:00:00+00:00,70586.15625,70592.4296875,70045.546875,70158.1875,0
2026-02-08 10:00:00+00:00,70154.3671875,70361.5234375,69862.25,70193.890625,0
2026-02-08 11:00:00+00:00,70185.515625,71117.5859375,70181.1015625,70906.015625,14655488
2026-02-08 12:00:00+00:00,70936.6484375,71136.8125,70678.2734375,71108.65625,0
2026-02-08 13:00:00+00:00,71184.34375,71455.21875,70977.2578125,71404.6875,0
2026-02-08 14:00:00+00:00,71438.5078125,71491.65625,71061.7890625,71155.453125,0
2026-02-08 15:00:00+00:00,71177.671875,71389.890625,70790.625,71068.4609375,0
2026-02-08 16:00:00+00:00,71098.765625,71187.640625,70327.515625,70333.578125,0
2026-02-08 17:00:00+00:00,70363.4921875,70778.40625,70363.4921875,70740.328125,0
2026-02-08 18:00:00+00:00,70731.484375,71346.6640625,70731.484375,71145.9921875,0
2026-02-08 19:00:00+00:00,71095.375,71471.8828125,71095.375,71368.1640625,0
2026-02-08 20:00:00+00:00,71368.8203125,71368.8203125,70726.359375,70788.21875,689606656
2026-02-08 21:00:00+00:00,70801.3671875,71049.8203125,70531.390625,70673.9140625,260841472
2026-02-08 22:00:00+00:00,70668.7109375,71035.0,70634.1796875,71035.0,0
2026-02-08 23:00:00+00:00,71010.4765625,72142.7421875,70016.5546875,70243.328125,2146496512
2026-02-09 00:00:00+00:00,70306.1171875,70715.546875,70151.875,70464.6171875,377040896
2026-02-09 01:00:00+00:00,70465.1484375,70852.828125,70057.1484375,70335.8125,611954688
2026-02-09 02:00:00+00:00,70320.203125,70884.7578125,70186.1640625,70588.921875,211832832
2026-02-09 03:00:00+00:00,70565.2109375,71358.8046875,70565.2109375,71210.2890625,1227862016
2026-02-09 04:00:00+00:00,71276.8828125,71292.8671875,70904.1640625,70986.0703125,440156160
2026-02-09 05:00:00+00:00,70954.515625,71038.953125,70784.546875,70911.234375,0
2026-02-09 06:00:00+00:00,70951.203125,70951.203125,70344.0390625,70612.078125,1260109824
2026-02-09 07:00:00+00:00,70609.859375,70781.7890625,70340.8828125,70396.03125,765956096
2026-02-09 08:00:00+00:00,70424.5546875,70505.0625,69420.140625,69840.75,21630976
2026-02-09 09:00:00+00:00,69818.84375,69990.984375,69459.1875,69529.40625,76992512
2026-02-09 10:00:00+00:00,69534.65625,69640.125,68418.9921875,68665.3828125,1225433088
2026-02-09 11:00:00+00:00,68665.25,68934.640625,68533.2578125,68798.65625,4300800
2026-02-09 12:00:00+00:00,68801.234375,69156.1484375,68801.234375,69033.953125,104501248
2026-02-09 13:00:00+00:00,69079.9765625,69186.6171875,68622.7421875,68622.7421875,42180608
2026-02-09 14:00:00+00:00,68560.2109375,69423.828125,68369.4296875,69246.4921875,2376634368
2026-02-09 15:00:00+00:00,69253.15625,69783.625,68835.90625,69482.2890625,278032384
2026-02-09 16:00:00+00:00,69517.5546875,70273.5703125,69104.25,70069.5546875,747372544
2026-02-09 17:00:00+00:00,70051.171875,70805.4765625,69855.125,70586.125,1908690944
2026-02-09 18:00:00+00:00,70585.359375,70917.359375,70080.0,70320.4375,1245003776
2026-02-09 19:00:00+00:00,70357.40625,70993.3125,70244.1171875,70882.671875,65581056
2026-02-09 20:00:00+00:00,70907.5703125,71043.4765625,70513.1328125,70759.203125,1011019776
2026-02-09 21:00:00+00:00,70754.375,70754.375,69874.1875,70373.8125,2359992320
2026-02-09 22:00:00+00:00,70390.984375,70620.6015625,70275.1796875,70333.578125,203988992
2026-02-09 23:00:00+00:00,70342.640625,70527.109375,70069.9765625,70137.390625,0
2026-02-10 00:00:00+00:00,70109.421875,70204.34375,69722.859375,69837.25,0
2026-02-10 01:00:00+00:00,69828.84375,70449.8515625,69792.7578125,70357.90625,0
2026-02-10 02:00:00+00:00,70398.859375,70398.859375,70007.96875,70051.40625,0
2026-02-10 03:00:00+00:00,70062.734375,70107.4140625,69226.5,69443.59375,0
2026-02-10 04:00:00+00:00,69527.4453125,69831.4140625,69511.515625,69804.0703125,0
2026-02-10 05:00:00+00:00,69785.7578125,69801.640625,69190.9921875,69396.2109375,104554496
2026-02-10 06:00:00+00:00,69394.6484375,69454.0390625,68737.765625,68879.46875,611274752
2026-02-10 07:00:00+00:00,68865.953125,69128.03125,68824.8828125,68896.2421875,0
2026-02-10 08:00:00+00:00,68863.609375,69136.046875,68694.0390625,69067.2109375,0
2026-02-10 09:00:00+00:00,69073.7578125,69327.78125,68972.890625,69061.3125,0
2026-02-10 10:00:00+00:00,69074.8984375,69151.515625,68911.4375,68911.4375,0
2026-02-10 11:00:00+00:00,68878.8984375,68992.4609375,68473.6796875,68473.6796875,0
2026-02-10 12:00:00+00:00,68469.390625,68793.40625,68454.1953125,68557.109375,578064384
2026-02-10 13:00:00+00:00,68557.984375,69070.40625,68443.2109375,68959.328125,0
2026-02-10 14:00:00+00:00,68978.9375,69486.421875,67931.1328125,68395.9921875,0
2026-02-10 15:00:00+00:00,68448.2109375,69432.3125,68311.7109375,69265.8515625,130531328
2026-02-10 16:00:00+00:00,69238.421875,69664.234375,68979.6640625,69521.46875,0
2026-02-10 17:00:00+00:00,69515.5,69936.46875,69313.5234375,69766.5234375,0
2026-02-10 18:00:00+00:00,69892.78125,69892.78125,68627.484375,68902.0703125,0
2026-02-10 19:00:00+00:00,68816.5234375,69225.921875,68736.9609375,68995.203125,0
2026-02-10 20:00:00+00:00,69034.5234375,69058.1953125,68636.1171875,68765.265625,0
2026-02-10 21:00:00+00:00,68724.515625,68949.484375,68329.9921875,68594.859375,0
2026-02-10 22:00:00+00:00,68670.0390625,68770.546875,68546.8359375,68703.6875,0
2026-02-10 23:00:00+00:00,68676.2109375,68801.21875,68499.1015625,68791.859375,0
2026-02-11 00:00:00+00:00,68791.1796875,69181.0859375,68758.59375,69181.0859375,0
2026-02-11 01:00:00+00:00,69167.3515625,69242.65625,68880.0390625,68948.5234375,227790848
2026-02-11 02:00:00+00:00,68927.6171875,69088.5078125,68601.1328125,68665.5234375,100712448
2026-02-11 03:00:00+00:00,68641.5390625,68688.03125,68038.984375,68174.8671875,0
2026-02-11 04:00:00+00:00,68134.875,68263.1875,67345.0625,67546.71875,1002127360
2026-02-11 05:00:00+00:00,67541.1953125,67744.5078125,67381.9921875,67381.9921875,334323712
2026-02-11 06:00:00+00:00,67386.5078125,67435.609375,66580.6484375,66750.9140625,63619072
2026-02-11 07:00:00+00:00,66773.34375,67192.90625,66629.0,67004.359375,605630464
2026-02-11 08:00:00+00:00,67003.2421875,67048.90625,66787.3984375,66945.640625,122159104
2026-02-11 09:00:00+00:00,66967.015625,67057.5234375,66712.625,66790.8984375,0
2026-02-11 10:00:00+00:00,66819.4375,66844.09375,66365.78125,66504.40625,697245696
2026-02-11 11:00:00+00:00,66498.4375,67036.0390625,66498.4375,67025.0234375,593330176
2026-02-11 12:00:00+00:00,67025.34375,67363.8984375,66957.3984375,67089.0625,113532928
2026-02-11 13:00:00+00:00,67086.546875,67500.890625,66803.5078125,67500.890625,1224560640
2026-02-11 14:00:00+00:00,67415.2890625,68564.3984375,66507.4609375,66507.4609375,410157056
2026-02-11 15:00:00+00:00,66549.140625,66753.234375,65757.3046875,66516.078125,2106150912
2026-02-11 16:00:00+00:00,66471.21875,67173.1796875,66000.5546875,66028.40625,597815296
2026-02-11 17:00:00+00:00,66007.5390625,66857.0078125,65899.390625,66552.1328125,0
2026-02-11 18:00:00+00:00,66481.375,67238.7890625,66160.6796875,67210.734375,0
2026-02-11 19:00:00+00:00,67232.421875,67758.1015625,67112.921875,67536.265625,896196608
2026-02-11 20:00:00+00:00,67546.9765625,67668.46875,67177.546875,67583.7890625,52084736
2026-02-11 21:00:00+00:00,67523.421875,68268.375,67430.59375,67794.1328125,2262544384
2026-02-11 22:00:00+00:00,67760.21875,67806.4453125,67354.703125,67423.765625,0
2026-02-11 23:00:00+00:00,67389.1640625,67462.6953125,66757.3046875,66992.1953125,29044736
2026-02-12 00:00:00+00:00,67025.5546875,67621.8828125,67025.5546875,67478.34375,1322541056
2026-02-12 01:00:00+00:00,67451.21875,67986.8359375,67451.21875,67642.1875,467308544
2026-02-12 02:00:00+00:00,67654.1328125,67701.0390625,67384.140625,67400.515625,0
2026-02-12 03:00:00+00:00,67388.8671875,67529.8125,67296.359375,67529.8125,0
2026-02-12 04:00:00+00:00,67544.3984375,67584.703125,66993.4375,66993.4375,0
2026-02-12 05:00:00+00:00,66984.5546875,67118.9453125,66652.453125,67069.1953125,0
2026-02-12 06:00:00+00:00,67080.75,67273.9375,66987.703125,67047.5078125,0
2026-02-12 07:00:00+00:00,67047.46875,67269.6171875,66895.578125,67183.5625,0
2026-02-12 08:00:00+00:00,67181.328125,67258.796875,66885.03125,67089.2421875,0
2026-02-12 09:00:00+00:00,67074.5703125,67621.7421875,67020.9140625,67534.078125,30863360
2026-02-12 10:00:00+00:00,67511.4296875,67904.09375,67380.609375,67904.09375,0
2026-02-12 11:00:00+00:00,67966.734375,68204.9609375,67747.2734375,68084.796875,656887808
2026-02-12 12:00:00+00:00,68108.84375,68108.84375,67706.625,67800.859375,0
2026-02-12 13:00:00+00:00,67818.671875,68315.1328125,67673.9765625,68315.1328125,0
2026-02-12 14:00:00+00:00,68324.65625,68324.65625,67503.6875,67697.4140625,0
2026-02-12 15:00:00+00:00,67654.2109375,67942.7578125,67091.15625,67116.5078125,0
2026-02-12 16:00:00+00:00,67161.2578125,67163.296875,65546.3671875,65785.0078125,745521152
2026-02-12 17:00:00+00:00,65785.7890625,66166.015625,65420.82421875,65447.46875,1507622912
2026-02-12 18:00:00+00:00,65366.703125,65709.8125,65109.65625,65581.5859375,1306533888
2026-02-12 19:00:00+00:00,65527.98046875,66047.2890625,65253.60546875,65781.4140625,30285824
2026-02-12 20:00:00+00:00,65740.4296875,65939.5234375,65226.83984375,65356.19921875,387616768
2026-02-12 21:00:00+00:00,65338.66015625,65820.4453125,65338.66015625,65735.375,0
2026-02-12 22:00:00+00:00,65753.875,66294.3046875,65605.40625,66255.21875,0
2026-02-12 23:00:00+00:00,66248.3046875,66390.46875,66150.0234375,66213.375,665985024
2026-02-13 00:00:00+00:00,66202.6640625,66443.3671875,65843.5390625,65950.078125,79224832
2026-02-13 01:00:00+00:00,65908.203125,66535.78125,65896.0,66330.4765625,43921408
2026-02-13 02:00:00+00:00,66372.8203125,66675.40625,66372.8203125,66666.5,0
2026-02-13 03:00:00+00:00,66641.265625,66710.9609375,66421.515625,66452.0,139702272
2026-02-13 04:00:00+00:00,66470.5078125,66599.0,66274.203125,66304.015625,0
2026-02-13 05:00:00+00:00,66269.4453125,66441.8359375,66172.875,66172.875,32370688
2026-02-13 06:00:00+00:00,66138.421875,66310.0078125,65969.515625,66310.0078125,0
2026-02-13 07:00:00+00:00,66316.5859375,66493.4765625,66003.5390625,66145.0,801742848
2026-02-13 08:00:00+00:00,66155.3515625,66643.3046875,66155.3515625,66601.9296875,169791488
2026-02-13 09:00:00+00:00,66619.1796875,66966.984375,66589.125,66887.1328125,0
2026-02-13 10:00:00+00:00,66903.578125,67037.203125,66764.6796875,66946.578125,0
2026-02-13 11:00:00+00:00,66927.6484375,67143.9296875,66768.1015625,67143.9296875,0
2026-02-13 12:00:00+00:00,67120.625,67145.4140625,66896.59375,67045.328125,0
2026-02-13 13:00:00+00:00,67040.15625,67465.65625,66914.0390625,67259.4453125,1003941888
2026-02-13 14:00:00+00:00,67234.3359375,67901.8046875,66886.7890625,67689.4140625,346615808
2026-02-13 15:00:00+00:00,67682.7265625,69208.4765625,67682.7265625,68573.484375,1946025984
2026-02-13 16:00:00+00:00,68632.4375,69330.0078125,68632.4375,68914.1171875,0
2026-02-13 17:00:00+00:00,68918.1796875,69158.5703125,68641.28125,69031.4921875,0
2026-02-13 18:00:00+00:00,68998.921875,69346.125,68880.7421875,69091.9921875,0
2026-02-13 19:00:00+00:00,69100.2578125,69190.609375,68925.75,68956.765625,0
2026-02-13 20:00:00+00:00,68967.8671875,68967.8671875,68649.2421875,68698.0078125,0
2026-02-13 21:00:00+00:00,68738.234375,69012.0546875,68738.234375,68800.84375,0
2026-02-13 22:00:00+00:00,68850.875,68943.34375,68708.734375,68898.0,0
2026-02-13 23:00:00+00:00,68948.7890625,68948.7890625,68827.7890625,68856.984375,1409024
2026-02-14 00:00:00+00:00,68857.7265625,69076.6640625,68756.8828125,69057.90625,0
2026-02-14 01:00:00+00:00,69057.3515625,69074.578125,68896.203125,68931.6484375,0
2026-02-14 02:00:00+00:00,68927.3671875,68969.3046875,68834.9453125,68859.875,0
2026-02-14 03:00:00+00:00,68847.546875,68972.0703125,68830.265625,68942.359375,0
2026-02-14 04:00:00+00:00,68941.2421875,68943.3671875,68766.6640625,68771.7265625,0
2026-02-14 05:00:00+00:00,68766.0,68873.6328125,68741.171875,68741.171875,0
2026-02-14 06:00:00+00:00,68739.2578125,68891.5,68706.6171875,68891.5,0
2026-02-14 07:00:00+00:00,68899.234375,69288.78125,68865.015625,69194.46875,0
2026-02-14 08:00:00+00:00,69184.8515625,69796.890625,69184.8515625,69732.4140625,853553152
2026-02-14 09:00:00+00:00,69708.3828125,69842.265625,69561.015625,69688.65625,0
2026-02-14 10:00:00+00:00,69689.4921875,69689.4921875,69560.9609375,69616.640625,0
2026-02-14 11:00:00+00:00,69630.1171875,70448.53125,69630.1171875,70448.53125,1428320256
2026-02-14 12:00:00+00:00,70459.6796875,70459.6796875,69683.359375,69784.71875,1516892160
2026-02-14 13:00:00+00:00,69641.0703125,69725.2421875,69262.09375,69413.359375,1386287104
2026-02-14 14:00:00+00:00,69430.265625,69831.0703125,69346.2578125,69761.71875,0
2026-02-14 15:00:00+00:00,69675.640625,70000.3359375,69601.0859375,69782.0390625,0
2026-02-14 16:00:00+00:00,69767.5234375,69778.0234375,69286.7734375,69717.2421875,0
2026-02-14 17:00:00+00:00,69721.0859375,69877.1953125,69620.0546875,69670.140625,0
2026-02-14 18:00:00+00:00,69701.5390625,69806.3125,69656.8046875,69727.0078125,0
2026-02-14 19:00:00+00:00,69732.53125,69875.7734375,69615.3828125,69819.7578125,0
2026-02-14 20:00:00+00:00,69823.3203125,69985.1796875,69782.3828125,69985.1796875,0
2026-02-14 21:00:00+00:00,69986.453125,70206.0625,69659.140625,69886.1328125,114335744
2026-02-14 22:00:00+00:00,69885.6328125,70003.8203125,69794.5234375,69942.1015625,270086144
2026-02-14 23:00:00+00:00,69932.265625,69976.1015625,69731.1640625,69764.953125,119160832
2026-02-15 00:00:00+00:00,69758.5390625,69812.2890625,69591.5234375,69724.3984375,0
2026-02-15 01:00:00+00:00,69724.0625,69855.3125,69354.4921875,69649.7109375,312229888
2026-02-15 02:00:00+00:00,69665.34375,69708.6640625,69368.703125,69510.0078125,262086656
2026-02-15 03:00:00+00:00,69492.8046875,69957.2265625,69270.2265625,69957.2265625,974991360
2026-02-15 04:00:00+00:00,69929.2109375,70480.921875,69929.2109375,70130.5234375,2041339904
2026-02-15 05:00:00+00:00,70159.1875,70431.7265625,70119.0234375,70265.6328125,704933888
2026-02-15 06:00:00+00:00,70249.375,70495.7890625,70173.5859375,70372.9296875,172240896
2026-02-15 07:00:00+00:00,70376.8984375,70840.4609375,70293.265625,70750.796875,1229418496
2026-02-15 08:00:00+00:00,70782.1796875,70917.6328125,70177.3359375,70404.765625,5611520
2026-02-15 09:00:00+00:00,70407.03125,70611.4375,70360.421875,70391.078125,0
2026-02-15 10:00:00+00:00,70389.9765625,70473.6875,70206.6796875,70411.1171875,268488704
2026-02-15 11:00:00+00:00,70398.2265625,70488.0703125,70241.4609375,70266.6796875,0
2026-02-15 12:00:00+00:00,70263.6484375,70375.4140625,69396.921875,69396.921875,0
2026-02-15 13:00:00+00:00,69330.453125,69562.0078125,68773.4921875,68905.875,0
2026-02-15 14:00:00+00:00,68903.5546875,69143.0546875,68887.078125,69109.890625,0
2026-02-15 15:00:00+00:00,69121.3984375,69196.09375,68861.7421875,69055.6328125,0
2026-02-15 16:00:00+00:00,69059.234375,69059.234375,68799.0859375,69018.3046875,0
2026-02-15 17:00:00+00:00,69008.5703125,69050.4375,68258.359375,68599.8359375,0
2026-02-15 18:00:00+00:00,68599.2890625,68733.8203125,68348.71875,68388.75,2165628928
2026-02-15 19:00:00+00:00,68449.6640625,68510.953125,68084.453125,68289.0546875,1841893376
2026-02-15 20:00:00+00:00,68246.6171875,68490.2109375,68137.8984375,68430.1015625,0
2026-02-15 21:00:00+00:00,68417.0234375,68884.2734375,68417.0234375,68852.7734375,28913664
2026-02-15 22:00:00+00:00,68847.5390625,69026.75,68770.9375,68935.359375,0
2026-02-15 23:00:00+00:00,68933.7109375,68933.7109375,68338.96875,68782.3984375,92028928
2026-02-16 00:00:00+00:00,68776.75,69009.1015625,68713.3828125,68843.0625,184049664
2026-02-16 01:00:00+00:00,68809.671875,68999.546875,68460.125,68605.6484375,0
2026-02-16 02:00:00+00:00,68594.2109375,68703.5,68235.6953125,68298.8359375,297607168
2026-02-16 03:00:00+00:00,68296.8671875,68409.5390625,68138.46875,68382.5234375,0
2026-02-16 04:00:00+00:00,68388.3828125,68846.7578125,68388.3828125,68832.8984375,0
2026-02-16 05:00:00+00:00,68839.875,68839.875,68286.5546875,68370.9921875,196956160
2026-02-16 06:00:00+00:00,68361.171875,68480.8828125,68225.84375,68420.9296875,0
2026-02-16 07:00:00+00:00,68422.0,68637.3359375,68357.75,68540.9375,0
2026-02-16 08:00:00+00:00,68546.1484375,68742.2734375,68523.09375,68737.7421875,0
2026-02-16 09:00:00+00:00,68736.5859375,69019.5703125,68723.8203125,68958.3671875,53538816
2026-02-16 10:00:00+00:00,68957.2265625,68957.2265625,68696.9921875,68774.8515625,0
2026-02-16 11:00:00+00:00,68761.6796875,68858.4609375,68334.484375,68831.296875,144420864
2026-02-16 12:00:00+00:00,68821.171875,69762.0859375,68781.7109375,69743.796875,695001088
2026-02-16 13:00:00+00:00,69723.6796875,70006.734375,68229.5,68380.53125,264687616
2026-02-16 14:00:00+00:00,68369.28125,68599.046875,68277.0078125,68421.921875,376889344
2026-02-16 15:00:00+00:00,68382.15625,68529.5078125,67316.984375,67508.296875,2345316352
2026-02-16 16:00:00+00:00,67497.1796875,67899.6171875,67497.1796875,67837.59375,105246720
2026-02-16 17:00:00+00:00,67850.5390625,68013.7734375,67593.7421875,67921.6953125,0
2026-02-16 18:00:00+00:00,67919.3203125,68192.6328125,67820.078125,67831.421875,0
2026-02-16 19:00:00+00:00,67831.625,68064.5859375,67796.6484375,67921.140625,0
2026-02-16 20:00:00+00:00,67890.890625,68436.703125,67825.578125,68436.703125,0
2026-02-16 21:00:00+00:00,68491.7734375,68879.1171875,68414.4609375,68879.1171875,55095296
2026-02-16 22:00:00+00:00,68840.578125,68840.578125,68509.984375,68604.1953125,459511808
2026-02-16 23:00:00+00:00,68568.6328125,68941.3984375,68518.1796875,68843.09375,0
2026-02-17 00:00:00+00:00,68852.828125,68991.9921875,68677.4296875,68846.25,0
2026-02-17 01:00:00+00:00,68841.4765625,68941.2578125,68568.5625,68606.765625,139864064
2026-02-17 02:00:00+00:00,68586.609375,69201.8671875,68391.234375,68926.2578125,0
2026-02-17 03:00:00+00:00,68805.578125,68805.578125,68440.21875,68462.9296875,0
2026-02-17 04:00:00+00:00,68439.703125,68648.921875,68267.84375,68403.921875,0
2026-02-17 05:00:00+00:00,68432.421875,68461.109375,67903.1953125,68198.421875,440700928
2026-02-17 06:00:00+00:00,68203.0546875,68460.6796875,68203.0546875,68386.9375,0
2026-02-17 07:00:00+00:00,68382.25,68438.1953125,68154.484375,68365.078125,0
2026-02-17 08:00:00+00:00,68353.0390625,68436.59375,68102.5625,68135.6328125,0
2026-02-17 09:00:00+00:00,68142.8359375,68252.6640625,67952.109375,68072.1484375,9678848
2026-02-17 10:00:00+00:00,68083.03125,68127.3203125,67713.6875,67775.8359375,67244032
2026-02-17 11:00:00+00:00,67854.140625,67881.296875,67687.7578125,67828.8984375,0
2026-02-17 12:00:00+00:00,67808.421875,68246.140625,67802.8828125,67849.4296875,0
2026-02-17 13:00:00+00:00,67873.8984375,68293.75,67735.7734375,68081.3984375,0
2026-02-17 14:00:00+00:00,68094.296875,68293.2734375,66745.9296875,66916.4609375,959393792
2026-02-17 15:00:00+00:00,66837.203125,67363.21875,66662.6875,67354.390625,526827520
2026-02-17 16:00:00+00:00,67319.1484375,68069.484375,67319.1484375,67492.4296875,1101996032
2026-02-17 17:00:00+00:00,67487.765625,67671.640625,66952.8125,67231.84375,539088896
2026-02-17 18:00:00+00:00,67204.984375,68172.9453125,67126.8671875,68084.8203125,972363776
2026-02-17 19:00:00+00:00,68084.125,68144.765625,67752.5546875,67791.65625,648527872
2026-02-17 20:00:00+00:00,67763.9453125,67867.8203125,67515.1328125,67735.7890625,415297536
2026-02-17 21:00:00+00:00,67764.2734375,67890.7890625,67509.890625,67639.2109375,0
2026-02-17 22:00:00+00:00,67637.65625,67735.75,67491.8828125,67516.09375,0
2026-02-17 23:00:00+00:00,67509.9296875,67577.6796875,67389.2421875,67507.3203125,0
2026-02-18 00:00:00+00:00,67482.6484375,67593.421875,67263.7421875,67291.0,0
2026-02-18 01:00:00+00:00,67286.4609375,67329.53125,66877.9765625,67121.0625,218458112
2026-02-18 02:00:00+00:00,67126.4140625,67354.546875,67126.4140625,67306.3515625,0
2026-02-18 03:00:00+00:00,67290.2578125,67639.0546875,67290.2578125,67636.9921875,0
2026-02-18 04:00:00+00:00,67597.7109375,67820.765625,67471.21875,67760.2421875,0
2026-02-18 05:00:00+00:00,67767.2734375,67897.359375,67579.34375,67614.828125,0
2026-02-18 06:00:00+00:00,67609.28125,67921.2421875,67597.1953125,67809.1484375,0
2026-02-18 07:00:00+00:00,67811.515625,68168.6015625,67664.03125,68102.8046875,666810368
2026-02-18 08:00:00+00:00,68101.3828125,68400.0390625,68054.46875,68086.5859375,180414464
2026-02-18 09:00:00+00:00,68091.875,68242.640625,67999.4453125,68149.046875,0
2026-02-18 10:00:00+00:00,68132.3828125,68145.2578125,67737.59375,67750.2109375,0
2026-02-18 11:00:00+00:00,67762.5546875,67762.5546875,67113.7578125,67358.8671875,520798208
2026-02-18 12:00:00+00:00,67346.34375,67626.2265625,67346.34375,67478.890625,0
2026-02-18 13:00:00+00:00,67432.3828125,67557.6015625,67088.03125,67210.875,0
2026-02-18 14:00:00+00:00,67216.8203125,67333.8671875,66767.71875,67150.765625,0
2026-02-18 15:00:00+00:00,67257.75,68274.953125,67257.75,67606.5546875,0
2026-02-18 16:00:00+00:00,67661.4765625,67661.4765625,66996.9453125,67100.0,0
2026-02-18 17:00:00+00:00,67124.0625,67418.3359375,67032.5625,67140.1796875,0
2026-02-18 18:00:00+00:00,67147.2265625,67188.90625,66269.53125,66301.7265625,227389440
2026-02-18 19:00:00+00:00,66321.0,66538.0703125,65896.546875,66113.3984375,1026025472
2026-02-18 20:00:00+00:00,66169.171875,66494.734375,66135.6953125,66256.09375,367351808
2026-02-18 21:00:00+00:00,66218.625,66431.1484375,66082.7421875,66325.8046875,571430912
2026-02-18 22:00:00+00:00,66303.5546875,66424.140625,66217.5234375,66405.2421875,232194048
2026-02-18 23:00:00+00:00,66383.1171875,66467.7890625,66250.28125,66425.625,158214144
2026-02-19 00:00:00+00:00,66441.8515625,66519.34375,66323.90625,66419.1328125,380043264
2026-02-19 01:00:00+00:00,66413.0234375,66833.9140625,66413.0234375,66825.5234375,0
2026-02-19 02:00:00+00:00,66836.0703125,66926.3671875,66628.515625,66814.640625,102717440
2026-02-19 03:00:00+00:00,66808.796875,66928.09375,66719.5,66915.53125,84740096
2026-02-19 04:00:00+00:00,66953.765625,67026.265625,66739.40625,66789.984375,143282176
2026-02-19 05:00:00+00:00,66782.5,66839.6796875,66666.1640625,66835.296875,0
2026-02-19 06:00:00+00:00,66873.390625,67247.71875,66873.390625,67105.7734375,318400512
2026-02-19 07:00:00+00:00,67119.03125,67277.125,67020.4921875,67162.84375,0
2026-02-19 08:00:00+00:00,67186.15625,67186.15625,66797.953125,66918.140625,0
2026-02-19 09:00:00+00:00,66923.3671875,67149.0625,66754.8203125,66813.484375,73097216
2026-02-19 10:00:00+00:00,66811.84375,66921.15625,66749.6640625,66810.2578125,0
2026-02-19 11:00:00+00:00,66805.2890625,66890.34375,66470.890625,66470.9375,0
2026-02-19 12:00:00+00:00,66463.6171875,66625.578125,66331.1328125,66483.296875,166684672
2026-02-19 13:00:00+00:00,66490.0703125,66526.0,65792.34375,65880.5625,1036775424
2026-02-19 14:00:00+00:00,65891.7890625,66601.0078125,65672.125,66429.0859375,178354176
2026-02-19 15:00:00+00:00,66399.5546875,66692.1640625,65990.6875,66353.5703125,0
2026-02-19 16:00:00+00:00,66384.875,66474.859375,65965.78125,66340.359375,0
2026-02-19 17:00:00+00:00,66291.96875,67007.3671875,66191.3828125,66290.6875,498089984
2026-02-19 18:00:00+00:00,66320.6484375,67011.5234375,66253.875,66922.703125,0
2026-02-19 19:00:00+00:00,67005.46875,67165.4140625,66691.421875,67021.28125,0
2026-02-19 20:00:00+00:00,67024.2265625,67129.59375,66870.703125,67093.53125,0
2026-02-19 21:00:00+00:00,67095.4765625,67136.171875,66886.0078125,66900.234375,0
2026-02-19 22:00:00+00:00,66894.5546875,66912.203125,66636.453125,66912.203125,445130752
2026-02-19 23:00:00+00:00,66926.6796875,66988.2890625,66819.5,66958.578125,169146368
2026-02-20 00:00:00+00:00,66959.8671875,67384.4296875,66945.0,67228.1953125,450121728
2026-02-20 01:00:00+00:00,67222.1796875,67304.7265625,67132.765625,67254.0390625,0
2026-02-20 02:00:00+00:00,67255.5625,67312.875,67160.7890625,67261.328125,0
2026-02-20 03:00:00+00:00,67227.0703125,67448.2734375,67225.234375,67343.1328125,285358080
2026-02-20 04:00:00+00:00,67334.6015625,67341.234375,67112.5625,67233.375,57653248
2026-02-20 05:00:00+00:00,67235.1171875,67976.796875,67172.9453125,67743.9921875,983795712
2026-02-20 06:00:00+00:00,67757.8359375,67859.9140625,67658.75,67835.203125,240646144
2026-02-20 07:00:00+00:00,67819.1953125,67947.2734375,67761.796875,67780.3203125,0
2026-02-20 08:00:00+00:00,67804.140625,67907.4375,67732.1015625,67842.3046875,0
2026-02-20 09:00:00+00:00,67850.53125,68193.9375,67850.53125,68166.8203125,510959616
2026-02-20 10:00:00+00:00,68187.9765625,68260.71875,67895.515625,67912.8984375,0
2026-02-20 11:00:00+00:00,67904.40625,67934.84375,67410.9375,67410.9375,1116385280
2026-02-20 12:00:00+00:00,67318.1640625,67539.1953125,67299.28125,67501.0625,349444096
2026-02-20 13:00:00+00:00,67514.640625,67514.640625,66507.2109375,66736.4609375,2064957440
2026-02-20 14:00:00+00:00,66783.828125,67219.53125,66718.421875,67070.5546875,2165264384
2026-02-20 15:00:00+00:00,67073.0390625,67994.2421875,66587.2109375,67543.796875,2016649216
2026-02-20 16:00:00+00:00,67578.8046875,67870.515625,67308.828125,67753.578125,1054220288
2026-02-20 17:00:00+00:00,67832.125,67832.125,66999.8046875,67574.7734375,3142328320
2026-02-20 18:00:00+00:00,67597.484375,67940.15625,67462.8046875,67940.15625,1107406848
2026-02-20 19:00:00+00:00,67938.0703125,67974.46875,67543.1796875,67637.828125,298446848
2026-02-20 20:00:00+00:00,67628.1640625,67799.6953125,67559.5625,67704.0390625,279425024
2026-02-20 21:00:00+00:00,67725.75,67794.421875,67621.828125,67789.5703125,502231040
2026-02-20 22:00:00+00:00,67784.078125,68056.828125,67639.9609375,68043.890625,42770432
2026-02-20 23:00:00+00:00,68043.890625,68185.453125,67923.6171875,68000.25,272216064
2026-02-21 00:00:00+00:00,67996.2109375,67999.890625,67794.453125,67817.828125,0
2026-02-21 01:00:00+00:00,67815.0,67983.0703125,67815.0,67951.6953125,0
2026-02-21 02:00:00+00:00,67937.015625,68053.65625,67893.1015625,68005.3125,0
2026-02-21 03:00:00+00:00,67997.578125,67997.578125,67558.4375,67636.8515625,343064576
2026-02-21 04:00:00+00:00,67621.671875,67817.828125,67585.96875,67812.5078125,0
2026-02-21 05:00:00+00:00,67799.625,67860.2109375,67791.8359375,67828.4921875,0
2026-02-21 06:00:00+00:00,67829.1484375,67900.4453125,67736.3515625,67760.484375,0
2026-02-21 07:00:00+00:00,67766.5,67850.5,67737.140625,67836.328125,0
2026-02-21 08:00:00+00:00,67834.890625,68055.921875,67818.71875,68055.921875,0
2026-02-21 09:00:00+00:00,68038.7109375,68238.4921875,67971.28125,68127.8046875,0
2026-02-21 10:00:00+00:00,68147.625,68219.875,68129.3984375,68174.34375,0
2026-02-21 11:00:00+00:00,68186.6875,68246.34375,68070.296875,68070.296875,0
2026-02-21 12:00:00+00:00,68077.7734375,68173.328125,67921.765625,68173.328125,0
2026-02-21 13:00:00+00:00,68183.3984375,68228.453125,68106.484375,68228.453125,0
2026-02-21 14:00:00+00:00,68246.828125,68548.7734375,68183.59375,68451.859375,0
2026-02-21 15:00:00+00:00,68422.8828125,68640.890625,68420.234375,68631.53125,0
2026-02-21 16:00:00+00:00,68602.7890625,68602.7890625,68127.203125,68302.8984375,0
2026-02-21 17:00:00+00:00,68297.265625,68435.6484375,68222.453125,68400.296875,0
2026-02-21 18:00:00+00:00,68394.2421875,68612.6484375,68393.6796875,68554.546875,0
2026-02-21 19:00:00+00:00,68551.15625,68613.8359375,68514.09375,68526.921875,0
2026-02-21 20:00:00+00:00,68513.03125,68574.2265625,68316.7421875,68343.453125,0
2026-02-21 21:00:00+00:00,68206.7578125,68358.4375,68206.7578125,68353.4375,0
2026-02-21 22:00:00+00:00,68362.6796875,68392.7734375,67947.1640625,67947.1640625,0
2026-02-21 23:00:00+00:00,67972.3203125,68096.0234375,67936.3828125,67998.828125,475136
2026-02-22 00:00:00+00:00,67969.0390625,68028.1796875,67797.3125,67906.1796875,0
2026-02-22 01:00:00+00:00,67924.0390625,68144.4765625,67922.8984375,68118.921875,0
2026-02-22 02:00:00+00:00,68121.0234375,68197.609375,67868.4609375,67885.890625,54294528
2026-02-22 03:00:00+00:00,67889.3046875,68033.8203125,67838.8984375,68004.8359375,0
2026-02-22 04:00:00+00:00,68023.6875,68055.359375,67957.765625,67967.2265625,0
2026-02-22 05:00:00+00:00,67976.34375,67990.0,67868.3828125,67916.25,8597504
2026-02-22 06:00:00+00:00,67961.0546875,68133.8203125,67952.1953125,68042.4453125,80891904
2026-02-22 07:00:00+00:00,68034.7421875,68095.515625,67991.171875,67994.5234375,152813568
2026-02-22 08:00:00+00:00,67996.6015625,68001.234375,67918.84375,67970.7890625,0
2026-02-22 09:00:00+00:00,67959.5703125,68073.9140625,67959.5703125,68062.1796875,0
2026-02-22 10:00:00+00:00,68061.203125,68126.109375,68012.2421875,68123.90625,0
2026-02-22 11:00:00+00:00,68120.9609375,68228.453125,68120.9609375,68194.921875,0
2026-02-22 12:00:00+00:00,68197.59375,68207.8125,67888.328125,67939.3515625,0
2026-02-22 13:00:00+00:00,67928.921875,68014.015625,67600.1796875,67643.4375,676590592
2026-02-22 14:00:00+00:00,67640.2265625,67654.9140625,67374.6484375,67432.828125,0
2026-02-22 15:00:00+00:00,67430.265625,67791.53125,67310.578125,67687.765625,705101824
2026-02-22 16:00:00+00:00,67670.21875,67670.8828125,67508.5078125,67611.46875,0
2026-02-22 17:00:00+00:00,67608.6328125,67609.671875,67185.6015625,67351.78125,560443392
2026-02-22 18:00:00+00:00,67338.453125,67427.3828125,67295.78125,67409.9375,0
2026-02-22 19:00:00+00:00,67409.9375,67456.5390625,67380.40625,67398.5078125,0
2026-02-22 20:00:00+00:00,67400.375,67432.0078125,67339.421875,67355.0703125,0
2026-02-22 21:00:00+00:00,67350.828125,67592.5546875,67350.828125,67586.2265625,317214720
2026-02-22 22:00:00+00:00,67586.0625,67710.84375,67463.515625,67674.3671875,0
2026-02-22 23:00:00+00:00,67642.515625,67689.75,67467.8203125,67668.4296875,128714752
2026-02-23 00:00:00+00:00,67616.5390625,67633.90625,66794.609375,66794.609375,387495936
2026-02-23 01:00:00+00:00,66720.875,66720.875,64416.8203125,64598.59375,7399297024
2026-02-23 02:00:00+00:00,64424.27734375,64883.36328125,64400.73828125,64727.58984375,2702571520
2026-02-23 03:00:00+00:00,64773.41796875,65008.3359375,64691.06640625,64946.36328125,1391380480
2026-02-23 04:00:00+00:00,64958.4921875,64978.33984375,64681.89453125,64811.03515625,726140928
2026-02-23 05:00:00+00:00,64801.22265625,65172.890625,64801.22265625,65036.359375,1445154816
2026-02-23 06:00:00+00:00,65024.76953125,65762.984375,65024.76953125,65734.015625,1151135744
2026-02-23 07:00:00+00:00,65782.5390625,65970.2421875,65700.546875,65941.9375,1531883520
2026-02-23 08:00:00+00:00,65941.09375,65941.09375,65584.40625,65673.8359375,1101672448
2026-02-23 09:00:00+00:00,65757.1171875,66426.0546875,65716.1171875,66387.96875,988643328
2026-02-23 10:00:00+00:00,66393.609375,66528.5625,66245.109375,66308.2578125,1222590464
2026-02-23 11:00:00+00:00,66319.7734375,66463.6953125,66133.6796875,66182.5,598663168
2026-02-23 12:00:00+00:00,66190.59375,66494.0,65942.078125,66259.6328125,447062016
2026-02-23 13:00:00+00:00,66294.6953125,66367.9765625,66121.859375,66121.859375,550219776
2026-02-23 14:00:00+00:00,66132.7109375,66248.9375,65601.9921875,65867.7421875,749633536
2026-02-23 15:00:00+00:00,65906.265625,66161.359375,65659.359375,65696.8359375,337715200
2026-02-23 16:00:00+00:00,65641.609375,65714.46875,65193.8125,65304.8828125,1943449600
2026-02-23 17:00:00+00:00,65402.16015625,65409.16015625,64396.06640625,64738.64453125,2347921408
2026-02-23 18:00:00+00:00,64698.46875,65126.1171875,64595.89453125,64595.89453125,466255872
2026-02-23 19:00:00+00:00,64630.234375,64802.7890625,64162.43359375,64333.2734375,2623049728
2026-02-23 20:00:00+00:00,64289.92578125,64430.45703125,63970.53125,64430.45703125,1134514176
2026-02-23 21:00:00+00:00,64440.0703125,64722.14453125,64440.0703125,64594.91796875,1185783808
2026-02-23 22:00:00+00:00,64564.26953125,64984.12890625,64564.26953125,64745.125,771702784
2026-02-23 23:00:00+00:00,64699.74609375,64871.7109375,64536.0625,64616.015625,213041152
2026-02-24 00:00:00+00:00,64701.20703125,64972.7421875,64652.33984375,64912.8125,0
2026-02-24 01:00:00+00:00,64868.515625,64868.515625,63514.08203125,64138.8125,0
2026-02-24 02:00:00+00:00,64141.0390625,64456.08984375,63998.11328125,64104.38671875,0
2026-02-24 03:00:00+00:00,64050.34765625,64050.34765625,63415.9140625,63548.0234375,0
2026-02-24 04:00:00+00:00,63546.05859375,63546.05859375,62911.2265625,63301.16015625,1329778688
2026-02-24 05:00:00+00:00,63320.25,63521.89453125,62709.8203125,63070.01171875,245972992
2026-02-24 06:00:00+00:00,63075.02734375,63274.9609375,62889.5703125,63054.20703125,0
2026-02-24 07:00:00+00:00,63071.03515625,63324.1796875,63006.93359375,63134.9609375,0
2026-02-24 08:00:00+00:00,63148.3671875,63403.109375,63033.83203125,63403.109375,81084416
2026-02-24 09:00:00+00:00,63387.87890625,63387.87890625,62970.3203125,63228.16796875,0
2026-02-24 10:00:00+00:00,63232.64453125,63327.28515625,63147.58203125,63286.55078125,0
2026-02-24 11:00:00+00:00,63275.96875,63292.1640625,63088.2109375,63193.3125,32129024
2026-02-24 12:00:00+00:00,63224.34375,63325.0625,62957.0234375,62957.0234375,0
2026-02-24 13:00:00+00:00,62957.91015625,63081.03515625,62646.765625,62961.20703125,1003991040
2026-02-24 14:00:00+00:00,62910.328125,63704.7265625,62810.5546875,63470.140625,0
2026-02-24 15:00:00+00:00,63454.60546875,64001.703125,63379.296875,64001.703125,599150592
2026-02-24 16:00:00+00:00,63974.6875,64350.234375,63749.65625,64227.59375,0
2026-02-24 17:00:00+00:00,64262.2109375,64472.95703125,64102.2421875,64228.8046875,108855296
2026-02-24 18:00:00+00:00,64252.3828125,64484.63671875,63964.1328125,64427.65234375,0
2026-02-24 19:00:00+00:00,64420.1875,64716.69921875,64261.38671875,64453.90234375,0
2026-02-24 20:00:00+00:00,64461.0390625,64562.3359375,64331.4765625,64453.00390625,0
2026-02-24 21:00:00+00:00,64471.140625,64471.140625,63895.6953125,64064.83203125,0
2026-02-24 22:00:00+00:00,64066.828125,64216.2265625,64011.45703125,64114.7109375,0
2026-02-24 23:00:00+00:00,64115.55859375,64231.4609375,63875.67578125,64077.76953125,0
2026-02-25 00:00:00+00:00,64051.15625,64298.78515625,63946.1796875,64236.2734375,0
2026-02-25 01:00:00+00:00,64209.01171875,66247.15625,64209.01171875,65926.2578125,1085161472
2026-02-25 02:00:00+00:00,65914.9375,66254.109375,65898.5078125,65898.5078125,610910208
2026-02-25 03:00:00+00:00,65913.1015625,65933.09375,65408.60546875,65408.60546875,0
2026-02-25 04:00:00+00:00,65399.640625,65623.171875,65230.22265625,65447.0625,0
2026-02-25 05:00:00+00:00,65452.21875,65488.21875,64800.80078125,64880.109375,0
2026-02-25 06:00:00+00:00,64892.1640625,65104.5078125,64881.859375,64881.859375,0
2026-02-25 07:00:00+00:00,64881.31640625,65169.77734375,64791.31640625,65021.8671875,0
2026-02-25 08:00:00+00:00,65025.28515625,65542.46875,64975.15625,65525.97265625,367554560
2026-02-25 09:00:00+00:00,65515.85546875,65638.8984375,65447.3046875,65559.4921875,0
2026-02-25 10:00:00+00:00,65552.953125,65565.90625,65354.796875,65365.82421875,0
2026-02-25 11:00:00+00:00,65395.83984375,65466.21484375,65199.22265625,65386.45703125,0
2026-02-25 12:00:00+00:00,65432.7890625,66199.8671875,65337.83203125,66031.09375,806313984
2026-02-25 13:00:00+00:00,66106.515625,66530.1875,66022.0234375,66241.3125,0
2026-02-25 14:00:00+00:00,66256.5234375,66909.9296875,66240.09375,66909.9296875,568209408
2026-02-25 15:00:00+00:00,66969.59375,67482.5390625,66743.1953125,67273.5234375,1881927680
2026-02-25 16:00:00+00:00,67489.59375,68298.890625,67466.546875,68298.890625,795623424
2026-02-25 17:00:00+00:00,68294.4375,68857.921875,68093.578125,68626.4140625,2329370624
2026-02-25 18:00:00+00:00,68699.96875,69531.609375,68429.453125,69373.6328125,2333483008
2026-02-25 19:00:00+00:00,69359.015625,69359.015625,68832.765625,69070.765625,1317265408
2026-02-25 20:00:00+00:00,69053.46875,69376.1484375,68671.1953125,69219.953125,1146933248
2026-02-25 21:00:00+00:00,69195.2421875,69953.53125,68833.6796875,68883.7109375,1541271552
2026-02-25 22:00:00+00:00,68956.046875,69166.4375,68122.4140625,68304.9453125,562003968
2026-02-25 23:00:00+00:00,68458.0546875,68648.2734375,67680.640625,67954.8671875,1562271744
2026-02-26 00:00:00+00:00,67982.34375,68480.671875,67769.15625,68336.0703125,1687822336
2026-02-26 01:00:00+00:00,68347.3984375,68666.40625,68249.6796875,68287.078125,0
2026-02-26 02:00:00+00:00,68216.375,68296.6015625,67836.8671875,68278.4921875,0
2026-02-26 03:00:00+00:00,68250.375,68296.5546875,68063.6484375,68193.25,0
2026-02-26 04:00:00+00:00,68201.1328125,68816.8984375,68201.1328125,68588.71875,665313280
2026-02-26 05:00:00+00:00,68561.859375,68562.1796875,68168.703125,68429.953125,0
2026-02-26 06:00:00+00:00,68435.0546875,68519.0,68105.03125,68190.3203125,3483697152
2026-02-26 07:00:00+00:00,68175.6484375,68260.6328125,67843.3046875,67876.796875,0
2026-02-26 08:00:00+00:00,67851.234375,68191.09375,67840.4609375,67954.359375,395726848
2026-02-26 09:00:00+00:00,67953.5390625,68617.859375,67953.5390625,68553.5625,567894016
2026-02-26 10:00:00+00:00,68582.4140625,68704.484375,68270.6796875,68298.1171875,228048896
2026-02-26 11:00:00+00:00,68292.0625,68364.7890625,67987.203125,68018.875,463794176
2026-02-26 12:00:00+00:00,68037.1171875,68285.3515625,68037.1171875,68175.6015625,0
2026-02-26 13:00:00+00:00,68162.046875,68201.8203125,67870.9375,67926.7265625,0
2026-02-26 14:00:00+00:00,67912.2421875,68205.3671875,67309.359375,67680.6875,0
2026-02-26 15:00:00+00:00,67658.1171875,67658.1171875,66810.84375,67410.421875,837812224
2026-02-26 16:00:00+00:00,67383.7421875,67514.53125,66596.4921875,66596.4921875,0
2026-02-26 17:00:00+00:00,66637.3046875,66987.2734375,66636.5546875,66826.6328125,0
2026-02-26 18:00:00+00:00,66824.1796875,67344.71875,66587.921875,67336.1875,0
2026-02-26 19:00:00+00:00,67296.6328125,67743.3671875,67296.6328125,67557.1796875,0
2026-02-26 20:00:00+00:00,67635.0546875,67803.75,67296.234375,67423.90625,0
2026-02-26 21:00:00+00:00,67369.703125,67563.6015625,67208.703125,67459.8203125,0
2026-02-26 22:00:00+00:00,67459.6796875,67623.953125,67364.921875,67544.796875,0
2026-02-26 23:00:00+00:00,67513.4609375,67621.21875,67417.0390625,67456.515625,0
2026-02-27 00:00:00+00:00,67476.703125,67536.28125,67049.78125,67210.71875,0
2026-02-27 01:00:00+00:00,67228.7890625,67309.984375,66907.7265625,67286.1484375,81784832
2026-02-27 02:00:00+00:00,67362.796875,67525.6796875,67300.921875,67362.4765625,0
2026-02-27 03:00:00+00:00,67295.7421875,67679.5390625,67110.3125,67641.2578125,454406144
2026-02-27 04:00:00+00:00,67614.078125,68220.40625,67614.078125,67750.015625,978874368
2026-02-27 05:00:00+00:00,67737.1328125,67905.53125,67699.2890625,67699.2890625,0
2026-02-27 06:00:00+00:00,67708.671875,67816.0546875,67545.1640625,67665.2265625,0
2026-02-27 07:00:00+00:00,67680.2578125,67731.8203125,67474.1953125,67696.2578125,0
2026-02-27 08:00:00+00:00,67696.1953125,68059.9140625,67696.1953125,67982.375,0
2026-02-27 09:00:00+00:00,67954.6875,68026.46875,67331.7578125,67388.1484375,430137344
2026-02-27 10:00:00+00:00,67384.828125,67384.828125,66610.03125,66645.5546875,0
2026-02-27 11:00:00+00:00,66696.5625,66767.8125,66027.4921875,66110.796875,2049581056
2026-02-27 12:00:00+00:00,66133.5390625,66188.7578125,65765.1015625,65805.46875,1124368384
2026-02-27 13:00:00+00:00,65916.296875,66277.125,65682.15625,66173.640625,781705216
2026-02-27 14:00:00+00:00,66285.390625,66330.2109375,65754.3515625,65862.6015625,0
2026-02-27 15:00:00+00:00,65901.0546875,66253.375,65890.546875,66120.5546875,0
2026-02-27 16:00:00+00:00,66095.578125,66111.265625,65493.80078125,65505.83984375,0
2026-02-27 17:00:00+00:00,65486.2109375,65659.328125,65183.421875,65659.328125,0
2026-02-27 18:00:00+00:00,65695.625,65731.8984375,65247.95703125,65299.4375,0
2026-02-27 19:00:00+00:00,65304.4609375,65439.8046875,65186.44921875,65419.8515625,0
2026-02-27 20:00:00+00:00,65400.1015625,65634.1953125,65400.1015625,65576.59375,0
2026-02-27 21:00:00+00:00,65590.0625,65729.765625,65407.9375,65518.3984375,0
2026-02-27 22:00:00+00:00,65550.421875,65651.59375,64946.03515625,65595.28125,537399296
2026-02-27 23:00:00+00:00,65576.3125,65946.171875,65572.21875,65878.9296875,0
2026-02-28 00:00:00+00:00,65869.328125,66003.1328125,65757.53125,65946.0078125,0
2026-02-28 01:00:00+00:00,65938.5625,65961.859375,65771.2734375,65811.4375,0
2026-02-28 02:00:00+00:00,65803.46875,65993.96875,65766.2578125,65983.046875,0
2026-02-28 03:00:00+00:00,65977.078125,65977.078125,65769.28125,65798.34375,0
2026-02-28 04:00:00+00:00,65788.953125,65807.4375,65509.7265625,65664.78125,0
2026-02-28 05:00:00+00:00,65667.609375,65716.5390625,65504.71484375,65529.15625,0
2026-02-28 06:00:00+00:00,65570.578125,65585.109375,63106.07421875,63106.07421875,2928791552
2026-02-28 07:00:00+00:00,63245.12890625,64262.75390625,63245.12890625,63853.66796875,2723946496
2026-02-28 08:00:00+00:00,63841.03515625,63841.03515625,63426.86328125,63426.86328125,0
2026-02-28 09:00:00+00:00,63463.44140625,63918.9609375,63392.8203125,63688.921875,635158528
2026-02-28 10:00:00+00:00,63627.47265625,64012.69921875,63501.015625,64001.16015625,0
2026-02-28 11:00:00+00:00,63995.890625,64296.6484375,63833.8828125,63836.734375,0
2026-02-28 12:00:00+00:00,63844.67578125,64076.26171875,63844.67578125,64032.43359375,0
2026-02-28 13:00:00+00:00,64012.40625,64996.7265625,63929.5078125,64996.7265625,0
2026-02-28 14:00:00+00:00,65164.80078125,65345.70703125,64378.50390625,64490.59765625,1171726336
2026-02-28 15:00:00+00:00,64449.14453125,64999.91015625,64330.0078125,64862.44140625,0
2026-02-28 16:00:00+00:00,64847.68359375,65174.91015625,64686.76171875,65147.98046875,0
2026-02-28 17:00:00+00:00,65108.390625,65421.79296875,64900.86328125,65421.79296875,0
2026-02-28 18:00:00+00:00,65430.328125,66093.296875,65205.1484375,65889.9765625,0
2026-02-28 19:00:00+00:00,65905.859375,66638.265625,65667.5234375,66335.4375,1341923328
2026-02-28 20:00:00+00:00,66390.0546875,67126.859375,66230.0546875,66903.65625,566038528
2026-02-28 21:00:00+00:00,66959.65625,66959.65625,66442.9296875,66758.203125,791711744
2026-02-28 22:00:00+00:00,66723.3671875,67606.5546875,66692.09375,67276.6796875,843771904
2026-02-28 23:00:00+00:00,67116.9921875,67196.2109375,66773.25,67005.8828125,463233024
2026-03-01 00:00:00+00:00,66997.25,67039.0546875,66663.75,66821.7734375,0
2026-03-01 01:00:00+00:00,66680.6640625,67577.9375,66115.8828125,67271.4453125,2070257664
2026-03-01 02:00:00+00:00,67334.71875,68143.15625,67334.71875,67667.5390625,2856984576
2026-03-01 03:00:00+00:00,67647.1015625,67805.3046875,67435.140625,67487.265625,0
2026-03-01 04:00:00+00:00,67574.7109375,67592.6796875,67103.2421875,67314.8828125,1510752256
2026-03-01 05:00:00+00:00,67341.25,67547.921875,67239.46875,67322.9296875,886345728
2026-03-01 06:00:00+00:00,67311.671875,67322.359375,66833.4140625,66941.3515625,0
2026-03-01 07:00:00+00:00,66935.0703125,67206.7734375,66793.0625,67120.640625,0
2026-03-01 08:00:00+00:00,67143.484375,67279.4765625,66528.609375,66539.4453125,0
2026-03-01 09:00:00+00:00,66554.5234375,66724.671875,66305.125,66373.390625,164118528
2026-03-01 10:00:00+00:00,66458.4609375,66727.0,66299.078125,66472.515625,0
2026-03-01 11:00:00+00:00,66491.125,66631.5546875,66401.1875,66468.6328125,0
2026-03-01 12:00:00+00:00,66467.8359375,66537.9609375,66254.0859375,66342.71875,0
2026-03-01 13:00:00+00:00,66313.9296875,67175.6640625,66168.3359375,66990.5078125,0
2026-03-01 14:00:00+00:00,66947.65625,67292.4140625,66790.4296875,66875.765625,0
2026-03-01 15:00:00+00:00,66852.8203125,67234.2578125,66852.8203125,66880.40625,0
2026-03-01 16:00:00+00:00,66834.2734375,67071.46875,66030.953125,66168.8828125,1017520128
2026-03-01 17:00:00+00:00,66168.1875,66208.25,65762.59375,66061.0078125,236429312
2026-03-01 18:00:00+00:00,66000.0078125,66602.0078125,66000.0078125,66302.34375,452481024
2026-03-01 19:00:00+00:00,66313.4453125,66342.96875,65811.1875,65957.3046875,0
2026-03-01 20:00:00+00:00,65962.25,65962.25,65114.421875,65328.14453125,178216960
2026-03-01 21:00:00+00:00,65330.88671875,65743.03125,65329.12109375,65743.03125,0
2026-03-01 22:00:00+00:00,65692.3515625,66327.6328125,65123.96484375,65249.9296875,517210112
2026-03-01 23:00:00+00:00,65230.65625,66023.015625,65230.65625,65734.078125,600612864
2026-03-02 00:00:00+00:00,65758.1015625,66667.203125,65758.1015625,66532.3828125,667893760
2026-03-02 01:00:00+00:00,66503.2890625,66998.765625,66422.015625,66532.8046875,0
2026-03-02 02:00:00+00:00,66538.0234375,66583.21875,65946.2890625,66341.1875,0
2026-03-02 03:00:00+00:00,66289.5390625,66977.2578125,66164.34375,66826.21875,0
2026-03-02 04:00:00+00:00,66820.390625,66962.8359375,66657.203125,66791.6953125,0
2026-03-02 05:00:00+00:00,66841.4296875,66972.796875,66609.2578125,66789.375,545562624
2026-03-02 06:00:00+00:00,66712.28125,66712.28125,66103.8046875,66230.34375,0
2026-03-02 07:00:00+00:00,66211.453125,66211.453125,65567.609375,65960.0234375,731410432
2026-03-02 08:00:00+00:00,65977.1953125,66291.421875,65695.4375,66252.703125,0
2026-03-02 09:00:00+00:00,66274.4453125,66577.0703125,66218.4609375,66237.2890625,938999808
2026-03-02 10:00:00+00:00,66162.609375,66340.4609375,66118.3671875,66262.90625,407199744
2026-03-02 11:00:00+00:00,66301.546875,66439.4375,66063.90625,66305.390625,989827072
2026-03-02 12:00:00+00:00,66339.2109375,66388.640625,65928.59375,65961.5625,384339968
2026-03-02 13:00:00+00:00,65962.65625,66103.5,65370.5,65444.7578125,741318656
2026-03-02 14:00:00+00:00,65452.21875,67189.2890625,65309.109375,67064.1328125,2290221056
2026-03-02 15:00:00+00:00,67106.796875,69532.4140625,67076.1953125,69062.390625,5999210496
2026-03-02 16:00:00+00:00,69127.8203125,70024.0625,69022.0234375,69511.75,3535863808
2026-03-02 17:00:00+00:00,69455.71875,69491.8828125,68857.4453125,69117.0234375,1167335424
2026-03-02 18:00:00+00:00,69182.984375,69227.859375,68829.765625,68984.875,680484864
2026-03-02 19:00:00+00:00,68891.8046875,69030.9140625,68620.5,68949.6328125,860475392
2026-03-02 20:00:00+00:00,68963.578125,69450.2265625,68676.7734375,69291.546875,343801856
2026-03-02 21:00:00+00:00,69171.9765625,69525.984375,69052.0859375,69425.90625,0
2026-03-02 22:00:00+00:00,69429.8828125,69497.6640625,69187.3359375,69370.515625,0
2026-03-02 23:00:00+00:00,69395.6796875,69449.265625,68785.078125,68785.078125,0
2026-03-03 00:00:00+00:00,68804.5859375,69151.0859375,68701.4375,69013.921875,0
2026-03-03 01:00:00+00:00,69103.2265625,69220.9921875,68799.0078125,68807.1796875,0
2026-03-03 02:00:00+00:00,68753.421875,68753.421875,68266.515625,68532.8984375,1382838272
2026-03-03 03:00:00+00:00,68524.828125,68524.828125,68250.2578125,68360.0859375,0
2026-03-03 04:00:00+00:00,68364.46875,68429.125,68053.5078125,68106.1875,0
2026-03-03 05:00:00+00:00,68111.9296875,68525.1953125,67864.109375,67875.953125,128315392
2026-03-03 06:00:00+00:00,67938.8359375,68093.921875,67834.8125,68093.921875,0
2026-03-03 07:00:00+00:00,68125.5,68240.46875,67954.1875,68182.3203125,311177216
2026-03-03 08:00:00+00:00,68172.9140625,68248.921875,66930.7265625,66989.2109375,264359936
2026-03-03 09:00:00+00:00,66983.265625,67107.046875,66401.0546875,66648.625,595922944
2026-03-03 10:00:00+00:00,66641.0,66879.2890625,66451.46875,66712.203125,890499072
2026-03-03 11:00:00+00:00,66834.5703125,67145.9609375,66774.7109375,67054.8515625,488927232
2026-03-03 12:00:00+00:00,67075.09375,67754.734375,67075.09375,67396.375,1031700480
2026-03-03 13:00:00+00:00,67390.3828125,67390.3828125,66688.3203125,66931.0,0
2026-03-03 14:00:00+00:00,66893.0078125,67316.59375,66317.4453125,66571.3359375,0
2026-03-03 15:00:00+00:00,66565.7734375,67766.3203125,66565.7734375,67582.1015625,0
2026-03-03 16:00:00+00:00,67747.265625,68938.3828125,67617.75,68285.9375,0
2026-03-03 17:00:00+00:00,68121.453125,68354.9296875,67760.21875,68309.140625,0
2026-03-03 18:00:00+00:00,68316.7890625,68828.2734375,68010.4296875,68679.78125,22487040
2026-03-03 19:00:00+00:00,68634.2734375,68887.421875,68375.7734375,68455.4296875,23232512
2026-03-03 20:00:00+00:00,68455.8125,68514.34375,68119.0859375,68213.5546875,0
2026-03-03 21:00:00+00:00,68225.578125,68225.578125,67858.7109375,68064.7890625,0
2026-03-03 22:00:00+00:00,68059.0234375,68502.46875,68059.0234375,68271.6015625,0
2026-03-03 23:00:00+00:00,68314.2421875,68728.7890625,68281.9375,68300.28125,0
2026-03-04 00:00:00+00:00,68317.765625,68397.90625,67934.5078125,68185.59375,658296832
2026-03-04 01:00:00+00:00,68120.4921875,68881.15625,68003.03125,68423.7578125,1048698880
2026-03-04 02:00:00+00:00,68417.7890625,68417.7890625,68030.9375,68309.296875,0
2026-03-04 03:00:00+00:00,68316.03125,68326.6796875,67449.2734375,67669.0625,1025560576
2026-03-04 04:00:00+00:00,67778.3828125,67911.5859375,67496.234375,67811.9609375,419692544
2026-03-04 05:00:00+00:00,67813.625,68357.0546875,67732.5234375,68270.9296875,0
2026-03-04 06:00:00+00:00,68209.109375,68650.125,68099.5859375,68486.2421875,1144762368
2026-03-04 07:00:00+00:00,68513.90625,69556.46875,68390.5390625,69556.46875,831889408
2026-03-04 08:00:00+00:00,69513.703125,71028.4296875,69193.3671875,71028.4296875,2991038464
2026-03-04 09:00:00+00:00,71002.8828125,71856.53125,70788.203125,71472.7109375,3960590336
2026-03-04 10:00:00+00:00,71472.7109375,71812.625,71219.5390625,71260.1640625,1820475392
2026-03-04 11:00:00+00:00,71297.5859375,71439.3125,70952.9375,71131.1171875,431890432
2026-03-04 12:00:00+00:00,71115.9140625,71339.9921875,70634.0859375,71339.9921875,678121472
2026-03-04 13:00:00+00:00,71340.7265625,71594.09375,71247.890625,71486.8828125,1226080256
2026-03-04 14:00:00+00:00,71488.296875,72458.796875,71370.5390625,71628.4609375,2497908736
2026-03-04 15:00:00+00:00,71604.0390625,73245.125,71604.0390625,73245.125,2881396736
2026-03-04 16:00:00+00:00,73404.96875,73417.75,72606.3125,73410.8125,424943616
2026-03-04 17:00:00+00:00,73324.921875,73764.4453125,72999.3125,73251.6796875,1400963072
2026-03-04 18:00:00+00:00,73243.8515625,73695.265625,73004.0,73596.3359375,400482304
2026-03-04 19:00:00+00:00,73645.7421875,74041.8125,73568.6953125,73717.9375,2276098048
2026-03-04 20:00:00+00:00,73669.5703125,73674.078125,73156.828125,73156.828125,131170304
2026-03-04 21:00:00+00:00,73110.6328125,73330.890625,72915.9296875,73318.4609375,1153753088
2026-03-04 22:00:00+00:00,73334.5234375,73524.5,72665.984375,72755.4453125,196395008
2026-03-04 23:00:00+00:00,72710.6875,72829.3203125,72336.9921875,72670.125,1046552576
2026-03-05 00:00:00+00:00,72729.2734375,72990.6015625,72574.9609375,72822.90625,0
2026-03-05 01:00:00+00:00,72815.109375,73261.5859375,72462.2578125,72492.8828125,162013184
2026-03-05 02:00:00+00:00,72530.8984375,72858.359375,72368.5546875,72449.1015625,150396928
2026-03-05 03:00:00+00:00,72510.953125,72735.3046875,72373.5625,72513.1328125,0
2026-03-05 04:00:00+00:00,72502.0625,73056.2578125,72478.2578125,72823.25,0
2026-03-05 05:00:00+00:00,72847.9296875,72887.84375,72287.265625,72287.265625,578125824
2026-03-05 06:00:00+00:00,72412.0390625,72642.375,72066.6953125,72560.7109375,252207104
2026-03-05 07:00:00+00:00,72560.75,72660.1171875,71833.234375,71994.4453125,0
2026-03-05 08:00:00+00:00,72075.7265625,72374.171875,71794.0078125,72374.171875,0
2026-03-05 09:00:00+00:00,72350.8984375,72844.15625,72350.8984375,72599.0,0
2026-03-05 10:00:00+00:00,72595.625,73527.2890625,72585.34375,73390.0703125,0
2026-03-05 11:00:00+00:00,73415.9375,73433.3125,72822.6328125,72876.4453125,855916544
2026-03-05 12:00:00+00:00,72928.21875,73047.9296875,72700.9609375,72960.703125,0
2026-03-05 13:00:00+00:00,72925.5390625,72925.5390625,72278.421875,72484.328125,0
2026-03-05 14:00:00+00:00,72466.4453125,72711.2890625,72013.484375,72711.2890625,0
2026-03-05 15:00:00+00:00,72677.2265625,72677.2265625,71200.6796875,71481.0078125,0
2026-03-05 16:00:00+00:00,71642.875,71642.875,70829.8984375,71318.9765625,0
2026-03-05 17:00:00+00:00,71329.6015625,71569.1171875,70663.078125,70837.2890625,0
2026-03-05 18:00:00+00:00,70711.3203125,71032.828125,70711.3203125,70981.2734375,0
2026-03-05 19:00:00+00:00,70995.1015625,71337.2734375,70913.6484375,70952.4609375,0
2026-03-05 20:00:00+00:00,70945.5703125,71336.046875,70893.375,71259.5859375,0
2026-03-05 21:00:00+00:00,71248.1171875,71542.8203125,71038.296875,71139.5390625,0
2026-03-05 22:00:00+00:00,71139.7578125,71321.265625,71099.875,71246.0078125,0
2026-03-05 23:00:00+00:00,71221.84375,71273.109375,70790.78125,70842.15625,2166784
2026-03-06 00:00:00+00:00,70878.65625,71030.078125,70853.5625,70928.421875,0
2026-03-06 01:00:00+00:00,70938.90625,71265.875,70420.71875,71244.7890625,0
2026-03-06 02:00:00+00:00,71254.7265625,71357.8671875,71104.6875,71211.6015625,161177600
2026-03-06 03:00:00+00:00,71233.1953125,71254.0078125,71029.078125,71074.9140625,0
2026-03-06 04:00:00+00:00,71085.6328125,71100.65625,70435.671875,70594.9453125,0
2026-03-06 05:00:00+00:00,70572.5390625,70632.6953125,70162.8359375,70448.7421875,0
2026-03-06 06:00:00+00:00,70436.75,70806.734375,70275.53125,70644.921875,0
2026-03-06 07:00:00+00:00,70616.2734375,71162.75,70495.625,71077.15625,0
2026-03-06 08:00:00+00:00,71060.3359375,71060.3359375,70762.578125,70762.578125,0
2026-03-06 09:00:00+00:00,70762.046875,70785.6171875,70353.2421875,70565.0078125,0
2026-03-06 10:00:00+00:00,70566.25,70765.609375,70503.109375,70551.640625,0
2026-03-06 11:00:00+00:00,70540.765625,70611.7109375,70198.7265625,70202.3359375,0
2026-03-06 12:00:00+00:00,70203.9140625,70203.9140625,69682.0390625,70014.0625,1219764224
2026-03-06 13:00:00+00:00,69998.7890625,70264.609375,69333.1171875,69358.984375,927875072
2026-03-06 14:00:00+00:00,68906.4375,69190.125,68341.328125,68341.328125,2065895424
2026-03-06 15:00:00+00:00,68448.0703125,69012.078125,68333.4140625,68543.03125,0
2026-03-06 16:00:00+00:00,68506.578125,68773.5234375,68241.375,68470.203125,0
2026-03-06 17:00:00+00:00,68448.3046875,68614.46875,67760.484375,67987.828125,39723008
2026-03-06 18:00:00+00:00,68006.5078125,68451.7109375,68006.5078125,68190.609375,0
2026-03-06 19:00:00+00:00,68248.265625,68455.5078125,68022.0,68109.4140625,0
2026-03-06 20:00:00+00:00,68124.5703125,68237.4296875,67778.1484375,68145.4453125,36192256
2026-03-06 21:00:00+00:00,68119.671875,68309.734375,67940.6015625,68278.59375,77824
2026-03-06 22:00:00+00:00,68277.890625,68423.8984375,68234.03125,68423.8984375,0
2026-03-06 23:00:00+00:00,68320.375,68367.515625,68105.59375,68136.6875,0
2026-03-07 00:00:00+00:00,68139.6875,68348.6796875,68127.828125,68312.25,0
2026-03-07 01:00:00+00:00,68303.6171875,68343.921875,68186.59375,68280.625,0
2026-03-07 02:00:00+00:00,68252.4921875,68298.1015625,68092.2421875,68298.1015625,0
2026-03-07 03:00:00+00:00,68342.4375,68513.84375,68108.3125,68133.25,0
2026-03-07 04:00:00+00:00,68124.7421875,68144.4765625,67890.0703125,68076.1484375,0
2026-03-07 05:00:00+00:00,68096.3046875,68111.765625,67928.09375,67998.078125,0
2026-03-07 06:00:00+00:00,68005.3046875,68009.5,67716.71875,67745.171875,0
2026-03-07 07:00:00+00:00,67689.0078125,67854.9375,67503.4140625,67854.9375,0
2026-03-07 08:00:00+00:00,67827.046875,68031.46875,67752.2421875,67763.1640625,0
2026-03-07 09:00:00+00:00,67794.2890625,68046.0234375,67743.6796875,68016.796875,0
2026-03-07 10:00:00+00:00,67999.1640625,68091.4296875,67882.578125,67882.578125,0
2026-03-07 11:00:00+00:00,67882.578125,68207.53125,67867.453125,68020.875,0
2026-03-07 12:00:00+00:00,68015.34375,68078.625,67908.9453125,67995.0859375,0
2026-03-07 13:00:00+00:00,67986.6953125,68071.1328125,67881.5234375,67923.0703125,0
2026-03-07 14:00:00+00:00,67893.1875,68054.3515625,67628.859375,68038.125,0
2026-03-07 15:00:00+00:00,68020.1640625,68020.1640625,67798.03125,67910.8984375,0
2026-03-07 16:00:00+00:00,67887.4375,67887.4375,67741.328125,67818.6875,0
2026-03-07 17:00:00+00:00,67804.7109375,67918.0234375,67781.765625,67781.765625,0
2026-03-07 18:00:00+00:00,67787.0546875,67787.0546875,67521.46875,67588.6875,0
2026-03-07 19:00:00+00:00,67571.0625,67571.0625,67016.953125,67095.625,965033984
2026-03-07 20:00:00+00:00,67087.1328125,67418.8984375,67087.1328125,67414.6171875,0
2026-03-07 21:00:00+00:00,67401.6796875,67476.7265625,67297.53125,67439.015625,0
2026-03-07 22:00:00+00:00,67452.1484375,67456.328125,67171.5625,67240.6640625,25126912
2026-03-07 23:00:00+00:00,67239.65625,67384.7421875,67209.265625,67272.5,56922112
2026-03-08 00:00:00+00:00,67250.1015625,67474.390625,67177.8046875,67228.4921875,0
2026-03-08 01:00:00+00:00,67197.640625,67350.0390625,67098.0703125,67296.7109375,144486400
2026-03-08 02:00:00+00:00,67299.8046875,67408.5859375,66905.828125,66956.8046875,606951424
2026-03-08 03:00:00+00:00,66919.421875,67064.59375,66892.953125,67050.3515625,288538624
2026-03-08 04:00:00+00:00,67009.3125,67077.75,66612.984375,66647.515625,278130688
2026-03-08 05:00:00+00:00,66635.25,67217.5859375,66635.25,67171.09375,339662848
2026-03-08 06:00:00+00:00,67154.2109375,67218.9609375,67057.984375,67190.828125,0
2026-03-08 07:00:00+00:00,67162.796875,67412.6953125,67162.4296875,67277.71875,0
2026-03-08 08:00:00+00:00,67315.3984375,67547.984375,67184.15625,67537.9296875,383299584
2026-03-08 09:00:00+00:00,67541.71875,67819.0546875,67472.4921875,67733.984375,697190400
2026-03-08 10:00:00+00:00,67718.625,68170.4453125,67718.625,67893.5078125,643680256
2026-03-08 11:00:00+00:00,67896.859375,67896.859375,67439.5703125,67537.6328125,203538432
2026-03-08 12:00:00+00:00,67517.109375,67617.4453125,66913.4375,67305.921875,870957056
2026-03-08 13:00:00+00:00,67316.9375,67354.6640625,66876.625,67257.5390625,1407559680
2026-03-08 14:00:00+00:00,67249.78125,67395.0,67074.4453125,67291.859375,32139264
2026-03-08 15:00:00+00:00,67321.421875,67348.921875,67125.3828125,67197.578125,235843584
2026-03-08 16:00:00+00:00,67200.6953125,67222.40625,66846.515625,66846.515625,435476480
2026-03-08 17:00:00+00:00,66859.78125,67139.203125,66824.0625,66978.1953125,514711552
2026-03-08 18:00:00+00:00,67011.078125,67041.4140625,66768.0625,66853.7421875,0
2026-03-08 19:00:00+00:00,66823.9375,67405.09375,66806.6953125,67294.5234375,0
2026-03-08 20:00:00+00:00,67311.3671875,67480.8671875,67050.953125,67210.8359375,424927232
2026-03-08 21:00:00+00:00,67243.015625,67243.015625,66760.640625,66978.71875,785186816
2026-03-08 22:00:00+00:00,66976.671875,66976.671875,65660.515625,66221.859375,2410731520
2026-03-08 23:00:00+00:00,66215.1171875,66529.421875,65969.5859375,65969.5859375,1620172800
2026-03-09 00:00:00+00:00,65975.703125,66716.171875,65878.921875,66406.7734375,1005076480
2026-03-09 01:00:00+00:00,66363.234375,66658.3828125,66176.90625,66239.640625,1434687488
2026-03-09 02:00:00+00:00,66205.796875,66647.7265625,65990.5703125,66575.859375,582176768
2026-03-09 03:00:00+00:00,66602.0078125,67644.046875,66602.0078125,67198.7890625,1198792704
2026-03-09 04:00:00+00:00,67206.921875,67584.3984375,67183.390625,67184.8125,0
2026-03-09 05:00:00+00:00,67133.9375,68009.7265625,67133.9375,67887.1484375,1376468992
2026-03-09 06:00:00+00:00,67890.9453125,67895.640625,67273.578125,67286.0859375,1159671808
2026-03-09 07:00:00+00:00,67243.53125,67532.5,66968.28125,67527.171875,515100672
2026-03-09 08:00:00+00:00,67566.90625,67886.8828125,67431.875,67810.0078125,872071168
2026-03-09 09:00:00+00:00,67799.359375,68405.1640625,67615.15625,67968.8359375,513470464
2026-03-09 10:00:00+00:00,67984.6328125,68043.5078125,67586.328125,67602.859375,660811776
2026-03-09 11:00:00+00:00,67596.6328125,67824.65625,67398.3984375,67781.9375,13942784
2026-03-09 12:00:00+00:00,67753.046875,68285.1328125,67753.046875,68197.796875,203182080
2026-03-09 13:00:00+00:00,68157.65625,69249.7265625,68157.65625,69038.953125,1498853376
2026-03-09 14:00:00+00:00,69000.828125,69453.5,68720.8671875,69149.828125,2796879872
2026-03-09 15:00:00+00:00,69133.3984375,69232.6796875,68771.984375,69007.4609375,1620893696
2026-03-09 16:00:00+00:00,68895.296875,69130.875,68729.2578125,68972.671875,1186041856
2026-03-09 17:00:00+00:00,68971.8359375,69055.21875,68315.6796875,68658.5546875,471916544
2026-03-09 18:00:00+00:00,68622.078125,68690.2578125,68265.109375,68344.578125,1060278272
2026-03-09 19:00:00+00:00,68400.1640625,69347.0234375,68400.1640625,69053.765625,1127022592
2026-03-09 20:00:00+00:00,69006.203125,69139.6640625,68822.3125,69026.1875,575393792
2026-03-09 21:00:00+00:00,68996.78125,69117.7890625,68746.65625,69009.71875,48074752
2026-03-09 22:00:00+00:00,69014.3828125,69014.3828125,68630.859375,68654.75,0
2026-03-09 23:00:00+00:00,68642.3828125,68692.859375,68401.4609375,68402.71875,0
2026-03-10 00:00:00+00:00,68443.1484375,69284.1796875,68432.28125,69117.40625,0
2026-03-10 01:00:00+00:00,69163.484375,69330.5078125,68846.6953125,69282.4609375,0
2026-03-10 02:00:00+00:00,69316.3984375,70561.8515625,69133.9375,70282.6640625,1710305280
2026-03-10 03:00:00+00:00,70285.90625,70334.1875,69454.2890625,69454.2890625,0
2026-03-10 04:00:00+00:00,69474.1640625,70092.0234375,69474.1640625,70082.0546875,166465536
2026-03-10 05:00:00+00:00,70054.296875,70311.6796875,69914.6171875,69966.9453125,0
2026-03-10 06:00:00+00:00,69942.6796875,70160.3125,69773.6015625,69906.546875,0
2026-03-10 07:00:00+00:00,69957.859375,70465.3984375,69845.078125,70338.8671875,854138880
2026-03-10 08:00:00+00:00,70392.390625,71072.984375,70392.390625,70655.1875,612130816
2026-03-10 09:00:00+00:00,70670.4921875,71266.8828125,70670.4921875,71034.453125,206561280
2026-03-10 10:00:00+00:00,71047.1484375,71047.1484375,70690.234375,70813.3515625,0
2026-03-10 11:00:00+00:00,70758.9765625,70850.09375,70575.015625,70612.5078125,838459392
2026-03-10 12:00:00+00:00,70609.28125,70617.546875,70329.375,70508.40625,0
2026-03-10 13:00:00+00:00,70523.1875,70907.703125,69762.796875,69974.1328125,0
2026-03-10 14:00:00+00:00,69935.9921875,71453.234375,69508.3515625,71435.6484375,329719808
2026-03-10 15:00:00+00:00,71568.4140625,71751.71875,70945.703125,71360.6640625,1293574144
2026-03-10 16:00:00+00:00,71382.9375,71699.7265625,71016.2421875,71226.984375,786587648
2026-03-10 17:00:00+00:00,71269.1640625,71457.875,70619.2265625,70899.8515625,734576640
2026-03-10 18:00:00+00:00,70877.2265625,70888.8359375,69949.421875,69969.8046875,890544128
2026-03-10 19:00:00+00:00,70017.2265625,70245.8359375,69837.5078125,70001.09375,0
2026-03-10 20:00:00+00:00,70050.2265625,70320.6328125,70043.0703125,70254.5,0
2026-03-10 21:00:00+00:00,70256.2890625,70390.609375,69568.7578125,69781.28125,220327936
2026-03-10 22:00:00+00:00,69816.8125,69855.578125,69491.3828125,69708.0234375,0
2026-03-10 23:00:00+00:00,69707.1796875,69952.984375,69707.1796875,69931.25,580050944
2026-03-11 00:00:00+00:00,69956.9296875,70146.609375,69780.265625,70093.7734375,0
2026-03-11 01:00:00+00:00,70053.5078125,70123.3125,69907.9921875,70089.4921875,617857024
2026-03-11 02:00:00+00:00,70086.0390625,70117.4765625,69663.953125,69790.0859375,0
2026-03-11 03:00:00+00:00,69816.5078125,69849.1328125,69526.8203125,69571.8671875,322605056
2026-03-11 04:00:00+00:00,69544.28125,70256.4609375,69538.9921875,70142.796875,0
2026-03-11 05:00:00+00:00,70151.9296875,70153.9609375,69453.703125,69552.3046875,31375360
2026-03-11 06:00:00+00:00,69512.671875,69972.96875,69512.671875,69965.296875,0
2026-03-11 07:00:00+00:00,69956.421875,69987.2265625,69527.34375,69666.4765625,0
2026-03-11 08:00:00+00:00,69674.875,69757.7734375,69507.9453125,69637.3046875,0
2026-03-11 09:00:00+00:00,69644.890625,69732.140625,69404.7421875,69411.1796875,0
2026-03-11 10:00:00+00:00,69466.3125,69693.75,69430.703125,69627.4453125,0
2026-03-11 11:00:00+00:00,69617.2578125,69645.7890625,69247.8671875,69247.8671875,88522752
2026-03-11 12:00:00+00:00,69178.859375,69547.234375,68998.8671875,69372.46875,380854272
2026-03-11 13:00:00+00:00,69363.40625,71038.4375,69356.203125,70186.515625,583168000
2026-03-11 14:00:00+00:00,70195.28125,70926.5625,70055.15625,70690.9921875,409673728
2026-03-11 15:00:00+00:00,70617.7734375,70617.7734375,69850.2109375,70278.3515625,0
2026-03-11 16:00:00+00:00,70242.484375,70777.78125,70226.9375,70572.265625,424595456
2026-03-11 17:00:00+00:00,70580.484375,71337.6640625,70580.484375,70801.609375,1442115584
2026-03-11 18:00:00+00:00,70794.34375,70878.6875,70466.8125,70664.5546875,0
2026-03-11 19:00:00+00:00,70648.3984375,70730.2421875,70416.71875,70667.578125,0
2026-03-11 20:00:00+00:00,70670.0,70670.0,70435.7109375,70665.5,0
2026-03-11 21:00:00+00:00,70660.984375,70771.0546875,70526.9609375,70742.6796875,0
2026-03-11 22:00:00+00:00,70762.3359375,70901.875,70327.4140625,70359.6875,0
2026-03-11 23:00:00+00:00,70375.9453125,70507.0234375,70165.6640625,70209.765625,0
2026-03-12 00:00:00+00:00,70202.765625,70357.203125,70170.671875,70248.6640625,0
2026-03-12 01:00:00+00:00,70225.3671875,70225.3671875,69795.2578125,69807.671875,0
2026-03-12 02:00:00+00:00,69841.84375,69878.34375,69252.6015625,69334.328125,0
2026-03-12 03:00:00+00:00,69305.109375,69606.9765625,69305.109375,69437.1015625,0
2026-03-12 04:00:00+00:00,69468.0546875,69652.890625,69326.4921875,69403.859375,0
2026-03-12 05:00:00+00:00,69380.015625,69532.65625,69242.03125,69437.375,0
2026-03-12 06:00:00+00:00,69454.578125,69543.7734375,69376.046875,69463.3359375,42287104
2026-03-12 07:00:00+00:00,69486.75,69847.9140625,69447.0234375,69813.4296875,39161856
2026-03-12 08:00:00+00:00,69831.0390625,70051.109375,69726.53125,69851.5390625,563331072
2026-03-12 09:00:00+00:00,69898.03125,70314.84375,69634.1640625,69976.53125,470585344
2026-03-12 10:00:00+00:00,70041.3515625,70469.5703125,69894.4765625,70457.4765625,207564800
2026-03-12 11:00:00+00:00,70409.8125,70743.3203125,70405.15625,70452.9453125,506089472
2026-03-12 12:00:00+00:00,70438.421875,70604.1953125,70312.3984375,70376.8203125,0
2026-03-12 13:00:00+00:00,70394.90625,70536.6328125,69765.0234375,69858.9140625,0
2026-03-12 14:00:00+00:00,69975.453125,70519.6015625,69426.078125,69529.3515625,0
2026-03-12 15:00:00+00:00,69610.9921875,70551.171875,69575.453125,70270.5234375,104935424
2026-03-12 16:00:00+00:00,70318.53125,70542.9921875,69966.234375,70422.5625,127213568
2026-03-12 17:00:00+00:00,70408.3125,70549.390625,70193.0390625,70276.96875,0
2026-03-12 18:00:00+00:00,70240.9921875,70269.046875,69830.15625,69830.15625,0
2026-03-12 19:00:00+00:00,69900.21875,70557.953125,69825.1015625,70520.96875,119939072
2026-03-12 20:00:00+00:00,70487.4765625,70540.984375,70155.8515625,70189.828125,304300032
2026-03-12 21:00:00+00:00,70215.859375,70434.609375,70215.859375,70371.6953125,0
2026-03-12 22:00:00+00:00,70298.6796875,70298.6796875,70041.546875,70132.71875,0
2026-03-12 23:00:00+00:00,70210.5546875,70712.6171875,70210.5546875,70497.046875,582909952
2026-03-13 00:00:00+00:00,70446.8671875,71953.484375,70426.640625,71391.15625,3419000832
2026-03-13 01:00:00+00:00,71624.4140625,71684.4375,71329.6796875,71636.0703125,569339904
2026-03-13 02:00:00+00:00,71657.53125,71657.53125,71095.921875,71166.265625,23027712
2026-03-13 03:00:00+00:00,71170.2734375,71445.34375,71045.5234375,71403.625,222846976
2026-03-13 04:00:00+00:00,71404.71875,71477.6015625,71264.125,71335.875,584400896
2026-03-13 05:00:00+00:00,71357.265625,71608.5859375,71250.8984375,71604.609375,0
2026-03-13 06:00:00+00:00,71569.609375,71584.1171875,71193.234375,71342.6640625,1116696576
2026-03-13 07:00:00+00:00,71324.0703125,71651.875,71255.9765625,71651.875,347213824
2026-03-13 08:00:00+00:00,71622.6953125,72046.7265625,71399.765625,71784.875,1098498048
2026-03-13 09:00:00+00:00,71818.421875,72088.8359375,71657.7890625,72038.1171875,0
2026-03-13 10:00:00+00:00,72019.6953125,72571.53125,72019.6953125,72489.6875,1934700544
2026-03-13 11:00:00+00:00,72475.3828125,72513.5078125,72245.921875,72254.34375,0
2026-03-13 12:00:00+00:00,72235.890625,72853.28125,72235.890625,72853.28125,0
2026-03-13 13:00:00+00:00,72793.6484375,73580.6015625,72710.453125,73510.8046875,2515722240
2026-03-13 14:00:00+00:00,73410.1953125,73854.28125,72419.109375,72419.109375,2514821120
2026-03-13 15:00:00+00:00,72419.8515625,72776.7734375,71764.828125,71798.3359375,2530959360
2026-03-13 16:00:00+00:00,71860.2421875,72076.578125,71175.7109375,71934.0859375,1378779136
2026-03-13 17:00:00+00:00,71889.2265625,72220.09375,70943.7109375,71003.5703125,1685139456
2026-03-13 18:00:00+00:00,71028.09375,71294.5234375,70936.8125,71069.2734375,0
2026-03-13 19:00:00+00:00,71056.78125,71283.0078125,71023.6953125,71159.5390625,1672425472
2026-03-13 20:00:00+00:00,71175.09375,71450.2265625,71166.1328125,71357.3984375,55992320
2026-03-13 21:00:00+00:00,71349.578125,71482.953125,71096.640625,71161.375,403816448
2026-03-13 22:00:00+00:00,71110.5234375,71156.7734375,70570.5546875,70794.5234375,498339840
2026-03-13 23:00:00+00:00,70797.015625,70987.4921875,70723.421875,70965.3828125,0
2026-03-14 00:00:00+00:00,70952.3359375,70952.3359375,70573.3828125,70684.9921875,0
2026-03-14 01:00:00+00:00,70691.6015625,70885.359375,70507.8828125,70862.96875,0
2026-03-14 02:00:00+00:00,70794.109375,70889.0703125,70752.546875,70859.34375,0
2026-03-14 03:00:00+00:00,70800.71875,71155.03125,70800.71875,71072.2265625,433008640
2026-03-14 04:00:00+00:00,71090.21875,71281.6796875,71032.5546875,71032.5546875,0
2026-03-14 05:00:00+00:00,71038.8046875,71125.671875,70963.28125,71026.6796875,0
2026-03-14 06:00:00+00:00,71025.7109375,71025.7109375,70436.75,70656.875,0
2026-03-14 07:00:00+00:00,70677.953125,70732.9921875,70531.2578125,70613.203125,0
2026-03-14 08:00:00+00:00,70599.90625,70686.3515625,70556.3359375,70583.171875,0
2026-03-14 09:00:00+00:00,70589.4375,70711.1484375,70435.734375,70546.7421875,0
2026-03-14 10:00:00+00:00,70539.640625,70575.28125,70421.6875,70563.671875,0
2026-03-14 11:00:00+00:00,70570.9140625,70769.859375,70570.9140625,70723.2890625,0
2026-03-14 12:00:00+00:00,70739.1875,70829.484375,70638.3203125,70731.0390625,0
2026-03-14 13:00:00+00:00,70747.15625,70933.890625,70743.703125,70878.0546875,0
2026-03-14 14:00:00+00:00,70893.2265625,70951.0859375,70621.4921875,70632.640625,0
2026-03-14 15:00:00+00:00,70606.5625,70729.8828125,70522.859375,70603.828125,0
2026-03-14 16:00:00+00:00,70607.3671875,70710.1015625,70512.34375,70682.078125,0
2026-03-14 17:00:00+00:00,70684.8125,70728.828125,70596.8125,70619.96875,0
2026-03-14 18:00:00+00:00,70624.1640625,70702.7109375,70581.5703125,70702.7109375,0
2026-03-14 19:00:00+00:00,70678.34375,70736.296875,70620.90625,70711.6171875,0
2026-03-14 20:00:00+00:00,70711.78125,70854.203125,70665.1796875,70844.234375,0
2026-03-14 21:00:00+00:00,70825.25,70825.25,70679.1328125,70808.8984375,0
2026-03-14 22:00:00+00:00,70790.6171875,70805.84375,70711.984375,70727.6171875,0
2026-03-14 23:00:00+00:00,70722.0390625,71239.0859375,70722.0390625,71213.6796875,5027840
2026-03-15 00:00:00+00:00,71214.4296875,71214.4296875,70983.21875,71006.421875,0
2026-03-15 01:00:00+00:00,70994.328125,71038.1796875,70897.6171875,71028.921875,0
2026-03-15 02:00:00+00:00,71088.8984375,71575.921875,71088.8984375,71461.34375,434233344
2026-03-15 03:00:00+00:00,71460.5234375,71514.4140625,71286.0234375,71325.859375,0
2026-03-15 04:00:00+00:00,71343.453125,71650.640625,71343.453125,71535.2265625,0
2026-03-15 05:00:00+00:00,71552.046875,71729.515625,71483.0390625,71504.1875,299008000
2026-03-15 06:00:00+00:00,71500.4453125,71592.734375,71409.25,71451.53125,0
2026-03-15 07:00:00+00:00,71456.875,71656.3125,71424.15625,71441.8359375,0
2026-03-15 08:00:00+00:00,71449.0234375,71668.984375,71449.0234375,71629.4296875,0
2026-03-15 09:00:00+00:00,71818.2109375,71932.8984375,71723.515625,71810.9140625,225181696
2026-03-15 10:00:00+00:00,71799.3671875,71915.4375,71753.6953125,71790.0,0
2026-03-15 11:00:00+00:00,71787.21875,71881.84375,71677.78125,71843.15625,216363008
2026-03-15 12:00:00+00:00,71832.7734375,71832.7734375,71593.984375,71609.4296875,17004544
2026-03-15 13:00:00+00:00,71616.875,71666.3203125,71299.9921875,71545.3359375,924372992
2026-03-15 14:00:00+00:00,71610.1328125,71613.40625,71359.5859375,71611.015625,63881216
2026-03-15 15:00:00+00:00,71601.0625,71601.75,71445.8515625,71488.0625,0
2026-03-15 16:00:00+00:00,71487.0546875,71570.828125,71339.46875,71431.0234375,0
2026-03-15 17:00:00+00:00,71436.5234375,71987.2890625,71423.359375,71828.2578125,241055744
2026-03-15 18:00:00+00:00,71801.2734375,71817.546875,71369.328125,71384.6484375,594319360
2026-03-15 19:00:00+00:00,71417.765625,71559.4453125,71376.1796875,71558.015625,255500288
2026-03-15 20:00:00+00:00,71562.3125,71870.953125,71451.8828125,71759.0625,166877184
2026-03-15 21:00:00+00:00,71730.75,72217.6796875,71636.0390625,72064.5703125,892504064
2026-03-15 22:00:00+00:00,72108.640625,73034.6171875,71733.015625,72803.8671875,2847434752
2026-03-15 23:00:00+00:00,72734.5078125,73141.3515625,72450.0078125,72798.171875,1400201216
2026-03-16 00:00:00+00:00,72820.78125,72970.4921875,72487.046875,72550.0,756738048
2026-03-16 01:00:00+00:00,72563.15625,72799.5078125,72323.09375,72753.078125,875393024
2026-03-16 02:00:00+00:00,72738.9296875,72848.0703125,72405.796875,72568.953125,0
2026-03-16 03:00:00+00:00,72541.921875,73984.296875,72458.3125,73661.484375,3331143680
2026-03-16 04:00:00+00:00,73582.4296875,74363.125,73582.4296875,73880.3046875,2144870400
2026-03-16 05:00:00+00:00,73836.765625,74193.4765625,73765.609375,74165.0859375,1195438080
2026-03-16 06:00:00+00:00,74157.6328125,74173.2578125,73646.2890625,73748.71875,2087010304
2026-03-16 07:00:00+00:00,73717.8828125,73912.3984375,73408.703125,73494.09375,1220030464
2026-03-16 08:00:00+00:00,73458.265625,73761.78125,72931.9375,73123.546875,1563623424
2026-03-16 09:00:00+00:00,73123.6953125,73313.125,73069.9140625,73263.0703125,496054272
2026-03-16 10:00:00+00:00,73261.8359375,73722.40625,73218.9765625,73722.40625,637136896
2026-03-16 11:00:00+00:00,73773.65625,73788.40625,73535.3984375,73562.8046875,658067456
2026-03-16 12:00:00+00:00,73561.6640625,74002.421875,73507.6484375,73844.8828125,1360379904
2026-03-16 13:00:00+00:00,73881.6328125,74458.6484375,73824.3359375,74043.6484375,0
2026-03-16 14:00:00+00:00,74075.6796875,74414.765625,73064.859375,73457.046875,3715604480
2026-03-16 15:00:00+00:00,73540.890625,73896.921875,73232.28125,73245.90625,519004160
2026-03-16 16:00:00+00:00,73281.421875,73838.9140625,73198.8125,73773.3828125,2563309568
2026-03-16 17:00:00+00:00,73922.1328125,74036.5234375,73662.7890625,73962.015625,2005553152
2026-03-16 18:00:00+00:00,73947.9609375,74336.2578125,73940.4765625,73971.0625,1385996288
2026-03-16 19:00:00+00:00,73881.65625,74242.9765625,73858.8359375,73962.578125,1490034688
2026-03-16 20:00:00+00:00,73980.8671875,74232.4921875,73868.8828125,74219.015625,190033920
2026-03-16 21:00:00+00:00,74219.2578125,74702.5390625,74183.3203125,74416.984375,1580359680
2026-03-16 22:00:00+00:00,74413.8125,74889.625,74413.8125,74693.6953125,0
2026-03-16 23:00:00+00:00,74673.0703125,74901.859375,74322.546875,74855.296875,15134720
2026-03-17 00:00:00+00:00,74871.296875,75447.015625,74682.5703125,75204.6015625,1854222336
2026-03-17 01:00:00+00:00,75286.53125,75954.96875,75108.96875,75620.7421875,1303420928
2026-03-17 02:00:00+00:00,75635.125,75648.9765625,75125.734375,75211.6171875,1427288064
2026-03-17 03:00:00+00:00,75190.9453125,75302.1796875,74309.4609375,74423.7109375,0
2026-03-17 04:00:00+00:00,74545.046875,74652.7421875,74001.8671875,74271.78125,391942144
2026-03-17 05:00:00+00:00,74245.1484375,74448.46875,73839.921875,73991.4453125,0
2026-03-17 06:00:00+00:00,74053.3671875,74267.0,73889.7578125,74082.6640625,0
2026-03-17 07:00:00+00:00,74082.6328125,74435.90625,74082.6328125,74257.4609375,0
2026-03-17 08:00:00+00:00,74254.4609375,74425.8515625,74158.890625,74167.9765625,0
2026-03-17 09:00:00+00:00,74185.6875,74347.3984375,73873.8203125,73950.484375,486350848
2026-03-17 10:00:00+00:00,73932.1953125,73938.5546875,73614.75,73720.25,0
2026-03-17 11:00:00+00:00,73736.875,74166.2890625,73702.8828125,74057.859375,270827520
2026-03-17 12:00:00+00:00,74036.2421875,74160.3125,73705.09375,73729.296875,0
2026-03-17 13:00:00+00:00,73741.6640625,74091.9609375,73488.921875,73668.1796875,0
2026-03-17 14:00:00+00:00,73648.8671875,74410.984375,73459.25,74383.1484375,0
2026-03-17 15:00:00+00:00,74396.6875,74816.5,73738.90625,73949.9375,366981120
2026-03-17 16:00:00+00:00,73943.6171875,74347.2109375,73905.640625,74139.8671875,165515264
2026-03-17 17:00:00+00:00,74165.3046875,74582.2109375,74039.1171875,74534.34375,46608384
2026-03-17 18:00:00+00:00,74502.8359375,74757.0078125,74418.953125,74696.8046875,0
2026-03-17 19:00:00+00:00,74669.46875,74810.171875,74485.6015625,74509.2109375,0
2026-03-17 20:00:00+00:00,74510.2265625,74679.125,74399.4453125,74568.0078125,134602752
2026-03-17 21:00:00+00:00,74547.59375,74797.6953125,74501.109375,74700.4921875,0
2026-03-17 22:00:00+00:00,74663.78125,74791.140625,73972.3984375,74309.75,0
2026-03-17 23:00:00+00:00,74328.9609375,74401.6015625,73936.8515625,73936.8515625,0
2026-03-18 00:00:00+00:00,73933.515625,74082.5234375,73607.1796875,73855.84375,0
2026-03-18 01:00:00+00:00,73869.1328125,74216.4921875,73869.1328125,74098.3125,0
2026-03-18 02:00:00+00:00,74089.375,74468.1015625,74089.375,74352.140625,0
2026-03-18 03:00:00+00:00,74350.484375,74614.859375,74288.6171875,74520.84375,0
2026-03-18 04:00:00+00:00,74488.171875,74495.1484375,74179.2890625,74185.9453125,0
2026-03-18 05:00:00+00:00,74184.734375,74301.109375,73898.4609375,73950.6171875,0
2026-03-18 06:00:00+00:00,74004.7890625,74227.5390625,73963.078125,73963.078125,0
2026-03-18 07:00:00+00:00,73964.40625,73978.3515625,73739.234375,73888.078125,0
2026-03-18 08:00:00+00:00,73889.796875,74118.8984375,73889.796875,74030.09375,60719104
2026-03-18 09:00:00+00:00,74039.984375,74264.984375,74039.984375,74154.8046875,0
2026-03-18 10:00:00+00:00,74203.2890625,74264.2578125,73854.3828125,73936.0546875,0
2026-03-18 11:00:00+00:00,73928.75,73993.3125,72884.6171875,72931.2109375,1629986816
2026-03-18 12:00:00+00:00,72969.7421875,72969.7421875,72352.828125,72383.359375,1847402496
2026-03-18 13:00:00+00:00,72272.1953125,72537.0703125,72002.1015625,72050.671875,166236160
2026-03-18 14:00:00+00:00,72167.140625,72196.3359375,71315.328125,71315.328125,1607847936
2026-03-18 15:00:00+00:00,71077.0,71515.359375,70978.140625,71515.359375,1513684992
2026-03-18 16:00:00+00:00,71452.140625,71551.2890625,71133.4765625,71329.96875,529702912
2026-03-18 17:00:00+00:00,71316.6328125,71710.953125,71219.640625,71616.7109375,385953792
2026-03-18 18:00:00+00:00,71775.625,71948.5546875,70992.875,70992.875,883851264
2026-03-18 19:00:00+00:00,71184.4765625,71453.0234375,71001.71875,71111.2421875,532865024
2026-03-18 20:00:00+00:00,71058.625,71273.40625,70605.0234375,71240.7265625,314224640
2026-03-18 21:00:00+00:00,71234.8359375,71406.578125,71190.4296875,71293.0625,653623296
2026-03-18 22:00:00+00:00,71218.265625,71218.265625,70979.8203125,71139.421875,87281664
2026-03-18 23:00:00+00:00,71119.5390625,71349.421875,71091.03125,71250.3515625,186896384
2026-03-19 00:00:00+00:00,71216.484375,71298.9609375,71010.4921875,71010.4921875,0
2026-03-19 01:00:00+00:00,71058.0703125,71165.8671875,70964.4453125,71140.328125,0
2026-03-19 02:00:00+00:00,71075.46875,71253.0234375,70936.203125,71050.7421875,0
2026-03-19 03:00:00+00:00,71060.1328125,71593.9453125,71060.1328125,71223.125,174055424
2026-03-19 04:00:00+00:00,71157.5390625,71199.2578125,70698.765625,70841.8359375,639582208
2026-03-19 05:00:00+00:00,70854.7421875,70894.46875,70688.65625,70835.7734375,0
2026-03-19 06:00:00+00:00,70834.140625,70930.9453125,70532.890625,70538.578125,0
2026-03-19 07:00:00+00:00,70543.28125,70543.28125,69519.03125,70220.4609375,3060477952
2026-03-19 08:00:00+00:00,70202.65625,70256.6875,69960.1171875,69960.1171875,1039183872
2026-03-19 09:00:00+00:00,69992.7421875,70530.7578125,69992.7421875,70494.7734375,1144094720
2026-03-19 10:00:00+00:00,70499.0703125,70499.0703125,70119.53125,70119.53125,370712576
2026-03-19 11:00:00+00:00,70134.71875,70229.7265625,69915.0,69915.0,0
2026-03-19 12:00:00+00:00,69934.671875,69935.6484375,69186.2265625,69308.4140625,0
2026-03-19 13:00:00+00:00,69288.171875,69997.40625,69099.8671875,69897.484375,674107392
2026-03-19 14:00:00+00:00,70009.0546875,70009.0546875,69132.6796875,69560.4921875,0
2026-03-19 15:00:00+00:00,69508.1953125,69847.2890625,68829.8515625,69452.3203125,0
2026-03-19 16:00:00+00:00,69425.8359375,69603.3125,69236.4296875,69446.2578125,1459310592
2026-03-19 17:00:00+00:00,69467.7109375,69879.515625,69145.453125,69858.3515625,0
2026-03-19 18:00:00+00:00,69850.21875,69908.8203125,69613.9609375,69842.75,0
2026-03-19 19:00:00+00:00,69826.40625,70564.9453125,69826.40625,70280.046875,747216896
2026-03-19 20:00:00+00:00,70277.4296875,70633.4296875,70214.5390625,70490.953125,0
2026-03-19 21:00:00+00:00,70505.65625,70695.4375,70414.9921875,70485.6328125,0
2026-03-19 22:00:00+00:00,70437.625,70491.5234375,69969.984375,70139.3515625,0
2026-03-19 23:00:00+00:00,70180.421875,70270.4140625,69740.953125,69911.53125,6238208
2026-03-20 00:00:00+00:00,69921.890625,70280.90625,69849.15625,70232.03125,22978560
2026-03-20 01:00:00+00:00,70209.6875,70581.65625,70209.6875,70411.375,265351168
2026-03-20 02:00:00+00:00,70411.609375,70501.953125,70096.6171875,70429.59375,0
2026-03-20 03:00:00+00:00,70423.8671875,70765.3984375,70408.3046875,70747.953125,134672384
2026-03-20 04:00:00+00:00,70732.3515625,70939.7734375,70569.1015625,70785.0546875,0
2026-03-20 05:00:00+00:00,70784.3203125,70846.8046875,70555.8984375,70586.2578125,0
2026-03-20 06:00:00+00:00,70587.5625,70609.03125,70359.3828125,70480.53125,234172416
2026-03-20 07:00:00+00:00,70495.2109375,70890.09375,70223.3046875,70857.6328125,0
2026-03-20 08:00:00+00:00,70859.1796875,71315.328125,70810.9453125,71027.5234375,17764352
2026-03-20 09:00:00+00:00,70995.9140625,71002.9609375,70482.7890625,70564.0,0
2026-03-20 10:00:00+00:00,70570.6640625,70643.9765625,70242.9609375,70606.1953125,58114048
2026-03-20 11:00:00+00:00,70606.625,70787.5,70334.421875,70472.921875,0
2026-03-20 12:00:00+00:00,70474.6953125,70659.421875,70266.2734375,70321.734375,0
2026-03-20 13:00:00+00:00,70328.6484375,70610.78125,69830.9765625,69830.9765625,0
2026-03-20 14:00:00+00:00,69853.2109375,70227.015625,69637.5390625,69792.6328125,333500416
2026-03-20 15:00:00+00:00,69738.203125,69957.40625,69512.046875,69812.21875,0
2026-03-20 16:00:00+00:00,69857.6171875,70067.390625,69658.296875,69862.078125,154746880
2026-03-20 17:00:00+00:00,69819.046875,69953.96875,69435.75,69953.96875,243093504
2026-03-20 18:00:00+00:00,69960.4375,70025.2734375,69540.6171875,69700.6640625,375300096
2026-03-20 19:00:00+00:00,69750.9375,70165.765625,69688.8984375,70164.53125,0
2026-03-20 20:00:00+00:00,70160.9375,70228.75,69775.8359375,70047.375,143187968
2026-03-20 21:00:00+00:00,70044.4921875,70624.5625,69978.828125,70525.046875,182841344
2026-03-20 22:00:00+00:00,70545.578125,70877.3046875,70545.578125,70791.7109375,173883392
2026-03-20 23:00:00+00:00,70783.875,70783.875,70457.359375,70522.46875,0
2026-03-21 00:00:00+00:00,70517.6171875,70762.1640625,70490.8203125,70695.8828125,0
2026-03-21 01:00:00+00:00,70680.7890625,70742.890625,70483.4453125,70483.4453125,0
2026-03-21 02:00:00+00:00,70480.125,70764.6484375,70438.75,70715.328125,0
2026-03-21 03:00:00+00:00,70730.1640625,70767.015625,70615.7421875,70675.25,0
2026-03-21 04:00:00+00:00,70673.375,70790.421875,70623.890625,70632.328125,0
2026-03-21 05:00:00+00:00,70632.203125,70782.8203125,70632.203125,70704.1328125,552620032
2026-03-21 06:00:00+00:00,70696.578125,70799.671875,70696.578125,70764.578125,0
2026-03-21 07:00:00+00:00,70771.8515625,70871.8515625,70693.84375,70697.6328125,0
2026-03-21 08:00:00+00:00,70711.7109375,70727.671875,70489.359375,70585.9921875,0
2026-03-21 09:00:00+00:00,70586.71875,70701.453125,70583.3671875,70656.6015625,0
2026-03-21 10:00:00+00:00,70654.46875,70661.2421875,70556.9921875,70589.5234375,0
2026-03-21 11:00:00+00:00,70588.78125,70636.265625,70558.6953125,70634.9609375,0
2026-03-21 12:00:00+00:00,70635.1640625,70763.3984375,70635.1640625,70704.8671875,0
2026-03-21 13:00:00+00:00,70703.015625,70789.84375,70682.90625,70725.484375,0
2026-03-21 14:00:00+00:00,70717.6796875,71040.421875,70590.8203125,70592.34375,0
2026-03-21 15:00:00+00:00,70615.625,70750.3203125,70486.5078125,70652.2265625,0
2026-03-21 16:00:00+00:00,70641.703125,70644.515625,70269.796875,70290.7578125,0
2026-03-21 17:00:00+00:00,70295.28125,70403.3046875,70223.3203125,70317.5859375,0
2026-03-21 18:00:00+00:00,70312.9609375,70489.90625,70297.890625,70404.65625,0
2026-03-21 19:00:00+00:00,70389.640625,70434.65625,70328.8984375,70379.7109375,0
2026-03-21 20:00:00+00:00,70380.328125,70480.296875,70347.359375,70456.4140625,0
2026-03-21 21:00:00+00:00,70454.390625,70490.6171875,70283.9140625,70346.4921875,0
2026-03-21 22:00:00+00:00,70346.078125,70356.8671875,70270.5390625,70291.234375,0
2026-03-21 23:00:00+00:00,70265.4921875,70265.4921875,68737.4453125,68737.4453125,1413502976
2026-03-22 00:00:00+00:00,68903.21875,69084.8046875,68339.5859375,68908.2109375,3266553856
2026-03-22 01:00:00+00:00,68942.6171875,69074.5390625,68802.9453125,68959.234375,723529728
2026-03-22 02:00:00+00:00,68963.9609375,69336.53125,68959.140625,69313.6015625,459825152
2026-03-22 03:00:00+00:00,69279.0546875,69552.2734375,69138.40625,69332.0703125,666935296
2026-03-22 04:00:00+00:00,69336.1171875,69494.2578125,69207.5078125,69322.4296875,283357184
2026-03-22 05:00:00+00:00,69341.4453125,69341.4453125,69147.1796875,69147.1796875,0
2026-03-22 06:00:00+00:00,69146.0546875,69219.9765625,69062.5078125,69151.9140625,0
2026-03-22 07:00:00+00:00,69152.8359375,69216.1171875,68923.3125,68923.3125,14460928
2026-03-22 08:00:00+00:00,68907.0234375,68971.8046875,68628.953125,68805.8203125,513187840
2026-03-22 09:00:00+00:00,68799.2734375,68857.0625,68608.9453125,68817.265625,329285632
2026-03-22 10:00:00+00:00,68820.3828125,68820.3828125,68606.4296875,68659.65625,7567360
2026-03-22 11:00:00+00:00,68647.453125,68671.8671875,68216.140625,68216.140625,857841664
2026-03-22 12:00:00+00:00,68213.7421875,68733.0703125,68213.7421875,68656.21875,708227072
2026-03-22 13:00:00+00:00,68653.9453125,68918.75,68564.640625,68732.0625,488226816
2026-03-22 14:00:00+00:00,68709.0859375,68897.8046875,68574.5625,68705.0546875,0
2026-03-22 15:00:00+00:00,68708.7421875,68940.5703125,68708.7421875,68828.15625,33644544
2026-03-22 16:00:00+00:00,68843.4296875,68860.4921875,68698.125,68829.7109375,0
2026-03-22 17:00:00+00:00,68816.875,68852.375,68684.703125,68722.84375,0
2026-03-22 18:00:00+00:00,68688.203125,68734.703125,68438.71875,68572.1953125,317104128
2026-03-22 19:00:00+00:00,68610.453125,68610.453125,68156.375,68184.2890625,1097996288
2026-03-22 20:00:00+00:00,68194.046875,68489.1875,68123.078125,68189.2109375,0
2026-03-22 21:00:00+00:00,68185.515625,68192.7578125,67408.296875,67833.8359375,1641764864
2026-03-22 22:00:00+00:00,67877.453125,68364.6640625,67619.6875,68296.4609375,935120896
2026-03-22 23:00:00+00:00,68316.71875,68411.7734375,67843.0,67843.0,0
2026-03-23 00:00:00+00:00,67854.984375,68130.328125,67466.7109375,67718.25,68786176
2026-03-23 01:00:00+00:00,67678.8125,68129.265625,67583.265625,67924.46875,0
2026-03-23 02:00:00+00:00,67902.3046875,68319.953125,67820.4609375,68289.7109375,168857600
2026-03-23 03:00:00+00:00,68371.6953125,68565.7421875,68062.515625,68068.9921875,0
2026-03-23 04:00:00+00:00,68072.1796875,68513.8515625,68069.9375,68513.8515625,0
2026-03-23 05:00:00+00:00,68518.7734375,68850.125,68518.7734375,68845.609375,1175013376
2026-03-23 06:00:00+00:00,68877.9765625,68877.9765625,67741.265625,67806.609375,1326714880
2026-03-23 07:00:00+00:00,67852.125,68414.875,67543.046875,68311.0390625,1792518144
2026-03-23 08:00:00+00:00,68303.515625,68641.5234375,68303.515625,68446.6875,830390272
2026-03-23 09:00:00+00:00,68417.78125,68417.78125,67922.8515625,68247.9609375,183115776
2026-03-23 10:00:00+00:00,68321.6484375,68670.203125,68291.34375,68549.3203125,251672576
2026-03-23 11:00:00+00:00,68534.1796875,71401.8515625,68534.1796875,70063.984375,8296083456
2026-03-23 12:00:00+00:00,70082.0390625,70828.5546875,69731.46875,70630.6796875,2473283584
2026-03-23 13:00:00+00:00,70719.125,71525.5546875,70629.4921875,71410.3125,2168483840
2026-03-23 14:00:00+00:00,71453.0390625,71696.078125,71190.4140625,71365.3203125,1883529216
2026-03-23 15:00:00+00:00,71457.4375,71623.90625,70131.59375,70131.59375,1987919872
2026-03-23 16:00:00+00:00,70107.0390625,70680.6640625,70107.0390625,70545.265625,2353709056
2026-03-23 17:00:00+00:00,70561.5625,71098.25,70419.9296875,71083.4921875,1485176832
2026-03-23 18:00:00+00:00,71067.3984375,71154.96875,70900.5234375,71056.4375,173412352
2026-03-23 19:00:00+00:00,71075.15625,71170.8671875,70651.0703125,70651.0703125,0
2026-03-23 20:00:00+00:00,70679.421875,70952.390625,70596.109375,70907.671875,1178177536
2026-03-23 21:00:00+00:00,70893.953125,70972.8046875,70818.7265625,70889.0078125,0
2026-03-23 22:00:00+00:00,70827.125,70827.125,70535.609375,70759.2578125,0
2026-03-23 23:00:00+00:00,70783.0,70919.921875,70406.1171875,70912.671875,36675584
2026-03-24 00:00:00+00:00,70898.6640625,71045.5234375,70510.125,70694.296875,0
2026-03-24 01:00:00+00:00,70648.890625,70832.515625,70360.375,70505.296875,0
2026-03-24 02:00:00+00:00,70499.40625,70656.46875,70424.046875,70444.484375,0
2026-03-24 03:00:00+00:00,70440.03125,70554.234375,70397.609375,70523.75,0
2026-03-24 04:00:00+00:00,70523.875,70671.8046875,70270.3984375,70376.3203125,0
2026-03-24 05:00:00+00:00,70362.28125,70362.28125,70129.859375,70260.484375,748859392
2026-03-24 06:00:00+00:00,70263.3984375,70522.984375,70254.359375,70518.46875,0
2026-03-24 07:00:00+00:00,70518.859375,71331.5,70489.46875,71331.5,0
2026-03-24 08:00:00+00:00,71277.5234375,71277.5234375,70863.7890625,70915.6640625,0
2026-03-24 09:00:00+00:00,70954.3125,71318.828125,70860.8984375,71307.640625,47820800
2026-03-24 10:00:00+00:00,71302.625,71307.2578125,71110.4140625,71262.15625,152907776
2026-03-24 11:00:00+00:00,71264.0703125,71291.578125,70994.4375,71123.2421875,0
2026-03-24 12:00:00+00:00,71143.7421875,71143.7421875,70869.4453125,70936.03125,0
2026-03-24 13:00:00+00:00,70940.84375,71020.2265625,70017.3828125,70017.3828125,0
2026-03-24 14:00:00+00:00,70070.2578125,70423.1796875,69515.4765625,69906.9375,138326016
2026-03-24 15:00:00+00:00,69833.625,70193.4921875,69795.5703125,69875.765625,0
2026-03-24 16:00:00+00:00,69869.234375,69945.90625,69383.1484375,69452.984375,0
2026-03-24 17:00:00+00:00,69441.28125,69479.46875,68934.4375,69221.265625,604794880
2026-03-24 18:00:00+00:00,69284.5390625,69702.84375,69166.9140625,69419.03125,506191872
2026-03-24 19:00:00+00:00,69410.4375,69648.640625,69276.390625,69297.703125,0
2026-03-24 20:00:00+00:00,69318.796875,70220.421875,69277.375,70043.5078125,871616512
2026-03-24 21:00:00+00:00,70051.0234375,70314.296875,69920.40625,70280.640625,609001472
2026-03-24 22:00:00+00:00,70293.453125,70513.671875,70159.40625,70343.359375,653373440
2026-03-24 23:00:00+00:00,70298.3828125,70783.234375,70265.484375,70520.046875,595103744
2026-03-25 00:00:00+00:00,70525.5625,70995.4453125,70510.4296875,70869.515625,13664256
2026-03-25 01:00:00+00:00,70827.4140625,70925.3828125,70631.0390625,70702.359375,0
2026-03-25 02:00:00+00:00,70685.796875,70721.453125,70483.390625,70483.5703125,0
2026-03-25 03:00:00+00:00,70490.4296875,70757.6796875,70405.984375,70729.296875,430514176
2026-03-25 04:00:00+00:00,70709.2578125,70924.8125,70696.578125,70924.8125,65097728
2026-03-25 05:00:00+00:00,70932.953125,71295.6171875,70932.828125,71089.2734375,510869504
2026-03-25 06:00:00+00:00,71092.890625,71227.1484375,71000.7421875,71014.7578125,239230976
2026-03-25 07:00:00+00:00,70982.921875,71235.7109375,70886.9609375,70908.28125,0
2026-03-25 08:00:00+00:00,70903.484375,71468.2265625,70790.1015625,71229.4296875,345554944
2026-03-25 09:00:00+00:00,71226.1640625,71350.203125,71112.1015625,71327.7734375,0
2026-03-25 10:00:00+00:00,71365.6796875,71554.5703125,71299.5703125,71490.6015625,0
2026-03-25 11:00:00+00:00,71486.8984375,71946.390625,71467.0078125,71661.7578125,780009472
2026-03-25 12:00:00+00:00,71705.8359375,71817.859375,71198.8984375,71682.5703125,364318720
2026-03-25 13:00:00+00:00,71701.3828125,71907.1953125,71555.296875,71645.2109375,0
2026-03-25 14:00:00+00:00,71564.5859375,71626.0703125,71258.9609375,71296.828125,0
2026-03-25 15:00:00+00:00,71223.5,71256.4375,70584.640625,70834.3203125,0
2026-03-25 16:00:00+00:00,70838.890625,71706.296875,70797.7578125,71291.734375,0
2026-03-25 17:00:00+00:00,71303.25,71327.46875,70722.234375,70737.6953125,0
2026-03-25 18:00:00+00:00,70745.5390625,71080.75,70732.734375,70758.75,0
2026-03-25 19:00:00+00:00,70773.6640625,71024.2890625,70761.7265625,70781.0078125,0
2026-03-25 20:00:00+00:00,70849.5,71033.109375,70636.125,70991.0234375,0
2026-03-25 21:00:00+00:00,70982.8828125,71135.3046875,70932.6328125,70997.5703125,0
2026-03-25 22:00:00+00:00,71007.4453125,71524.359375,70940.5234375,71345.9453125,0
2026-03-25 23:00:00+00:00,71353.3203125,71396.9453125,71179.1328125,71310.1171875,5345280
2026-03-26 00:00:00+00:00,71311.6640625,71393.2109375,71148.0390625,71243.4140625,0
2026-03-26 01:00:00+00:00,71258.0078125,71312.203125,71153.0078125,71252.234375,0
2026-03-26 02:00:00+00:00,71247.9609375,71255.8828125,70717.8671875,70867.078125,225431552
2026-03-26 03:00:00+00:00,70880.796875,70945.40625,70675.46875,70864.46875,0
2026-03-26 04:00:00+00:00,70860.96875,70874.7890625,70697.3125,70754.3984375,0
2026-03-26 05:00:00+00:00,70750.1015625,70750.1015625,69956.7734375,69983.71875,182083584
2026-03-26 06:00:00+00:00,69976.6640625,70114.34375,69845.5703125,70077.34375,488939520
2026-03-26 07:00:00+00:00,70060.6171875,70109.34375,69805.421875,70076.09375,176820224
2026-03-26 08:00:00+00:00,70063.6953125,70077.6953125,69794.609375,69978.7265625,0
2026-03-26 09:00:00+00:00,69989.6875,70075.0546875,69383.3671875,69565.8046875,918487040
2026-03-26 10:00:00+00:00,69563.9609375,69658.328125,69451.046875,69460.2890625,232046592
2026-03-26 11:00:00+00:00,69479.796875,69605.1875,69242.5625,69264.1328125,0
2026-03-26 12:00:00+00:00,69255.953125,69421.5703125,69222.3359375,69421.5703125,0
2026-03-26 13:00:00+00:00,69414.984375,69826.125,69245.7734375,69518.5390625,414111744
2026-03-26 14:00:00+00:00,69600.421875,69750.765625,69293.4375,69506.859375,140247040
2026-03-26 15:00:00+00:00,69454.84375,69454.84375,68819.421875,69042.921875,472600576
2026-03-26 16:00:00+00:00,69059.0703125,69059.0703125,68808.8984375,68897.984375,0
2026-03-26 17:00:00+00:00,68884.6796875,69104.578125,68448.4765625,68448.4765625,0
2026-03-26 18:00:00+00:00,68431.0390625,68535.171875,68134.265625,68417.5703125,1961172992
2026-03-26 19:00:00+00:00,68435.5078125,68621.546875,68331.015625,68584.140625,164651008
2026-03-26 20:00:00+00:00,68510.28125,69281.46875,68413.1796875,68958.2109375,1496965120
2026-03-26 21:00:00+00:00,68969.7578125,69130.953125,68864.953125,68926.3828125,475009024
2026-03-26 22:00:00+00:00,68884.1171875,68986.375,68605.6484375,68831.703125,0
2026-03-26 23:00:00+00:00,68851.03125,68930.9921875,68623.6171875,68790.8359375,114843648
2026-03-27 00:00:00+00:00,68778.71875,68909.015625,68524.25,68707.9765625,0
2026-03-27 01:00:00+00:00,68725.046875,69008.4453125,68668.96875,68999.703125,0
2026-03-27 02:00:00+00:00,69009.4296875,69082.3515625,68862.15625,68884.2734375,122109952
2026-03-27 03:00:00+00:00,68873.0546875,68873.0546875,68644.6875,68741.234375,188006400
2026-03-27 04:00:00+00:00,68729.7890625,68729.7890625,68269.15625,68542.78125,515092480
2026-03-27 05:00:00+00:00,68542.09375,68817.0390625,68505.7578125,68582.5859375,0
2026-03-27 06:00:00+00:00,68578.9765625,68788.1171875,68546.3046875,68615.8203125,0
2026-03-27 07:00:00+00:00,68620.2109375,68907.578125,68418.7265625,68418.7265625,1357963264
2026-03-27 08:00:00+00:00,68480.609375,68536.6796875,67616.8203125,67910.8203125,1849540608
2026-03-27 09:00:00+00:00,67896.78125,67916.234375,67607.5703125,67670.0234375,0
2026-03-27 10:00:00+00:00,67641.8984375,67727.109375,66422.984375,66486.0078125,1919025152
2026-03-27 11:00:00+00:00,66460.5390625,66818.1328125,66371.2421875,66668.6796875,1756696576
2026-03-27 12:00:00+00:00,66676.8984375,66716.5234375,66414.5625,66590.46875,362377216
2026-03-27 13:00:00+00:00,66590.1796875,66672.3125,66064.2578125,66095.171875,850956288
2026-03-27 14:00:00+00:00,66139.3671875,66322.46875,65703.7265625,66175.203125,1900404736
2026-03-27 15:00:00+00:00,66168.5625,66552.0546875,65953.578125,66089.65625,1187127296
2026-03-27 16:00:00+00:00,66075.796875,66086.4375,65794.703125,65933.7421875,576593920
2026-03-27 17:00:00+00:00,65952.265625,66232.8984375,65585.15625,65604.5,212033536
2026-03-27 18:00:00+00:00,65603.640625,65884.921875,65539.1875,65833.9140625,0
2026-03-27 19:00:00+00:00,65817.0703125,66041.453125,65668.4140625,66041.453125,0
2026-03-27 20:00:00+00:00,66021.203125,66068.0546875,65795.3515625,65980.7890625,0
2026-03-27 21:00:00+00:00,65972.2578125,66124.53125,65972.2578125,66034.46875,0
2026-03-27 22:00:00+00:00,66027.5625,66027.7421875,65882.765625,65998.34375,0
2026-03-27 23:00:00+00:00,65979.34375,66351.5703125,65937.5546875,66338.5,308248576
2026-03-28 00:00:00+00:00,66363.4140625,66468.921875,66252.890625,66376.828125,0
2026-03-28 01:00:00+00:00,66379.7421875,66379.7421875,66027.359375,66063.234375,0
2026-03-28 02:00:00+00:00,66125.5625,66205.796875,65916.359375,66000.3359375,0
2026-03-28 03:00:00+00:00,66004.3125,66190.7421875,66004.3125,66167.8359375,0
2026-03-28 04:00:00+00:00,66184.3125,66254.578125,66091.3359375,66190.46875,0
2026-03-28 05:00:00+00:00,66231.0703125,66318.1640625,66170.484375,66309.6015625,0
2026-03-28 06:00:00+00:00,66301.0625,66446.078125,66267.3125,66365.6328125,0
2026-03-28 07:00:00+00:00,66372.9765625,66508.2421875,66356.8046875,66508.2421875,0
2026-03-28 08:00:00+00:00,66504.671875,66512.9765625,66355.9765625,66355.9765625,0
2026-03-28 09:00:00+00:00,66358.8046875,66360.9140625,66215.6796875,66266.0546875,0
2026-03-28 10:00:00+00:00,66267.984375,66364.84375,66096.53125,66188.984375,0
2026-03-28 11:00:00+00:00,66172.8671875,66316.484375,66172.8671875,66306.5,0
2026-03-28 12:00:00+00:00,66298.8515625,66483.078125,66221.578125,66407.1015625,0
2026-03-28 13:00:00+00:00,66407.640625,67060.8515625,66386.6640625,66766.0703125,0
2026-03-28 14:00:00+00:00,66799.0078125,66897.875,66672.484375,66715.3359375,0
2026-03-28 15:00:00+00:00,66710.609375,67201.6484375,66686.9765625,66939.7421875,0
2026-03-28 16:00:00+00:00,66980.3828125,67038.5390625,66824.65625,66881.890625,0
2026-03-28 17:00:00+00:00,66880.21875,66935.890625,66687.828125,66807.7421875,0
2026-03-28 18:00:00+00:00,66804.546875,66900.34375,66804.546875,66886.6171875,0
2026-03-28 19:00:00+00:00,66866.6171875,66886.625,66780.21875,66848.3359375,0
2026-03-28 20:00:00+00:00,66853.859375,66952.625,66853.859375,66908.625,0
2026-03-28 21:00:00+00:00,66889.2578125,66889.2578125,66591.984375,66648.7578125,0
2026-03-28 22:00:00+00:00,66645.828125,66732.328125,66550.96875,66693.78125,0
2026-03-28 23:00:00+00:00,66701.28125,66701.28125,66253.2265625,66319.6953125,0
2026-03-29 00:00:00+00:00,66331.703125,66438.765625,66259.4921875,66412.140625,0
2026-03-29 01:00:00+00:00,66433.6640625,66539.84375,66341.3125,66514.4921875,0
2026-03-29 02:00:00+00:00,66516.7578125,66765.59375,66510.9609375,66732.2578125,0
2026-03-29 03:00:00+00:00,66747.0859375,67000.8125,66720.859375,66851.75,467705856
2026-03-29 04:00:00+00:00,66850.796875,66876.4609375,66687.3203125,66687.3203125,0
2026-03-29 05:00:00+00:00,66682.03125,66750.3203125,66565.4375,66732.3125,0
2026-03-29 06:00:00+00:00,66732.8359375,66810.890625,66592.71875,66689.59375,0
2026-03-29 07:00:00+00:00,66687.859375,66687.859375,66507.3359375,66647.484375,0
2026-03-29 08:00:00+00:00,66614.203125,66691.4453125,66574.2890625,66668.8125,0
2026-03-29 09:00:00+00:00,66668.53125,66696.4140625,66511.2890625,66572.8046875,0
2026-03-29 10:00:00+00:00,66578.4765625,66578.4765625,66390.203125,66463.203125,155119616
2026-03-29 11:00:00+00:00,66461.15625,66867.734375,66461.15625,66766.0078125,233811968
2026-03-29 12:00:00+00:00,66770.6484375,66806.3046875,66656.234375,66785.875,90222592
2026-03-29 13:00:00+00:00,66792.5234375,66792.5234375,66499.4921875,66500.6015625,0
2026-03-29 14:00:00+00:00,66518.8203125,66659.984375,66437.7265625,66518.265625,0
2026-03-29 15:00:00+00:00,66533.1875,66654.0078125,66308.6015625,66467.59375,0
2026-03-29 16:00:00+00:00,66464.84375,66590.9609375,66392.6640625,66449.625,0
2026-03-29 17:00:00+00:00,66443.671875,66475.109375,66136.609375,66329.515625,0
2026-03-29 18:00:00+00:00,66328.7109375,66449.1171875,66281.7265625,66368.765625,0
2026-03-29 19:00:00+00:00,66370.5,66415.1640625,66290.3046875,66290.3046875,224741376
2026-03-29 20:00:00+00:00,66294.15625,66710.8046875,66294.15625,66540.9609375,158541824
2026-03-29 21:00:00+00:00,66557.625,66693.1015625,66486.296875,66677.4140625,105584640
2026-03-29 22:00:00+00:00,66672.9296875,66672.9296875,65036.53125,65802.9296875,1888307200
2026-03-29 23:00:00+00:00,65802.6875,66180.78125,65802.6875,65958.3515625,1743009792
2026-03-30 00:00:00+00:00,65957.6015625,66876.328125,65773.0546875,66259.03125,1248913408
2026-03-30 01:00:00+00:00,66234.484375,66751.1875,66234.484375,66585.34375,540108800
2026-03-30 02:00:00+00:00,66579.6796875,67286.265625,66550.625,67039.9296875,970250240
2026-03-30 03:00:00+00:00,67087.5078125,67224.9609375,66934.859375,67106.546875,993060864
2026-03-30 04:00:00+00:00,67091.390625,67561.2578125,67091.390625,67541.890625,1237766144
2026-03-30 05:00:00+00:00,67559.140625,67655.2265625,67402.3515625,67476.421875,799993856
2026-03-30 06:00:00+00:00,67452.453125,67517.578125,67246.5546875,67274.3828125,764342272
2026-03-30 07:00:00+00:00,67252.828125,67512.0078125,67193.8203125,67502.453125,364709888
2026-03-30 08:00:00+00:00,67554.953125,67830.078125,67554.953125,67619.65625,1900691456
2026-03-30 09:00:00+00:00,67616.3671875,67621.3125,67415.8359375,67453.9765625,876087296
2026-03-30 10:00:00+00:00,67448.46875,67465.34375,67341.5859375,67438.390625,31676416
2026-03-30 11:00:00+00:00,67443.2265625,67840.6015625,67443.2265625,67602.984375,788334592
2026-03-30 12:00:00+00:00,67624.53125,67919.5078125,67615.203125,67863.6015625,731158528
2026-03-30 13:00:00+00:00,67853.6953125,68069.59375,67478.3203125,67478.3203125,1306716160
2026-03-30 14:00:00+00:00,67461.21875,67811.078125,67099.046875,67757.8203125,1602723840
2026-03-30 15:00:00+00:00,67753.5625,67823.1171875,67398.2109375,67578.46875,1083797504
2026-03-30 16:00:00+00:00,67587.203125,67587.203125,67220.7421875,67274.59375,545058816
2026-03-30 17:00:00+00:00,67303.3203125,67375.0390625,66664.7890625,66727.1640625,1078489088
2026-03-30 18:00:00+00:00,66764.703125,66823.0625,66468.46875,66535.0078125,900239360
2026-03-30 19:00:00+00:00,66594.2734375,66594.2734375,66211.5234375,66424.765625,779100160
2026-03-30 20:00:00+00:00,66480.578125,66617.78125,66480.578125,66608.578125,284151808
2026-03-30 21:00:00+00:00,66594.25,66930.125,66550.0234375,66763.3046875,1011724288
2026-03-30 22:00:00+00:00,66758.3671875,66928.9453125,66650.421875,66739.3828125,0
2026-03-30 23:00:00+00:00,66735.6875,66735.6875,66378.109375,66694.5859375,0
2026-03-31 00:00:00+00:00,66727.5234375,67225.8984375,66507.421875,67084.796875,0
2026-03-31 01:00:00+00:00,67140.5390625,68292.8125,67021.2109375,67933.984375,1710804992
2026-03-31 02:00:00+00:00,67901.2578125,68028.9375,67765.625,67948.859375,0
2026-03-31 03:00:00+00:00,67932.046875,67949.8671875,67610.25,67651.0625,0
2026-03-31 04:00:00+00:00,67653.84375,67788.0078125,67471.7109375,67482.0234375,0
2026-03-31 05:00:00+00:00,67489.15625,67713.53125,67362.265625,67622.9765625,0
2026-03-31 06:00:00+00:00,67632.703125,67632.703125,67316.7109375,67456.2890625,42102784
2026-03-31 07:00:00+00:00,67439.3359375,67451.171875,67084.0625,67316.1640625,878780416
2026-03-31 08:00:00+00:00,67315.796875,67433.5546875,66732.75,66766.40625,0
2026-03-31 09:00:00+00:00,66738.4765625,66827.4765625,65980.9765625,66037.6875,953315328
2026-03-31 10:00:00+00:00,66107.5078125,66398.21875,66092.1796875,66294.359375,969719808
2026-03-31 11:00:00+00:00,66305.7109375,66778.96875,66202.2109375,66638.390625,507084800
2026-03-31 12:00:00+00:00,66629.9375,66861.7421875,66490.625,66617.140625,448180224
2026-03-31 13:00:00+00:00,66630.609375,67321.1328125,66630.609375,67197.9765625,0
2026-03-31 14:00:00+00:00,67202.6015625,67667.7421875,66478.3984375,66552.484375,325591040
2026-03-31 15:00:00+00:00,66609.2734375,67210.8828125,66609.2734375,66695.515625,343322624
2026-03-31 16:00:00+00:00,66753.0078125,67924.3515625,66732.5,67551.109375,1145847808
2026-03-31 17:00:00+00:00,67590.2265625,68399.34375,67396.1328125,67426.0546875,1588404224
2026-03-31 18:00:00+00:00,67461.6953125,67873.828125,67461.6953125,67720.03125,0
2026-03-31 19:00:00+00:00,67788.4375,67953.578125,67701.6328125,67760.78125,317972480
2026-03-31 20:00:00+00:00,67817.828125,68184.640625,67817.828125,68184.640625,281108480
2026-03-31 21:00:00+00:00,68192.359375,68309.3203125,67852.984375,68185.9765625,101736448
2026-03-31 22:00:00+00:00,68219.96875,68231.4765625,67956.28125,68148.875,577847296
2026-03-31 23:00:00+00:00,68135.40625,68299.4375,68043.8828125,68232.890625,4124672
2026-04-01 00:00:00+00:00,68224.46875,68232.4765625,67823.25,68230.671875,0
2026-04-01 01:00:00+00:00,68245.1171875,68270.3046875,67744.7734375,67745.234375,0
2026-04-01 02:00:00+00:00,67733.984375,67843.6796875,67565.3984375,67588.2421875,1002680320
2026-04-01 03:00:00+00:00,67599.8046875,68151.8671875,67599.8046875,68083.9375,372232192
2026-04-01 04:00:00+00:00,68097.21875,68294.9140625,68001.984375,68231.046875,0
2026-04-01 05:00:00+00:00,68251.6484375,68650.8515625,68114.7265625,68399.7578125,316989440
2026-04-01 06:00:00+00:00,68401.53125,69160.7578125,68401.53125,69125.265625,785043456
2026-04-01 07:00:00+00:00,69079.140625,69204.46875,68651.3828125,68651.3828125,300101632
2026-04-01 08:00:00+00:00,68654.0,68809.0859375,68467.265625,68671.5390625,244490240
2026-04-01 09:00:00+00:00,68636.90625,68690.46875,68368.171875,68618.8515625,0
2026-04-01 10:00:00+00:00,68620.6328125,68629.75,68404.09375,68496.25,367706112
2026-04-01 11:00:00+00:00,68539.9140625,68696.3515625,68488.0390625,68687.2265625,0
2026-04-01 12:00:00+00:00,68687.5546875,68687.5546875,68291.765625,68334.515625,610938880
2026-04-01 13:00:00+00:00,68346.671875,68558.5703125,67969.1171875,68154.0546875,26525696
2026-04-01 14:00:00+00:00,68082.6953125,68607.71875,68054.28125,68581.8125,0
2026-04-01 15:00:00+00:00,68579.0390625,68915.3125,68426.890625,68915.3125,0
2026-04-01 16:00:00+00:00,68884.7578125,68923.234375,68617.0703125,68792.8515625,0
2026-04-01 17:00:00+00:00,68801.203125,69104.828125,68238.046875,68238.046875,0
2026-04-01 18:00:00+00:00,68238.0390625,68258.8828125,67981.9140625,68006.453125,228315136
2026-04-01 19:00:00+00:00,68054.734375,68249.8125,68034.3984375,68152.3203125,1232896
2026-04-01 20:00:00+00:00,68129.8046875,68226.4609375,67985.3671875,68173.234375,0
2026-04-01 21:00:00+00:00,68171.5,68485.8671875,68169.2421875,68421.5859375,0
2026-04-01 22:00:00+00:00,68375.8828125,68375.8828125,68075.5625,68104.0859375,0
2026-04-01 23:00:00+00:00,68109.8203125,68225.453125,67999.71875,68077.8984375,0
2026-04-02 00:00:00+00:00,68095.265625,68633.1484375,68052.53125,68590.65625,0
2026-04-02 01:00:00+00:00,68588.5390625,68588.5390625,67099.5390625,67328.8203125,1548025856
2026-04-02 02:00:00+00:00,67334.1875,67334.1875,66686.6796875,66880.640625,910004224
2026-04-02 03:00:00+00:00,66862.453125,66937.0,66506.125,66570.546875,399069184
2026-04-02 04:00:00+00:00,66566.046875,66624.515625,66230.2421875,66318.2578125,313384960
2026-04-02 05:00:00+00:00,66311.9140625,66608.3984375,66308.21875,66595.1875,55910400
2026-04-02 06:00:00+00:00,66585.09375,66743.8515625,66543.484375,66641.453125,0
2026-04-02 07:00:00+00:00,66656.6328125,66915.609375,66544.8671875,66915.609375,0
2026-04-02 08:00:00+00:00,66908.1484375,66908.1484375,66445.2734375,66445.2734375,0
2026-04-02 09:00:00+00:00,66433.671875,66482.453125,66301.4765625,66420.6640625,182439936
2026-04-02 10:00:00+00:00,66443.3046875,66466.609375,66225.1875,66444.28125,0
2026-04-02 11:00:00+00:00,66442.875,66450.53125,66170.84375,66194.6484375,166092800
2026-04-02 12:00:00+00:00,66202.0,66202.0,65967.6640625,66032.328125,0
2026-04-02 13:00:00+00:00,66025.453125,66204.3046875,65788.75,66204.3046875,384462848
2026-04-02 14:00:00+00:00,66249.2578125,67029.875,66200.2578125,66939.234375,1230147584
2026-04-02 15:00:00+00:00,66870.296875,66943.203125,66669.28125,66785.171875,481304576
2026-04-02 16:00:00+00:00,66835.65625,67217.4765625,66774.828125,67104.25,294678528
2026-04-02 17:00:00+00:00,67088.6875,67384.4453125,66671.09375,66671.09375,332353536
2026-04-02 18:00:00+00:00,66667.8203125,66982.1640625,66602.015625,66966.8984375,59293696
2026-04-02 19:00:00+00:00,66969.359375,67071.7734375,66884.28125,66993.984375,36319232
2026-04-02 20:00:00+00:00,66964.6328125,67084.671875,66809.7109375,66940.75,0
2026-04-02 21:00:00+00:00,66932.421875,66981.0078125,66759.9140625,66912.7578125,0
2026-04-02 22:00:00+00:00,66920.703125,67020.5078125,66866.2109375,67020.5078125,0
2026-04-02 23:00:00+00:00,66980.140625,67071.5546875,66862.4296875,66889.015625,48594944
2026-04-03 00:00:00+00:00,66888.4765625,66972.71875,66709.3203125,66753.7578125,0
2026-04-03 01:00:00+00:00,66775.6171875,66881.6796875,66495.8125,66599.890625,0
2026-04-03 02:00:00+00:00,66607.8828125,66719.828125,66281.984375,66480.96875,0
2026-04-03 03:00:00+00:00,66507.984375,66695.0,66488.1328125,66586.28125,0
2026-04-03 04:00:00+00:00,66587.0859375,66660.578125,66508.5859375,66618.578125,0
2026-04-03 05:00:00+00:00,66604.4765625,66751.96875,66459.9296875,66555.1875,0
2026-04-03 06:00:00+00:00,66571.5234375,66772.21875,66571.5234375,66764.3125,0
2026-04-03 07:00:00+00:00,66775.1875,67162.359375,66765.859375,67027.1484375,168898560
2026-04-03 08:00:00+00:00,67032.546875,67268.6796875,66909.2421875,66961.9296875,61919232
2026-04-03 09:00:00+00:00,66959.03125,66981.890625,66757.6171875,66843.3203125,0
2026-04-03 10:00:00+00:00,66828.2734375,66879.4921875,66691.5390625,66879.4921875,0
2026-04-03 11:00:00+00:00,66880.1796875,67026.71875,66832.5546875,66995.7109375,0
2026-04-03 12:00:00+00:00,67002.0078125,67099.0546875,66658.375,66751.78125,0
2026-04-03 13:00:00+00:00,66719.546875,66719.546875,66507.0625,66662.890625,0
2026-04-03 14:00:00+00:00,66640.3125,66963.7421875,66640.3125,66955.96875,0
2026-04-03 15:00:00+00:00,66943.6796875,66992.6328125,66820.0625,66837.7265625,0
2026-04-03 16:00:00+00:00,66844.640625,67039.765625,66811.6640625,67002.765625,0
2026-04-03 17:00:00+00:00,67000.875,67042.3359375,66771.21875,66852.078125,0
2026-04-03 18:00:00+00:00,66845.25,66909.8515625,66772.5625,66806.78125,0
2026-04-03 19:00:00+00:00,66812.5859375,66887.8671875,66766.1328125,66861.78125,0
2026-04-03 20:00:00+00:00,66870.6015625,66899.375,66842.6015625,66842.6015625,101472256
2026-04-03 21:00:00+00:00,66832.8125,66930.2578125,66831.203125,66925.671875,0
2026-04-03 22:00:00+00:00,66949.21875,66949.21875,66846.578125,66890.34375,0
2026-04-03 23:00:00+00:00,66882.15625,66938.6484375,66815.640625,66938.6484375,0
2026-04-04 00:00:00+00:00,66937.25,66939.015625,66881.3125,66882.7265625,0
2026-04-04 01:00:00+00:00,66884.5546875,66904.328125,66822.015625,66842.9453125,0
2026-04-04 02:00:00+00:00,66845.0859375,66903.1796875,66803.2265625,66811.125,0
2026-04-04 03:00:00+00:00,66825.40625,66893.453125,66821.40625,66821.40625,0
2026-04-04 04:00:00+00:00,66826.0625,66858.125,66790.7890625,66858.1015625,0
2026-04-04 05:00:00+00:00,66859.6640625,66916.3515625,66842.1484375,66898.328125,0
2026-04-04 06:00:00+00:00,66908.6015625,67021.1328125,66892.90625,67004.875,0
2026-04-04 07:00:00+00:00,66996.2109375,67022.4453125,66937.21875,67022.4453125,0
2026-04-04 08:00:00+00:00,67011.6328125,67030.6875,66910.1328125,66917.296875,0
2026-04-04 09:00:00+00:00,66913.0390625,66971.1484375,66913.0390625,66961.2109375,0
2026-04-04 10:00:00+00:00,66964.5703125,67149.1328125,66905.3359375,67137.640625,0
2026-04-04 11:00:00+00:00,67143.5078125,67194.5546875,67082.7890625,67113.609375,150949888
2026-04-04 12:00:00+00:00,67125.0234375,67152.953125,67048.6484375,67084.578125,0
2026-04-04 13:00:00+00:00,67081.375,67243.5703125,67074.5078125,67204.6640625,0
2026-04-04 14:00:00+00:00,67195.3359375,67202.46875,67028.609375,67172.6953125,0
2026-04-04 15:00:00+00:00,67198.84375,67435.46875,67171.2109375,67364.34375,370152448
2026-04-04 16:00:00+00:00,67368.828125,67491.78125,67316.109375,67442.90625,0
2026-04-04 17:00:00+00:00,67357.265625,67399.9765625,67292.453125,67334.515625,0
2026-04-04 18:00:00+00:00,67325.609375,67360.1796875,67266.375,67287.0078125,0
2026-04-04 19:00:00+00:00,67286.078125,67474.109375,67285.609375,67287.53125,72231936
2026-04-04 20:00:00+00:00,67278.640625,67282.1875,67184.6953125,67259.1875,112285696
2026-04-04 21:00:00+00:00,67262.2734375,67402.5859375,67224.5625,67366.3125,0
2026-04-04 22:00:00+00:00,67349.390625,67426.90625,67340.1640625,67378.8359375,0
2026-04-04 23:00:00+00:00,67385.171875,67385.5078125,67260.1640625,67291.1953125,0
2026-04-05 00:00:00+00:00,67280.21875,67297.15625,67166.9375,67169.21875,46329856
2026-04-05 01:00:00+00:00,67180.0625,67218.015625,67080.3125,67091.6640625,87767040
2026-04-05 02:00:00+00:00,67074.1328125,67160.0859375,66981.0390625,67154.7734375,218042368
2026-04-05 03:00:00+00:00,67152.09375,67169.9921875,67088.21875,67113.9453125,104395776
2026-04-05 04:00:00+00:00,67117.3671875,67165.34375,67066.0234375,67086.5078125,0
2026-04-05 05:00:00+00:00,67085.7421875,67130.3203125,66901.8828125,66904.875,0
2026-04-05 06:00:00+00:00,66912.59375,66922.078125,66615.0390625,66825.3125,646203392
2026-04-05 07:00:00+00:00,66812.578125,66888.6875,66715.0546875,66795.5,130007040
2026-04-05 08:00:00+00:00,66793.6015625,66907.5234375,66793.6015625,66907.5234375,0
2026-04-05 09:00:00+00:00,66907.75,67015.375,66889.0703125,67013.7265625,150109184
2026-04-05 10:00:00+00:00,66975.5703125,67096.5859375,66954.6875,67033.0078125,47465472
2026-04-05 11:00:00+00:00,67027.9375,67064.8984375,66955.75,66972.8359375,0
2026-04-05 12:00:00+00:00,66977.1484375,66977.1484375,66691.171875,66767.5546875,897463296
2026-04-05 13:00:00+00:00,66771.5390625,66880.171875,66699.7109375,66876.3671875,227764224
2026-04-05 14:00:00+00:00,66876.9921875,66942.1875,66828.1640625,66906.125,0
2026-04-05 15:00:00+00:00,66903.1015625,67516.1640625,66823.8828125,67270.234375,938895360
2026-04-05 16:00:00+00:00,67281.09375,67375.78125,67172.9140625,67188.7421875,124299264
2026-04-05 17:00:00+00:00,67195.2421875,67365.5234375,67174.0703125,67334.2890625,0
2026-04-05 18:00:00+00:00,67346.96875,67423.7734375,67269.9140625,67363.9375,126044160
2026-04-05 19:00:00+00:00,67375.140625,67504.1640625,67271.3828125,67301.609375,0
2026-04-05 20:00:00+00:00,67331.4921875,67653.4609375,67331.4921875,67613.8515625,102221824
2026-04-05 21:00:00+00:00,67613.8203125,67618.5703125,67419.2890625,67540.8203125,356978688
2026-04-05 22:00:00+00:00,67522.359375,68325.484375,67329.8671875,68325.484375,1236066304
2026-04-05 23:00:00+00:00,68309.328125,69048.203125,68268.671875,68982.9140625,2669459456
2026-04-06 00:00:00+00:00,68978.9140625,69491.6484375,68978.9140625,69076.7109375,2418087936
2026-04-06 01:00:00+00:00,69063.71875,69076.625,68782.6484375,68801.5390625,1045952512
2026-04-06 02:00:00+00:00,68780.3515625,69365.109375,68780.3515625,69227.78125,1052841984
2026-04-06 03:00:00+00:00,69207.9609375,69217.3671875,69044.9921875,69061.84375,780525568
2026-04-06 04:00:00+00:00,69082.078125,69173.921875,68963.0859375,69115.71875,800897024
2026-04-06 05:00:00+00:00,69118.1171875,69200.28125,69089.46875,69170.5234375,309288960
2026-04-06 06:00:00+00:00,69174.6171875,69316.03125,68824.1796875,68969.6484375,268292096
2026-04-06 07:00:00+00:00,68954.0078125,69171.8984375,68819.328125,69075.671875,28657664
2026-04-06 08:00:00+00:00,69089.3203125,69281.40625,69083.1171875,69230.8046875,1076805632
2026-04-06 09:00:00+00:00,69210.859375,70132.9921875,69200.8828125,69734.3828125,2754883584
2026-04-06 10:00:00+00:00,69714.0390625,69907.7109375,69714.0390625,69730.765625,890058752
2026-04-06 11:00:00+00:00,69755.96875,69755.96875,69577.65625,69595.9453125,369598464
2026-04-06 12:00:00+00:00,69601.015625,69615.703125,69348.5234375,69356.1484375,69148672
2026-04-06 13:00:00+00:00,69365.3125,69486.828125,69260.03125,69354.2890625,673017856
2026-04-06 14:00:00+00:00,69366.4375,69762.5703125,69206.546875,69660.390625,1707786240
2026-04-06 15:00:00+00:00,69645.2578125,69941.1171875,69578.390625,69930.125,0
2026-04-06 16:00:00+00:00,69947.6875,70237.1015625,69834.8359375,69834.8359375,1390653440
2026-04-06 17:00:00+00:00,69800.9921875,69800.9921875,69283.7578125,69563.90625,1401937920
2026-04-06 18:00:00+00:00,69563.015625,69912.4375,69494.59375,69884.3203125,826048512
2026-04-06 19:00:00+00:00,69887.515625,69887.515625,69603.796875,69704.140625,532942848
2026-04-06 20:00:00+00:00,69733.0,69973.8203125,69619.25,69839.546875,0
2026-04-06 21:00:00+00:00,69828.203125,69828.203125,69464.78125,69522.0,447565824
2026-04-06 22:00:00+00:00,69471.375,69558.8984375,68900.90625,68918.875,0
2026-04-06 23:00:00+00:00,68814.5546875,68896.75,68367.84375,68859.375,6565888
2026-04-07 00:00:00+00:00,68860.4609375,69035.9765625,68749.859375,68834.3125,0
2026-04-07 01:00:00+00:00,68786.0546875,68833.0234375,68372.65625,68407.5,0
2026-04-07 02:00:00+00:00,68413.4921875,68682.9765625,68286.8046875,68668.671875,0
2026-04-07 03:00:00+00:00,68672.4375,68777.5859375,68630.9375,68756.09375,152686592
2026-04-07 04:00:00+00:00,68761.765625,68964.1953125,68544.8125,68876.296875,0
2026-04-07 05:00:00+00:00,68841.0078125,68841.0078125,68623.734375,68623.734375,0
2026-04-07 06:00:00+00:00,68632.859375,68638.40625,68432.515625,68559.765625,0
2026-04-07 07:00:00+00:00,68557.8671875,68679.46875,68491.7734375,68632.78125,0
2026-04-07 08:00:00+00:00,68618.9140625,68961.609375,68616.34375,68945.296875,0
2026-04-07 09:00:00+00:00,68945.3984375,69215.59375,68941.453125,69144.3359375,0
2026-04-07 10:00:00+00:00,69150.4921875,69178.546875,68220.5625,68233.8515625,133443584
2026-04-07 11:00:00+00:00,68225.6640625,68424.375,68075.421875,68356.046875,499269632
2026-04-07 12:00:00+00:00,68342.5,68456.1875,68092.734375,68412.96875,0
2026-04-07 13:00:00+00:00,68379.7890625,68611.0234375,68205.890625,68254.234375,1097029632
2026-04-07 14:00:00+00:00,68232.203125,68232.203125,67798.203125,67916.6953125,0
2026-04-07 15:00:00+00:00,67856.078125,68175.578125,67755.734375,68141.9921875,1760526336
2026-04-07 16:00:00+00:00,68151.7109375,68366.703125,68102.5546875,68216.5859375,0
2026-04-07 17:00:00+00:00,68213.9296875,68783.3515625,68197.21875,68707.1875,0
2026-04-07 18:00:00+00:00,68692.15625,68745.515625,68348.3125,68426.2734375,93362176
2026-04-07 19:00:00+00:00,68428.25,69064.8359375,68372.921875,68958.59375,1083127808
2026-04-07 20:00:00+00:00,69001.296875,69502.0703125,69001.296875,69281.7109375,1242095616
2026-04-07 21:00:00+00:00,69301.40625,70160.59375,69301.40625,69908.7421875,1996890112
2026-04-07 22:00:00+00:00,69911.75,71430.3515625,69911.75,71430.3515625,3171405824
2026-04-07 23:00:00+00:00,71482.6015625,72484.7734375,71232.0703125,71950.1484375,3808813056
2026-04-08 00:00:00+00:00,71926.15625,72057.078125,71556.203125,71673.5703125,1310101504
2026-04-08 01:00:00+00:00,71688.7890625,71729.0,71454.5234375,71457.9453125,169504768
2026-04-08 02:00:00+00:00,71462.34375,71700.5625,71276.15625,71323.6015625,903651328
2026-04-08 03:00:00+00:00,71322.296875,71466.1875,71273.4453125,71289.5078125,332660736
2026-04-08 04:00:00+00:00,71286.9296875,71631.9765625,71286.9296875,71588.4609375,481091584
2026-04-08 05:00:00+00:00,71566.6953125,71793.8671875,71550.8359375,71718.125,623226880
2026-04-08 06:00:00+00:00,71714.875,71911.2734375,71601.90625,71720.1875,66224128
2026-04-08 07:00:00+00:00,71712.5703125,71882.296875,71601.6328125,71608.8203125,1684774912
2026-04-08 08:00:00+00:00,71628.890625,71814.53125,71628.890625,71759.0546875,329363456
2026-04-08 09:00:00+00:00,71787.71875,71932.7578125,71592.203125,71679.1796875,0
2026-04-08 10:00:00+00:00,71672.5546875,71714.15625,71476.21875,71491.28125,0
2026-04-08 11:00:00+00:00,71484.3203125,71711.5390625,71417.4609375,71665.8984375,102031360
2026-04-08 12:00:00+00:00,71671.8984375,72078.859375,71634.3203125,72078.859375,316997632
2026-04-08 13:00:00+00:00,72072.5859375,72739.1796875,71523.8359375,71523.8359375,2873823232
2026-04-08 14:00:00+00:00,71598.1171875,71704.453125,70754.125,70838.4921875,940003328
2026-04-08 15:00:00+00:00,70868.1171875,71326.078125,70868.1171875,71301.046875,307560448
2026-04-08 16:00:00+00:00,71295.5390625,71637.2734375,71272.5546875,71619.1796875,137367552
2026-04-08 17:00:00+00:00,71600.4765625,71937.984375,71509.0546875,71910.0546875,182030336
2026-04-08 18:00:00+00:00,71885.625,71885.625,71107.8828125,71126.171875,246755328
2026-04-08 19:00:00+00:00,71090.7734375,71353.8671875,71078.375,71301.3984375,0
2026-04-08 20:00:00+00:00,71319.5703125,71480.0234375,71289.65625,71367.4765625,0
2026-04-08 21:00:00+00:00,71353.890625,71721.1015625,71339.625,71518.7890625,0
2026-04-08 22:00:00+00:00,71546.6796875,71546.6796875,71088.3046875,71088.3046875,0
2026-04-08 23:00:00+00:00,70972.7578125,71164.3984375,70923.90625,71115.125,0
2026-04-09 00:00:00+00:00,71093.7578125,71093.7578125,70688.7890625,70834.7734375,0
2026-04-09 01:00:00+00:00,70810.5703125,70918.890625,70528.3125,70911.1875,0
2026-04-09 02:00:00+00:00,70920.3984375,71157.859375,70820.84375,71069.421875,0
2026-04-09 03:00:00+00:00,71036.3046875,71085.8671875,70860.5390625,70979.9140625,249393152
2026-04-09 04:00:00+00:00,70984.984375,70992.3046875,70766.5390625,70766.5390625,0
2026-04-09 05:00:00+00:00,70758.9765625,71077.4921875,70730.6796875,70972.8203125,0
2026-04-09 06:00:00+00:00,70975.71875,71069.796875,70854.921875,71009.359375,0
2026-04-09 07:00:00+00:00,71023.703125,71076.234375,70964.1015625,70964.1015625,0
2026-04-09 08:00:00+00:00,70968.703125,71333.6875,70901.5625,71245.546875,0
2026-04-09 09:00:00+00:00,71258.9921875,71536.890625,71120.1640625,71505.09375,0
2026-04-09 10:00:00+00:00,71503.3359375,71503.3359375,71292.984375,71292.984375,0
2026-04-09 11:00:00+00:00,71287.6953125,71321.0703125,71080.546875,71157.0078125,0
2026-04-09 12:00:00+00:00,71151.8515625,71270.9375,71059.296875,71269.7109375,0
2026-04-09 13:00:00+00:00,71267.5859375,71267.5859375,70650.7890625,70812.71875,0
2026-04-09 14:00:00+00:00,70796.671875,71200.6640625,70549.265625,71116.171875,0
2026-04-09 15:00:00+00:00,71124.2421875,72317.9921875,70938.3984375,72103.4296875,1492318208
2026-04-09 16:00:00+00:00,72122.2265625,72345.6875,71784.3515625,72019.4765625,1328070656
2026-04-09 17:00:00+00:00,72262.65625,72519.0859375,72132.3828125,72345.8828125,872480768
2026-04-09 18:00:00+00:00,72293.109375,72293.109375,71774.890625,71886.0859375,0
2026-04-09 19:00:00+00:00,71890.2578125,72252.6484375,71785.296875,72090.484375,0
2026-04-09 20:00:00+00:00,72109.1328125,72436.1328125,72037.734375,72390.7109375,1248124928
2026-04-09 21:00:00+00:00,72414.75,72651.953125,72178.1171875,72256.9765625,485777408
2026-04-09 22:00:00+00:00,72258.2578125,73004.65625,72041.1171875,72041.1171875,1449922560
2026-04-09 23:00:00+00:00,71962.484375,72000.1171875,71637.8125,71774.3671875,609611776
2026-04-10 00:00:00+00:00,71783.515625,72004.9296875,71609.296875,71907.890625,271847424
2026-04-10 01:00:00+00:00,71932.625,72377.25,71730.296875,72172.6484375,403632128
2026-04-10 02:00:00+00:00,72166.3984375,72281.828125,71928.1953125,71953.8515625,0
2026-04-10 03:00:00+00:00,71961.484375,71974.7890625,71817.3515625,71866.9375,0
2026-04-10 04:00:00+00:00,71888.7265625,72114.984375,71845.609375,72075.203125,367677440
2026-04-10 05:00:00+00:00,72101.890625,72255.078125,72027.4140625,72110.9609375,370974720
2026-04-10 06:00:00+00:00,72124.4765625,72148.390625,71804.453125,71818.6171875,0
2026-04-10 07:00:00+00:00,71817.7890625,71827.6640625,71445.828125,71474.5234375,0
2026-04-10 08:00:00+00:00,71484.5546875,71747.3671875,71444.78125,71601.859375,250580992
2026-04-10 09:00:00+00:00,71607.3828125,71853.765625,71597.328125,71796.2734375,0
2026-04-10 10:00:00+00:00,71790.0390625,71927.125,71724.765625,71927.125,0
2026-04-10 11:00:00+00:00,71914.7734375,72250.0703125,71914.7734375,72120.9609375,588943360
2026-04-10 12:00:00+00:00,72123.65625,72420.3515625,72051.0234375,72259.9296875,67821568
2026-04-10 13:00:00+00:00,72259.9375,72353.125,71946.921875,72353.125,655417344
2026-04-10 14:00:00+00:00,72328.6796875,73117.5390625,72328.6796875,72902.0234375,2228338688
2026-04-10 15:00:00+00:00,72958.8125,73289.9140625,72403.5390625,72403.5390625,0
2026-04-10 16:00:00+00:00,72431.109375,73034.765625,72420.078125,73034.765625,0
2026-04-10 17:00:00+00:00,73002.578125,73114.03125,72838.140625,73101.09375,0
2026-04-10 18:00:00+00:00,73134.140625,73134.140625,72913.828125,73114.046875,0
2026-04-10 19:00:00+00:00,73118.453125,73263.1015625,72945.1015625,73234.4453125,53522432
2026-04-10 20:00:00+00:00,73218.1953125,73421.8125,73081.796875,73377.0703125,496521216
2026-04-10 21:00:00+00:00,73371.953125,73371.953125,72993.9296875,73203.6953125,0
2026-04-10 22:00:00+00:00,73202.296875,73223.703125,72834.515625,72919.671875,0
2026-04-10 23:00:00+00:00,72908.984375,72976.125,72822.1328125,72976.125,9138176
2026-04-11 00:00:00+00:00,72974.1953125,72974.1953125,72829.4453125,72841.375,0
2026-04-11 01:00:00+00:00,72844.015625,73003.703125,72722.609375,72955.96875,0
2026-04-11 02:00:00+00:00,72954.3125,73116.5234375,72946.8203125,72984.203125,27906048
2026-04-11 03:00:00+00:00,72981.1484375,73098.7265625,72867.390625,72867.390625,0
2026-04-11 04:00:00+00:00,72886.9375,72972.625,72738.515625,72824.890625,0
2026-04-11 05:00:00+00:00,72843.453125,72862.75,72706.6484375,72759.265625,0
2026-04-11 06:00:00+00:00,72744.8828125,72801.0859375,72676.46875,72801.0859375,0
2026-04-11 07:00:00+00:00,72794.328125,72848.59375,72719.5390625,72738.2890625,0
2026-04-11 08:00:00+00:00,72768.2421875,72820.59375,72681.109375,72715.7109375,0
2026-04-11 09:00:00+00:00,72704.0703125,72917.6328125,72659.4375,72913.359375,0
2026-04-11 10:00:00+00:00,72937.609375,72938.2265625,72797.5703125,72864.703125,0
2026-04-11 11:00:00+00:00,72861.7109375,72945.75,72858.3828125,72925.703125,0
2026-04-11 12:00:00+00:00,72923.6796875,73003.6796875,72846.046875,72967.8203125,0
2026-04-11 13:00:00+00:00,72844.8203125,72847.7890625,72594.53125,72701.921875,0
2026-04-11 14:00:00+00:00,72693.8984375,72771.796875,72638.1796875,72745.453125,0
2026-04-11 15:00:00+00:00,72745.6171875,72883.3125,72712.1953125,72880.890625,0
2026-04-11 16:00:00+00:00,72886.515625,73199.65625,72850.484375,73102.703125,0
2026-04-11 17:00:00+00:00,73080.1640625,73178.5859375,72978.109375,73097.2109375,0
2026-04-11 18:00:00+00:00,73106.21875,73700.171875,73073.71875,73544.5703125,224630784
2026-04-11 19:00:00+00:00,73555.78125,73724.78125,73514.65625,73683.421875,0
2026-04-11 20:00:00+00:00,73687.1015625,73687.1015625,73284.3515625,73331.3046875,0
2026-04-11 21:00:00+00:00,73324.375,73539.8203125,73272.140625,73476.75,0
2026-04-11 22:00:00+00:00,73449.1328125,73550.828125,73270.546875,73388.0546875,0
2026-04-11 23:00:00+00:00,73390.8125,73390.8125,72963.15625,73056.046875,352256
2026-04-12 00:00:00+00:00,73057.15625,73124.0859375,72932.578125,73068.3828125,0
2026-04-12 01:00:00+00:00,73083.3515625,73141.5,71527.5625,71666.203125,2032969728
2026-04-12 02:00:00+00:00,71662.8671875,71961.015625,71464.046875,71810.359375,920907776
2026-04-12 03:00:00+00:00,71790.203125,71860.9296875,71626.78125,71660.0546875,144060416
2026-04-12 04:00:00+00:00,71621.7890625,71678.65625,71481.25,71490.046875,257187840
2026-04-12 05:00:00+00:00,71487.3984375,71785.1328125,71487.3984375,71740.96875,396326912
2026-04-12 06:00:00+00:00,71735.875,71762.03125,71663.28125,71675.6640625,18329600
2026-04-12 07:00:00+00:00,71673.453125,71765.0234375,71612.8359375,71747.28125,0
2026-04-12 08:00:00+00:00,71712.4296875,71789.8125,71625.328125,71639.640625,692613120
2026-04-12 09:00:00+00:00,71650.3359375,71654.359375,71543.8046875,71561.8203125,94949376
2026-04-12 10:00:00+00:00,71563.4296875,71676.1875,71405.109375,71458.2734375,101920768
2026-04-12 11:00:00+00:00,71465.1640625,71545.5546875,71448.3203125,71494.46875,383551488
2026-04-12 12:00:00+00:00,71493.9921875,71515.1484375,71129.40625,71158.734375,516511744
2026-04-12 13:00:00+00:00,71004.1640625,71102.6796875,70895.84375,70895.84375,687714304
2026-04-12 14:00:00+00:00,70906.40625,71084.5546875,70739.6015625,70807.34375,594534400
2026-04-12 15:00:00+00:00,70768.640625,70944.4453125,70721.7890625,70906.8203125,588967936
2026-04-12 16:00:00+00:00,70886.1015625,70959.578125,70856.4140625,70902.7578125,0
2026-04-12 17:00:00+00:00,70958.9921875,71198.3984375,70934.234375,71143.1328125,97961984
2026-04-12 18:00:00+00:00,71125.421875,71221.2109375,71091.5625,71161.0703125,0
2026-04-12 19:00:00+00:00,71158.640625,71234.3046875,71081.5859375,71114.7265625,0
2026-04-12 20:00:00+00:00,71110.75,71431.6953125,70971.484375,71359.3984375,137883648
2026-04-12 21:00:00+00:00,71349.5390625,71452.2265625,71228.7109375,71284.375,0
2026-04-12 22:00:00+00:00,71345.109375,71345.109375,70593.453125,70901.7890625,1398806528
2026-04-12 23:00:00+00:00,70917.5625,70917.5625,70581.140625,70757.6171875,224360448
2026-04-13 00:00:00+00:00,70741.296875,71229.5703125,70629.453125,71159.4609375,292968448
2026-04-13 01:00:00+00:00,71174.0625,71224.4453125,71064.9140625,71221.5,0
2026-04-13 02:00:00+00:00,71199.1796875,71264.46875,71013.8515625,71080.9375,0
2026-04-13 03:00:00+00:00,71063.625,71126.6328125,70951.0078125,70989.6875,0
2026-04-13 04:00:00+00:00,70981.3125,71120.4453125,70866.296875,70932.84375,450109440
2026-04-13 05:00:00+00:00,70904.03125,70916.1796875,70713.4921875,70857.4375,975269888
2026-04-13 06:00:00+00:00,70870.625,71077.578125,70870.625,71064.859375,1428049920
2026-04-13 07:00:00+00:00,71043.46875,71043.46875,70699.671875,70831.3125,1218619392
2026-04-13 08:00:00+00:00,70810.34375,70846.5078125,70588.5234375,70667.7890625,1922785280
2026-04-13 09:00:00+00:00,70667.7890625,70881.15625,70667.7890625,70789.25,0
2026-04-13 10:00:00+00:00,70791.625,70835.046875,70727.5,70745.5390625,0
2026-04-13 11:00:00+00:00,70738.1796875,70960.5546875,70738.1796875,70947.2109375,256931840
2026-04-13 12:00:00+00:00,70883.4453125,71195.453125,70788.5,71102.421875,43233280
2026-04-13 13:00:00+00:00,71127.4453125,71608.9296875,70859.5234375,71608.9296875,1137176576
2026-04-13 14:00:00+00:00,71657.2890625,72420.1171875,71485.4453125,72420.1171875,2789216256
2026-04-13 15:00:00+00:00,72408.421875,72408.421875,71691.8515625,71838.046875,2246270976
2026-04-13 16:00:00+00:00,71909.3828125,72436.6171875,71821.390625,72204.7265625,2313646080
2026-04-13 17:00:00+00:00,72187.40625,72560.015625,72151.6171875,72153.3984375,2198884352
2026-04-13 18:00:00+00:00,72168.9765625,72457.6875,72101.75,72457.6875,1392091136
2026-04-13 19:00:00+00:00,72454.0078125,73472.53125,72327.703125,73373.984375,3468292096
2026-04-13 20:00:00+00:00,73379.046875,73379.046875,73046.53125,73204.078125,1933516800
2026-04-13 21:00:00+00:00,73182.1171875,73338.9609375,73137.4140625,73229.1640625,616419328
2026-04-13 22:00:00+00:00,73208.84375,74699.296875,73208.84375,74640.609375,2595000320
2026-04-13 23:00:00+00:00,74546.9921875,74856.671875,74485.984375,74532.7421875,2946129920
2026-04-14 00:00:00+00:00,74442.2265625,74504.140625,74162.0234375,74162.0234375,108036096
2026-04-14 01:00:00+00:00,74145.921875,74427.2734375,74074.78125,74378.9921875,2039922688
2026-04-14 02:00:00+00:00,74404.7109375,74566.109375,74317.484375,74374.3671875,0
2026-04-14 03:00:00+00:00,74365.78125,74499.0078125,74291.6796875,74454.3828125,392503296
2026-04-14 04:00:00+00:00,74450.8515625,74512.1640625,74391.2421875,74397.703125,0
2026-04-14 05:00:00+00:00,74393.7578125,74418.0859375,74192.1875,74209.84375,0
2026-04-14 06:00:00+00:00,74312.171875,74565.7734375,74299.1484375,74565.7734375,238682112
2026-04-14 07:00:00+00:00,74551.2734375,74930.4296875,74511.1953125,74547.5546875,1304555520
2026-04-14 08:00:00+00:00,74547.046875,74901.6875,74510.515625,74776.1640625,905838592
2026-04-14 09:00:00+00:00,74770.9375,74845.84375,74469.1640625,74538.09375,705634304
2026-04-14 10:00:00+00:00,74506.390625,74638.0703125,74363.4921875,74423.4453125,603942912
2026-04-14 11:00:00+00:00,74395.28125,74465.9609375,74333.2734375,74456.0,460406784
2026-04-14 12:00:00+00:00,74398.828125,74457.5859375,74297.015625,74457.5859375,120107008
2026-04-14 13:00:00+00:00,74455.375,75495.4765625,74455.375,75490.3984375,1937948672
2026-04-14 14:00:00+00:00,75532.8046875,76009.03125,75180.125,75180.125,3226267648
2026-04-14 15:00:00+00:00,75090.1796875,75423.8984375,74743.2890625,75367.1640625,628752384
2026-04-14 16:00:00+00:00,75390.9609375,75666.0390625,74566.21875,74566.21875,0
2026-04-14 17:00:00+00:00,74653.4140625,74947.6328125,74332.015625,74766.5,0
2026-04-14 18:00:00+00:00,74806.2109375,74809.5546875,73946.8515625,74097.0625,653688832
2026-04-14 19:00:00+00:00,74132.796875,74403.9296875,73960.7578125,74265.8984375,0
2026-04-14 20:00:00+00:00,74329.203125,74423.1484375,74052.28125,74052.28125,0
2026-04-14 21:00:00+00:00,74157.2109375,74343.96875,73982.46875,74315.2890625,0
2026-04-14 22:00:00+00:00,74272.21875,74413.2109375,73905.1796875,74067.359375,0
2026-04-14 23:00:00+00:00,74067.3203125,74269.2578125,74046.1796875,74186.5390625,73728
2026-04-15 00:00:00+00:00,74176.09375,74721.828125,74153.2734375,74601.5,1786605568
2026-04-15 01:00:00+00:00,74585.2734375,74828.609375,74531.28125,74649.0,0
2026-04-15 02:00:00+00:00,74645.4609375,74725.859375,74218.1484375,74359.84375,0
2026-04-15 03:00:00+00:00,74364.78125,74405.9921875,74214.53125,74376.75,0
2026-04-15 04:00:00+00:00,74377.8515625,74471.1796875,74294.0078125,74354.171875,0
2026-04-15 05:00:00+00:00,74369.9765625,74463.9921875,73912.578125,74054.953125,0
2026-04-15 06:00:00+00:00,74036.921875,74081.578125,73902.921875,73924.0,0
2026-04-15 07:00:00+00:00,73946.921875,74048.46875,73545.0,73771.34375,68005888
2026-04-15 08:00:00+00:00,73776.828125,74219.0078125,73706.0,74139.28125,0
2026-04-15 09:00:00+00:00,74139.9921875,74213.4296875,73930.25,74033.4609375,0
2026-04-15 10:00:00+00:00,74019.359375,74261.8828125,73822.03125,73890.8984375,151773184
2026-04-15 11:00:00+00:00,73906.546875,74276.2421875,73895.2890625,74233.3203125,0
2026-04-15 12:00:00+00:00,74236.328125,74475.671875,74076.0078125,74310.0625,292081664
2026-04-15 13:00:00+00:00,74302.453125,74457.078125,73836.0625,74075.859375,0
2026-04-15 14:00:00+00:00,74082.0234375,74531.6484375,73855.53125,74149.65625,0
2026-04-15 15:00:00+00:00,74164.8125,74311.3828125,73629.4375,73872.0078125,0
2026-04-15 16:00:00+00:00,73850.0390625,74192.28125,73783.4921875,73956.7265625,0
2026-04-15 17:00:00+00:00,73960.140625,74253.6015625,73929.9921875,74154.9921875,0
2026-04-15 18:00:00+00:00,74139.421875,74430.1328125,74086.2265625,74410.0,0
2026-04-15 19:00:00+00:00,74420.0078125,75310.1015625,74390.0,75026.3203125,160878592
2026-04-15 20:00:00+00:00,75057.6796875,75069.921875,74541.0625,74872.1484375,200192000
2026-04-15 21:00:00+00:00,74860.0390625,74888.8828125,74572.078125,74765.3828125,0
2026-04-15 22:00:00+00:00,74784.7109375,75400.0,74763.890625,74984.3828125,0
2026-04-15 23:00:00+00:00,74958.421875,74969.703125,74639.0,74825.8671875,0
2026-04-16 00:00:00+00:00,74845.609375,74899.15625,74478.8203125,74834.34375,0
2026-04-16 01:00:00+00:00,74810.0,74810.0,74494.21875,74681.46875,0
2026-04-16 02:00:00+00:00,74681.4609375,75284.0078125,74614.59375,74896.546875,0
2026-04-16 03:00:00+00:00,74890.9296875,75155.8203125,74880.1484375,74904.2109375,2016497664
2026-04-16 04:00:00+00:00,74901.15625,75185.8671875,74751.0625,74964.6484375,0
2026-04-16 05:00:00+00:00,74950.0,75158.640625,74915.09375,75058.0078125,219258880
2026-04-16 06:00:00+00:00,75097.6875,75130.4375,74871.671875,75051.109375,96534528
2026-04-16 07:00:00+00:00,75031.7421875,75100.0,74662.34375,74721.5390625,0
2026-04-16 08:00:00+00:00,74721.546875,74765.15625,74535.4296875,74697.7109375,804335616
2026-04-16 09:00:00+00:00,74679.25,74927.828125,74611.796875,74612.671875,0
2026-04-16 10:00:00+00:00,74611.8828125,74670.84375,74290.78125,74323.9921875,0
2026-04-16 11:00:00+00:00,74327.9921875,74601.65625,74300.0078125,74593.328125,396546048
2026-04-16 12:00:00+00:00,74593.328125,74876.34375,74592.90625,74632.8671875,0
2026-04-16 13:00:00+00:00,74628.7890625,75023.1796875,73309.7265625,73793.9765625,937250816
2026-04-16 14:00:00+00:00,73766.3203125,74198.890625,73424.0234375,73973.203125,372477952
2026-04-16 15:00:00+00:00,73969.7421875,74893.3125,73943.65625,74719.9921875,1685315584
2026-04-16 16:00:00+00:00,74746.0,74956.0,74088.59375,74186.03125,538931200
2026-04-16 17:00:00+00:00,74167.8828125,74459.3984375,73917.140625,74346.0,130420736
2026-04-16 18:00:00+00:00,74354.03125,75092.3125,74250.09375,75054.4375,0
2026-04-16 19:00:00+00:00,75102.0,75429.609375,74762.671875,75371.9765625,964886528
2026-04-16 20:00:00+00:00,75384.9375,75533.6796875,75020.96875,75245.9921875,128495616
2026-04-16 21:00:00+00:00,75252.2109375,75300.0,74827.8125,74956.6015625,121356288
2026-04-16 22:00:00+00:00,74966.2578125,75139.453125,74853.75,74888.609375,0
2026-04-16 23:00:00+00:00,74866.40625,75198.4609375,74847.96875,75163.09375,0
2026-04-17 00:00:00+00:00,75160.203125,75179.8515625,74905.90625,74955.9921875,0
2026-04-17 01:00:00+00:00,74960.6171875,75061.3515625,74594.4765625,74763.890625,51539968
2026-04-17 02:00:00+00:00,74759.859375,74830.8984375,74562.671875,74730.1328125,0
2026-04-17 03:00:00+00:00,74724.9921875,74860.109375,74629.7578125,74633.1484375,0
2026-04-17 04:00:00+00:00,74633.15625,74867.9375,74611.78125,74810.0078125,0
2026-04-17 05:00:00+00:00,74810.0,74823.109375,74575.0,74656.5625,0
2026-04-17 06:00:00+00:00,74645.0234375,74960.90625,74614.46875,74921.2421875,0
2026-04-17 07:00:00+00:00,74960.9609375,75118.859375,74954.7421875,75069.6875,61296640
2026-04-17 08:00:00+00:00,75095.40625,75888.75,75015.359375,75789.9921875,619696128
2026-04-17 09:00:00+00:00,75821.9765625,76370.0,75551.25,75811.4765625,2566205440
2026-04-17 10:00:00+00:00,75811.453125,75907.140625,75124.2265625,75301.109375,1024786432
2026-04-17 11:00:00+00:00,75292.5078125,75633.75,75273.75,75622.578125,0
2026-04-17 12:00:00+00:00,75661.6484375,76298.359375,75558.0,76294.609375,779100160
2026-04-17 13:00:00+00:00,76260.0,77453.2265625,76100.0078125,77388.0,5033406464
2026-04-17 14:00:00+00:00,77434.4609375,78142.9765625,77065.90625,77977.75,3173928960
2026-04-17 15:00:00+00:00,77977.5078125,78060.0234375,77497.6015625,77843.2734375,1281085440
2026-04-17 16:00:00+00:00,77836.21875,78340.0390625,77785.25,77907.2734375,778620928
2026-04-17 17:00:00+00:00,77898.7578125,77955.0078125,77152.5,77563.5078125,973885440
2026-04-17 18:00:00+00:00,77576.25,77602.4765625,77122.5,77206.0,126701568
2026-04-17 19:00:00+00:00,77210.1328125,77524.0625,77063.2578125,77517.8671875,0
2026-04-17 20:00:00+00:00,77463.8828125,77648.453125,77188.65625,77366.96875,0
2026-04-17 21:00:00+00:00,77373.2734375,77531.2421875,77310.0,77475.0,0
2026-04-17 22:00:00+00:00,77473.1328125,77551.5234375,77297.9765625,77339.9375,221704192
2026-04-17 23:00:00+00:00,77328.0078125,77336.2421875,76941.9921875,77098.0078125,344924160
2026-04-18 00:00:00+00:00,77073.75,77287.4609375,77010.0,77196.0,0
2026-04-18 01:00:00+00:00,77216.2421875,77364.7421875,77148.7734375,77251.96875,0
2026-04-18 02:00:00+00:00,77251.96875,77447.4296875,77154.2890625,77323.5078125,0
2026-04-18 03:00:00+00:00,77321.2421875,77328.75,77001.3125,77040.0,0
2026-04-18 04:00:00+00:00,77025.9921875,77197.5,76926.9296875,77148.75,402907136
2026-04-18 05:00:00+00:00,77144.0234375,77295.0078125,77144.0078125,77168.2890625,52015104
2026-04-18 06:00:00+00:00,77168.296875,77253.75,77091.0,77160.0078125,0
2026-04-18 07:00:00+00:00,77136.328125,77162.0234375,76923.078125,77020.0078125,0
2026-04-18 08:00:00+00:00,77020.0234375,77070.390625,76534.0234375,76760.0234375,0
2026-04-18 09:00:00+00:00,76732.5,76743.7421875,76450.15625,76631.2578125,0
2026-04-18 10:00:00+00:00,76631.2578125,76631.2578125,76170.71875,76222.4921875,0
2026-04-18 11:00:00+00:00,76222.5,76222.5,75798.75,76069.4609375,0
2026-04-18 12:00:00+00:00,76074.796875,76323.7421875,76070.9921875,76239.7578125,0
2026-04-18 13:00:00+00:00,76230.828125,76248.7421875,75839.9921875,76148.640625,0
2026-04-18 14:00:00+00:00,76150.0078125,76314.09375,76008.7578125,76280.609375,0
2026-04-18 15:00:00+00:00,76282.1875,76361.2578125,76050.1328125,76191.71875,0
2026-04-18 16:00:00+00:00,76173.09375,76249.9765625,75823.03125,75968.1171875,0
2026-04-18 17:00:00+00:00,75955.4765625,75982.5234375,75818.1796875,75852.1328125,0
2026-04-18 18:00:00+00:00,75842.0078125,75886.8984375,75482.96875,75672.4375,0
2026-04-18 19:00:00+00:00,75653.71875,75828.6875,75607.84375,75678.90625,0
2026-04-18 20:00:00+00:00,75688.59375,75875.828125,75633.6796875,75784.9375,0
2026-04-18 21:00:00+00:00,75779.0390625,75875.828125,75632.671875,75854.5703125,0
2026-04-18 22:00:00+00:00,75827.4921875,75914.6796875,75644.1171875,75846.96875,0
2026-04-18 23:00:00+00:00,75861.0390625,75921.9765625,75730.578125,75730.578125,0
2026-04-19 00:00:00+00:00,75736.0,75884.0078125,75590.171875,75705.21875,0
2026-04-19 01:00:00+00:00,75708.0078125,75820.0,75500.0,75652.1015625,129032192
2026-04-19 02:00:00+00:00,75643.671875,75741.3515625,75452.0,75523.859375,53024768
2026-04-19 03:00:00+00:00,75523.859375,75668.0,75398.8671875,75549.65625,71456768
2026-04-19 04:00:00+00:00,75546.4921875,75798.40625,75454.6171875,75700.0078125,0
2026-04-19 05:00:00+00:00,75695.0625,75723.8828125,75549.6796875,75580.0234375,0
2026-04-19 06:00:00+00:00,75580.0078125,75580.0078125,75325.0,75429.75,337053696
2026-04-19 07:00:00+00:00,75426.9609375,75434.921875,74955.546875,75291.1171875,855674880
2026-04-19 08:00:00+00:00,75265.0,75336.5234375,75113.953125,75293.171875,0
2026-04-19 09:00:00+00:00,75292.5390625,75301.4921875,74963.3828125,75055.421875,0
2026-04-19 10:00:00+00:00,75055.421875,75272.5625,74974.7734375,75246.09375,0
2026-04-19 11:00:00+00:00,75246.09375,75653.0625,75242.0234375,75637.5234375,0
2026-04-19 12:00:00+00:00,75652.3125,75730.4921875,75480.0,75611.90625,0
2026-04-19 13:00:00+00:00,75588.4609375,76257.0703125,75588.3515625,75963.1328125,582748160
2026-04-19 14:00:00+00:00,75963.1328125,76180.578125,75707.9765625,76064.9609375,266915840
2026-04-19 15:00:00+00:00,76062.84375,76187.9921875,75450.4765625,75885.6171875,1075015680
2026-04-19 16:00:00+00:00,75885.6171875,75893.6328125,75356.0078125,75416.0078125,0
2026-04-19 17:00:00+00:00,75419.3515625,75419.3515625,74707.9921875,74820.8515625,425570304
2026-04-19 18:00:00+00:00,74793.8828125,74910.171875,74641.4765625,74806.7109375,642525184
2026-04-19 19:00:00+00:00,74813.2578125,75110.421875,74813.2578125,74985.0390625,272711680
2026-04-19 20:00:00+00:00,74985.0390625,74985.0390625,74493.4765625,74662.5625,0
2026-04-19 21:00:00+00:00,74662.5625,74842.3203125,74407.84375,74461.203125,505593856
2026-04-19 22:00:00+00:00,74423.9921875,74438.578125,73802.578125,74072.5390625,2095738880
2026-04-19 23:00:00+00:00,74076.8125,74076.8125,73815.203125,73815.203125,628639744
2026-04-20 00:00:00+00:00,73830.0,74382.15625,73772.9609375,74305.296875,972533760
2026-04-20 01:00:00+00:00,74314.6796875,74772.3515625,74239.796875,74621.4296875,524847104
2026-04-20 02:00:00+00:00,74623.9921875,74654.9375,74337.390625,74439.90625,387602432
2026-04-20 03:00:00+00:00,74448.2734375,74672.9609375,74390.1328125,74665.6171875,237033472
2026-04-20 04:00:00+00:00,74666.078125,74669.1875,74469.0390625,74593.59375,0
2026-04-20 05:00:00+00:00,74567.78125,74586.0703125,74136.9375,74297.921875,346931200
2026-04-20 06:00:00+00:00,74315.828125,74910.15625,74283.5390625,74820.1796875,234817536
2026-04-20 07:00:00+00:00,74873.421875,75582.0078125,74694.3671875,74860.0234375,489672704
2026-04-20 08:00:00+00:00,74860.3828125,75026.953125,74650.28125,74758.0078125,597123072
2026-04-20 09:00:00+00:00,74745.359375,75269.5234375,74726.109375,75100.4375,463020032
2026-04-20 10:00:00+00:00,75130.3828125,75436.03125,75042.171875,75068.6875,41537536
2026-04-20 11:00:00+00:00,75068.7265625,75318.2578125,75000.2890625,75232.7265625,0
2026-04-20 12:00:00+00:00,75222.8984375,75669.0078125,75111.2578125,75322.8671875,466120704
2026-04-20 13:00:00+00:00,75349.9296875,75467.28125,74945.171875,75316.890625,71524352
2026-04-20 14:00:00+00:00,75300.0,75765.2109375,74961.1171875,75071.84375,1182838784
2026-04-20 15:00:00+00:00,75090.75,75758.078125,74735.7421875,75750.0,651075584
2026-04-20 16:00:00+00:00,75753.1484375,75753.1484375,75328.75,75378.7890625,407003136
2026-04-20 17:00:00+00:00,75391.21875,75998.1484375,75322.359375,75937.3125,0
2026-04-20 18:00:00+00:00,75954.421875,76489.0625,75953.3671875,76455.671875,623157248
2026-04-20 19:00:00+00:00,76483.3671875,76528.0078125,76184.859375,76330.9375,1873649664
2026-04-20 20:00:00+00:00,76311.109375,76590.0,76162.3125,76317.28125,1115488256
2026-04-20 21:00:00+00:00,76330.0,76405.7265625,75816.0,75988.0078125,287932416
2026-04-20 22:00:00+00:00,76054.0,76180.578125,75933.0234375,76004.671875,0
2026-04-20 23:00:00+00:00,75912.7734375,75937.7265625,75655.9921875,75875.0390625,0
2026-04-21 00:00:00+00:00,75876.890625,76129.828125,75724.8203125,76128.1015625,0
2026-04-21 01:00:00+00:00,76086.0,76270.1875,75906.0234375,75955.0625,0
2026-04-21 02:00:00+00:00,75955.0703125,75958.9375,75612.0,75613.75,0
2026-04-21 03:00:00+00:00,75613.75,75747.390625,75520.0,75740.578125,0
2026-04-21 04:00:00+00:00,75755.7734375,75850.7109375,75633.28125,75840.578125,0
2026-04-21 05:00:00+00:00,75840.0078125,76010.640625,75815.0,75835.7734375,0
2026-04-21 06:00:00+00:00,75835.7734375,76146.0,75731.171875,76001.828125,0
2026-04-21 07:00:00+00:00,76007.7890625,76323.5390625,75851.7421875,76118.09375,52444172288
2026-04-21 08:00:00+00:00,76125.6328125,76879.34375,76114.59375,76545.65625,467214336
2026-04-21 09:00:00+00:00,76545.609375,76596.4921875,76192.3828125,76388.3984375,0
2026-04-21 10:00:00+00:00,76382.4609375,76905.171875,76382.4609375,76775.1171875,294772736
2026-04-21 11:00:00+00:00,76786.953125,76789.328125,76370.0078125,76478.6171875,612114432
2026-04-21 12:00:00+00:00,76489.0,76548.7734375,75749.3515625,76044.5625,274640896
2026-04-21 13:00:00+00:00,76051.25,76198.609375,75752.8203125,75922.0,29853859840
2026-04-21 14:00:00+00:00,75936.9609375,76595.0,75658.9765625,75687.4765625,0
2026-04-21 15:00:00+00:00,75694.4375,75999.3203125,75438.703125,75849.703125,0
2026-04-21 16:00:00+00:00,75869.71875,76191.2578125,75772.890625,75794.9921875,0
2026-04-21 17:00:00+00:00,75782.5234375,75863.9921875,75107.1796875,75567.2578125,0
2026-04-21 18:00:00+00:00,75541.953125,75664.9921875,75319.203125,75622.7890625,0
2026-04-21 19:00:00+00:00,75633.7578125,75909.4921875,74825.9921875,75019.9921875,0
2026-04-21 20:00:00+00:00,75004.3671875,75868.90625,74989.5390625,75743.71875,0
2026-04-21 21:00:00+00:00,75740.6796875,75796.6796875,75469.859375,75565.0078125,0
2026-04-21 22:00:00+00:00,75566.6328125,75662.140625,75325.1484375,75662.0078125,115748864
2026-04-21 23:00:00+00:00,75645.0,76437.2578125,75645.0,76356.0,343629824
2026-04-22 00:00:00+00:00,76370.0,76519.0703125,76234.0078125,76337.15625,11161600
2026-04-22 01:00:00+00:00,76370.578125,76432.9375,76148.109375,76316.7890625,16044032
2026-04-22 02:00:00+00:00,76334.9296875,77662.0703125,76244.03125,77626.0078125,1683529728
2026-04-22 03:00:00+00:00,77627.359375,77746.8828125,77430.0,77541.546875,1451786240
2026-04-22 04:00:00+00:00,77547.9921875,77715.9765625,77384.0703125,77536.0,753033216
2026-04-22 05:00:00+00:00,77552.03125,78433.8984375,77463.9921875,77991.9296875,2779820032
2026-04-22 06:00:00+00:00,77983.296875,78048.9296875,77914.9765625,78024.40625,737804288
2026-04-22 07:00:00+00:00,78028.9765625,78128.0,77844.2109375,78007.6875,11460608
2026-04-22 08:00:00+00:00,78044.2890625,78220.03125,77960.0,78029.6875,65699840
2026-04-22 09:00:00+00:00,77993.9765625,78202.1484375,77971.296875,78035.796875,18178048
2026-04-22 10:00:00+00:00,78015.5625,78193.2109375,77967.6796875,78186.5625,60895232
2026-04-22 11:00:00+00:00,78193.953125,78385.53125,78120.0078125,78322.546875,0
2026-04-22 12:00:00+00:00,78329.0,78514.7890625,78146.8828125,78262.8984375,142364672
2026-04-22 13:00:00+00:00,78252.359375,78887.4375,78204.1015625,78887.4375,1212329984
2026-04-22 14:00:00+00:00,78897.609375,79178.859375,78625.9765625,79077.25,1833050112
2026-04-22 15:00:00+00:00,79094.859375,79450.0,78882.671875,79325.3828125,864710656
2026-04-22 16:00:00+00:00,79371.9296875,79500.0078125,78697.96875,78777.3671875,912244736
2026-04-22 17:00:00+00:00,78782.4609375,79078.359375,78724.7265625,78923.0,0
2026-04-22 18:00:00+00:00,78945.21875,79198.8984375,78857.0390625,79062.4609375,0
2026-04-22 19:00:00+00:00,79000.5390625,79106.3984375,78740.90625,78891.9765625,0
2026-04-22 20:00:00+00:00,78918.5234375,78946.3828125,78440.0,78459.8203125,0
2026-04-22 21:00:00+00:00,78447.0234375,78858.2421875,78447.0234375,78794.7578125,537243648
2026-04-22 22:00:00+00:00,78785.2421875,78865.078125,78487.28125,78642.8984375,55644160
2026-04-22 23:00:00+00:00,78623.9765625,78635.6015625,78184.0078125,78208.546875,77496320
2026-04-23 00:00:00+00:00,78208.5390625,78605.0,77628.0703125,78449.546875,433913856
2026-04-23 01:00:00+00:00,78442.1484375,78469.1484375,78098.3828125,78382.9921875,1216458752
2026-04-23 02:00:00+00:00,78387.390625,78387.390625,77789.59375,77967.4609375,0
2026-04-23 03:00:00+00:00,77969.6015625,78050.4375,77536.0078125,77778.0,122421248
2026-04-23 04:00:00+00:00,77748.6484375,77963.8515625,77698.703125,77935.4609375,0
2026-04-23 05:00:00+00:00,77944.0,78112.0,77800.03125,78027.90625,0
2026-04-23 06:00:00+00:00,78066.1875,78370.4921875,78066.1875,78240.0078125,0
2026-04-23 07:00:00+00:00,78259.9921875,78281.7734375,78006.6171875,78086.140625,0
2026-04-23 08:00:00+00:00,78086.140625,78204.3125,77748.0234375,77877.34375,0
2026-04-23 09:00:00+00:00,77877.3515625,77887.46875,77467.7578125,77675.1875,659345408
2026-04-23 10:00:00+00:00,77672.0078125,77737.90625,77216.890625,77425.90625,1208832000
2026-04-23 11:00:00+00:00,77463.3515625,77768.8671875,77407.78125,77722.2890625,0
2026-04-23 12:00:00+00:00,77722.328125,77904.1015625,77609.4765625,77904.1015625,0
2026-04-23 13:00:00+00:00,77894.0078125,77943.671875,77422.5,77558.5,0
2026-04-23 14:00:00+00:00,77514.6796875,78238.5703125,77446.3671875,78216.578125,0
2026-04-23 15:00:00+00:00,78214.4375,78716.328125,78012.046875,78413.1796875,30183424
2026-04-23 16:00:00+00:00,78420.7265625,78544.65625,78068.0,78128.6015625,0
2026-04-23 17:00:00+00:00,78142.15625,78218.53125,76986.296875,77796.421875,1466310656
2026-04-23 18:00:00+00:00,77766.953125,78172.6875,77713.9765625,77739.09375,388833280
2026-04-23 19:00:00+00:00,77698.0625,77922.2109375,77629.25,77743.15625,236609536
2026-04-23 20:00:00+00:00,77732.5390625,78070.3984375,77669.8984375,77906.1015625,0
2026-04-23 21:00:00+00:00,77906.6015625,78091.9609375,77811.0,77901.0390625,0
2026-04-23 22:00:00+00:00,77912.2734375,78366.1875,77912.2734375,78262.2421875,0
2026-04-23 23:00:00+00:00,78220.046875,78327.0,78051.8125,78281.3203125,0
2026-04-24 00:00:00+00:00,78320.3828125,78516.328125,78197.1796875,78439.5625,0
2026-04-24 01:00:00+00:00,78447.9765625,78483.0703125,77989.8125,78465.1328125,0
2026-04-24 02:00:00+00:00,78442.6484375,78570.0234375,78108.0234375,78154.1015625,0
2026-04-24 03:00:00+00:00,78166.4765625,78215.0234375,77590.5078125,77755.390625,29274112
2026-04-24 04:00:00+00:00,77744.90625,77871.9296875,77532.0078125,77682.90625,117673984
2026-04-24 05:00:00+00:00,77673.6015625,78039.390625,77465.8984375,77974.2890625,0
2026-04-24 06:00:00+00:00,77992.1328125,77999.1015625,77786.2890625,77813.1171875,0
2026-04-24 07:00:00+00:00,77805.0,77878.203125,77568.4375,77676.9609375,466751488
2026-04-24 08:00:00+00:00,77676.9609375,78029.9765625,77593.203125,77808.7265625,0
2026-04-24 09:00:00+00:00,77811.4296875,77826.0703125,77436.0,77551.890625,0
2026-04-24 10:00:00+00:00,77528.6171875,77798.3125,77457.2109375,77762.453125,0
2026-04-24 11:00:00+00:00,77776.0234375,78395.2734375,77762.4375,78256.09375,1137606656
2026-04-24 12:00:00+00:00,78272.96875,78377.046875,78056.8828125,78290.6484375,0
2026-04-24 13:00:00+00:00,78290.640625,78447.7578125,77922.9609375,78107.859375,300425216
2026-04-24 14:00:00+00:00,78067.28125,78096.0078125,77704.1875,78074.15625,260997120
2026-04-24 15:00:00+00:00,78057.9921875,78237.5625,77619.9921875,78068.03125,0
2026-04-24 16:00:00+00:00,78077.078125,78081.2421875,77606.46875,77804.0390625,34394112
2026-04-24 17:00:00+00:00,77772.296875,77831.84375,77502.6015625,77707.1484375,0
2026-04-24 18:00:00+00:00,77691.4609375,77741.890625,77385.90625,77637.609375,0
2026-04-24 19:00:00+00:00,77680.2265625,77767.40625,77556.3203125,77659.71875,0
2026-04-24 20:00:00+00:00,77657.0234375,77781.921875,77480.0,77748.6796875,0
2026-04-24 21:00:00+00:00,77748.6796875,77785.0,77565.453125,77565.453125,263231488
2026-04-24 22:00:00+00:00,77572.0390625,77650.71875,77306.0625,77360.0,392822784
2026-04-24 23:00:00+00:00,77368.640625,77484.9765625,77358.828125,77461.796875,215015424
2026-04-25 00:00:00+00:00,77471.1796875,77518.6015625,77329.2890625,77483.4375,0
2026-04-25 01:00:00+00:00,77498.0078125,77645.4609375,77461.0078125,77559.96875,0
2026-04-25 02:00:00+00:00,77559.96875,77669.53125,77518.78125,77639.1796875,0
2026-04-25 03:00:00+00:00,77654.5703125,77736.1171875,77574.6796875,77674.0,0
2026-04-25 04:00:00+00:00,77699.90625,77726.15625,77621.8984375,77641.15625,0
2026-04-25 05:00:00+00:00,77634.3203125,77634.3203125,77509.6796875,77542.1875,0
2026-04-25 06:00:00+00:00,77545.75,77609.28125,77506.7109375,77526.421875,0
2026-04-25 07:00:00+00:00,77510.0078125,77598.0390625,77470.0,77532.9609375,0
2026-04-25 08:00:00+00:00,77514.2578125,77686.796875,77510.9375,77672.6484375,0
2026-04-25 09:00:00+00:00,77686.796875,77805.890625,77612.0,77738.1875,0
2026-04-25 10:00:00+00:00,77745.6484375,77910.3515625,77745.6484375,77809.4765625,0
2026-04-25 11:00:00+00:00,77809.46875,77809.46875,77636.171875,77697.3984375,0
2026-04-25 12:00:00+00:00,77704.5078125,77736.953125,77565.4375,77575.28125,0
2026-04-25 13:00:00+00:00,77580.3671875,77731.703125,77580.3671875,77701.359375,0
2026-04-25 14:00:00+00:00,77701.359375,77768.796875,77652.09375,77679.9609375,0
2026-04-25 15:00:00+00:00,77679.953125,77744.0234375,77345.0,77354.0625,0
2026-04-25 16:00:00+00:00,77332.5703125,77483.4296875,77199.0234375,77427.6875,0
2026-04-25 17:00:00+00:00,77427.6796875,77433.75,77236.1328125,77274.53125,0
2026-04-25 18:00:00+00:00,77242.171875,77414.5625,77242.171875,77311.0,0
2026-04-25 19:00:00+00:00,77309.6015625,77372.3515625,77210.0,77339.7734375,28358656
2026-04-25 20:00:00+00:00,77371.90625,77506.6015625,77324.5703125,77497.0703125,0
2026-04-25 21:00:00+00:00,77498.2109375,77555.4921875,77434.25,77555.4921875,0
2026-04-25 22:00:00+00:00,77548.8984375,77662.2578125,77519.5234375,77575.2734375,0
2026-04-25 23:00:00+00:00,77577.96875,77666.4765625,77545.7734375,77650.7109375,643072
2026-04-26 00:00:00+00:00,77650.7265625,77663.84375,77468.3984375,77520.34375,0
2026-04-26 01:00:00+00:00,77544.75,77591.6796875,77471.8515625,77477.4609375,0
2026-04-26 02:00:00+00:00,77471.8515625,77620.5390625,77471.84375,77545.703125,0
2026-04-26 03:00:00+00:00,77544.2578125,77564.5234375,77346.4375,77408.0078125,0
2026-04-26 04:00:00+00:00,77400.0234375,77838.0078125,77394.8828125,77790.6328125,0
2026-04-26 05:00:00+00:00,77790.0625,78212.609375,77736.0,78004.96875,938505216
2026-04-26 06:00:00+00:00,78025.0078125,78073.90625,77918.3203125,78019.1875,0
2026-04-26 07:00:00+00:00,78039.6796875,78146.0,77985.6171875,78126.3125,199276544
2026-04-26 08:00:00+00:00,78135.671875,78232.84375,78045.2265625,78050.0078125,146167808
2026-04-26 09:00:00+00:00,78039.9375,78081.28125,77941.9765625,78026.90625,110282752
2026-04-26 10:00:00+00:00,78018.09375,78077.0625,77975.4375,78024.640625,0
2026-04-26 11:00:00+00:00,78024.6328125,78175.84375,78024.6328125,78118.0,0
2026-04-26 12:00:00+00:00,78118.0078125,78135.21875,77787.9375,77850.8125,137375744
2026-04-26 13:00:00+00:00,77851.7421875,78000.0,77818.109375,77993.7421875,366237696
2026-04-26 14:00:00+00:00,77975.71875,78189.640625,77893.4375,78108.3828125,190869504
2026-04-26 15:00:00+00:00,78123.0390625,78146.71875,78014.8125,78073.1328125,0
2026-04-26 16:00:00+00:00,78084.390625,78112.296875,77955.8203125,77955.8203125,0
2026-04-26 17:00:00+00:00,77931.3671875,78077.109375,77872.4765625,78037.4609375,344146944
2026-04-26 18:00:00+00:00,78054.046875,78330.0625,78010.0,78301.9921875,413807616
2026-04-26 19:00:00+00:00,78318.546875,78519.9921875,78050.0078125,78258.0,636866560
2026-04-26 20:00:00+00:00,78274.03125,78402.203125,78180.0625,78228.578125,237776896
2026-04-26 21:00:00+00:00,78230.078125,78918.65625,77891.046875,78437.9609375,558198784
2026-04-26 22:00:00+00:00,78388.2890625,78871.3203125,78037.78125,78333.2421875,2111141888
2026-04-26 23:00:00+00:00,78296.890625,78874.9921875,78059.0,78664.640625,752857088
2026-04-27 00:00:00+00:00,78673.828125,79388.0078125,78425.9921875,79277.9921875,1541167104
2026-04-27 01:00:00+00:00,79389.1484375,79492.140625,78768.59375,79295.421875,2230464512
2026-04-27 02:00:00+00:00,79307.859375,79313.21875,79051.28125,79150.0,807475200
2026-04-27 03:00:00+00:00,79123.4375,79329.84375,79091.8671875,79120.0234375,590821376
2026-04-27 04:00:00+00:00,79124.3828125,79175.90625,78893.9375,78942.0234375,243953664
2026-04-27 05:00:00+00:00,78959.7734375,78959.7734375,77599.34375,77798.7109375,1914812416
2026-04-27 06:00:00+00:00,77779.5078125,77879.1328125,77493.0078125,77707.9765625,967970816
2026-04-27 07:00:00+00:00,77695.0,77749.109375,77572.0078125,77621.2109375,735031296
2026-04-27 08:00:00+00:00,77608.3828125,77822.5078125,77565.171875,77811.5625,513406976
2026-04-27 09:00:00+00:00,77815.9609375,77989.3984375,77706.421875,77902.453125,714866688
2026-04-27 10:00:00+00:00,77890.6875,77948.453125,77792.4765625,77857.453125,402022400
2026-04-27 11:00:00+00:00,77851.7109375,77896.9609375,77745.0078125,77847.890625,231636992
2026-04-27 12:00:00+00:00,77845.3203125,77878.0,77620.0,77671.0390625,144779264
2026-04-27 13:00:00+00:00,77658.7578125,77961.3828125,77576.78125,77750.0,685049856
2026-04-27 14:00:00+00:00,77749.96875,78277.2265625,77675.5234375,77813.84375,831911936
2026-04-27 15:00:00+00:00,77826.3125,77838.4921875,76581.109375,76789.5390625,3476070400
2026-04-27 16:00:00+00:00,76748.9296875,76857.9765625,76536.640625,76610.0078125,1258008576
2026-04-27 17:00:00+00:00,76629.7734375,76915.203125,76623.3984375,76721.2265625,868204544
2026-04-27 18:00:00+00:00,76687.84375,76880.7578125,76647.0234375,76819.203125,89055232
2026-04-27 19:00:00+00:00,76802.0234375,76886.40625,76464.78125,76884.4296875,182620160
2026-04-27 20:00:00+00:00,76873.2734375,77064.0390625,76836.3984375,76955.359375,305152000
2026-04-27 21:00:00+00:00,76938.2421875,76980.5390625,76777.0,76777.0,0
2026-04-27 22:00:00+00:00,76817.34375,77076.4765625,76753.90625,77058.296875,0
2026-04-27 23:00:00+00:00,77026.5625,77444.40625,77007.046875,77364.421875,0
2026-04-28 00:00:00+00:00,77380.9375,77478.9765625,77213.953125,77381.796875,0
2026-04-28 01:00:00+00:00,77364.4765625,77399.6796875,77043.71875,77088.4921875,0
2026-04-28 02:00:00+00:00,77103.5625,77226.2421875,76677.6171875,76888.0234375,0
2026-04-28 03:00:00+00:00,76876.0390625,76894.71875,76677.6171875,76809.3125,0
2026-04-28 04:00:00+00:00,76804.9765625,76952.84375,76707.828125,76885.2109375,0
2026-04-28 05:00:00+00:00,76900.5625,77147.0390625,76808.0,76881.7890625,0
2026-04-28 06:00:00+00:00,76903.6796875,77029.390625,76584.96875,76696.3203125,0
2026-04-28 07:00:00+00:00,76702.9921875,76914.2421875,76442.0,76872.953125,326801408
2026-04-28 08:00:00+00:00,76879.7578125,76998.4765625,76737.03125,76856.0,719095808
2026-04-28 09:00:00+00:00,76852.1171875,76867.4296875,76485.1796875,76587.2421875,0
2026-04-28 10:00:00+00:00,76580.6484375,76686.46875,76476.8125,76602.25,0
2026-04-28 11:00:00+00:00,76608.34375,76636.546875,76122.4765625,76221.59375,1290969088
2026-04-28 12:00:00+00:00,76250.0,76420.5390625,76162.3125,76383.4921875,713492480
2026-04-28 13:00:00+00:00,76362.0,76415.046875,75978.2421875,76183.671875,818876416
2026-04-28 14:00:00+00:00,76170.3671875,76196.640625,75653.7578125,75940.0,288567296
2026-04-28 15:00:00+00:00,75943.28125,76071.828125,75828.4765625,76052.296875,0
2026-04-28 16:00:00+00:00,76034.390625,76180.0,75865.5703125,76109.28125,0
2026-04-28 17:00:00+00:00,76102.1171875,76249.9921875,75939.1015625,76166.7890625,0
2026-04-28 18:00:00+00:00,76161.171875,76264.3984375,76111.0078125,76220.671875,831488
2026-04-28 19:00:00+00:00,76220.671875,76379.96875,76045.078125,76324.8671875,0
2026-04-28 20:00:00+00:00,76338.2109375,76478.328125,76321.453125,76461.9921875,13672448
2026-04-28 21:00:00+00:00,76466.0625,76483.2734375,76265.671875,76349.5234375,54958080
2026-04-28 22:00:00+00:00,76384.8515625,76439.75,76206.0078125,76229.796875,0
2026-04-28 23:00:00+00:00,76219.1875,76349.5625,76176.5,76315.90625,690176
2026-04-29 00:00:00+00:00,76316.65625,76536.71875,76255.9921875,76502.3515625,0
2026-04-29 01:00:00+00:00,76486.8125,76627.71875,76166.578125,76544.703125,427184128
2026-04-29 02:00:00+00:00,76568.0,76642.6328125,76383.6875,76508.640625,0
2026-04-29 03:00:00+00:00,76509.28125,77105.7890625,76496.1796875,76986.0,0
2026-04-29 04:00:00+00:00,76996.4375,77441.1015625,76879.8125,77260.5625,1264224256
2026-04-29 05:00:00+00:00,77266.796875,77314.8828125,77188.796875,77280.359375,204812288
2026-04-29 06:00:00+00:00,77276.1484375,77318.28125,76921.5703125,77016.0,118614016
2026-04-29 07:00:00+00:00,77026.546875,77163.8515625,76998.5,77034.0390625,0
2026-04-29 08:00:00+00:00,77047.09375,77141.890625,76947.703125,77029.4375,0
2026-04-29 09:00:00+00:00,77023.34375,77790.2421875,76948.9921875,77646.2421875,679464960
2026-04-29 10:00:00+00:00,77686.546875,77898.53125,77560.7578125,77618.0,1461803008
2026-04-29 11:00:00+00:00,77613.6328125,77685.0,77478.796875,77581.9296875,0
2026-04-29 12:00:00+00:00,77587.328125,77597.2265625,76992.65625,77122.0078125,780689408
2026-04-29 13:00:00+00:00,77116.5078125,77221.0,76445.9921875,76751.5,0
2026-04-29 14:00:00+00:00,76753.7890625,76848.421875,76467.5390625,76545.2109375,0
2026-04-29 15:00:00+00:00,76542.96875,76613.5625,75675.8515625,75897.671875,859480064
2026-04-29 16:00:00+00:00,75815.7421875,76098.25,75668.5,75766.9375,1240072192
2026-04-29 17:00:00+00:00,75779.46875,76133.9921875,75773.75,76127.9609375,226410496
2026-04-29 18:00:00+00:00,76224.7734375,76224.7734375,74938.1484375,75483.8203125,2440900608
2026-04-29 19:00:00+00:00,75487.0078125,75564.71875,75270.8125,75528.6171875,657162240
2026-04-29 20:00:00+00:00,75523.2578125,75819.921875,75454.8984375,75644.46875,626184192
2026-04-29 21:00:00+00:00,75642.453125,76031.5,75580.671875,75902.5390625,269643776
2026-04-29 22:00:00+00:00,75883.59375,75975.109375,75790.6484375,75893.2890625,208756736
2026-04-29 23:00:00+00:00,75900.0390625,75962.4296875,75685.171875,75752.8671875,295948288
2026-04-30 00:00:00+00:00,75800.7265625,76305.671875,75625.34375,76232.5625,17805312
2026-04-30 01:00:00+00:00,76205.90625,76429.21875,76148.3671875,76212.84375,0
2026-04-30 02:00:00+00:00,76218.140625,76327.1796875,75475.40625,75673.171875,588283904
2026-04-30 03:00:00+00:00,75663.7265625,75972.4921875,75650.8515625,75901.8203125,0
2026-04-30 04:00:00+00:00,75902.859375,75937.953125,75378.5625,75456.2578125,0
2026-04-30 05:00:00+00:00,75455.09375,75725.328125,75315.0390625,75567.8984375,4648960
2026-04-30 06:00:00+00:00,75577.46875,75842.7421875,75543.0625,75726.171875,0
2026-04-30 07:00:00+00:00,75724.9765625,76146.546875,75683.9375,76134.328125,0
2026-04-30 08:00:00+00:00,76147.90625,76176.328125,75991.078125,76035.7421875,0
2026-04-30 09:00:00+00:00,76023.7578125,76321.421875,75980.9765625,76071.859375,0
2026-04-30 10:00:00+00:00,76077.046875,76137.1484375,75949.9921875,75994.2890625,0
2026-04-30 11:00:00+00:00,76013.0390625,76206.0078125,75848.0,76039.6015625,0
2026-04-30 12:00:00+00:00,76031.1875,76390.0078125,76016.5,76274.5703125,122880
2026-04-30 13:00:00+00:00,76302.4609375,76614.0,76073.9921875,76381.9921875,0
2026-04-30 14:00:00+00:00,76385.8984375,76552.546875,76055.1484375,76268.0,0
2026-04-30 15:00:00+00:00,76267.6328125,76625.03125,76124.359375,76438.84375,0
2026-04-30 16:00:00+00:00,76437.25,76452.21875,76183.3828125,76222.7578125,0
2026-04-30 17:00:00+00:00,76208.703125,76296.7421875,76073.8125,76210.4296875,0
2026-04-30 18:00:00+00:00,76214.3671875,76444.4375,76175.9921875,76314.9765625,0
2026-04-30 19:00:00+00:00,76315.0,76495.328125,76280.078125,76399.5078125,0
2026-04-30 20:00:00+00:00,76380.03125,76538.6875,76291.96875,76461.5,0
2026-04-30 21:00:00+00:00,76450.3125,76507.2109375,76207.90625,76207.90625,0
2026-04-30 22:00:00+00:00,76234.5390625,76418.40625,76167.90625,76205.359375,0
2026-04-30 23:00:00+00:00,76205.359375,76343.0078125,76183.96875,76296.7265625,2476032
2026-05-01 00:00:00+00:00,76295.7265625,76559.0625,76280.59375,76423.2421875,0
2026-05-01 01:00:00+00:00,76424.6328125,76746.203125,76415.3515625,76650.75,0
2026-05-01 02:00:00+00:00,76670.9921875,76711.0234375,76506.296875,76566.4609375,0
2026-05-01 03:00:00+00:00,76551.9921875,77406.7890625,76523.203125,77091.84375,1207324672
2026-05-01 04:00:00+00:00,77109.7265625,77175.53125,76946.828125,77004.9921875,343830528
2026-05-01 05:00:00+00:00,77011.171875,77160.140625,76999.78125,77140.578125,0
2026-05-01 06:00:00+00:00,77144.8125,77161.328125,76861.6796875,76971.9921875,0
2026-05-01 07:00:00+00:00,76953.9921875,77119.2734375,76930.0,77108.0234375,193923072
2026-05-01 08:00:00+00:00,77097.5,77489.828125,77022.546875,77358.3984375,666892288
2026-05-01 09:00:00+00:00,77366.890625,77383.203125,77185.6015625,77266.0,0
2026-05-01 10:00:00+00:00,77250.0078125,77413.578125,77140.0078125,77280.046875,37529600
2026-05-01 11:00:00+00:00,77292.0,77574.7265625,77246.3984375,77452.7265625,614119424
2026-05-01 12:00:00+00:00,77466.34375,78151.96875,77392.0078125,77889.2734375,561227776
2026-05-01 13:00:00+00:00,77894.96875,78940.40625,77894.96875,78759.96875,1674403840
2026-05-01 14:00:00+00:00,78780.0,78888.6484375,78065.1015625,78364.2734375,1997266944
2026-05-01 15:00:00+00:00,78355.6796875,78742.4375,78189.9765625,78445.1171875,1112219648
2026-05-01 16:00:00+00:00,78476.2890625,78691.0,78157.0234375,78202.9296875,1083469824
2026-05-01 17:00:00+00:00,78190.84375,78596.296875,78125.328125,78550.0,402960384
2026-05-01 18:00:00+00:00,78575.0,78627.03125,78375.0078125,78436.171875,349507584
2026-05-01 19:00:00+00:00,78455.7578125,78552.9765625,78310.1875,78373.9765625,116981760
2026-05-01 20:00:00+00:00,78398.8203125,78419.25,77750.203125,77872.8125,461291520
2026-05-01 21:00:00+00:00,77872.8125,78207.0390625,77856.9296875,78207.0390625,430862336
2026-05-01 22:00:00+00:00,78207.7109375,78417.421875,78130.578125,78146.6796875,145272832
2026-05-01 23:00:00+00:00,78132.1171875,78234.046875,78032.0625,78234.046875,0
2026-05-02 00:00:00+00:00,78234.390625,78391.3828125,78168.0,78346.0234375,0
2026-05-02 01:00:00+00:00,78320.0,78442.0,78292.890625,78348.0078125,0
2026-05-02 02:00:00+00:00,78324.03125,78479.7109375,78258.28125,78358.09375,0
2026-05-02 03:00:00+00:00,78365.171875,78508.9609375,78244.4375,78409.6328125,0
2026-05-02 04:00:00+00:00,78419.3984375,78443.546875,78144.859375,78179.3828125,0
2026-05-02 05:00:00+00:00,78176.5078125,78236.71875,78034.28125,78175.7421875,73678848
2026-05-02 06:00:00+00:00,78180.203125,78347.9921875,78142.90625,78324.0234375,0
2026-05-02 07:00:00+00:00,78318.0078125,78348.2265625,78200.0078125,78211.6484375,0
2026-05-02 08:00:00+00:00,78220.2109375,78356.7109375,78163.8125,78313.6328125,0
2026-05-02 09:00:00+00:00,78324.0078125,78392.40625,78234.078125,78299.7890625,0
2026-05-02 10:00:00+00:00,78299.796875,78317.09375,78221.6015625,78249.9765625,0
2026-05-02 11:00:00+00:00,78223.6875,78234.0625,78093.1015625,78147.0390625,0
2026-05-02 12:00:00+00:00,78147.0703125,78266.9296875,78099.0703125,78213.15625,0
2026-05-02 13:00:00+00:00,78224.3828125,78414.8671875,78224.3828125,78364.6796875,0
2026-05-02 14:00:00+00:00,78367.8125,78478.0,78305.0,78415.34375,0
2026-05-02 15:00:00+00:00,78424.1015625,78486.4921875,78362.09375,78483.5234375,0
2026-05-02 16:00:00+00:00,78483.53125,78588.4375,78417.9921875,78446.03125,0
2026-05-02 17:00:00+00:00,78450.0,78479.71875,78362.0,78393.078125,0
2026-05-02 18:00:00+00:00,78380.5703125,78481.75,78308.0,78456.0078125,0
2026-05-02 19:00:00+00:00,78461.828125,78521.2421875,78431.28125,78471.78125,0
2026-05-02 20:00:00+00:00,78487.7421875,78487.7421875,78415.8671875,78458.671875,0
2026-05-02 21:00:00+00:00,78474.9765625,79135.5390625,78450.0,78724.6875,134771712
2026-05-02 22:00:00+00:00,78724.6875,78874.1171875,78605.2890625,78833.9765625,0
2026-05-02 23:00:00+00:00,78818.8125,78829.1171875,78625.1328125,78682.3125,214629376
2026-05-03 00:00:00+00:00,78682.3125,78732.7109375,78499.4765625,78551.7109375,0
2026-05-03 01:00:00+00:00,78551.703125,78551.7109375,78155.6875,78250.0,283268096
2026-05-03 02:00:00+00:00,78222.0,78296.328125,78106.03125,78162.8671875,0
2026-05-03 03:00:00+00:00,78151.2890625,78213.2890625,78103.75,78196.0234375,0
2026-05-03 04:00:00+00:00,78192.5234375,78230.6015625,78107.2734375,78164.859375,0
2026-05-03 05:00:00+00:00,78149.4921875,78252.7421875,78149.4921875,78239.859375,0
2026-05-03 06:00:00+00:00,78234.8515625,78335.9609375,78074.9765625,78281.171875,0
2026-05-03 07:00:00+00:00,78288.34375,78444.7578125,78282.5,78357.6328125,62702592
2026-05-03 08:00:00+00:00,78357.6328125,78482.2578125,78357.2109375,78379.390625,0
2026-05-03 09:00:00+00:00,78390.453125,78599.9921875,78337.921875,78532.4375,137833472
2026-05-03 10:00:00+00:00,78526.0234375,78528.421875,78400.15625,78404.7734375,6814720
2026-05-03 11:00:00+00:00,78394.5625,78834.0,78379.3828125,78656.859375,305209344
2026-05-03 12:00:00+00:00,78666.453125,78873.0,78666.453125,78746.1328125,355499008
2026-05-03 13:00:00+00:00,78749.6015625,78768.0390625,78581.5390625,78652.7265625,0
2026-05-03 14:00:00+00:00,78661.6328125,78776.9921875,78600.0234375,78719.9921875,426572800
2026-05-03 15:00:00+00:00,78721.859375,78800.0,78620.8203125,78656.84375,209195008
2026-05-03 16:00:00+00:00,78656.84375,78772.25,78580.28125,78650.53125,0
2026-05-03 17:00:00+00:00,78642.3515625,78816.546875,78570.0,78721.359375,301377536
2026-05-03 18:00:00+00:00,78728.84375,78753.6875,78625.046875,78732.28125,0
2026-05-03 19:00:00+00:00,78732.2734375,78842.078125,78666.5625,78753.171875,794668032
2026-05-03 20:00:00+00:00,78746.140625,79225.2734375,78720.4765625,78920.4375,972775424
2026-05-03 21:00:00+00:00,78922.59375,79057.5390625,78655.9921875,78822.53125,0
2026-05-03 22:00:00+00:00,78869.296875,79428.6015625,78838.5078125,79170.75,1317132288
2026-05-03 23:00:00+00:00,79162.546875,79285.9296875,78488.6796875,78558.8828125,958326784
2026-05-04 00:00:00+00:00,78546.0625,78560.2578125,78274.921875,78537.4296875,521918464
2026-05-04 01:00:00+00:00,78543.53125,79772.953125,78403.5703125,79756.453125,684986368
2026-05-04 02:00:00+00:00,79847.9921875,80399.9921875,79542.703125,80171.7265625,4763453440
2026-05-04 03:00:00+00:00,80172.296875,80404.1484375,79912.3515625,80308.609375,1897148416
2026-05-04 04:00:00+00:00,80325.5,80600.0,80224.703125,80320.453125,2451281920
2026-05-04 05:00:00+00:00,80327.8671875,80393.90625,79957.1484375,80013.5703125,1487013888
2026-05-04 06:00:00+00:00,80003.5078125,80038.2578125,79477.3125,79859.6328125,1301686272
2026-05-04 07:00:00+00:00,79853.71875,79933.296875,79661.453125,79685.78125,652109824
2026-05-04 08:00:00+00:00,79673.28125,79788.9921875,79582.3125,79692.8203125,970659840
2026-05-04 09:00:00+00:00,79684.3984375,79909.0234375,79626.03125,79817.5,346071040
2026-05-04 10:00:00+00:00,79861.5234375,79861.5234375,78217.8984375,78935.2109375,5928157184
2026-05-04 11:00:00+00:00,78925.2578125,79128.53125,78694.46875,78782.953125,793022464
2026-05-04 12:00:00+00:00,78780.0,79020.1328125,78706.0,78852.0390625,204304384
2026-05-04 13:00:00+00:00,78809.5,79108.4921875,78574.671875,78774.7265625,1260236800
2026-05-04 14:00:00+00:00,78780.03125,80532.7109375,78491.0,80229.578125,2607038464
2026-05-04 15:00:00+00:00,80225.8203125,80377.4921875,79355.03125,80038.3125,4437479424
2026-05-04 16:00:00+00:00,80027.21875,80408.609375,79615.171875,80027.5078125,2748063744
2026-05-04 17:00:00+00:00,80049.4609375,80740.4375,80028.0703125,80381.53125,1107513344
2026-05-04 18:00:00+00:00,80409.0078125,80434.7890625,80023.8671875,80108.8984375,1315532800
2026-05-04 19:00:00+00:00,80101.5703125,80137.0078125,79880.5,80049.5703125,414932992
2026-05-04 20:00:00+00:00,80015.0,80162.0,79891.640625,79935.828125,0
2026-05-04 21:00:00+00:00,79950.4765625,80358.9609375,79950.4765625,80260.0703125,0
2026-05-04 22:00:00+00:00,80243.2890625,80393.5625,80039.359375,80059.6875,0
2026-05-04 23:00:00+00:00,80047.2421875,80047.2421875,79738.796875,79841.1171875,1425408
2026-05-05 00:00:00+00:00,79852.359375,80181.9375,79789.5,80163.9921875,0
2026-05-05 01:00:00+00:00,80174.5,80377.71875,80066.2890625,80345.9921875,0
2026-05-05 02:00:00+00:00,80337.1875,80897.0078125,80298.859375,80547.7421875,0
2026-05-05 03:00:00+00:00,80549.96875,81077.6328125,80448.046875,80882.140625,0
2026-05-05 04:00:00+00:00,80891.9921875,80966.0,80717.8671875,80900.3203125,0
2026-05-05 05:00:00+00:00,80885.0,81304.171875,80829.0234375,80965.546875,0
2026-05-05 06:00:00+00:00,80975.9921875,81007.5,80787.6171875,80968.9921875,0
2026-05-05 07:00:00+00:00,80968.9921875,81134.1796875,80831.171875,80863.140625,327839744
2026-05-05 08:00:00+00:00,80848.7265625,80889.453125,80717.9765625,80817.96875,64311296
2026-05-05 09:00:00+00:00,80813.0,80813.0,80520.953125,80585.84375,392527872
2026-05-05 10:00:00+00:00,80573.7734375,80847.0390625,80520.0,80833.703125,0
2026-05-05 11:00:00+00:00,80844.0,81113.7109375,80790.0,81024.9375,0
2026-05-05 12:00:00+00:00,81020.5234375,81328.2109375,80934.890625,81284.0078125,414920704
2026-05-05 13:00:00+00:00,81284.671875,81713.0390625,81205.0,81343.1796875,1885220864
2026-05-05 14:00:00+00:00,81338.8203125,81503.96875,80954.546875,81342.2265625,0
2026-05-05 15:00:00+00:00,81329.53125,81710.09375,81237.328125,81553.6796875,0
2026-05-05 16:00:00+00:00,81606.0078125,81619.34375,81056.2109375,81297.921875,0
2026-05-05 17:00:00+00:00,81278.5078125,81464.578125,81200.640625,81276.7109375,0
2026-05-05 18:00:00+00:00,81286.5703125,81607.0,81286.5703125,81519.1328125,0
2026-05-05 19:00:00+00:00,81519.1328125,81696.0,81413.0703125,81617.7265625,0
2026-05-05 20:00:00+00:00,81610.1796875,81768.1015625,81526.0,81644.03125,441286656
2026-05-05 21:00:00+00:00,81650.0078125,81770.453125,81307.9921875,81410.0390625,538083328
2026-05-05 22:00:00+00:00,81486.0234375,81612.578125,80839.3515625,81116.9375,962576384
2026-05-05 23:00:00+00:00,81113.1015625,81215.9921875,80792.203125,80907.7265625,349544448
2026-05-06 00:00:00+00:00,80884.8125,81244.84375,80725.2890625,81014.921875,470372352
2026-05-06 01:00:00+00:00,81011.0625,81488.8203125,80973.71875,81428.9765625,429518848
2026-05-06 02:00:00+00:00,81437.3125,81437.3125,81036.90625,81355.4921875,0
2026-05-06 03:00:00+00:00,81358.5234375,81743.328125,81349.453125,81576.2578125,0
2026-05-06 04:00:00+00:00,81579.171875,81634.796875,81265.6328125,81331.046875,0
2026-05-06 05:00:00+00:00,81316.1171875,81336.0,81054.28125,81319.140625,0
2026-05-06 06:00:00+00:00,81306.9765625,81517.8984375,81202.796875,81472.953125,198524928
2026-05-06 07:00:00+00:00,81497.90625,81606.0,81306.0,81370.0,0
2026-05-06 08:00:00+00:00,81350.828125,81984.0,81318.1015625,81956.6875,832966656
2026-05-06 09:00:00+00:00,81966.84375,82059.8515625,81685.4296875,81998.40625,1236283392
2026-05-06 10:00:00+00:00,82022.4296875,82382.09375,81965.2578125,82285.2734375,1085046784
2026-05-06 11:00:00+00:00,82261.7109375,82814.21875,82261.7109375,82522.03125,1632116736
2026-05-06 12:00:00+00:00,82512.5390625,82535.96875,82157.2421875,82223.59375,342368256
2026-05-06 13:00:00+00:00,82196.5703125,82209.921875,81607.953125,81666.0703125,0
2026-05-06 14:00:00+00:00,81658.9296875,81962.8515625,81137.640625,81515.4296875,1121538048
2026-05-06 15:00:00+00:00,81534.9921875,81809.3515625,81300.0,81699.078125,174989312
2026-05-06 16:00:00+00:00,81705.2890625,81863.6015625,81419.46875,81622.3828125,0
2026-05-06 17:00:00+00:00,81615.46875,81706.703125,81375.0078125,81447.8984375,229330944
2026-05-06 18:00:00+00:00,81456.3125,81554.5390625,81269.0390625,81347.828125,278974464
2026-05-06 19:00:00+00:00,81353.3671875,81510.0,81190.8671875,81461.6015625,48132096
2026-05-06 20:00:00+00:00,81463.3984375,81705.328125,81302.8203125,81425.8984375,0
2026-05-06 21:00:00+00:00,81434.8203125,81625.21875,81304.53125,81542.0078125,0
2026-05-06 22:00:00+00:00,81534.828125,81534.828125,81234.0078125,81339.671875,0
2026-05-06 23:00:00+00:00,81328.5,81447.8125,81005.9921875,81438.109375,0
2026-05-07 00:00:00+00:00,81416.3984375,81482.9765625,80996.0078125,81014.2265625,0
2026-05-07 01:00:00+00:00,81022.046875,81280.0,80893.5,81174.359375,0
2026-05-07 02:00:00+00:00,81165.6796875,81165.6796875,80890.2421875,81118.6015625,148107264
2026-05-07 03:00:00+00:00,81086.9921875,81108.25,80830.859375,80841.9921875,0
2026-05-07 04:00:00+00:00,80845.3828125,80983.2265625,80756.3515625,80974.0078125,0
2026-05-07 05:00:00+00:00,80973.9765625,81162.5,80958.0234375,81086.9921875,0
2026-05-07 06:00:00+00:00,81075.6328125,81443.1328125,80879.1484375,81443.1328125,0
2026-05-07 07:00:00+00:00,81442.2265625,81708.0625,81392.6328125,81517.796875,318640128
2026-05-07 08:00:00+00:00,81521.453125,81591.8984375,81194.15625,81211.4921875,0
2026-05-07 09:00:00+00:00,81220.0,81220.0,80843.5625,80914.5,0
2026-05-07 10:00:00+00:00,80900.0,80982.7109375,80564.140625,80837.1171875,0
2026-05-07 11:00:00+00:00,80851.7265625,81034.0,80780.34375,80857.34375,0
2026-05-07 12:00:00+00:00,80844.3984375,81192.4609375,80825.1015625,81160.8515625,0
2026-05-07 13:00:00+00:00,81146.5234375,81170.609375,80256.40625,80492.65625,0
2026-05-07 14:00:00+00:00,80502.2265625,80684.953125,80027.9609375,80154.8203125,0
2026-05-07 15:00:00+00:00,80129.6796875,80267.3203125,79733.640625,79868.4296875,1249581056
2026-05-07 16:00:00+00:00,79865.25,80003.7109375,79692.0,79778.453125,1029238784
2026-05-07 17:00:00+00:00,79787.0,80126.90625,79493.0625,80091.1796875,508534784
2026-05-07 18:00:00+00:00,80083.6484375,80282.0,79999.171875,80203.7578125,233508864
2026-05-07 19:00:00+00:00,80185.0078125,80216.96875,79920.0078125,80124.5,146276352
2026-05-07 20:00:00+00:00,80161.9921875,80330.6796875,79848.8828125,79873.28125,0
2026-05-07 21:00:00+00:00,79876.140625,79922.2890625,79643.7734375,79723.28125,261349376
2026-05-07 22:00:00+00:00,79695.9765625,79978.0703125,79573.296875,79907.390625,413900800
2026-05-07 23:00:00+00:00,79882.34375,80059.5,79857.9609375,79996.28125,14422016
2026-05-08 00:00:00+00:00,80027.9921875,80124.5,79739.8828125,79821.4765625,0
2026-05-08 01:00:00+00:00,79843.5703125,79888.1796875,79612.5625,79642.8984375,0
2026-05-08 03:00:00+00:00,79248.484375,79614.203125,79248.484375,79549.8828125,2175139840
2026-05-08 04:00:00+00:00,79552.4765625,79706.40625,79531.2734375,79644.078125,0
2026-05-08 05:00:00+00:00,79633.0078125,79738.46875,79581.25,79624.6171875,0
2026-05-08 06:00:00+00:00,79589.03125,79625.015625,79412.0390625,79469.921875,528748544
2026-05-08 07:00:00+00:00,79480.0859375,79699.7734375,79245.3671875,79637.5390625,429527040
2026-05-08 08:00:00+00:00,79642.703125,79956.3515625,79642.703125,79928.9453125,233136128
2026-05-08 09:00:00+00:00,79876.484375,80005.6484375,79788.9765625,79850.6015625,0
2026-05-08 10:00:00+00:00,79860.265625,80208.6953125,79789.21875,80208.25,0
2026-05-08 11:00:00+00:00,80205.53125,80303.6875,80134.1015625,80224.609375,438759424
2026-05-08 12:00:00+00:00,80220.7265625,80460.75,79961.578125,80020.046875,367104000
2026-05-08 13:00:00+00:00,80024.7734375,80093.09375,79525.53125,79599.1171875,0
2026-05-08 14:00:00+00:00,79633.0390625,80391.0703125,79632.0390625,80134.421875,0
2026-05-08 15:00:00+00:00,80132.1484375,80187.5625,79602.40625,80124.25,0
2026-05-08 16:00:00+00:00,80150.3203125,80165.3203125,79720.796875,79777.0390625,0
2026-05-08 17:00:00+00:00,79761.9921875,80259.7421875,79716.296875,80046.859375,157646848
2026-05-08 18:00:00+00:00,80063.84375,80294.75,80063.84375,80075.6796875,92106752
2026-05-08 19:00:00+00:00,80066.5,80128.2109375,79962.9609375,80101.3125,0
2026-05-08 20:00:00+00:00,80121.3671875,80284.078125,80077.703125,80129.0625,0
2026-05-08 21:00:00+00:00,80147.7421875,80261.359375,80104.703125,80258.171875,116869120
2026-05-08 22:00:00+00:00,80227.703125,80418.7890625,80227.703125,80270.1171875,0
2026-05-08 23:00:00+00:00,80265.3515625,80289.1171875,80100.2578125,80188.8203125,419674112
2026-05-09 00:00:00+00:00,80188.3828125,80238.0,80116.9765625,80230.2265625,0
2026-05-09 01:00:00+00:00,80219.5,80436.2265625,80219.5,80318.2578125,0
2026-05-09 02:00:00+00:00,80321.09375,80472.3515625,80321.09375,80407.296875,0
2026-05-09 03:00:00+00:00,80410.6328125,80518.6328125,80305.0,80380.296875,0
2026-05-09 04:00:00+00:00,80385.0625,80647.1015625,80366.140625,80385.0625,25501696
2026-05-09 05:00:00+00:00,80383.8515625,80480.9921875,80345.9296875,80374.0,0
2026-05-09 06:00:00+00:00,80374.0,80425.578125,80190.1328125,80248.1328125,0
2026-05-09 07:00:00+00:00,80250.953125,80296.609375,80133.59375,80214.859375,0
2026-05-09 08:00:00+00:00,80214.8671875,80434.6171875,80204.46875,80399.9921875,0
2026-05-09 09:00:00+00:00,80400.0,80406.1328125,80200.0078125,80236.7421875,0
2026-05-09 10:00:00+00:00,80236.7421875,80330.890625,80160.0,80259.3203125,0
2026-05-09 11:00:00+00:00,80249.609375,80365.9609375,80241.7265625,80330.5,0
2026-05-09 12:00:00+00:00,80315.96875,80411.21875,80257.65625,80400.0078125,0
2026-05-09 13:00:00+00:00,80393.59375,80422.7890625,80306.796875,80391.53125,0
2026-05-09 14:00:00+00:00,80391.5234375,80416.25,80241.3828125,80325.34375,0
2026-05-09 15:00:00+00:00,80314.21875,80590.4921875,80220.796875,80523.953125,0
2026-05-09 16:00:00+00:00,80556.21875,80761.1875,80478.3828125,80609.296875,0
2026-05-09 17:00:00+00:00,80609.296875,80906.7421875,80609.296875,80795.453125,0
2026-05-09 18:00:00+00:00,80815.4296875,81061.9609375,80773.703125,80898.40625,0
2026-05-09 19:00:00+00:00,80905.2421875,80950.71875,80769.0,80933.4375,0
2026-05-09 20:00:00+00:00,80939.0078125,80939.0078125,80731.203125,80797.421875,0
2026-05-09 21:00:00+00:00,80808.7421875,80882.546875,80732.0,80767.34375,0
2026-05-09 22:00:00+00:00,80767.34375,80812.4765625,80661.0,80757.0,0
2026-05-09 23:00:00+00:00,80743.2578125,80829.859375,80605.9765625,80658.9765625,0
2026-05-10 00:00:00+00:00,80653.4609375,80758.296875,80609.7421875,80658.9609375,22407168
2026-05-10 01:00:00+00:00,80658.9609375,80675.2109375,80552.7265625,80664.0,0
2026-05-10 02:00:00+00:00,80659.9375,80774.703125,80586.7265625,80765.0234375,0
2026-05-10 03:00:00+00:00,80759.453125,80871.671875,80693.8203125,80752.2265625,0
2026-05-10 04:00:00+00:00,80757.4609375,80830.5390625,80716.0703125,80747.1171875,0
2026-05-10 05:00:00+00:00,80739.0078125,80801.40625,80673.6328125,80679.9921875,0
2026-05-10 06:00:00+00:00,80684.1015625,80748.0,80635.7421875,80724.0625,0
2026-05-10 07:00:00+00:00,80731.5390625,80794.0,80713.1484375,80725.8515625,0
2026-05-10 08:00:00+00:00,80722.9609375,80891.8671875,80704.8125,80818.9921875,0
2026-05-10 09:00:00+00:00,80827.5234375,80896.75,80734.2265625,80794.0234375,0
2026-05-10 10:00:00+00:00,80794.03125,80871.3984375,80676.0,80848.0625,70102016
2026-05-10 11:00:00+00:00,80859.9375,80956.7734375,80737.21875,80790.0078125,156567552
2026-05-10 12:00:00+00:00,80795.9921875,80942.0,80765.3828125,80929.828125,0
2026-05-10 13:00:00+00:00,80921.34375,80998.9921875,80853.5,80962.328125,12219392
2026-05-10 14:00:00+00:00,80954.0234375,80993.109375,80800.03125,80988.4921875,84151296
2026-05-10 15:00:00+00:00,80987.7578125,81420.0,80922.140625,81404.640625,697543680
2026-05-10 16:00:00+00:00,81415.421875,81489.25,81175.6796875,81357.2734375,486647808
2026-05-10 17:00:00+00:00,81360.0,81567.9765625,81207.25,81471.421875,361115648
2026-05-10 18:00:00+00:00,81474.78125,81486.53125,81210.8671875,81268.5625,478963712
2026-05-10 19:00:00+00:00,81265.5390625,81475.9921875,81144.0,81425.140625,275552256
2026-05-10 20:00:00+00:00,81435.0,81447.5625,80295.1015625,80724.0,1811384320
2026-05-10 21:00:00+00:00,80712.953125,80936.46875,80571.6875,80702.609375,874268672
2026-05-10 22:00:00+00:00,80665.0,82147.9765625,80665.0,82034.53125,2956120064
2026-05-10 23:00:00+00:00,82068.7890625,82448.0,82067.6171875,82199.9921875,2202535936
2026-05-11 00:00:00+00:00,82218.15625,82335.53125,81276.4765625,81462.640625,1581203456
2026-05-11 01:00:00+00:00,81468.65625,81719.75,81268.7890625,81483.71875,864929792
2026-05-11 02:00:00+00:00,81498.7578125,81546.921875,81100.8828125,81158.6171875,122085376
2026-05-11 03:00:00+00:00,81158.6171875,81164.328125,80508.46875,80721.7578125,1743525888
2026-05-11 04:00:00+00:00,80704.1171875,80854.53125,80619.84375,80798.0,289626112
2026-05-11 05:00:00+00:00,80794.9375,80959.046875,80738.140625,80809.9921875,141926400
2026-05-11 06:00:00+00:00,80800.4375,81025.46875,80743.5,80814.078125,519299072
2026-05-11 07:00:00+00:00,80810.8828125,80820.0,80665.2890625,80721.78125,559378432
2026-05-11 08:00:00+00:00,80707.1328125,80846.4609375,80595.3515625,80754.8515625,385521664
2026-05-11 09:00:00+00:00,80734.0,80987.6328125,80734.0,80944.6484375,247339008
2026-05-11 10:00:00+00:00,80965.0,81187.0078125,80927.28125,80927.28125,425041920
2026-05-11 11:00:00+00:00,80927.2734375,81185.9921875,80896.4921875,81185.9921875,124577792
2026-05-11 12:00:00+00:00,81193.4765625,81337.328125,81007.90625,81027.9765625,421584896
2026-05-11 13:00:00+00:00,81037.3515625,81311.5,80734.5078125,81041.3671875,1015132160
2026-05-11 14:00:00+00:00,81029.0078125,81222.1796875,80453.9375,80908.8671875,949366784
2026-05-11 15:00:00+00:00,80913.1171875,81431.25,80789.7578125,81422.953125,140636160
2026-05-11 16:00:00+00:00,81429.1796875,81899.3671875,81319.9296875,81562.703125,406462464
2026-05-11 17:00:00+00:00,81555.1171875,82024.0,81348.84375,81931.6015625,796422144
2026-05-11 18:00:00+00:00,81913.0234375,82131.171875,81821.3203125,81843.3203125,460042240
2026-05-11 19:00:00+00:00,81852.40625,82084.1875,81722.1328125,81955.4296875,384733184
2026-05-11 20:00:00+00:00,81969.28125,82068.6328125,81748.9921875,81812.203125,0
2026-05-11 21:00:00+00:00,81812.203125,81898.046875,81580.0,81812.4609375,0
2026-05-11 22:00:00+00:00,81831.203125,81955.4296875,81715.5390625,81813.03125,0
2026-05-11 23:00:00+00:00,81791.828125,81806.9609375,81606.46875,81727.0625,2289664
2026-05-12 00:00:00+00:00,81715.28125,81770.6171875,81462.390625,81528.203125,0
2026-05-12 01:00:00+00:00,81528.171875,81603.953125,80697.9921875,81176.7265625,313991168
2026-05-12 02:00:00+00:00,81167.109375,81318.0,81075.1875,81235.0390625,0
2026-05-12 03:00:00+00:00,81235.0390625,81272.7890625,81001.203125,81036.0078125,0
2026-05-12 04:00:00+00:00,81020.1484375,81282.0,80972.046875,81203.9765625,0
2026-05-12 05:00:00+00:00,81205.6015625,81288.828125,81165.03125,81200.0078125,0
2026-05-12 06:00:00+00:00,81194.90625,81282.78125,80981.8203125,80997.0390625,2777088
2026-05-12 07:00:00+00:00,80978.2109375,81106.1328125,80819.1484375,80829.9375,503228416
2026-05-12 08:00:00+00:00,80815.9609375,80937.1328125,80733.0625,80807.7578125,78776320
2026-05-12 09:00:00+00:00,80801.25,80929.3125,80688.0,80799.703125,337725440
2026-05-12 10:00:00+00:00,80799.703125,80805.0,80599.9765625,80643.390625,10246144
2026-05-12 11:00:00+00:00,80664.0,80764.296875,80471.8984375,80764.296875,464963584
2026-05-12 12:00:00+00:00,80755.3203125,80983.078125,80593.4765625,80862.5390625,659335168
2026-05-12 13:00:00+00:00,80862.5390625,80910.6484375,80385.9765625,80432.2734375,141676544
2026-05-12 14:00:00+00:00,80407.8125,80880.0078125,80359.90625,80525.9765625,559448064
2026-05-12 15:00:00+00:00,80518.28125,80642.5703125,80143.65625,80295.5390625,505669632
2026-05-12 16:00:00+00:00,80269.15625,80393.296875,79819.75,79965.0078125,79321088
2026-05-12 17:00:00+00:00,80007.453125,80562.9921875,79928.1875,80493.796875,120113152
2026-05-12 18:00:00+00:00,80487.1015625,80731.1796875,80420.46875,80649.09375,0
2026-05-12 19:00:00+00:00,80650.1171875,80859.046875,80650.1171875,80814.296875,0
2026-05-12 20:00:00+00:00,80823.9921875,80871.359375,80617.5703125,80673.03125,16121856
2026-05-12 21:00:00+00:00,80671.8203125,80718.25,80472.2265625,80569.2265625,124344320
2026-05-12 22:00:00+00:00,80612.5078125,80773.7734375,80595.59375,80639.9921875,0
2026-05-12 23:00:00+00:00,80639.9921875,80697.546875,80420.1015625,80483.75,817152
2026-05-13 00:00:00+00:00,80480.40625,80757.3984375,80389.953125,80698.1171875,0
2026-05-13 01:00:00+00:00,80703.7734375,81180.0,80658.2890625,80985.8671875,0
2026-05-13 02:00:00+00:00,80985.8828125,81260.0,80919.7578125,81040.59375,0
2026-05-13 03:00:00+00:00,81016.3984375,81277.109375,80969.5078125,81240.78125,281935872
2026-05-13 04:00:00+00:00,81247.5390625,81264.4609375,81107.5234375,81217.390625,9961472
2026-05-13 05:00:00+00:00,81212.890625,81226.0078125,80973.3671875,80998.671875,67913728
2026-05-13 06:00:00+00:00,80999.8984375,81137.0,80947.0078125,80958.0625,0
2026-05-13 07:00:00+00:00,80949.3984375,81031.6328125,80861.2109375,80996.0078125,0
2026-05-13 08:00:00+00:00,81003.9375,81172.609375,80908.2265625,81165.09375,214681600
2026-05-13 09:00:00+00:00,81172.53125,81285.5078125,81097.453125,81256.6015625,0
2026-05-13 10:00:00+00:00,81252.5390625,81264.359375,80773.5078125,80773.5078125,90374144
2026-05-13 11:00:00+00:00,80768.6875,80815.3203125,80468.2890625,80471.1484375,0
2026-05-13 12:00:00+00:00,80468.96875,80564.5625,79825.9609375,80172.5234375,906690560
2026-05-13 13:00:00+00:00,80172.5078125,80320.8125,79540.3828125,79617.9765625,902543360
2026-05-13 14:00:00+00:00,79581.421875,79862.4921875,79447.140625,79724.6796875,0
2026-05-13 15:00:00+00:00,79734.0390625,79820.03125,78761.3125,78783.0390625,158214144
2026-05-13 16:00:00+00:00,78761.28125,79181.3671875,78700.0,79066.609375,1587939328
2026-05-13 17:00:00+00:00,79096.84375,79528.7890625,79068.0078125,79479.9921875,0
2026-05-13 18:00:00+00:00,79495.3984375,79782.359375,79482.21875,79576.1328125,648425472
2026-05-13 19:00:00+00:00,79567.9375,79614.5390625,79363.9921875,79606.0,0
2026-05-13 20:00:00+00:00,79611.359375,79731.890625,79576.03125,79676.6484375,0
2026-05-13 21:00:00+00:00,79676.8671875,79676.8984375,79324.2578125,79363.1171875,241364992
2026-05-13 22:00:00+00:00,79405.03125,79441.90625,79195.2578125,79393.6328125,215263232
2026-05-13 23:00:00+00:00,79396.6484375,79465.2578125,79194.15625,79288.25,170797056
2026-05-14 00:00:00+00:00,79299.1484375,79656.453125,79287.0703125,79546.796875,311572480
2026-05-14 01:00:00+00:00,79525.6484375,79661.546875,79383.7421875,79573.4921875,0
2026-05-14 02:00:00+00:00,79577.0,79650.6875,79195.71875,79340.0,358586368
2026-05-14 03:00:00+00:00,79306.5,79429.0078125,78906.5703125,79012.2734375,670730240
2026-05-14 04:00:00+00:00,79017.9921875,79440.0,78945.828125,79428.703125,520454144
2026-05-14 05:00:00+00:00,79407.34375,79962.3828125,79347.46875,79780.7734375,758493184
2026-05-14 06:00:00+00:00,79788.34375,79908.28125,79726.6796875,79772.953125,16437248
2026-05-14 07:00:00+00:00,79768.40625,79903.46875,79671.0,79706.1015625,169299968
2026-05-14 08:00:00+00:00,79709.03125,79906.4765625,79605.1015625,79784.5625,743694336
2026-05-14 09:00:00+00:00,79798.5,79875.0,79529.71875,79591.078125,0
2026-05-14 10:00:00+00:00,79599.78125,79721.828125,79375.0,79534.4765625,0
2026-05-14 11:00:00+00:00,79533.546875,79576.6484375,79189.9765625,79213.1484375,0
2026-05-14 12:00:00+00:00,79198.21875,79757.96875,79194.9765625,79744.0,0
2026-05-14 13:00:00+00:00,79742.609375,80026.0,79655.640625,79679.9921875,0
2026-05-14 14:00:00+00:00,79652.453125,80978.453125,79542.3671875,80949.109375,1745485824
2026-05-14 15:00:00+00:00,80954.078125,81335.578125,80807.109375,81304.03125,1471365120
2026-05-14 16:00:00+00:00,81328.796875,81890.34375,81088.390625,81890.34375,1374597120
2026-05-14 17:00:00+00:00,81877.2265625,82054.3125,81294.5703125,81683.8828125,2805448704
2026-05-14 18:00:00+00:00,81684.171875,81994.9765625,81435.1171875,81590.34375,635367424
2026-05-14 19:00:00+00:00,81600.546875,81728.1484375,81327.1875,81438.0,633659392
2026-05-14 20:00:00+00:00,81459.9765625,81625.0703125,81151.3125,81400.0,453382144
2026-05-14 21:00:00+00:00,81453.78125,81526.0,81259.6796875,81375.9765625,0
2026-05-14 22:00:00+00:00,81376.0078125,81542.0390625,81328.0,81444.0078125,0
2026-05-14 23:00:00+00:00,81405.0,81411.0,81029.1484375,81079.03125,0
2026-05-15 00:00:00+00:00,81080.078125,81646.671875,81047.4921875,81506.09375,0
2026-05-15 01:00:00+00:00,81502.2109375,81608.3125,81094.0,81110.046875,304054272
2026-05-15 02:00:00+00:00,81086.9296875,81338.3828125,80729.0,81281.3984375,489132032
2026-05-15 03:00:00+00:00,81290.53125,81331.0390625,80922.796875,81053.6875,0
2026-05-15 04:00:00+00:00,81045.3125,81081.7890625,80694.03125,80710.328125,0
2026-05-15 05:00:00+00:00,80713.71875,80871.2890625,80308.0,80364.0,344064000
2026-05-15 06:00:00+00:00,80346.359375,80625.96875,80305.9609375,80568.2421875,686202880
2026-05-15 07:00:00+00:00,80575.0,80991.3515625,80547.75,80815.9921875,877731840
2026-05-15 08:00:00+00:00,80819.9921875,80819.9921875,80415.9296875,80640.0,0
2026-05-15 09:00:00+00:00,80642.0078125,80673.1328125,80366.1171875,80488.0078125,100147200
2026-05-15 10:00:00+00:00,80489.4765625,80771.796875,80409.171875,80710.2890625,9396224
2026-05-15 11:00:00+00:00,80718.6875,80753.3125,80580.7734375,80616.046875,0
2026-05-15 12:00:00+00:00,80600.359375,80635.0,80337.4609375,80380.1328125,0
2026-05-15 13:00:00+00:00,80361.359375,80361.359375,78647.203125,78701.9296875,1882701824
2026-05-15 14:00:00+00:00,78729.21875,79287.7890625,78601.1875,79111.921875,1521045504
2026-05-15 15:00:00+00:00,79145.3671875,79337.5703125,78980.9921875,79113.296875,0
2026-05-15 16:00:00+00:00,79141.359375,79346.90625,79089.1875,79268.34375,0
2026-05-15 17:00:00+00:00,79242.6484375,79464.84375,79188.8515625,79424.90625,0
2026-05-15 18:00:00+00:00,79420.5703125,79533.0078125,79120.3125,79237.6015625,0
2026-05-15 19:00:00+00:00,79233.59375,79246.0625,79010.890625,79106.7578125,0
2026-05-15 20:00:00+00:00,79130.703125,79175.8203125,78962.7421875,79083.7421875,0
2026-05-15 21:00:00+00:00,79083.3515625,79161.40625,78870.6875,78932.0,218189824
2026-05-15 22:00:00+00:00,78931.9921875,79108.09375,78931.9921875,79060.171875,80760832
2026-05-15 23:00:00+00:00,79059.0234375,79115.390625,79025.0703125,79058.5078125,0
2026-05-16 00:00:00+00:00,79050.3125,79180.5390625,79019.9921875,79063.25,0
2026-05-16 01:00:00+00:00,79072.5625,79137.453125,78966.453125,79113.3828125,0
2026-05-16 02:00:00+00:00,79125.3125,79160.8515625,79019.2421875,79094.109375,0
2026-05-16 03:00:00+00:00,79094.1015625,79146.0078125,79009.03125,79025.9375,0
2026-05-16 04:00:00+00:00,79018.1796875,79085.3203125,78826.578125,78996.953125,0
2026-05-16 05:00:00+00:00,78996.9375,78999.9921875,78894.6875,78997.703125,0
2026-05-16 06:00:00+00:00,78998.0,79017.0390625,78424.7890625,78598.046875,0
2026-05-16 07:00:00+00:00,78600.6328125,78601.703125,78042.421875,78328.2421875,473317376
2026-05-16 08:00:00+00:00,78324.609375,78469.3671875,78296.2421875,78373.4609375,0
2026-05-16 09:00:00+00:00,78373.4765625,78398.9765625,77893.09375,78042.796875,863152128
2026-05-16 10:00:00+00:00,78042.7890625,78064.140625,77611.359375,77931.4921875,1629560832
2026-05-16 11:00:00+00:00,77943.7578125,78157.6796875,77943.7578125,78047.6796875,434102272
2026-05-16 12:00:00+00:00,78042.9765625,78093.90625,77886.3671875,77973.21875,311140352
2026-05-16 13:00:00+00:00,77973.2109375,77981.8828125,77799.9765625,77981.8828125,0
2026-05-16 14:00:00+00:00,77997.140625,78283.546875,77854.921875,78094.59375,0
2026-05-16 15:00:00+00:00,78091.578125,78249.9921875,78040.0,78201.4296875,0
2026-05-16 16:00:00+00:00,78185.7890625,78328.8671875,78099.7109375,78177.84375,0
2026-05-16 17:00:00+00:00,78177.84375,78293.53125,78168.1171875,78169.609375,0
2026-05-16 18:00:00+00:00,78168.25,78299.0234375,78113.1796875,78196.9375,0
2026-05-16 19:00:00+00:00,78212.8203125,78277.2421875,78169.796875,78234.3984375,0
2026-05-16 20:00:00+00:00,78250.0,78289.5,78166.5703125,78205.1875,0
2026-05-16 21:00:00+00:00,78197.6875,78273.3671875,78177.0078125,78232.34375,0
2026-05-16 22:00:00+00:00,78226.40625,78246.96875,78125.109375,78148.21875,0
2026-05-16 23:00:00+00:00,78152.7421875,78233.609375,78086.7109375,78105.4609375,137216
2026-05-17 00:00:00+00:00,78106.296875,78203.9375,77779.6875,77906.1328125,0
2026-05-17 01:00:00+00:00,77936.203125,78074.3984375,77693.25,77709.7265625,501573632
2026-05-17 02:00:00+00:00,77693.25,77909.4921875,77693.25,77866.78125,46262272
2026-05-17 03:00:00+00:00,77855.2734375,78054.0078125,77855.2734375,77993.2421875,0
2026-05-17 04:00:00+00:00,77993.2421875,78170.8984375,77971.9765625,78124.0,0
2026-05-17 05:00:00+00:00,78118.21875,78278.203125,78074.1015625,78098.4765625,137803776
2026-05-17 06:00:00+00:00,78106.828125,78182.609375,77977.2734375,78077.5703125,0
2026-05-17 07:00:00+00:00,78077.578125,78177.9921875,78028.09375,78152.1328125,0
2026-05-17 08:00:00+00:00,78153.8125,78169.640625,78000.09375,78058.1875,0
2026-05-17 09:00:00+00:00,78063.9921875,78267.0078125,78033.4375,78217.3125,0
2026-05-17 10:00:00+00:00,78217.3203125,78552.0234375,78217.3125,78431.359375,0
2026-05-17 11:00:00+00:00,78435.6171875,78439.6796875,78260.5625,78382.0,0
2026-05-17 12:00:00+00:00,78382.0,78508.2109375,78299.0,78332.3828125,0
2026-05-17 13:00:00+00:00,78332.3828125,78333.953125,78142.90625,78175.09375,0
2026-05-17 14:00:00+00:00,78175.09375,78180.203125,77815.328125,78014.7421875,0
2026-05-17 15:00:00+00:00,78000.1015625,78092.171875,77885.2734375,78012.8984375,0
2026-05-17 16:00:00+00:00,78016.1796875,78159.3203125,77992.0078125,78001.9921875,0
2026-05-17 17:00:00+00:00,78013.8125,78064.78125,77831.6484375,78056.2109375,0
2026-05-17 18:00:00+00:00,78051.34375,78238.171875,77966.0078125,78226.3984375,0
2026-05-17 19:00:00+00:00,78232.0078125,78429.5703125,78166.6328125,78393.9765625,22458368
2026-05-17 20:00:00+00:00,78368.7265625,78402.5,78205.0,78226.3984375,195695616
2026-05-17 21:00:00+00:00,78228.0,78450.0,78196.5234375,78364.1171875,98394112
2026-05-17 22:00:00+00:00,78317.78125,78367.2578125,77796.71875,77953.8984375,707606528
2026-05-17 23:00:00+00:00,77920.0078125,77951.9609375,76727.5078125,77411.390625,2684411904
2026-05-18 00:00:00+00:00,77408.0,77429.8515625,76869.828125,77166.1328125,1634627584
2026-05-18 01:00:00+00:00,77146.1015625,77227.7109375,76714.40625,77068.03125,389249024
2026-05-18 02:00:00+00:00,77064.6875,77170.0078125,76659.4765625,76787.40625,763471872
2026-05-18 03:00:00+00:00,76787.40625,76971.0078125,76759.6484375,76880.640625,411746304
2026-05-18 04:00:00+00:00,76877.9765625,77020.1171875,76731.3828125,76988.109375,358191104
2026-05-18 05:00:00+00:00,76993.9765625,77032.4609375,76837.6171875,76872.8125,398487552
2026-05-18 06:00:00+00:00,76868.5390625,76920.71875,76540.0390625,76865.4765625,716759040
2026-05-18 07:00:00+00:00,76895.0,77030.7890625,76717.8671875,77021.46875,1644081152
2026-05-18 08:00:00+00:00,77035.0625,77120.0390625,76830.8515625,76972.078125,1239162880
2026-05-18 09:00:00+00:00,76972.078125,76994.28125,76819.1171875,76884.8515625,376938496
2026-05-18 10:00:00+00:00,76897.5078125,76900.3203125,76662.71875,76717.2578125,214743040
2026-05-18 11:00:00+00:00,76729.8125,77347.5703125,76608.0703125,77238.5078125,633647104
2026-05-18 12:00:00+00:00,77251.6015625,77764.28125,77227.640625,77610.71875,936886272
2026-05-18 13:00:00+00:00,77602.171875,77611.4609375,76657.9921875,76885.59375,1378283520
2026-05-18 14:00:00+00:00,76872.203125,76910.2265625,76189.9921875,76343.8984375,3258488832
2026-05-18 15:00:00+00:00,76338.046875,76418.0078125,76001.96875,76338.546875,2729029632
2026-05-18 16:00:00+00:00,76319.0625,76589.453125,76149.9921875,76348.71875,2477572096
2026-05-18 17:00:00+00:00,76349.3203125,76699.9921875,76312.2734375,76647.2578125,597778432
2026-05-18 18:00:00+00:00,76627.046875,76639.578125,76079.9921875,76179.2265625,975884288
2026-05-18 19:00:00+00:00,76187.7734375,76926.7734375,76187.7734375,76857.8828125,1164935168
2026-05-18 20:00:00+00:00,76905.0,77120.2109375,76820.9921875,76847.96875,627003392
2026-05-18 21:00:00+00:00,76855.3671875,77127.046875,76743.9296875,77048.5390625,609984512
2026-05-18 22:00:00+00:00,77059.0625,77171.9765625,76893.9765625,77020.3828125,0
2026-05-18 23:00:00+00:00,77005.0,77109.9765625,76881.3125,76942.7109375,0
2026-05-19 00:00:00+00:00,76952.46875,77347.2890625,76899.9765625,77079.5234375,0
2026-05-19 01:00:00+00:00,77074.28125,77099.6875,76603.7734375,76603.7734375,0
2026-05-19 02:00:00+00:00,76600.0,76934.21875,76428.1171875,76550.2578125,0
2026-05-19 03:00:00+00:00,76534.5,76803.421875,76521.359375,76721.9921875,0
2026-05-19 04:00:00+00:00,76715.75,76879.5625,76633.921875,76855.2890625,0
2026-05-19 05:00:00+00:00,76859.5078125,76942.890625,76577.84375,76846.9921875,123428864
2026-05-19 06:00:00+00:00,76844.53125,77043.1796875,76822.1328125,76965.7421875,0
2026-05-19 07:00:00+00:00,76944.2578125,77219.8203125,76908.796875,77178.0,0
2026-05-19 08:00:00+00:00,77169.9375,77242.40625,76902.640625,76982.0703125,0
2026-05-19 09:00:00+00:00,76982.0703125,76997.4765625,76636.5078125,76746.859375,11051008
2026-05-19 10:00:00+00:00,76732.7421875,77024.65625,76635.9921875,76969.46875,41066496
2026-05-19 11:00:00+00:00,76982.078125,77011.421875,76577.8984375,76641.296875,0
2026-05-19 12:00:00+00:00,76634.0,76914.0078125,76573.0703125,76861.5234375,0
2026-05-19 13:00:00+00:00,76874.0,76987.9921875,76509.8671875,76797.9921875,0
2026-05-19 14:00:00+00:00,76806.609375,76937.0625,76075.9765625,76315.96875,0
2026-05-19 15:00:00+00:00,76302.46875,76602.2421875,76256.0,76441.421875,0
2026-05-19 16:00:00+00:00,76452.6171875,76856.03125,76331.328125,76819.9296875,0
2026-05-19 17:00:00+00:00,76842.0234375,76948.9375,76680.2734375,76778.21875,0
2026-05-19 18:00:00+00:00,76766.0390625,76881.9296875,76664.4375,76728.2890625,0
2026-05-19 19:00:00+00:00,76728.2890625,76993.0703125,76687.9921875,76754.046875,0
2026-05-19 20:00:00+00:00,76773.4375,76979.53125,76752.046875,76953.3515625,0
2026-05-19 21:00:00+00:00,76948.890625,76978.9609375,76901.0703125,76910.0078125,0
2026-05-19 22:00:00+00:00,76901.0390625,76901.0390625,76570.3125,76640.46875,0
2026-05-19 23:00:00+00:00,76608.96875,76907.7265625,76594.0078125,76764.046875,0
2026-05-20 00:00:00+00:00,76755.25,76828.0,76442.0234375,76704.1796875,0
2026-05-20 01:00:00+00:00,76706.0390625,76839.9921875,76450.65625,76735.3203125,0
2026-05-20 02:00:00+00:00,76735.3203125,76834.9921875,76517.75,76607.828125,0
2026-05-20 03:00:00+00:00,76611.1328125,76741.3125,76519.9921875,76637.609375,265746432
2026-05-20 04:00:00+00:00,76650.6796875,76746.84375,76596.3125,76695.9921875,93388800
2026-05-20 05:00:00+00:00,76705.9921875,77247.4921875,76705.9921875,77121.0,772870144
2026-05-20 06:00:00+00:00,77140.1796875,77345.75,77117.0,77337.2578125,0
2026-05-20 07:00:00+00:00,77348.9921875,77401.2421875,77157.140625,77195.4765625,0
2026-05-20 08:00:00+00:00,77197.21875,77524.046875,77121.9921875,77372.4609375,0
2026-05-20 09:00:00+00:00,77371.421875,77464.0,77280.171875,77399.0390625,91045888
2026-05-20 10:00:00+00:00,77407.8828125,77583.84375,77404.5703125,77433.6484375,0
2026-05-20 11:00:00+00:00,77433.6484375,77488.828125,77245.9609375,77301.6171875,0
2026-05-20 12:00:00+00:00,77296.140625,77669.9921875,77281.390625,77549.3125,30218240
2026-05-20 13:00:00+00:00,77555.4375,77578.96875,76891.7734375,77131.2578125,217997312
2026-05-20 14:00:00+00:00,77137.328125,77478.71875,76819.8515625,77371.6328125,0
2026-05-20 15:00:00+00:00,77362.34375,77767.828125,77230.7890625,77378.1484375,50601984
2026-05-20 16:00:00+00:00,77389.9921875,77486.5625,76929.953125,77256.1171875,489474048
2026-05-20 17:00:00+00:00,77251.3671875,77642.3828125,77139.8125,77495.4609375,256405504
2026-05-20 18:00:00+00:00,77493.7734375,77563.59375,77310.859375,77330.046875,123340800
2026-05-20 19:00:00+00:00,77322.5625,77641.59375,77271.609375,77600.9765625,34113536
2026-05-20 20:00:00+00:00,77602.0,77688.6875,77399.9921875,77650.03125,700243968
2026-05-20 21:00:00+00:00,77623.0234375,77688.6875,77422.65625,77422.671875,28180480
2026-05-20 22:00:00+00:00,77412.578125,77424.203125,77144.8203125,77424.203125,19169280
2026-05-20 23:00:00+00:00,77390.59375,77481.5234375,77304.7109375,77475.0390625,0
2026-05-21 00:00:00+00:00,77479.203125,77970.359375,77442.171875,77889.9921875,138403840
2026-05-21 01:00:00+00:00,77912.1875,78086.0078125,77720.0234375,77788.0,518545408
2026-05-21 02:00:00+00:00,77761.953125,78026.1484375,77743.9765625,77880.5703125,95408128
2026-05-21 03:00:00+00:00,77875.8828125,78030.03125,77827.796875,78001.6484375,0
2026-05-21 04:00:00+00:00,78001.65625,78101.9375,77883.15625,77960.28125,0
2026-05-21 05:00:00+00:00,77951.8515625,78060.34375,77665.140625,77749.2734375,0
2026-05-21 06:00:00+00:00,77740.0,77798.3203125,77483.4296875,77536.78125,0
2026-05-21 07:00:00+00:00,77521.3984375,77825.6875,77441.203125,77807.6796875,0
2026-05-21 08:00:00+00:00,77817.90625,78104.34375,77810.21875,77848.2734375,490899456
2026-05-21 09:00:00+00:00,77845.9921875,77906.1171875,77549.9609375,77549.9609375,0
2026-05-21 10:00:00+00:00,77535.453125,77599.6328125,77094.5,77104.4765625,576278528
2026-05-21 11:00:00+00:00,77113.6171875,77298.59375,77050.2734375,77111.1015625,261208064
2026-05-21 12:00:00+00:00,77126.609375,77283.8984375,77007.9765625,77197.9921875,350676992
2026-05-21 13:00:00+00:00,77181.578125,77275.0,76641.9921875,77041.7265625,0
2026-05-21 14:00:00+00:00,77046.1171875,77159.1875,76691.953125,76892.0,0
2026-05-21 15:00:00+00:00,76891.3515625,77306.3984375,76800.0,77181.8515625,0
2026-05-21 16:00:00+00:00,77188.40625,77270.6328125,76918.8125,77110.2578125,0
2026-05-21 17:00:00+00:00,77146.0,78016.828125,77093.28125,77799.671875,1685198848
2026-05-21 18:00:00+00:00,77826.0,77840.78125,77186.7890625,77310.046875,244557824
2026-05-21 19:00:00+00:00,77289.171875,77723.9765625,77289.171875,77601.5625,268374016
2026-05-21 20:00:00+00:00,77630.796875,77731.8515625,77578.109375,77633.46875,0
2026-05-21 21:00:00+00:00,77651.4921875,77743.8203125,77567.0390625,77598.578125,0
2026-05-21 22:00:00+00:00,77603.1796875,77677.8984375,77469.46875,77550.171875,0
2026-05-21 23:00:00+00:00,77531.953125,77676.578125,77458.6171875,77542.65625,495616
2026-05-22 00:00:00+00:00,77551.25,77567.2421875,77294.296875,77304.2109375,0
2026-05-22 01:00:00+00:00,77277.34375,77596.609375,77239.90625,77539.296875,0
2026-05-22 02:00:00+00:00,77542.5703125,77659.34375,77515.9921875,77598.3984375,0
2026-05-22 03:00:00+00:00,77598.390625,77738.296875,77598.390625,77705.25,0
2026-05-22 04:00:00+00:00,77711.0078125,77829.1484375,77556.1875,77577.84375,75970560
2026-05-22 05:00:00+00:00,77574.4296875,77649.96875,77389.140625,77408.4296875,0
2026-05-22 06:00:00+00:00,77406.7734375,77444.359375,77281.078125,77340.1875,114491392
2026-05-22 07:00:00+00:00,77334.1171875,77457.4609375,77200.6171875,77320.6328125,453523456
2026-05-22 08:00:00+00:00,77323.671875,77458.90625,77141.0078125,77177.859375,88543232
2026-05-22 09:00:00+00:00,77159.9609375,77270.0,77108.796875,77213.9921875,2658304
2026-05-22 10:00:00+00:00,77205.046875,77278.03125,77165.4765625,77224.671875,0
2026-05-22 11:00:00+00:00,77230.8828125,77342.0625,77088.6015625,77342.0625,0
2026-05-22 12:00:00+00:00,77346.671875,77491.2109375,77303.953125,77446.328125,0
2026-05-22 13:00:00+00:00,77447.03125,77466.7890625,77032.9921875,77196.0390625,0
2026-05-22 14:00:00+00:00,77115.84375,77139.9921875,76663.09375,76674.890625,248442880
2026-05-22 15:00:00+00:00,76621.9921875,76929.7578125,76491.3515625,76698.25,807215104
2026-05-22 16:00:00+00:00,76690.8984375,76912.3203125,76680.0,76863.0,0
2026-05-22 17:00:00+00:00,76869.7109375,76995.4296875,76651.9609375,76654.7421875,0
2026-05-22 18:00:00+00:00,76652.1875,76811.9921875,76013.9765625,76443.7578125,442126336
2026-05-22 19:00:00+00:00,76433.4921875,76494.6875,75569.7890625,75756.03125,1433866240
2026-05-22 20:00:00+00:00,75783.75,75991.8125,75739.9609375,75895.203125,452485120
2026-05-22 21:00:00+00:00,75864.4375,75994.6015625,75846.25,75880.2890625,322607104
2026-05-22 22:00:00+00:00,75880.296875,75894.4921875,75479.953125,75639.9765625,500660224
2026-05-22 23:00:00+00:00,75661.4765625,75781.1484375,75266.7265625,75439.96875,105893888
2026-05-23 00:00:00+00:00,75462.9765625,75540.203125,75127.328125,75263.21875,1829261312
2026-05-23 01:00:00+00:00,75275.6484375,75409.6796875,75258.0078125,75402.1171875,0
2026-05-23 02:00:00+00:00,75411.2578125,75495.171875,75320.0,75482.5625,54196224
2026-05-23 03:00:00+00:00,75472.0703125,75573.921875,75468.90625,75545.7109375,21639168
2026-05-23 04:00:00+00:00,75545.7109375,75565.75,75417.0,75455.1171875,236105728
2026-05-23 05:00:00+00:00,75455.1171875,75468.0,75377.9765625,75397.640625,0
2026-05-23 06:00:00+00:00,75398.6796875,75411.96875,75293.15625,75312.328125,0
2026-05-23 07:00:00+00:00,75316.3125,75348.1171875,74251.296875,74516.7265625,1411538944
2026-05-23 08:00:00+00:00,74521.140625,74656.34375,74262.5390625,74594.4921875,194715648
2026-05-23 09:00:00+00:00,74590.0234375,74668.421875,74543.8203125,74575.96875,761614336
2026-05-23 10:00:00+00:00,74589.4375,74704.0078125,74579.140625,74626.6171875,0
2026-05-23 11:00:00+00:00,74633.4921875,74783.6328125,74624.3203125,74710.3125,0
2026-05-23 12:00:00+00:00,74704.9296875,74718.7734375,74577.53125,74674.8828125,22644736
2026-05-23 13:00:00+00:00,74674.8671875,75167.2109375,74674.8671875,75119.4609375,31873024
2026-05-23 14:00:00+00:00,75137.28125,75594.2421875,75015.859375,75443.71875,0
2026-05-23 15:00:00+00:00,75443.7265625,75594.0,75309.390625,75432.03125,0
2026-05-23 16:00:00+00:00,75474.5703125,75530.1328125,75307.8203125,75347.421875,0
2026-05-23 17:00:00+00:00,75386.3125,75436.5234375,75288.2421875,75399.7265625,0
2026-05-23 18:00:00+00:00,75402.046875,75889.578125,75376.0078125,75757.609375,0
2026-05-23 19:00:00+00:00,75760.171875,75901.0703125,75690.7421875,75887.59375,0
2026-05-23 20:00:00+00:00,75903.1796875,77188.0,75849.859375,77188.0,1197891584
2026-05-23 21:00:00+00:00,77234.7421875,77285.6484375,76436.1875,76707.9921875,1622888448
2026-05-23 22:00:00+00:00,76715.2734375,76783.9921875,76297.0,76479.9921875,0
2026-05-23 23:00:00+00:00,76458.890625,76703.09375,76431.171875,76644.2421875,0
2026-05-24 00:00:00+00:00,76657.9765625,76815.9765625,76532.2265625,76736.9921875,0
2026-05-24 01:00:00+00:00,76741.5078125,76819.9921875,76655.7421875,76790.9921875,0
2026-05-24 02:00:00+00:00,76800.8671875,76856.453125,76600.0078125,76721.359375,28203008
2026-05-24 03:00:00+00:00,76718.8125,76895.0625,76632.15625,76699.46875,64765952
2026-05-24 04:00:00+00:00,76680.0390625,76753.4765625,76634.0,76682.7734375,11177984
2026-05-24 05:00:00+00:00,76678.8984375,76765.9921875,76548.0,76714.4921875,0
2026-05-24 06:00:00+00:00,76712.4375,76960.671875,76621.6171875,76881.3125,24938496
2026-05-24 07:00:00+00:00,76893.6015625,76921.78125,76687.9921875,76708.0,0
2026-05-24 08:00:00+00:00,76710.296875,76762.9296875,76629.96875,76737.390625,0
2026-05-24 09:00:00+00:00,76737.390625,76945.1015625,76712.6171875,76930.3828125,2910425088
2026-05-24 10:00:00+00:00,76931.9921875,77374.9375,76825.0078125,77097.1484375,1474426880
2026-05-24 11:00:00+00:00,77082.4375,77252.0,77082.4375,77218.9375,272797696
2026-05-24 12:00:00+00:00,77219.2890625,77229.5703125,76947.7578125,77013.640625,596721664
2026-05-24 13:00:00+00:00,77025.453125,77025.453125,76593.203125,76721.21875,201916416
2026-05-24 14:00:00+00:00,76698.6171875,76744.0,76129.421875,76361.03125,799197184
2026-05-24 15:00:00+00:00,76354.0,76442.8203125,76260.890625,76278.71875,0
2026-05-24 16:00:00+00:00,76282.6328125,76629.7734375,76279.4296875,76575.6875,22538240
2026-05-24 17:00:00+00:00,76567.5625,76688.7265625,76466.28125,76591.25,0
2026-05-24 18:00:00+00:00,76591.25,76692.5703125,76492.609375,76565.203125,0
2026-05-24 19:00:00+00:00,76577.359375,76686.2265625,76512.0234375,76677.7578125,0
2026-05-24 20:00:00+00:00,76689.1015625,76694.0,76520.0703125,76569.2578125,0
2026-05-24 21:00:00+00:00,76572.6796875,76650.5,76008.7109375,76045.4921875,0
2026-05-24 22:00:00+00:00,76138.5703125,76905.0,76052.0078125,76709.9921875,201957376
2026-05-24 23:00:00+00:00,76710.0,77114.46875,76710.0,76961.8515625,169852928
2026-05-25 00:00:00+00:00,76996.109375,77164.4375,76996.0,77060.296875,16697344
2026-05-25 01:00:00+00:00,77101.8984375,77159.4921875,76827.2578125,76850.9375,313188352
2026-05-25 02:00:00+00:00,76885.6796875,77390.9296875,76881.1484375,77012.2890625,398118912
2026-05-25 03:00:00+00:00,77010.953125,77073.390625,76917.671875,76933.1015625,10473472
2026-05-25 04:00:00+00:00,76933.1015625,77354.9375,76899.390625,77292.421875,182812672
2026-05-25 05:00:00+00:00,77278.703125,77402.09375,77220.8828125,77316.2734375,363411456
2026-05-25 06:00:00+00:00,77316.25,77520.90625,77132.4609375,77330.9765625,251793408
2026-05-25 07:00:00+00:00,77335.59375,77431.4921875,77111.8984375,77310.59375,242003968
2026-05-25 08:00:00+00:00,77315.7890625,77380.1796875,77184.5390625,77366.7890625,0
2026-05-25 09:00:00+00:00,77366.7890625,77615.84375,77327.5234375,77517.0,394647552
2026-05-25 10:00:00+00:00,77532.0703125,77606.6171875,77408.0234375,77460.046875,0
2026-05-25 11:00:00+00:00,77460.046875,77460.046875,77254.46875,77284.1328125,0
2026-05-25 12:00:00+00:00,77292.8125,77360.96875,77209.0,77287.90625,0
2026-05-25 13:00:00+00:00,77285.359375,77375.9921875,77206.0078125,77257.5234375,0
2026-05-25 14:00:00+00:00,77257.53125,77666.3828125,77227.90625,77633.78125,0
2026-05-25 15:00:00+00:00,77631.9296875,77804.9375,77483.0390625,77549.9609375,808312832
2026-05-25 16:00:00+00:00,77569.03125,77739.5234375,77438.703125,77663.7734375,0
2026-05-25 17:00:00+00:00,77663.15625,77740.3671875,77477.3984375,77500.9765625,251166720
2026-05-25 18:00:00+00:00,77481.1875,77592.4765625,77469.671875,77481.109375,0
2026-05-25 19:00:00+00:00,77485.7109375,77485.7109375,77274.203125,77380.6484375,227966976
2026-05-25 20:00:00+00:00,77361.3125,77434.9921875,77147.15625,77199.0390625,0
2026-05-25 21:00:00+00:00,77206.4921875,77320.9765625,77199.046875,77287.7734375,38117376
2026-05-25 22:00:00+00:00,77300.0078125,77367.140625,76969.0703125,77043.96875,0
2026-05-25 23:00:00+00:00,77016.8828125,77294.1875,76995.640625,77249.0703125,4790272
2026-05-26 00:00:00+00:00,77253.203125,77277.359375,76490.546875,76700.71875,324362240
2026-05-26 01:00:00+00:00,76626.0,76788.9296875,76513.5,76670.8125,88303616
2026-05-26 02:00:00+00:00,76717.5078125,76730.96875,76431.9765625,76586.0625,510846976
2026-05-26 03:00:00+00:00,76563.4609375,76629.8984375,76392.0,76571.7265625,40730624
2026-05-26 04:00:00+00:00,76571.7265625,76730.5390625,76520.0234375,76660.84375,397205504
2026-05-26 05:00:00+00:00,76660.84375,76893.1171875,76618.2734375,76837.2265625,1157120
2026-05-26 06:00:00+00:00,76825.078125,76939.46875,76679.046875,76817.5390625,338022400
2026-05-26 07:00:00+00:00,76829.9921875,76833.9921875,76514.3671875,76629.8984375,0
2026-05-26 08:00:00+00:00,76630.0,76766.90625,76594.2421875,76632.3203125,0
2026-05-26 09:00:00+00:00,76637.96875,76721.40625,76556.828125,76586.0703125,54159360
2026-05-26 10:00:00+00:00,76552.5625,77530.4609375,76488.0078125,77352.421875,1108639744
2026-05-26 11:00:00+00:00,77357.2734375,77420.9765625,77082.421875,77097.9765625,545140736
2026-05-26 12:00:00+00:00,77103.8125,77148.53125,76813.9765625,77045.5390625,507512832
2026-05-26 13:00:00+00:00,77053.6015625,77376.6875,76589.0078125,77134.1875,967733248
2026-05-26 14:00:00+00:00,77170.4765625,78001.7109375,76630.0,76806.3203125,2844616704
2026-05-26 15:00:00+00:00,76801.703125,76905.3203125,76158.296875,76396.7421875,1481988096
2026-05-26 16:00:00+00:00,76411.8984375,76601.890625,76122.0,76450.0234375,2513088512
2026-05-26 17:00:00+00:00,76446.5078125,76538.421875,75750.0390625,75816.7421875,2035312640
2026-05-26 18:00:00+00:00,75805.4375,76150.0078125,75658.0,75705.859375,904148992
2026-05-26 19:00:00+00:00,75714.8125,75973.90625,75669.5390625,75916.5,650731520
2026-05-26 20:00:00+00:00,75930.0078125,76066.5625,75872.0234375,75999.171875,324653056
2026-05-26 21:00:00+00:00,75999.1796875,76015.4609375,75743.6875,75787.65625,320712704
2026-05-26 22:00:00+00:00,75789.796875,75894.453125,75555.0078125,75631.078125,28008448
2026-05-26 23:00:00+00:00,75643.7109375,75864.7421875,75643.7109375,75821.25,222785536
2026-05-27 00:00:00+00:00,75828.9375,75980.171875,75770.8828125,75971.4765625,0
2026-05-27 01:00:00+00:00,75962.8828125,75995.4375,75710.0,75763.421875,59346944
2026-05-27 02:00:00+00:00,75767.890625,75787.71875,75571.7578125,75713.2734375,0
2026-05-27 03:00:00+00:00,75746.28125,75849.890625,75510.9921875,75544.0078125,100474880
2026-05-27 04:00:00+00:00,75526.03125,75581.9921875,75180.9765625,75445.7265625,400986112
2026-05-27 05:00:00+00:00,75449.953125,75610.5,75449.9375,75575.9765625,41418752
2026-05-27 06:00:00+00:00,75589.890625,75774.96875,75558.7890625,75713.9765625,0
2026-05-27 07:00:00+00:00,75713.9921875,75855.328125,75631.9765625,75838.4375,301219840
2026-05-27 08:00:00+00:00,75849.15625,75955.3984375,75720.9609375,75758.75,167702528
2026-05-27 09:00:00+00:00,75760.7734375,75853.2578125,75584.890625,75785.9765625,0
2026-05-27 10:00:00+00:00,75785.9921875,75919.9921875,75741.40625,75785.2265625,0
2026-05-27 11:00:00+00:00,75773.890625,75901.65625,75616.96875,75632.9765625,0
2026-05-27 12:00:00+00:00,75635.0234375,76021.84375,75445.0078125,75548.9921875,414105600
2026-05-27 13:00:00+00:00,75548.9765625,75620.5625,74717.953125,74915.7421875,1732333568
2026-05-27 14:00:00+00:00,74954.953125,75100.0,74640.328125,74885.9375,0
2026-05-27 15:00:00+00:00,74852.34375,75354.296875,74834.6875,75184.1875,0
2026-05-27 16:00:00+00:00,75169.078125,75259.78125,74865.78125,75169.90625,0
2026-05-27 17:00:00+00:00,75177.578125,75196.8203125,74571.5078125,74713.03125,0
2026-05-27 18:00:00+00:00,74711.65625,74889.6015625,74532.0,74884.0,0
2026-05-27 19:00:00+00:00,74881.09375,74953.296875,74802.6484375,74907.9609375,101742592
2026-05-27 20:00:00+00:00,74909.9765625,75279.2421875,74909.9765625,75140.0078125,0
2026-05-27 21:00:00+00:00,75123.7265625,75127.15625,74220.0,74350.96875,595105792
2026-05-27 22:00:00+00:00,74326.4296875,74636.0,74155.640625,74307.0390625,570550272
2026-05-27 23:00:00+00:00,74272.75,74443.5390625,74113.9765625,74321.9921875,293353472
2026-05-28 00:00:00+00:00,74304.0,74462.390625,74238.046875,74439.9921875,348262400
2026-05-28 01:00:00+00:00,74458.828125,74458.828125,74043.546875,74207.8515625,0
2026-05-28 02:00:00+00:00,74230.0,74256.0,74000.0078125,74156.9609375,354039808
2026-05-28 03:00:00+00:00,74141.9765625,74248.1484375,72942.8984375,73128.0078125,2580529152
2026-05-28 04:00:00+00:00,73130.0234375,73130.0234375,72637.546875,73035.9765625,2746138624
2026-05-28 05:00:00+00:00,73027.9921875,73040.0,72796.796875,72855.8203125,806957056
2026-05-28 06:00:00+00:00,72850.296875,73074.0078125,72641.4296875,73057.96875,370483200
2026-05-28 07:00:00+00:00,73075.8828125,73368.7578125,73022.40625,73368.7578125,1409904640
2026-05-28 08:00:00+00:00,73356.1171875,73356.1171875,73074.1875,73193.90625,65957888
2026-05-28 09:00:00+00:00,73186.328125,73435.703125,73128.0,73412.25,192315392
2026-05-28 10:00:00+00:00,73402.140625,73493.2421875,73228.140625,73272.0078125,138571776
2026-05-28 11:00:00+00:00,73268.609375,73404.6171875,73203.671875,73375.6171875,44625920
2026-05-28 12:00:00+00:00,73368.359375,73449.9921875,73135.6875,73394.96875,0
2026-05-28 13:00:00+00:00,73390.8515625,73446.0,72626.65625,72880.0390625,0
2026-05-28 14:00:00+00:00,72884.2109375,73426.921875,72450.0,72885.078125,686759936
2026-05-28 15:00:00+00:00,72852.296875,73026.9765625,72550.3125,72791.40625,0
2026-05-28 16:00:00+00:00,72770.0078125,73317.8671875,72586.1171875,73317.8671875,610361344
2026-05-28 17:00:00+00:00,73332.453125,73572.0,73185.3671875,73430.59375,0
2026-05-28 18:00:00+00:00,73416.4609375,73616.609375,73396.0390625,73536.0,0
2026-05-28 19:00:00+00:00,73525.7421875,73525.7421875,73286.140625,73302.0234375,0
2026-05-28 20:00:00+00:00,73314.0,73612.1328125,73133.0390625,73477.328125,621416448
2026-05-28 21:00:00+00:00,73498.546875,73806.7578125,73450.53125,73710.828125,0
2026-05-28 22:00:00+00:00,73705.7734375,73830.1796875,73351.0,73360.203125,0
2026-05-28 23:00:00+00:00,73362.59375,73613.578125,73362.59375,73512.5625,0
2026-05-29 00:00:00+00:00,73516.203125,73756.3203125,73516.203125,73624.5625,0
2026-05-29 01:00:00+00:00,73630.0,73761.109375,73358.8984375,73480.15625,0
2026-05-29 02:00:00+00:00,73481.84375,73537.171875,73074.0,73116.6875,0
2026-05-29 03:00:00+00:00,73119.8671875,73346.3984375,73119.8671875,73187.9921875,0
2026-05-29 04:00:00+00:00,73187.9921875,73400.203125,73088.0078125,73386.7734375,0
2026-05-29 05:00:00+00:00,73386.7734375,73619.9921875,73385.9375,73595.2890625,0
2026-05-29 06:00:00+00:00,73572.8515625,73817.25,73526.28125,73685.9609375,0
2026-05-29 07:00:00+00:00,73675.796875,73716.1171875,73269.546875,73410.9296875,124858368
2026-05-29 08:00:00+00:00,73404.4921875,73725.9609375,73404.4921875,73548.0,294356992
2026-05-29 09:00:00+00:00,73548.0,73796.953125,73536.546875,73640.09375,84676608
2026-05-29 10:00:00+00:00,73635.9765625,73635.9765625,73475.96875,73527.2265625,35991552
2026-05-29 11:00:00+00:00,73521.9921875,73596.3125,73230.7578125,73369.7890625,0
2026-05-29 12:00:00+00:00,73363.9375,73363.9375,73091.7578125,73179.328125,0
2026-05-29 13:00:00+00:00,73176.078125,73216.0078125,72795.953125,73012.4765625,0
2026-05-29 14:00:00+00:00,73047.3828125,73081.9609375,72383.5078125,72964.1484375,0
2026-05-29 15:00:00+00:00,72974.28125,74084.0,72875.0625,73698.4921875,1972914176
2026-05-29 16:00:00+00:00,73727.0234375,73997.7265625,73444.0,73927.6484375,84787200
2026-05-29 17:00:00+00:00,73951.03125,74222.46875,73799.9921875,73851.0078125,1640628224
2026-05-29 18:00:00+00:00,73883.0234375,73961.1328125,73075.6484375,73261.34375,720769024
2026-05-29 19:00:00+00:00,73270.84375,73621.046875,73132.1796875,73433.1328125,311463936
2026-05-29 20:00:00+00:00,73417.9296875,73659.65625,73403.9921875,73568.1015625,0
2026-05-29 21:00:00+00:00,73576.5078125,73740.5234375,73303.7890625,73306.6328125,284057600
2026-05-29 22:00:00+00:00,73307.2109375,73466.0234375,73275.2890625,73376.703125,0
2026-05-29 23:00:00+00:00,73358.46875,73415.6484375,73216.2578125,73366.7734375,86507520
2026-05-30 00:00:00+00:00,73372.6796875,73474.0078125,73303.359375,73394.5390625,0
2026-05-30 01:00:00+00:00,73394.4765625,73568.9609375,73364.9609375,73559.3828125,0
2026-05-30 02:00:00+00:00,73559.3828125,73688.9921875,73511.5078125,73688.9921875,0
2026-05-30 03:00:00+00:00,73661.4921875,73696.5,73416.0703125,73426.5625,284575744
2026-05-30 04:00:00+00:00,73426.5625,73477.4765625,73118.046875,73292.953125,408981504
2026-05-30 05:00:00+00:00,73286.7265625,73535.046875,73240.5,73504.3828125,157478912
2026-05-30 06:00:00+00:00,73508.96875,73611.0078125,73424.3828125,73497.0234375,298754048
2026-05-30 07:00:00+00:00,73490.140625,73500.0,73382.0,73450.9921875,0
2026-05-30 08:00:00+00:00,73450.0234375,73466.0078125,73394.828125,73396.0,0
2026-05-30 09:00:00+00:00,73417.921875,73514.828125,73395.3203125,73512.0078125,0
2026-05-30 10:00:00+00:00,73516.03125,73580.2734375,73488.2578125,73549.5625,0
2026-05-30 11:00:00+00:00,73532.53125,73549.5234375,73454.28125,73495.3984375,0
2026-05-30 12:00:00+00:00,73505.6875,73607.8828125,73483.9765625,73588.1328125,0
2026-05-30 13:00:00+00:00,73588.1328125,73729.703125,73566.4609375,73716.0,0
2026-05-30 14:00:00+00:00,73721.9765625,73981.8125,73706.8203125,73822.0234375,0
2026-05-30 15:00:00+00:00,73835.3515625,73925.6328125,73730.3515625,73799.921875,0
2026-05-30 16:00:00+00:00,73820.0078125,73871.9921875,73768.0234375,73823.8203125,0
2026-05-30 17:00:00+00:00,73821.9921875,73916.953125,73719.9921875,73910.7890625,0
2026-05-30 18:00:00+00:00,73910.7890625,74021.7109375,73845.5,73929.53125,0
2026-05-30 19:00:00+00:00,73929.53125,73961.2265625,73855.7578125,73904.0,0
2026-05-30 20:00:00+00:00,73904.0,73907.96875,73804.9609375,73871.1796875,0
2026-05-30 21:00:00+00:00,73879.2421875,73941.1796875,73810.65625,73869.0703125,0
2026-05-30 22:00:00+00:00,73852.359375,73853.7421875,73687.9765625,73767.4765625,0
2026-05-30 23:00:00+00:00,73772.7265625,73880.5703125,73671.2890625,73768.0234375,0
2026-05-31 00:00:00+00:00,73790.7578125,73927.5703125,73742.359375,73915.0,0
2026-05-31 01:00:00+00:00,73904.9921875,74153.8125,73904.9921875,73940.9921875,272553984
2026-05-31 02:00:00+00:00,73937.59375,74127.34375,73774.59375,73979.9765625,121624576
2026-05-31 03:00:00+00:00,73982.7734375,74110.8125,73951.71875,74032.0625,0
2026-05-31 04:00:00+00:00,74032.0625,74113.4921875,73987.109375,74054.0,0
2026-05-31 05:00:00+00:00,74077.5234375,74098.7421875,73939.9921875,73949.1171875,0
2026-05-31 06:00:00+00:00,73948.890625,73994.296875,73879.640625,73942.296875,0
2026-05-31 07:00:00+00:00,73923.4609375,73932.671875,73720.3125,73752.828125,92747776
2026-05-31 08:00:00+00:00,73752.84375,73872.3671875,73735.0625,73835.140625,116080640
2026-05-31 09:00:00+00:00,73821.890625,73918.7890625,73700.6484375,73733.3828125,86857728
2026-05-31 10:00:00+00:00,73733.3828125,73791.0234375,73629.03125,73791.0234375,124643328
2026-05-31 11:00:00+00:00,73794.5625,73865.5,73789.21875,73833.7890625,77666304
2026-05-31 12:00:00+00:00,73818.7109375,73892.671875,73760.0078125,73806.3984375,0
2026-05-31 13:00:00+00:00,73806.40625,73909.3203125,73702.09375,73762.8203125,0
2026-05-31 14:00:00+00:00,73762.8203125,73762.8203125,73414.2890625,73494.6484375,0
2026-05-31 15:00:00+00:00,73480.7265625,73658.3984375,73480.7109375,73542.7578125,0
2026-05-31 16:00:00+00:00,73542.75,73619.921875,73288.46875,73426.0078125,162412544
2026-05-31 17:00:00+00:00,73420.5,73636.1171875,73359.2421875,73616.0,0
2026-05-31 18:00:00+00:00,73612.5625,73612.5625,73471.296875,73491.9921875,0
2026-05-31 19:00:00+00:00,73488.0,73545.75,73347.9921875,73442.4921875,0
2026-05-31 20:00:00+00:00,73466.609375,73649.6171875,73466.609375,73620.15625,274124800
2026-05-31 21:00:00+00:00,73632.0234375,73789.0703125,73508.140625,73788.0234375,167245824
2026-05-31 22:00:00+00:00,73766.1015625,73893.3515625,73579.96875,73836.0078125,131243008
2026-05-31 23:00:00+00:00,73843.3828125,74064.75,73400.0,73575.171875,191144960
2026-06-01 00:00:00+00:00,73575.1796875,73973.640625,73545.8984375,73781.0703125,462088192
2026-06-01 01:00:00+00:00,73782.1484375,73789.5,73173.8984375,73188.0,140236800
2026-06-01 02:00:00+00:00,73174.5703125,73758.0,73140.2734375,73686.1484375,283076608
2026-06-01 03:00:00+00:00,73711.9921875,73899.8984375,73626.7265625,73661.7421875,514648064
2026-06-01 04:00:00+00:00,73661.7265625,73740.9765625,73249.9296875,73419.4921875,405096448
2026-06-01 05:00:00+00:00,73400.6484375,73433.6875,73221.703125,73249.7421875,407597056
2026-06-01 06:00:00+00:00,73255.7734375,73270.1875,72861.0703125,73037.25,930693120
2026-06-01 07:00:00+00:00,73020.0,73102.0078125,72621.4765625,72701.96875,710514688
2026-06-01 08:00:00+00:00,72707.390625,72819.9921875,72519.65625,72800.7578125,733884416
2026-06-01 09:00:00+00:00,72807.5078125,72993.65625,72748.9375,72791.359375,1513074688
2026-06-01 10:00:00+00:00,72811.75,72820.0,72500.0078125,72652.0078125,611987456
2026-06-01 11:00:00+00:00,72666.203125,72674.9921875,72236.0,72388.7578125,339658752
2026-06-01 12:00:00+00:00,72468.0,72502.15625,71849.8828125,72130.2265625,2922215424
2026-06-01 13:00:00+00:00,72132.9375,72136.59375,71264.6328125,71595.9921875,3114647552
2026-06-01 14:00:00+00:00,71585.640625,71761.921875,71270.6484375,71418.65625,2971559936
2026-06-01 15:00:00+00:00,71434.0625,71548.2421875,70940.0,70989.7265625,2430603264
2026-06-01 16:00:00+00:00,70992.96875,71474.890625,70565.9765625,71445.0625,2996375552
2026-06-01 17:00:00+00:00,71445.0703125,71685.140625,71362.0703125,71549.953125,1871917056
2026-06-01 18:00:00+00:00,71531.7265625,71587.8984375,71278.171875,71397.953125,748851200
2026-06-01 19:00:00+00:00,71401.0703125,71574.859375,71285.7734375,71481.9921875,709562368
2026-06-01 20:00:00+00:00,71478.6796875,71603.4921875,71319.8203125,71355.140625,0
2026-06-01 21:00:00+00:00,71354.609375,71357.078125,70839.7578125,70943.046875,483520512
2026-06-01 22:00:00+00:00,70950.0,71356.578125,70734.9375,71305.8671875,255959040
2026-06-01 23:00:00+00:00,71305.8671875,71485.390625,71128.921875,71307.1875,564854784
2026-06-02 00:00:00+00:00,71314.4375,71314.4375,70993.1171875,71189.15625,22380544
2026-06-02 01:00:00+00:00,71201.7109375,71275.3125,70588.0,70588.0,864739328
2026-06-02 02:00:00+00:00,70535.4375,70776.6171875,70058.6796875,70735.96875,1362526208
2026-06-02 03:00:00+00:00,70738.0,70925.1875,70696.71875,70840.859375,276090880
2026-06-02 04:00:00+00:00,70870.0,70937.9921875,70603.90625,70697.9921875,131837952
2026-06-02 05:00:00+00:00,70700.796875,70727.6328125,70154.0703125,70159.03125,388993024
2026-06-02 06:00:00+00:00,70167.453125,70337.0390625,69850.921875,69999.9609375,926085120
2026-06-02 07:00:00+00:00,70020.421875,70151.3203125,69673.8671875,70006.796875,1417797632
2026-06-02 08:00:00+00:00,70015.7734375,70065.828125,69605.9765625,69710.9296875,0
2026-06-02 09:00:00+00:00,69738.9296875,69741.953125,69216.84375,69319.390625,607092736
2026-06-02 10:00:00+00:00,69318.09375,69629.546875,69241.0,69546.6171875,227733504
2026-06-02 11:00:00+00:00,69535.109375,69549.90625,69305.8828125,69349.9921875,0
2026-06-02 12:00:00+00:00,69337.9921875,69438.25,68924.9375,68924.9375,0
2026-06-02 13:00:00+00:00,68884.15625,69064.6015625,68626.546875,68668.3828125,0
2026-06-02 14:00:00+00:00,68631.078125,68652.6796875,67506.09375,67870.390625,1059471360
2026-06-02 15:00:00+00:00,67880.6875,67921.7109375,66959.1484375,67169.296875,1422303232
2026-06-02 16:00:00+00:00,67160.3203125,67993.890625,67094.578125,67295.2578125,0
2026-06-02 17:00:00+00:00,67304.421875,67700.0625,67252.0703125,67352.0,169271296
2026-06-02 18:00:00+00:00,67356.4609375,67515.3828125,67030.0,67217.15625,389632000
2026-06-02 19:00:00+00:00,67218.2109375,67356.640625,66347.0,67185.4375,1688719360
2026-06-02 20:00:00+00:00,67195.9765625,67568.03125,66802.328125,67482.796875,2248257536
2026-06-02 21:00:00+00:00,67491.6015625,67821.796875,67304.5,67460.0,328798208
2026-06-02 22:00:00+00:00,67409.3203125,67426.0078125,66187.546875,66272.703125,1217282048
2026-06-02 23:00:00+00:00,66302.03125,66770.0,66108.8203125,66656.546875,1598230528
2026-06-03 00:00:00+00:00,66667.0078125,67078.71875,66563.34375,66838.0078125,1078190080
2026-06-03 01:00:00+00:00,66844.203125,66957.1484375,66377.359375,66817.09375,0
2026-06-03 02:00:00+00:00,66818.0,66838.0234375,66487.1875,66519.9921875,0
2026-06-03 03:00:00+00:00,66530.1796875,66568.3984375,65384.94921875,65750.7734375,2177093632
2026-06-03 04:00:00+00:00,65728.0,66518.390625,65728.0,66371.65625,834531328
2026-06-03 05:00:00+00:00,66420.34375,67296.078125,66379.8984375,67226.0,1063661568
2026-06-03 06:00:00+00:00,67223.671875,67407.34375,66865.71875,66882.953125,730275840
2026-06-03 07:00:00+00:00,66873.3125,67243.7578125,66782.0078125,67125.921875,0
2026-06-03 08:00:00+00:00,67113.328125,67161.59375,66874.5625,66927.6484375,374566912
2026-06-03 09:00:00+00:00,66925.9765625,67204.9765625,66547.1015625,66978.5703125,0
2026-06-03 10:00:00+00:00,66971.84375,67358.828125,66961.7265625,67190.2265625,0
2026-06-03 11:00:00+00:00,67198.9375,67273.7578125,66950.0625,66966.0,321241088
2026-06-03 12:00:00+00:00,66969.6328125,67058.6875,66689.5390625,66982.0,0
2026-06-03 13:00:00+00:00,66984.640625,67140.4921875,66521.0,66786.0,0
2026-06-03 14:00:00+00:00,66820.0390625,66870.0390625,66528.0,66749.7578125,0
2026-06-03 15:00:00+00:00,66729.2734375,66769.8203125,65970.1796875,65972.1796875,0
2026-06-03 16:00:00+00:00,65992.4609375,66252.296875,65466.890625,65954.609375,0
2026-06-03 17:00:00+00:00,65987.2734375,66083.0078125,65600.3515625,65862.8515625,0
2026-06-03 18:00:00+00:00,65861.40625,66053.71875,65653.4375,65939.5234375,109547520
2026-06-03 19:00:00+00:00,65932.3671875,65960.46875,65175.171875,65349.078125,0
2026-06-03 20:00:00+00:00,65356.08984375,65508.41015625,64719.33984375,64909.01171875,0
2026-06-03 21:00:00+00:00,64894.921875,65753.2109375,64861.94921875,65660.0,1209069568
2026-06-03 22:00:00+00:00,65610.9921875,65717.1328125,64698.78125,64812.0,0
2026-06-03 23:00:00+00:00,64808.7109375,64869.98046875,63991.3203125,64040.0,0
2026-06-04 00:00:00+00:00,64052.0,64318.578125,62970.0,63247.30078125,2203717632
2026-06-04 01:00:00+00:00,63237.94140625,63401.0,62029.01953125,62083.44921875,4366426112
2026-06-04 02:00:00+00:00,62117.25,63538.6015625,61338.1015625,63137.73828125,5598535680
2026-06-04 03:00:00+00:00,63180.98046875,64448.7890625,63146.5390625,64283.37890625,491712512
2026-06-04 04:00:00+00:00,64276.73046875,64683.91015625,64196.80078125,64333.3203125,389677056
2026-06-04 05:00:00+00:00,64325.58984375,64325.58984375,63576.7890625,63895.08984375,0
2026-06-04 06:00:00+00:00,63865.0,64410.140625,63826.078125,63961.01953125,0
2026-06-04 07:00:00+00:00,63987.62890625,64003.25,63440.3515625,63540.75,0
2026-06-04 08:00:00+00:00,63564.08984375,63825.51953125,63186.0703125,63540.94921875,304857088
2026-06-04 09:00:00+00:00,63539.94921875,63542.0,62634.26171875,63187.109375,819404800
2026-06-04 10:00:00+00:00,63153.6796875,63153.6796875,62228.328125,62362.9609375,338616320
2026-06-04 11:00:00+00:00,62365.91015625,62750.0,62132.4296875,62472.6796875,4311072768
2026-06-04 12:00:00+00:00,62485.19921875,63895.9609375,62315.23828125,63689.48046875,2037407744
2026-06-04 13:00:00+00:00,63673.98828125,64186.01171875,63009.0,64149.19140625,1216172032
2026-06-04 14:00:00+00:00,64199.0,64441.26953125,63726.390625,63893.96875,359051264
2026-06-04 15:00:00+00:00,63860.05078125,64334.21875,63621.98046875,63813.1484375,0
2026-06-04 16:00:00+00:00,63805.48828125,63845.98828125,63362.33984375,63480.890625,0
2026-06-04 17:00:00+00:00,63466.0,63630.921875,62884.21875,63450.390625,274919424
2026-06-04 18:00:00+00:00,63464.53125,64015.0,63058.30859375,63726.0,860127232
2026-06-04 19:00:00+00:00,63715.3515625,64062.44140625,63447.37890625,63535.71875,330264576
2026-06-04 20:00:00+00:00,63547.890625,63594.5390625,63113.890625,63578.0390625,0
2026-06-04 21:00:00+00:00,63556.78125,63797.3203125,63094.8984375,63211.71875,0
2026-06-04 22:00:00+00:00,63186.421875,63701.73828125,63134.16015625,63660.8515625,0
2026-06-04 23:00:00+00:00,63654.03125,63845.44921875,63309.12109375,63811.91015625,0
2026-06-05 00:00:00+00:00,63775.8984375,63898.0390625,63316.8984375,63354.359375,0
2026-06-05 01:00:00+00:00,63322.5,63489.73046875,62985.98046875,63296.83984375,0
2026-06-05 02:00:00+00:00,63300.9296875,63364.2890625,62520.01171875,62538.859375,0
2026-06-05 03:00:00+00:00,62544.2890625,62808.98046875,62266.171875,62658.30859375,0
2026-06-05 04:00:00+00:00,62662.96875,63574.19140625,62458.0,63542.4609375,0
2026-06-05 05:00:00+00:00,63586.01171875,63603.5703125,62216.01171875,62257.0,0
2026-06-05 06:00:00+00:00,62240.640625,62557.96875,61093.55078125,61881.9296875,4870475776
2026-06-05 07:00:00+00:00,61870.01171875,63044.51953125,61327.73046875,63044.51953125,101888000
2026-06-05 08:00:00+00:00,63034.30859375,63035.078125,62230.26953125,62390.01953125,0
2026-06-05 09:00:00+00:00,62409.30859375,63142.28125,62392.96875,62804.6796875,0
2026-06-05 10:00:00+00:00,62814.21875,62877.66015625,62319.01171875,62485.0390625,0
2026-06-05 11:00:00+00:00,62480.6796875,62540.98828125,61914.51171875,61916.30859375,0
2026-06-05 12:00:00+00:00,61897.6015625,62365.28125,61567.66015625,61910.8984375,0
2026-06-05 13:00:00+00:00,61927.21875,62244.4609375,60683.08984375,60693.46875,217096192
2026-06-05 14:00:00+00:00,60665.3984375,61153.12890625,60309.41015625,60814.0,3805794304
2026-06-05 15:00:00+00:00,60779.109375,61042.96875,60015.96875,60417.80078125,2612482048
2026-06-05 16:00:00+00:00,60359.12109375,61505.3515625,59772.98046875,61340.28125,4861689856
2026-06-05 17:00:00+00:00,61351.30078125,61453.98046875,60601.109375,60756.359375,529285120
2026-06-05 18:00:00+00:00,60749.890625,60884.73828125,59095.640625,59328.01171875,1268371456
2026-06-05 19:00:00+00:00,59346.55859375,60420.0,59106.921875,60267.12890625,2885697536
2026-06-05 20:00:00+00:00,60256.921875,61719.140625,59924.26953125,61630.76171875,2068508672
2026-06-05 21:00:00+00:00,61625.69140625,61954.6796875,61433.05859375,61656.0,1124614144
2026-06-05 22:00:00+00:00,61600.0,61944.58984375,61236.4296875,61565.0,796098560
2026-06-05 23:00:00+00:00,61611.359375,61742.8203125,60497.3984375,61028.0,1216823296
2026-06-06 00:00:00+00:00,61048.19921875,61496.26171875,61048.19921875,61243.21875,145981440
2026-06-06 01:00:00+00:00,61260.69140625,61354.03125,60929.4609375,61025.8203125,0
2026-06-06 02:00:00+00:00,61026.46875,61154.98828125,60646.03125,60922.4609375,0
2026-06-06 03:00:00+00:00,60909.98828125,60943.6015625,60503.53125,60657.01953125,0
2026-06-06 04:00:00+00:00,60647.640625,60842.23046875,59463.98828125,60072.05078125,1052221440
2026-06-06 05:00:00+00:00,60082.8984375,61013.73828125,59596.6796875,60910.3984375,889528320
2026-06-06 06:00:00+00:00,60922.171875,61211.80078125,60661.41015625,60755.69140625,0
2026-06-06 07:00:00+00:00,60756.01953125,61195.98046875,60699.94921875,60970.76953125,0
2026-06-06 08:00:00+00:00,60974.890625,61449.3984375,60846.9609375,61236.0,0
2026-06-06 09:00:00+00:00,61209.37109375,61287.41015625,60862.05078125,60940.5703125,153051136
2026-06-06 10:00:00+00:00,60937.98828125,60944.609375,60194.0,60572.140625,579563520
2026-06-06 11:00:00+00:00,60533.94140625,60924.01171875,60517.7890625,60772.390625,0
2026-06-06 12:00:00+00:00,60774.9296875,61126.0,60620.4609375,60988.05078125,0
2026-06-06 13:00:00+00:00,60976.6796875,61070.4296875,60677.0,60759.37890625,0
2026-06-06 14:00:00+00:00,60776.671875,60982.01953125,60746.01171875,60763.94140625,0
2026-06-06 15:00:00+00:00,60777.5,60883.890625,60383.98828125,60748.12890625,0
2026-06-06 16:00:00+00:00,60716.94921875,60932.0,60464.0,60746.76171875,0
2026-06-06 17:00:00+00:00,60761.5,60816.76171875,60478.51953125,60548.12890625,0
2026-06-06 18:00:00+00:00,60557.08984375,60704.5390625,60368.96875,60604.01171875,0
2026-06-06 19:00:00+00:00,60583.6796875,60747.30078125,60500.05859375,60570.08984375,0
2026-06-06 20:00:00+00:00,60569.109375,60723.98828125,60489.98046875,60681.30859375,0
2026-06-06 21:00:00+00:00,60681.76953125,60971.828125,60675.05078125,60725.1484375,0
2026-06-06 22:00:00+00:00,60711.01953125,60784.58984375,60400.01953125,60531.0703125,0
2026-06-06 23:00:00+00:00,60518.26953125,60919.5,60510.3203125,60852.0,0
2026-06-07 00:00:00+00:00,60850.0,60949.1015625,60712.890625,60760.08984375,43669504
2026-06-07 01:00:00+00:00,60749.859375,61630.921875,60725.12890625,61441.9296875,547317760
2026-06-07 02:00:00+00:00,61432.140625,61536.890625,61157.98828125,61473.1796875,0
2026-06-07 03:00:00+00:00,61466.8203125,61747.73046875,61377.6796875,61673.76171875,0
2026-06-07 04:00:00+00:00,61661.0,61876.98046875,61454.4296875,61855.48046875,0
2026-06-07 05:00:00+00:00,61851.6015625,62088.62109375,61614.140625,61722.2890625,0
2026-06-07 06:00:00+00:00,61719.078125,62224.98828125,61593.4296875,62076.26953125,0
2026-06-07 07:00:00+00:00,62049.12890625,62384.0,61968.140625,62373.0703125,1210693632
2026-06-07 08:00:00+00:00,62374.5,62900.87109375,62230.0,62826.8515625,1392629760
2026-06-07 09:00:00+00:00,62821.94921875,62872.30859375,62385.28125,62504.25,726384640
2026-06-07 10:00:00+00:00,62508.671875,62542.921875,62277.609375,62345.37109375,0
2026-06-07 11:00:00+00:00,62345.76953125,62732.140625,62334.0,62599.98828125,163233792
2026-06-07 12:00:00+00:00,62600.0390625,62622.94921875,61573.98828125,61873.640625,1366056960
2026-06-07 13:00:00+00:00,61860.16015625,61873.828125,61634.0,61676.6484375,460072960
2026-06-07 14:00:00+00:00,61673.53125,62252.5703125,61671.109375,61880.0703125,464877568
2026-06-07 15:00:00+00:00,61862.83984375,62185.26953125,61647.1796875,62058.5,0
2026-06-07 16:00:00+00:00,62074.171875,62299.1484375,61933.390625,62054.05859375,0
2026-06-07 17:00:00+00:00,62031.640625,62296.44921875,62020.9609375,62130.48046875,216543232
2026-06-07 18:00:00+00:00,62128.01953125,62265.078125,61985.609375,61998.26171875,0
2026-06-07 19:00:00+00:00,62006.2890625,62006.2890625,61149.359375,61297.9609375,935659520
2026-06-07 20:00:00+00:00,61292.96875,61937.37890625,61192.37890625,61839.98828125,660695040
2026-06-07 21:00:00+00:00,61853.98046875,61968.16015625,61621.16015625,61748.62890625,0
2026-06-07 22:00:00+00:00,61824.6015625,64102.69140625,61696.03125,62831.609375,4000036864
2026-06-07 23:00:00+00:00,62822.0,63413.28125,62775.96875,63308.26171875,902414336
2026-06-08 00:00:00+00:00,63300.01953125,63817.55859375,63119.16015625,63607.859375,760750080
2026-06-08 01:00:00+00:00,63620.9296875,63620.9296875,62687.30078125,63182.44921875,290021376
2026-06-08 02:00:00+00:00,63183.9609375,63232.25,62885.98828125,63095.0,264982528
2026-06-08 03:00:00+00:00,63093.0,63408.03125,62941.0703125,63088.0390625,0
2026-06-08 04:00:00+00:00,63096.0,63132.12109375,62617.62890625,62697.03125,754114560
2026-06-08 05:00:00+00:00,62655.9609375,62793.96875,62373.921875,62728.3203125,0
2026-06-08 06:00:00+00:00,62703.359375,63107.05078125,62690.98828125,62947.890625,0
2026-06-08 07:00:00+00:00,62944.30078125,63296.1484375,62784.671875,63237.23046875,321101824
2026-06-08 08:00:00+00:00,63229.51953125,63229.51953125,62941.171875,63078.9609375,0
2026-06-08 09:00:00+00:00,63086.0,63501.73828125,63075.6796875,63448.328125,0
2026-06-08 10:00:00+00:00,63435.12109375,63500.140625,63049.48828125,63108.69140625,0
2026-06-08 11:00:00+00:00,63088.25,63827.3515625,62995.33984375,63419.5390625,1171879936
2026-06-08 12:00:00+00:00,63431.80859375,63873.62109375,62687.33984375,63765.73828125,0
2026-06-08 13:00:00+00:00,63811.98828125,63894.0703125,63307.4296875,63714.75,845291520
2026-06-08 14:00:00+00:00,63727.96875,64059.05859375,63533.03125,63930.7109375,1064529920
2026-06-08 15:00:00+00:00,63946.25,64184.28125,63694.0,63742.94140625,1679265792
2026-06-08 16:00:00+00:00,63744.16015625,64004.609375,63433.98828125,63493.96875,603996160
2026-06-08 17:00:00+00:00,63501.328125,63623.83984375,63256.23828125,63520.5,407105536
2026-06-08 18:00:00+00:00,63528.7109375,63664.0703125,63308.87890625,63442.01171875,5234688
2026-06-08 19:00:00+00:00,63431.4609375,63565.05078125,63335.94921875,63352.51953125,0
2026-06-08 20:00:00+00:00,63373.80078125,63466.71875,63143.08984375,63466.71875,231735296
2026-06-08 21:00:00+00:00,63475.96875,63832.12109375,63458.73828125,63707.62109375,0
2026-06-08 22:00:00+00:00,63676.30859375,63678.1015625,63191.98046875,63420.69921875,0
2026-06-08 23:00:00+00:00,63419.08984375,63575.3203125,62970.48046875,63062.96875,0
2026-06-09 00:00:00+00:00,63050.7109375,63144.73046875,62391.890625,62539.8984375,414707712
2026-06-09 01:00:00+00:00,62529.98828125,62855.87109375,62524.2890625,62737.4609375,0
2026-06-09 02:00:00+00:00,62740.0,62847.3515625,62512.94921875,62847.3515625,0
2026-06-09 03:00:00+00:00,62846.5703125,62948.08984375,62676.03125,62842.078125,935122944
2026-06-09 04:00:00+00:00,62839.98046875,63386.5703125,62716.0,63212.05078125,648720384
2026-06-09 05:00:00+00:00,63208.859375,63490.48828125,63077.21875,63306.1796875,122083328
2026-06-09 06:00:00+00:00,63316.96875,63472.7890625,63193.078125,63263.98046875,204931072
2026-06-09 07:00:00+00:00,63279.96875,63402.828125,62979.98828125,63155.98828125,0
2026-06-09 08:00:00+00:00,63158.55859375,63176.98046875,62738.23046875,62808.1796875,673275904
2026-06-09 09:00:00+00:00,62820.87890625,62910.0390625,62569.671875,62681.91015625,0
2026-06-09 10:00:00+00:00,62684.30859375,62789.0390625,62566.44921875,62748.73828125,0
2026-06-09 11:00:00+00:00,62748.21875,62756.91015625,62457.12890625,62673.3203125,0
2026-06-09 12:00:00+00:00,62657.55859375,62860.109375,62403.94140625,62589.48046875,0
2026-06-09 13:00:00+00:00,62634.1484375,62696.9296875,62117.30078125,62238.69140625,0
2026-06-09 14:00:00+00:00,62229.0,62354.12890625,61112.01171875,61490.421875,1294891008
2026-06-09 15:00:00+00:00,61503.9609375,61650.8515625,60979.80078125,61076.51953125,0
2026-06-09 16:00:00+00:00,61063.0,61408.0,60743.05078125,61336.078125,2889369600
2026-06-09 17:00:00+00:00,61342.37109375,61824.0,61342.37109375,61637.71875,2001612800
2026-06-09 18:00:00+00:00,61658.3515625,61897.08984375,61539.94140625,61731.5,612831232
2026-06-09 19:00:00+00:00,61724.0390625,62051.8203125,61658.19140625,62044.828125,1663180800
2026-06-09 20:00:00+00:00,62060.37109375,62221.421875,61907.58984375,62109.640625,0
2026-06-09 21:00:00+00:00,62113.46875,62133.4609375,61641.98046875,61708.921875,595587072
2026-06-09 22:00:00+00:00,61720.08984375,61923.58984375,61614.91015625,61678.03125,547098624
2026-06-09 23:00:00+00:00,61682.05078125,61839.01171875,61507.16015625,61685.80078125,32190464
2026-06-10 00:00:00+00:00,61699.21875,61890.05078125,61413.171875,61877.94140625,0
2026-06-10 01:00:00+00:00,61865.76953125,61931.9609375,61550.5,61677.98046875,0
2026-06-10 02:00:00+00:00,61679.26953125,61798.609375,61192.390625,61258.6796875,106987520
2026-06-10 03:00:00+00:00,61256.0,61542.6484375,61235.41015625,61503.9609375,0
2026-06-10 04:00:00+00:00,61503.9609375,61520.96875,61142.16015625,61248.1796875,0
2026-06-10 05:00:00+00:00,61257.7890625,61350.0,61030.08984375,61301.98828125,0
2026-06-10 06:00:00+00:00,61310.51171875,61470.9296875,61094.671875,61418.1796875,0
2026-06-10 07:00:00+00:00,61423.23828125,61738.94921875,61379.94921875,61621.44921875,168083456
2026-06-10 08:00:00+00:00,61641.08984375,61684.87890625,61114.03125,61196.078125,0
2026-06-10 09:00:00+00:00,61214.55859375,61371.33984375,60727.19921875,61289.109375,0
2026-06-10 10:00:00+00:00,61264.421875,61400.71875,61103.3515625,61327.6015625,0
2026-06-10 11:00:00+00:00,61338.76171875,61384.19140625,60828.94921875,60977.46875,1204592640
2026-06-10 12:00:00+00:00,60984.91015625,61839.83984375,60904.87109375,61512.98828125,812740608
2026-06-10 13:00:00+00:00,61507.3203125,62397.83984375,61380.8984375,62090.41015625,0
2026-06-10 14:00:00+00:00,62083.55859375,62200.0,61750.421875,62132.9296875,0
2026-06-10 15:00:00+00:00,62154.55078125,62794.390625,61802.44921875,62581.51171875,0
2026-06-10 16:00:00+00:00,62588.328125,62589.98828125,61869.69921875,62165.9296875,0
2026-06-10 17:00:00+00:00,62162.48828125,62308.0,61596.921875,61914.58984375,0
2026-06-10 18:00:00+00:00,61928.75,62099.6015625,61557.3203125,61806.6484375,0
2026-06-10 19:00:00+00:00,61805.80078125,61990.0,61611.078125,61880.05859375,0
2026-06-10 20:00:00+00:00,61889.26953125,61889.26953125,61632.05078125,61738.0,0
2026-06-10 21:00:00+00:00,61737.37890625,61737.37890625,61138.19921875,61294.46875,0
2026-06-10 22:00:00+00:00,61297.828125,61508.94140625,61043.98046875,61322.87890625,560123904
2026-06-10 23:00:00+00:00,61322.87890625,61549.98828125,61102.0,61452.0,0
2026-06-11 00:00:00+00:00,61460.08984375,61914.12890625,61459.12109375,61759.98046875,0
2026-06-11 01:00:00+00:00,61769.21875,62294.03125,61766.71875,62143.921875,577949696
2026-06-11 02:00:00+00:00,62153.98828125,62238.12109375,61870.0,62066.98828125,0
2026-06-11 03:00:00+00:00,62065.94921875,62712.5703125,61935.30859375,62607.73046875,605767680
2026-06-11 04:00:00+00:00,62611.23828125,62778.94921875,62472.9609375,62649.94921875,614201344
2026-06-11 05:00:00+00:00,62639.6796875,62648.640625,62479.69140625,62536.1015625,218038272
2026-06-11 06:00:00+00:00,62543.33984375,62916.3203125,62474.19921875,62686.01171875,297359360
2026-06-11 07:00:00+00:00,62686.01953125,62767.0,62534.7109375,62642.98828125,111360000
2026-06-11 08:00:00+00:00,62639.890625,62960.140625,62639.890625,62888.0,0
2026-06-11 09:00:00+00:00,62878.8203125,62907.28125,62715.2890625,62850.0,186195968
2026-06-11 10:00:00+00:00,62853.2109375,63115.98046875,62725.21875,63067.1484375,125546496
2026-06-11 11:00:00+00:00,63052.23828125,63196.859375,62983.9609375,63043.01171875,0
2026-06-11 12:00:00+00:00,63047.87890625,63126.55078125,62439.1484375,62939.21875,514832384
2026-06-11 13:00:00+00:00,62923.80859375,63186.0,62598.3984375,63006.0,0
2026-06-11 14:00:00+00:00,63022.05078125,63022.98828125,62661.66015625,62661.83984375,56219648
2026-06-11 15:00:00+00:00,62659.421875,62804.4296875,62473.921875,62680.48828125,0
2026-06-11 16:00:00+00:00,62693.25,62765.44921875,62486.0,62494.26171875,0
2026-06-11 17:00:00+00:00,62491.96875,63555.55078125,62261.91015625,63555.55078125,1215234048
2026-06-11 18:00:00+00:00,63556.01171875,63709.69921875,63252.640625,63384.12109375,148817920
2026-06-11 19:00:00+00:00,63384.921875,63833.078125,63320.1484375,63560.98828125,1068541952
2026-06-11 20:00:00+00:00,63584.23828125,63597.91015625,63205.0,63332.0,116142080
2026-06-11 21:00:00+00:00,63329.01171875,63536.87890625,63329.01171875,63464.01953125,0
2026-06-11 22:00:00+00:00,63446.66015625,63611.96875,63396.76953125,63434.30859375,0
2026-06-11 23:00:00+00:00,63418.640625,63623.71875,63285.8515625,63557.640625,0
2026-06-12 00:00:00+00:00,63563.44921875,63712.0,63457.76171875,63582.328125,412954624
2026-06-12 01:00:00+00:00,63575.76171875,63575.76171875,63229.41015625,63350.4609375,52707328
2026-06-12 02:00:00+00:00,63350.4609375,63698.859375,63350.4609375,63527.01171875,0
2026-06-12 03:00:00+00:00,63542.1796875,63563.94921875,63259.62890625,63430.48828125,0
2026-06-12 04:00:00+00:00,63434.01171875,63775.98828125,63332.3203125,63613.9296875,224278528
2026-06-12 05:00:00+00:00,63624.48046875,63624.48046875,63216.23046875,63269.3984375,347611136
2026-06-12 06:00:00+00:00,63261.55859375,63328.98828125,62759.98828125,62898.7109375,0
2026-06-12 07:00:00+00:00,62917.30859375,63112.30078125,62880.390625,63014.7890625,469901312
2026-06-12 08:00:00+00:00,63026.87890625,63540.140625,63014.78125,63391.6796875,393504768
2026-06-12 09:00:00+00:00,63388.19921875,63870.48046875,63354.01171875,63678.78125,0
2026-06-12 10:00:00+00:00,63678.78125,63758.53125,63509.62109375,63617.6796875,1185093632
2026-06-12 11:00:00+00:00,63621.28125,63809.94921875,63607.08984375,63685.16015625,0
2026-06-12 12:00:00+00:00,63669.2109375,63697.91015625,63316.37890625,63388.30078125,0
2026-06-12 13:00:00+00:00,63378.91015625,63455.859375,62985.98828125,63141.6484375,0
2026-06-12 14:00:00+00:00,63115.140625,63950.71875,63115.140625,63950.71875,1424857088
2026-06-12 15:00:00+00:00,63937.94921875,64340.48828125,63517.53125,63541.03125,1427679232
2026-06-12 16:00:00+00:00,63549.98828125,63958.05078125,63469.98828125,63946.0,345839616
2026-06-12 17:00:00+00:00,63942.80859375,64062.53125,63694.71875,63821.05859375,0
2026-06-12 18:00:00+00:00,63838.26953125,63886.12109375,63631.98828125,63648.0,0
2026-06-12 19:00:00+00:00,63651.94140625,63772.08984375,63553.0,63562.76171875,0
2026-06-12 20:00:00+00:00,63569.26953125,63667.5390625,63361.390625,63407.75,0
2026-06-12 21:00:00+00:00,63419.671875,63592.640625,63401.25,63435.96875,0
2026-06-12 22:00:00+00:00,63450.0,63627.26171875,63430.0,63473.98046875,407609344
2026-06-12 23:00:00+00:00,63472.33984375,63546.05859375,63386.8984375,63538.4296875,0
2026-06-13 00:00:00+00:00,63532.80078125,63602.01171875,63467.76171875,63552.390625,0
2026-06-13 01:00:00+00:00,63563.94140625,63803.1796875,63563.94140625,63796.96875,0
2026-06-13 02:00:00+00:00,63796.01171875,63796.01171875,63525.66015625,63605.26171875,0
2026-06-13 03:00:00+00:00,63605.25,63685.16015625,63414.421875,63494.140625,30332928
2026-06-13 04:00:00+00:00,63490.578125,63613.53125,63445.62890625,63472.4296875,0
2026-06-13 05:00:00+00:00,63478.0,63560.46875,63458.6796875,63551.171875,45629440
2026-06-13 06:00:00+00:00,63546.19140625,63706.0,63510.640625,63701.3984375,0
2026-06-13 07:00:00+00:00,63705.55859375,63840.0,63634.19140625,63806.37109375,0
2026-06-13 08:00:00+00:00,63806.37890625,63874.171875,63724.62890625,63764.921875,0
2026-06-13 09:00:00+00:00,63770.01171875,63825.51171875,63704.30078125,63704.3203125,0
2026-06-13 10:00:00+00:00,63714.12109375,63866.98828125,63690.55078125,63798.671875,0
2026-06-13 11:00:00+00:00,63807.55078125,63936.01953125,63801.98828125,63923.41015625,0
2026-06-13 12:00:00+00:00,63923.41015625,64170.03125,63877.6015625,64091.98046875,489590784
2026-06-13 13:00:00+00:00,64104.578125,64206.01953125,64019.671875,64064.78125,0
2026-06-13 14:00:00+00:00,64062.0,64198.75,64045.2890625,64178.890625,0
2026-06-13 15:00:00+00:00,64185.98046875,64310.0,64146.01171875,64256.9296875,0
2026-06-13 16:00:00+00:00,64258.01171875,64267.80859375,63879.75,63985.03125,0
2026-06-13 17:00:00+00:00,63984.58984375,64084.9609375,63905.26953125,63932.62890625,0
2026-06-13 18:00:00+00:00,63935.4296875,64256.98046875,63935.4296875,64124.25,0
2026-06-13 19:00:00+00:00,64124.0,64299.98828125,64112.62890625,64260.01171875,0
2026-06-13 20:00:00+00:00,64265.140625,64266.078125,64194.3984375,64251.98046875,0
2026-06-13 21:00:00+00:00,64255.0,64722.16015625,64189.19921875,64438.01171875,410316800
2026-06-13 22:00:00+00:00,64444.08984375,64533.08984375,64351.87109375,64426.578125,0
2026-06-13 23:00:00+00:00,64420.6484375,64569.921875,64361.30078125,64382.78125,86687744
2026-06-14 00:00:00+00:00,64415.6796875,64554.51953125,64355.05078125,64532.28125,120827904
2026-06-14 01:00:00+00:00,64528.5703125,64681.98828125,64474.75,64569.33984375,275264512
2026-06-14 02:00:00+00:00,64544.16015625,64609.4296875,64448.80078125,64456.28125,0
2026-06-14 03:00:00+00:00,64456.26953125,64516.44140625,64436.30859375,64513.578125,0
2026-06-14 04:00:00+00:00,64521.078125,64535.171875,64305.16015625,64310.1015625,196934656
2026-06-14 05:00:00+00:00,64319.9609375,64377.390625,64262.55078125,64330.390625,0
2026-06-14 06:00:00+00:00,64331.55078125,64449.21875,64212.78125,64258.23828125,890629120
2026-06-14 07:00:00+00:00,64258.25,64412.48046875,64192.33984375,64396.51953125,0
2026-06-14 08:00:00+00:00,64390.16015625,64478.109375,64350.33984375,64422.05859375,0
2026-06-14 09:00:00+00:00,64422.0703125,64580.62890625,64288.71875,64577.98828125,0
2026-06-14 10:00:00+00:00,64575.2890625,64626.8203125,64459.859375,64486.44921875,50188288
2026-06-14 11:00:00+00:00,64486.44921875,64608.578125,64420.8515625,64506.0703125,0
2026-06-14 12:00:00+00:00,64518.73828125,64530.078125,64266.0,64294.21875,0
2026-06-14 13:00:00+00:00,64294.23046875,64365.140625,64212.3984375,64276.1015625,0
2026-06-14 14:00:00+00:00,64285.640625,64312.2890625,63829.6484375,63950.23828125,743796736
2026-06-14 15:00:00+00:00,63943.25,64109.8515625,63943.25,63986.1796875,0
2026-06-14 16:00:00+00:00,63975.94140625,64157.21875,63897.3515625,63908.80859375,0
2026-06-14 17:00:00+00:00,63900.01171875,63985.5390625,63652.96875,63696.578125,23469056
2026-06-14 18:00:00+00:00,63707.98046875,63779.3984375,63640.30859375,63775.7109375,72600576
2026-06-14 19:00:00+00:00,63772.828125,63822.08984375,63707.98828125,63762.62890625,0
2026-06-14 20:00:00+00:00,63768.26953125,64059.19921875,63750.01171875,63971.98828125,173136896
2026-06-14 21:00:00+00:00,63977.98828125,65608.0,63965.98046875,65284.66015625,2611013632
2026-06-14 22:00:00+00:00,65300.01171875,65460.0,64931.9609375,65384.5390625,1958209536
2026-06-14 23:00:00+00:00,65391.19921875,65764.15625,65227.390625,65707.5,886200320
2026-06-15 00:00:00+00:00,65702.0,65854.078125,65444.48828125,65588.1796875,384845824
2026-06-15 01:00:00+00:00,65594.34375,65675.9921875,65314.62109375,65484.44140625,738768896
2026-06-15 02:00:00+00:00,65487.08984375,65737.53125,65384.25,65424.5,508758016
2026-06-15 03:00:00+00:00,65434.48828125,65953.546875,65392.7109375,65869.9921875,909631488
2026-06-15 04:00:00+00:00,65894.0390625,65894.0390625,65594.34375,65604.96875,447789056
2026-06-15 05:00:00+00:00,65598.390625,65837.421875,65575.7421875,65825.046875,233121792
2026-06-15 06:00:00+00:00,65825.046875,65923.6171875,65730.0078125,65770.828125,0
2026-06-15 07:00:00+00:00,65770.828125,65963.3671875,65592.15625,65630.9609375,687476736
2026-06-15 08:00:00+00:00,65637.6328125,65760.828125,65576.9921875,65614.8125,695500800
2026-06-15 09:00:00+00:00,65614.8125,65746.0078125,65466.0,65550.453125,414744576
2026-06-15 10:00:00+00:00,65550.4609375,65904.03125,65535.5390625,65876.8828125,346611712
2026-06-15 11:00:00+00:00,65871.046875,66339.6328125,65804.0078125,66190.0078125,1964328960
2026-06-15 12:00:00+00:00,66206.0,66568.75,66069.96875,66527.34375,1226508288
2026-06-15 13:00:00+00:00,66533.296875,66893.5390625,66368.0,66392.0390625,2402426880
2026-06-15 14:00:00+00:00,66394.4296875,66629.8125,66240.546875,66543.203125,593422336
2026-06-15 15:00:00+00:00,66537.9765625,67242.0078125,66537.9765625,67231.578125,1476528128
2026-06-15 16:00:00+00:00,67242.296875,67254.7265625,67051.2578125,67123.890625,1159811072
2026-06-15 17:00:00+00:00,67123.03125,67123.03125,66645.953125,66813.9296875,1189875712
2026-06-15 18:00:00+00:00,66819.96875,66893.796875,66679.03125,66735.9375,510791680
2026-06-15 19:00:00+00:00,66731.0,66865.0390625,66367.15625,66553.7265625,999403520
2026-06-15 20:00:00+00:00,66561.8828125,66642.6484375,66461.0625,66483.75,0
2026-06-15 21:00:00+00:00,66487.4375,66531.546875,66293.6328125,66335.40625,0
2026-06-15 22:00:00+00:00,66330.9609375,66438.3515625,66053.75,66156.0,0
2026-06-15 23:00:00+00:00,66155.9921875,66318.8828125,66094.03125,66274.921875,0
2026-06-16 00:00:00+00:00,66265.8515625,66421.8125,66193.2421875,66215.8984375,0
2026-06-16 01:00:00+00:00,66211.046875,66381.03125,66203.34375,66304.171875,0
2026-06-16 02:00:00+00:00,66304.15625,66329.390625,65650.0,65704.9765625,298967040
2026-06-16 03:00:00+00:00,65709.9921875,66118.859375,65607.5390625,66111.75,0
2026-06-16 04:00:00+00:00,66118.9296875,66237.6796875,65765.2890625,65800.0,6311936
2026-06-16 05:00:00+00:00,65803.4921875,66102.390625,65803.4921875,66020.15625,63885312
2026-06-16 06:00:00+00:00,66026.859375,66509.3203125,66026.859375,66406.25,263411712
2026-06-16 07:00:00+00:00,66415.6484375,66480.0,66263.9921875,66334.1796875,0
2026-06-16 08:00:00+00:00,66334.1796875,66936.6015625,66301.6875,66848.8984375,7952384
2026-06-16 09:00:00+00:00,66868.9609375,66870.0,66425.109375,66461.6484375,339230720
2026-06-16 10:00:00+00:00,66470.3828125,66723.390625,66438.0,66456.8984375,0
2026-06-16 11:00:00+00:00,66456.921875,66594.0703125,66316.75,66440.4921875,0
2026-06-16 12:00:00+00:00,66438.203125,66752.078125,66313.1796875,66367.9765625,0
2026-06-16 13:00:00+00:00,66374.0078125,66413.2421875,65874.703125,65997.9921875,0
2026-06-16 14:00:00+00:00,66000.3828125,66214.9921875,65306.828125,65604.09375,568942592
2026-06-16 15:00:00+00:00,65601.15625,65945.9296875,65569.9921875,65811.3984375,0
2026-06-16 16:00:00+00:00,65825.21875,65894.3125,65639.46875,65694.34375,0
2026-06-16 17:00:00+00:00,65698.3671875,65953.5234375,65649.203125,65915.703125,0
2026-06-16 18:00:00+00:00,65921.96875,66171.96875,65743.5,65781.8671875,44351488
2026-06-16 19:00:00+00:00,65768.109375,65768.109375,65487.73828125,65624.1875,0
2026-06-16 20:00:00+00:00,65572.328125,65800.0,65526.859375,65792.703125,0
2026-06-16 21:00:00+00:00,65799.671875,65876.9296875,65586.109375,65703.7109375,0
2026-06-16 22:00:00+00:00,65703.7109375,65820.3984375,65608.203125,65710.109375,0
2026-06-16 23:00:00+00:00,65719.1015625,65766.453125,65559.0390625,65616.6484375,200814592
2026-06-17 00:00:00+00:00,65616.640625,65790.1015625,65616.640625,65644.671875,0
2026-06-17 01:00:00+00:00,65649.5703125,65890.8828125,65431.4296875,65871.0234375,7542784
2026-06-17 02:00:00+00:00,65882.890625,66072.0078125,65720.7578125,65847.9921875,0
2026-06-17 03:00:00+00:00,65847.9921875,65847.9921875,65649.890625,65785.2265625,0
2026-06-17 04:00:00+00:00,65806.34375,65977.1875,65729.6796875,65831.7265625,0
2026-06-17 05:00:00+00:00,65824.0,65922.421875,65685.5,65768.1015625,0
2026-06-17 06:00:00+00:00,65769.6875,65832.421875,65517.359375,65554.3828125,0
2026-06-17 07:00:00+00:00,65550.9375,65645.1015625,65185.3203125,65472.28125,265578496
2026-06-17 08:00:00+00:00,65463.4296875,65501.51171875,64781.4296875,64861.96875,0
2026-06-17 09:00:00+00:00,64857.26953125,65015.01953125,64782.01171875,64849.921875,626450432
2026-06-17 10:00:00+00:00,64855.0,64936.2890625,64703.53125,64739.51171875,282374144
2026-06-17 11:00:00+00:00,64750.94140625,64820.80859375,64494.01953125,64749.51953125,322129920
2026-06-17 12:00:00+00:00,64752.390625,65036.55859375,64529.98046875,64983.37890625,0
2026-06-17 13:00:00+00:00,64975.73828125,65315.76953125,64781.4296875,65225.0,0
2026-06-17 14:00:00+00:00,65189.3203125,65405.58984375,64728.08984375,65040.8984375,0
2026-06-17 15:00:00+00:00,65063.359375,65798.2578125,64936.46875,65696.9609375,50235392
2026-06-17 16:00:00+00:00,65729.5078125,66370.421875,65664.0234375,65802.5703125,1387710464
2026-06-17 17:00:00+00:00,65819.0234375,66124.0,65745.359375,66030.0078125,0
2026-06-17 18:00:00+00:00,65923.6328125,65985.46875,64828.0,65457.96875,2484107264
2026-06-17 19:00:00+00:00,65471.0390625,65607.1484375,63995.0390625,64256.828125,2266636288
2026-06-17 20:00:00+00:00,64216.48828125,64428.12109375,64135.671875,64370.66015625,384681984
2026-06-17 21:00:00+00:00,64373.75,64388.8515625,64093.640625,64196.98046875,321632256
2026-06-17 22:00:00+00:00,64181.01171875,64370.55078125,63860.96875,64234.0,163862528
2026-06-17 23:00:00+00:00,64241.55078125,64467.91015625,64187.46875,64452.66015625,554749952
2026-06-18 00:00:00+00:00,64457.578125,64645.98828125,64395.98828125,64399.98828125,351432704
2026-06-18 01:00:00+00:00,64399.98828125,64751.921875,64399.98828125,64484.25,0
2026-06-18 02:00:00+00:00,64495.671875,64701.4296875,64417.109375,64620.01171875,0
2026-06-18 03:00:00+00:00,64609.98046875,64611.7109375,64191.8515625,64215.05078125,256407552
2026-06-18 04:00:00+00:00,64215.05078125,64262.01171875,63758.8515625,63809.87890625,866101248
2026-06-18 05:00:00+00:00,63806.0703125,63953.96875,63632.0,63920.5390625,417837056
2026-06-18 06:00:00+00:00,63920.53125,64055.12890625,63777.96875,64011.3515625,82182144
2026-06-18 07:00:00+00:00,64027.8984375,64446.140625,63940.0,64440.87109375,0
2026-06-18 08:00:00+00:00,64449.98828125,64566.1796875,64312.890625,64336.01171875,0
2026-06-18 09:00:00+00:00,64343.16015625,64417.41015625,64133.03125,64144.890625,0
2026-06-18 10:00:00+00:00,64144.890625,64154.62890625,63853.69140625,64014.48828125,52570112
2026-06-18 11:00:00+00:00,64024.0,64137.578125,63819.859375,63901.921875,0
2026-06-18 12:00:00+00:00,63927.0390625,64340.08984375,63853.6796875,64309.2109375,0
2026-06-18 13:00:00+00:00,64309.21875,64382.30859375,63736.30078125,63911.6796875,635418624
2026-06-18 14:00:00+00:00,63911.96875,64116.98828125,63521.6796875,63733.078125,91846656
2026-06-18 15:00:00+00:00,63713.5390625,63713.5390625,62237.6796875,62294.87890625,2005311488
2026-06-18 16:00:00+00:00,62276.55078125,62732.75,62276.55078125,62602.01953125,324931584
2026-06-18 17:00:00+00:00,62619.98046875,62654.76171875,62190.0,62515.03125,837355520
2026-06-18 18:00:00+00:00,62530.66015625,62880.19140625,62486.890625,62621.5,0
2026-06-18 19:00:00+00:00,62631.578125,62925.05859375,62547.80078125,62859.1015625,0
2026-06-18 20:00:00+00:00,62905.5,63183.3515625,62905.5,63012.28125,0
2026-06-18 21:00:00+00:00,63012.28125,63050.98828125,62789.8984375,62889.73046875,220192768
2026-06-18 22:00:00+00:00,62886.359375,62912.96875,62671.80078125,62815.69921875,0
2026-06-18 23:00:00+00:00,62780.3515625,62917.01171875,62687.16015625,62879.01171875,807333888
2026-06-19 00:00:00+00:00,62883.53125,63015.98828125,62772.30859375,62949.87109375,89223168
2026-06-19 01:00:00+00:00,62955.390625,63030.55078125,62774.80859375,62951.96875,0
2026-06-19 02:00:00+00:00,62951.96875,63040.390625,62816.01953125,62929.98828125,0
2026-06-19 03:00:00+00:00,62932.46875,62958.359375,62312.21875,62702.0703125,111077376
2026-06-19 04:00:00+00:00,62702.078125,62852.390625,62346.19140625,62387.140625,0
2026-06-19 05:00:00+00:00,62398.4296875,62681.390625,62390.390625,62675.80859375,0
2026-06-19 06:00:00+00:00,62675.80859375,62854.53125,62661.98828125,62829.3203125,0
2026-06-19 07:00:00+00:00,62828.578125,62856.4609375,62436.51953125,62561.2109375,370401280
2026-06-19 08:00:00+00:00,62561.2109375,62713.859375,62498.0,62529.421875,0
2026-06-19 09:00:00+00:00,62546.48828125,62581.8515625,62251.96875,62317.12109375,404398080
2026-06-19 10:00:00+00:00,62317.109375,62534.4296875,62314.41015625,62466.30859375,0
2026-06-19 11:00:00+00:00,62466.30859375,62626.69921875,62384.25,62570.51953125,335222784
2026-06-19 12:00:00+00:00,62579.98828125,62801.30859375,62291.01171875,62768.44140625,19202048
2026-06-19 13:00:00+00:00,62773.30078125,63335.01953125,62612.3984375,63151.171875,0
2026-06-19 14:00:00+00:00,63156.359375,63350.01171875,62950.01171875,63145.390625,0
2026-06-19 15:00:00+00:00,63149.87890625,63226.19921875,62958.30078125,63147.37109375,0
2026-06-19 16:00:00+00:00,63153.12890625,63324.4296875,62880.109375,62911.5390625,0
2026-06-19 17:00:00+00:00,62932.94921875,63165.51171875,62809.328125,63143.62109375,0
2026-06-19 18:00:00+00:00,63133.48828125,63140.0,62925.98828125,63049.5390625,0
2026-06-19 19:00:00+00:00,63042.30078125,63081.421875,62880.30859375,62968.94140625,0
2026-06-19 20:00:00+00:00,62977.48828125,63202.73828125,62899.359375,63190.23828125,0
2026-06-19 21:00:00+00:00,63188.75,63214.1015625,62989.78125,63015.1015625,0
2026-06-19 22:00:00+00:00,63001.80078125,63305.62890625,62990.6796875,63256.94140625,22110208
2026-06-19 23:00:00+00:00,63260.98828125,63574.05859375,63209.87109375,63475.6484375,50837504
2026-06-20 00:00:00+00:00,63469.9609375,63712.69140625,63408.01953125,63464.0,115142656
2026-06-20 01:00:00+00:00,63465.12890625,63557.7890625,63347.0,63529.73828125,0
2026-06-20 02:00:00+00:00,63508.16015625,63508.16015625,63271.58984375,63279.62890625,0
2026-06-20 03:00:00+00:00,63278.01171875,63455.37890625,63252.5703125,63424.51953125,0
2026-06-20 04:00:00+00:00,63420.98046875,63548.5390625,63339.58984375,63520.01953125,0
2026-06-20 05:00:00+00:00,63522.37890625,63811.80078125,63476.01171875,63613.05078125,0
2026-06-20 06:00:00+00:00,63613.05078125,63700.0,63572.859375,63678.421875,0
2026-06-20 07:00:00+00:00,63674.01953125,63735.23046875,63535.30078125,63582.55859375,0
2026-06-20 08:00:00+00:00,63593.08984375,63594.98828125,63330.71875,63358.48828125,105433088
2026-06-20 09:00:00+00:00,63367.30078125,63721.2890625,63354.1796875,63667.0703125,0
2026-06-20 10:00:00+00:00,63669.44140625,63710.55078125,63524.78125,63609.6015625,0
2026-06-20 11:00:00+00:00,63609.58984375,63734.01171875,63549.76171875,63617.41015625,0
2026-06-20 12:00:00+00:00,63617.41015625,63725.0,63492.80078125,63594.44921875,0
2026-06-20 13:00:00+00:00,63585.0,63589.76953125,63214.9609375,63342.0,0
2026-06-20 14:00:00+00:00,63329.8515625,64062.0,63146.33984375,63881.9609375,205778944
2026-06-20 15:00:00+00:00,63900.0,64297.80859375,63776.62890625,64086.05859375,701796352
2026-06-20 16:00:00+00:00,64090.3984375,64090.3984375,63841.28125,63967.890625,0
2026-06-20 17:00:00+00:00,63957.98046875,63963.19140625,63670.01171875,63751.171875,0
2026-06-20 18:00:00+00:00,63777.0,63854.23046875,63710.359375,63733.28125,0
2026-06-20 19:00:00+00:00,63722.7109375,63899.98828125,63718.01953125,63867.359375,0
2026-06-20 20:00:00+00:00,63868.37890625,63907.58984375,63777.1484375,63858.6796875,28168192
2026-06-20 21:00:00+00:00,63860.96875,64008.75,63844.19921875,63937.01171875,0
2026-06-20 22:00:00+00:00,63925.2109375,64278.94140625,63899.98828125,64196.98828125,0
2026-06-20 23:00:00+00:00,64188.4609375,64261.33984375,64172.25,64245.30859375,486703104
2026-06-21 00:00:00+00:00,64229.671875,64240.6015625,64158.78125,64207.98828125,0
2026-06-21 01:00:00+00:00,64212.80859375,64241.1015625,64129.37890625,64175.171875,16064512
2026-06-21 02:00:00+00:00,64154.96875,64194.0,64142.12890625,64155.01171875,0
2026-06-21 03:00:00+00:00,64157.98828125,64393.73046875,64146.05859375,64337.5390625,222158848
2026-06-21 04:00:00+00:00,64345.05859375,64500.3515625,64186.1796875,64199.05078125,212718592
2026-06-21 05:00:00+00:00,64199.05078125,64286.6015625,64141.640625,64178.01171875,0
2026-06-21 06:00:00+00:00,64178.01171875,64243.98046875,64113.421875,64219.9609375,0
2026-06-21 07:00:00+00:00,64220.12890625,64220.12890625,64090.96875,64117.05859375,47794176
2026-06-21 08:00:00+00:00,64115.37890625,64147.94140625,63822.8203125,63935.3515625,0
2026-06-21 09:00:00+00:00,63935.37109375,64168.19140625,63880.6484375,64126.0,0
2026-06-21 10:00:00+00:00,64126.01171875,64330.609375,64118.2109375,64285.16015625,109021184
2026-06-21 11:00:00+00:00,64287.9296875,64398.98046875,64034.55859375,64087.19140625,845925376
2026-06-21 12:00:00+00:00,64095.30078125,64153.44140625,63881.58984375,64107.671875,58649600
2026-06-21 13:00:00+00:00,64101.87890625,64107.671875,63937.33984375,64068.69921875,0
2026-06-21 14:00:00+00:00,64068.69921875,64075.0390625,63920.9296875,64061.2890625,0
2026-06-21 15:00:00+00:00,64061.2890625,64259.69140625,64035.66015625,64143.98828125,0
2026-06-21 16:00:00+00:00,64136.41015625,64170.0390625,63961.6484375,64065.578125,0
2026-06-21 17:00:00+00:00,64065.578125,64138.69140625,63987.0,64065.30078125,0
2026-06-21 18:00:00+00:00,64065.30859375,64157.7890625,63868.109375,64140.0,258872320
2026-06-21 19:00:00+00:00,64130.53125,64212.73828125,64083.171875,64119.96875,36339712
2026-06-21 20:00:00+00:00,64125.19921875,64192.5,63630.7890625,63759.03125,194278400
2026-06-21 21:00:00+00:00,63770.23828125,63874.890625,63432.03125,63723.98828125,862225408
2026-06-21 22:00:00+00:00,63614.44921875,63773.4609375,63491.69140625,63724.91015625,0
2026-06-21 23:00:00+00:00,63724.91015625,63724.91015625,63208.3515625,63224.87109375,493126656
2026-06-22 00:00:00+00:00,63235.62890625,64010.23828125,63235.62890625,63811.80078125,882280448
2026-06-22 01:00:00+00:00,63836.05859375,64690.6484375,63767.26171875,64532.69921875,1227382784
2026-06-22 02:00:00+00:00,64548.421875,64580.5390625,64164.1484375,64181.73828125,484296704
2026-06-22 03:00:00+00:00,64172.421875,64372.6484375,63840.26953125,63888.71875,184621056
2026-06-22 04:00:00+00:00,63906.73828125,64034.5390625,63793.1484375,64013.359375,498747392
2026-06-22 05:00:00+00:00,64002.1484375,64256.0,64002.1484375,64164.80859375,426881024
2026-06-22 06:00:00+00:00,64188.3515625,64244.62109375,63863.921875,63910.01171875,364029952
2026-06-22 07:00:00+00:00,63925.19921875,64296.9609375,63884.69921875,64131.3984375,514242560
2026-06-22 08:00:00+00:00,64135.37890625,64270.0703125,63959.98828125,64089.58984375,140236800
2026-06-22 09:00:00+00:00,64093.4296875,64177.71875,63978.26171875,64074.578125,0
2026-06-22 10:00:00+00:00,64066.5703125,64204.05859375,64002.01953125,64066.37109375,0
2026-06-22 11:00:00+00:00,64066.37890625,64686.12109375,64025.01171875,64582.23828125,387602432
2026-06-22 12:00:00+00:00,64600.30859375,65130.359375,64517.0390625,65077.578125,1122373632
2026-06-22 13:00:00+00:00,65077.58984375,65505.3984375,64869.96875,65502.76953125,1813080064
2026-06-22 14:00:00+00:00,65518.03125,65550.0,64760.62890625,64896.1015625,1490454528
2026-06-22 15:00:00+00:00,64901.55859375,65068.0,64679.37109375,64765.421875,619438080
2026-06-22 16:00:00+00:00,64782.640625,64782.640625,64435.96875,64641.08984375,366217216
2026-06-22 17:00:00+00:00,64645.8515625,64692.48046875,64315.12890625,64529.19921875,619610112
2026-06-22 18:00:00+00:00,64535.078125,64658.76953125,64244.859375,64264.73828125,526782464
2026-06-22 19:00:00+00:00,64261.5703125,64431.01953125,64202.6484375,64431.01953125,417003520
2026-06-22 20:00:00+00:00,64421.98828125,64597.30078125,64292.01171875,64359.171875,117295104
2026-06-22 21:00:00+00:00,64358.76171875,64411.05078125,64076.44140625,64246.41015625,0
2026-06-22 22:00:00+00:00,64246.41015625,64326.0,63731.03125,63889.98828125,250228736
2026-06-22 23:00:00+00:00,63852.16015625,63980.30859375,63813.76953125,63950.609375,0
2026-06-23 00:00:00+00:00,63931.53125,64083.69140625,63757.1015625,64069.328125,0
2026-06-23 01:00:00+00:00,64087.109375,64195.671875,63829.21875,64078.71875,0
2026-06-23 02:00:00+00:00,64082.80078125,64195.66015625,63967.3984375,64122.71875,0
2026-06-23 03:00:00+00:00,64122.71875,64124.640625,63884.19921875,63987.8203125,0
2026-06-23 04:00:00+00:00,63998.109375,64015.859375,63531.98046875,63538.0,0
2026-06-23 05:00:00+00:00,63555.98828125,63654.05078125,63279.0,63321.01171875,337743872
2026-06-23 06:00:00+00:00,63307.98828125,63317.48828125,62500.98828125,62861.8984375,1607733248
2026-06-23 07:00:00+00:00,62869.5390625,63014.8515625,62793.9296875,62805.5,795586560
2026-06-23 08:00:00+00:00,62803.98828125,62869.58984375,61887.73828125,62308.1484375,3532699648
2026-06-23 09:00:00+00:00,62317.80078125,62437.78125,62268.41015625,62307.1015625,709224448
2026-06-23 10:00:00+00:00,62310.6796875,62494.01171875,62160.19921875,62237.25,366888960
2026-06-23 11:00:00+00:00,62245.96875,62549.5703125,62239.69140625,62432.7890625,0
2026-06-23 12:00:00+00:00,62432.78125,62484.16015625,62132.4609375,62180.5,0
2026-06-23 13:00:00+00:00,62186.05078125,62458.1796875,61884.01171875,62396.01171875,0
2026-06-23 14:00:00+00:00,62394.98828125,62765.03125,62351.73046875,62419.28125,88002560
2026-06-23 15:00:00+00:00,62415.91015625,62429.671875,62115.7109375,62401.98828125,36347904
2026-06-23 16:00:00+00:00,62404.01171875,62727.5,62344.08984375,62463.6484375,0
2026-06-23 17:00:00+00:00,62462.0,62606.0390625,62250.0,62271.421875,0
2026-06-23 18:00:00+00:00,62289.890625,62368.0,62010.26953125,62155.8984375,72570880
2026-06-23 19:00:00+00:00,62146.28125,62383.1796875,62140.578125,62326.75,0
2026-06-23 20:00:00+00:00,62316.73046875,62444.140625,62306.7890625,62387.37890625,160159744
2026-06-23 21:00:00+00:00,62400.44140625,62579.91015625,62392.0,62515.05078125,310327296
2026-06-23 22:00:00+00:00,62508.12109375,62698.0,62437.8515625,62509.9609375,0
2026-06-23 23:00:00+00:00,62499.0,62714.609375,62416.5,62644.73828125,0
2026-06-24 00:00:00+00:00,62644.859375,62946.01171875,62644.859375,62933.08984375,31367168
2026-06-24 01:00:00+00:00,62936.03125,63032.390625,62693.3984375,62849.37890625,0
2026-06-24 02:00:00+00:00,62849.390625,62924.03125,62521.58984375,62546.328125,767395840
2026-06-24 03:00:00+00:00,62564.58984375,62750.30859375,62380.0,62649.7109375,1040054272
2026-06-24 04:00:00+00:00,62655.0,62708.01171875,62443.33984375,62661.75,42153984
2026-06-24 05:00:00+00:00,62671.7890625,62979.98828125,62621.55078125,62801.98828125,0
2026-06-24 06:00:00+00:00,62801.98828125,62825.8984375,62645.4609375,62691.828125,0
2026-06-24 07:00:00+00:00,62691.8515625,62755.5390625,62521.83984375,62561.19140625,0
2026-06-24 08:00:00+00:00,62568.01171875,62715.96875,62504.37890625,62707.5,0
2026-06-24 09:00:00+00:00,62707.51171875,62707.51171875,62545.62109375,62594.41015625,175212544
2026-06-24 10:00:00+00:00,62594.41015625,62599.8984375,62340.30078125,62355.6015625,0
2026-06-24 11:00:00+00:00,62347.66015625,63086.140625,62222.421875,62832.03125,365285376
2026-06-24 12:00:00+00:00,62837.9609375,62881.5,62496.28125,62521.19921875,400979968
2026-06-24 13:00:00+00:00,62535.6796875,62535.6796875,61161.859375,61224.91015625,1383716864
2026-06-24 14:00:00+00:00,61194.01171875,61349.66015625,60806.37890625,61012.4609375,1822052352
2026-06-24 15:00:00+00:00,61000.01171875,61048.9296875,60162.3203125,60176.73828125,1590421504
2026-06-24 16:00:00+00:00,60163.7890625,60574.69921875,59551.66015625,59775.98828125,3556417536
2026-06-24 17:00:00+00:00,59771.640625,59961.609375,59022.7890625,59312.12890625,3961331712
2026-06-24 18:00:00+00:00,59348.078125,59828.859375,59239.94140625,59496.78125,1509240832
2026-06-24 19:00:00+00:00,59529.51171875,59901.96875,59440.1484375,59870.51953125,1233420288
2026-06-24 20:00:00+00:00,59870.62890625,61108.48046875,59766.73046875,60866.21875,2415386624
2026-06-24 21:00:00+00:00,60894.5703125,61043.30078125,60574.62109375,61029.98828125,546979840
2026-06-24 22:00:00+00:00,61014.83984375,61156.671875,60716.421875,60778.4296875,257605632
2026-06-24 23:00:00+00:00,60772.0,61007.1015625,60727.98046875,60983.140625,156639232
2026-06-25 00:00:00+00:00,60988.30859375,61056.328125,60645.6796875,60717.98046875,0
2026-06-25 01:00:00+00:00,60706.0,60895.8515625,60626.8984375,60819.98046875,0
2026-06-25 02:00:00+00:00,60821.98046875,60868.58984375,60607.98828125,60697.66015625,99987456
2026-06-25 03:00:00+00:00,60705.80078125,60803.98828125,60616.8984375,60781.01953125,0
2026-06-25 04:00:00+00:00,60790.26171875,61294.578125,60687.8515625,61255.1796875,0
2026-06-25 05:00:00+00:00,61251.23828125,61701.328125,61179.6015625,61498.828125,1264373760
2026-06-25 06:00:00+00:00,61515.21875,61738.96875,61498.05859375,61628.0,259444736
2026-06-25 07:00:00+00:00,61632.9609375,61868.37890625,61561.73046875,61816.7890625,796299264
2026-06-25 08:00:00+00:00,61814.62890625,61826.26953125,61584.73828125,61608.94921875,276004864
2026-06-25 09:00:00+00:00,61627.58984375,61687.05859375,61510.640625,61634.48046875,0
2026-06-25 10:00:00+00:00,61634.48828125,61654.9609375,61169.69140625,61180.390625,0
2026-06-25 11:00:00+00:00,61183.44921875,61325.0,60971.1796875,61179.078125,0
2026-06-25 12:00:00+00:00,61192.44140625,61584.0,60968.4296875,61132.62890625,752631808
2026-06-25 13:00:00+00:00,61139.12109375,61247.28125,58029.5390625,58051.359375,0
2026-06-25 14:00:00+00:00,58218.26953125,60316.46875,58218.26953125,59369.83984375,4874633216
2026-06-25 15:00:00+00:00,59361.75,59534.80078125,58777.98828125,59456.96875,745529344
2026-06-25 16:00:00+00:00,59469.62109375,59946.171875,59064.12109375,59214.28125,0
2026-06-25 17:00:00+00:00,59202.359375,59620.9296875,59036.01171875,59579.078125,0
2026-06-25 18:00:00+00:00,59575.66015625,59670.0,59264.6484375,59396.921875,0
2026-06-25 19:00:00+00:00,59424.390625,59424.390625,59076.359375,59217.0703125,0
2026-06-25 20:00:00+00:00,59220.1796875,59633.26953125,59220.1796875,59351.76171875,0
2026-06-25 21:00:00+00:00,59354.890625,60139.98828125,59349.98828125,60128.8984375,0
2026-06-25 22:00:00+00:00,60104.51953125,60104.51953125,59645.51953125,59748.73828125,403812352
2026-06-25 23:00:00+00:00,59737.3203125,60099.98828125,59648.578125,59699.62109375,264708096
2026-06-26 00:00:00+00:00,59709.78125,59813.80859375,59542.01171875,59572.1015625,0
2026-06-26 01:00:00+00:00,59565.9609375,59688.3515625,59133.91015625,59340.98828125,334405632
2026-06-26 02:00:00+00:00,59360.0,59363.25,58271.25,58461.8203125,1555865600
2026-06-26 03:00:00+00:00,58475.9609375,60022.01171875,58251.0,59945.390625,1210122240
2026-06-26 04:00:00+00:00,59930.51953125,60123.37890625,59747.171875,59830.921875,1309093888
2026-06-26 05:00:00+00:00,59835.53125,59948.30859375,59645.98828125,59860.01953125,0
2026-06-26 06:00:00+00:00,59841.359375,60353.828125,59617.96875,60233.0390625,1359286272
2026-06-26 07:00:00+00:00,60238.46875,60641.96875,60190.359375,60432.1015625,510152704
2026-06-26 08:00:00+00:00,60431.94140625,60461.98046875,60050.80078125,60147.3515625,1147498496
2026-06-26 09:00:00+00:00,60162.109375,60162.109375,59479.73046875,59644.0,351313920
2026-06-26 10:00:00+00:00,59638.9296875,59761.7890625,59149.48046875,59226.2890625,336900096
2026-06-26 11:00:00+00:00,59230.0,59483.96875,59180.390625,59321.6796875,75190272
2026-06-26 12:00:00+00:00,59328.01953125,59886.0,58885.01171875,59087.03125,781398016
2026-06-26 13:00:00+00:00,59104.80078125,60093.01171875,58550.0,60058.609375,0
2026-06-26 14:00:00+00:00,60014.171875,60165.75,59307.21875,59499.96875,0
2026-06-26 15:00:00+00:00,59510.828125,60408.03125,59493.8515625,60234.01171875,0
2026-06-26 16:00:00+00:00,60226.921875,60463.98828125,59871.359375,59950.078125,0
2026-06-26 17:00:00+00:00,59937.1484375,60186.01171875,59858.8984375,59929.0,34332672
2026-06-26 18:00:00+00:00,59930.69921875,60064.73046875,59473.390625,59563.23046875,282058752
2026-06-26 19:00:00+00:00,59574.51171875,59990.0,59513.7890625,59716.0,226521088
2026-06-26 20:00:00+00:00,59700.30078125,59890.69140625,59491.48046875,59620.51171875,676999168
2026-06-26 21:00:00+00:00,59605.75,59962.76953125,59578.21875,59826.01171875,0
2026-06-26 22:00:00+00:00,59812.26171875,59991.2890625,59665.140625,59957.98828125,0
2026-06-26 23:00:00+00:00,59951.51953125,60025.73046875,59842.80078125,59999.28125,1499136
2026-06-27 00:00:00+00:00,60011.08984375,60107.5703125,59790.01171875,59974.7109375,0
2026-06-27 01:00:00+00:00,59974.69921875,59985.30078125,59837.7109375,59854.171875,0
2026-06-27 02:00:00+00:00,59847.91015625,60279.41015625,59826.5390625,60190.19921875,0
2026-06-27 03:00:00+00:00,60173.37890625,60309.58984375,60063.87109375,60205.5,0
2026-06-27 04:00:00+00:00,60209.76953125,60386.1015625,60120.390625,60149.98046875,0
2026-06-27 05:00:00+00:00,60145.8515625,60217.890625,60039.96875,60143.98828125,0
2026-06-27 06:00:00+00:00,60143.98828125,60409.8984375,60021.8984375,60274.12890625,0
2026-06-27 07:00:00+00:00,60285.05078125,60477.5390625,60201.01171875,60451.640625,0
2026-06-27 08:00:00+00:00,60451.6484375,60451.6484375,60272.71875,60353.69140625,0
2026-06-27 09:00:00+00:00,60353.69140625,60395.98046875,60195.7890625,60312.76171875,0
2026-06-27 10:00:00+00:00,60314.0,60395.08984375,60279.390625,60317.98828125,0
2026-06-27 11:00:00+00:00,60317.98828125,60349.7109375,60103.98828125,60264.73046875,0
2026-06-27 12:00:00+00:00,60258.890625,60329.98828125,60153.98046875,60324.4296875,0
2026-06-27 13:00:00+00:00,60328.46875,60547.12890625,60287.26171875,60485.03125,0
2026-06-27 14:00:00+00:00,60487.01171875,60614.62890625,60407.05859375,60510.21875,0
2026-06-27 15:00:00+00:00,60516.80859375,60837.8203125,60464.609375,60740.03125,0
2026-06-27 16:00:00+00:00,60741.0,60741.05078125,60569.640625,60710.390625,0
2026-06-27 17:00:00+00:00,60708.0,60716.55078125,60336.0390625,60424.0703125,0
2026-06-27 18:00:00+00:00,60424.0703125,60475.421875,60346.26171875,60475.421875,0
2026-06-27 19:00:00+00:00,60457.51171875,60508.5,59982.44921875,60077.6484375,0
2026-06-27 20:00:00+00:00,60084.8984375,60203.91015625,60084.8984375,60193.25,0
2026-06-27 21:00:00+00:00,60199.37890625,60378.4609375,60044.26171875,60102.51171875,0
2026-06-27 22:00:00+00:00,60073.9296875,60158.55859375,59785.48828125,60135.01171875,444544000
2026-06-27 23:00:00+00:00,60132.109375,60224.94140625,59856.66015625,59934.83984375,0
2026-06-28 00:00:00+00:00,59934.83984375,60102.359375,59916.01171875,60044.01953125,664351744
2026-06-28 01:00:00+00:00,60056.1796875,60179.98828125,59905.69921875,60130.640625,96689152
2026-06-28 02:00:00+00:00,60131.140625,60248.328125,59972.94921875,60051.23828125,0
2026-06-28 03:00:00+00:00,60074.0,60193.25,60072.80078125,60105.91015625,0
2026-06-28 04:00:00+00:00,60107.96875,60147.37109375,60010.0,60046.140625,385690624
2026-06-28 05:00:00+00:00,60049.91015625,60049.91015625,59688.359375,59892.01171875,63910912
2026-06-28 06:00:00+00:00,59892.03125,59941.0,59716.01171875,59908.69140625,0
2026-06-28 07:00:00+00:00,59906.75,60173.78125,59906.75,60132.0,462761984
2026-06-28 08:00:00+00:00,60127.83984375,60428.87890625,60049.05078125,60278.94921875,0
2026-06-28 09:00:00+00:00,60292.30859375,60366.2109375,60159.55078125,60169.78125,578987008
2026-06-28 10:00:00+00:00,60169.78125,60196.30859375,59982.12109375,60076.80859375,159224832
2026-06-28 11:00:00+00:00,60075.94140625,60281.98828125,60034.140625,60251.96875,0
2026-06-28 12:00:00+00:00,60251.9609375,60329.4296875,60098.41015625,60207.828125,576043008
2026-06-28 13:00:00+00:00,60190.2109375,60201.30078125,59902.5390625,59976.9609375,0
2026-06-28 14:00:00+00:00,59990.328125,60156.53125,59924.1796875,59939.2890625,558025728
2026-06-28 15:00:00+00:00,59939.2890625,60035.98828125,59739.3984375,59802.48828125,0
2026-06-28 16:00:00+00:00,59807.03125,59853.6015625,59507.8203125,59600.01171875,1151919104
2026-06-28 17:00:00+00:00,59593.51171875,59752.53125,59318.0390625,59493.109375,0
2026-06-28 18:00:00+00:00,59483.3515625,59608.80078125,59414.30859375,59520.0703125,51046400
2026-06-28 19:00:00+00:00,59520.44921875,59581.75,59185.05078125,59391.66015625,0
2026-06-28 20:00:00+00:00,59382.12890625,59664.76171875,59382.12890625,59559.05078125,43827200
2026-06-28 21:00:00+00:00,59559.05078125,59666.94921875,59231.16015625,59339.51171875,62955520
2026-06-28 22:00:00+00:00,59349.28125,59796.0,58852.0,58970.828125,685200384
2026-06-28 23:00:00+00:00,58947.83984375,59752.609375,58914.1796875,59472.30078125,367500288
2026-06-29 00:00:00+00:00,59478.7890625,59600.0,58904.12109375,59575.140625,271134720
2026-06-29 01:00:00+00:00,59562.12109375,59585.58984375,59119.19921875,59342.5703125,522912768
2026-06-29 02:00:00+00:00,59333.4296875,59700.609375,58830.0,59653.359375,740288512
2026-06-29 03:00:00+00:00,59663.0,60092.28125,59663.0,59942.828125,793997312
2026-06-29 04:00:00+00:00,59948.4609375,59954.16015625,59645.0,59729.94921875,230713344
2026-06-29 05:00:00+00:00,59743.0,60002.55859375,59290.5390625,60002.55859375,225832960
2026-06-29 06:00:00+00:00,60012.69140625,60229.76953125,59952.359375,59983.2890625,642805760
2026-06-29 07:00:00+00:00,59984.53125,60072.87109375,59830.55078125,59932.609375,182245376
2026-06-29 08:00:00+00:00,59929.6484375,59993.12109375,59644.8984375,59740.37109375,490702848
2026-06-29 09:00:00+00:00,59741.71875,60009.96875,59707.05078125,59968.19921875,603439104
2026-06-29 10:00:00+00:00,59975.30859375,60219.8515625,59975.30859375,60000.78125,261091328
2026-06-29 11:00:00+00:00,59996.671875,60091.7109375,59703.87890625,59870.91015625,448428032
2026-06-29 12:00:00+00:00,59895.21875,60687.30078125,59533.578125,59857.66015625,2574807040
2026-06-29 13:00:00+00:00,59865.0,60220.01171875,59231.28125,59455.55859375,1973649408
2026-06-29 14:00:00+00:00,59459.12109375,59594.359375,58899.37890625,59348.71875,2392729600
2026-06-29 15:00:00+00:00,59331.05078125,59828.69140625,58968.28125,59705.76171875,1329614848
2026-06-29 16:00:00+00:00,59716.0390625,59857.19921875,59471.98828125,59784.91015625,83300352
2026-06-29 17:00:00+00:00,59777.76953125,60570.46875,59775.8203125,60318.44921875,881305600
2026-06-29 18:00:00+00:00,60298.16015625,60433.30078125,60091.3984375,60198.05078125,1005604864
2026-06-29 19:00:00+00:00,60188.44140625,60454.0,60058.73828125,60331.28125,255422464
2026-06-29 20:00:00+00:00,60327.140625,60453.66015625,60197.6796875,60197.6796875,110905344
2026-06-29 21:00:00+00:00,60205.98828125,60490.80078125,60163.01953125,60390.921875,0
2026-06-29 22:00:00+00:00,60390.0,60427.98828125,60250.98046875,60261.9609375,0
2026-06-29 23:00:00+00:00,60258.08984375,60290.48828125,60116.2890625,60161.5390625,0
2026-06-30 00:00:00+00:00,60152.37109375,60180.01171875,59596.9296875,59744.66015625,65521664
2026-06-30 01:00:00+00:00,59753.12109375,59959.01953125,59684.73828125,59845.33984375,0
2026-06-30 02:00:00+00:00,59853.9609375,59943.98828125,59649.98046875,59842.5703125,0
2026-06-30 03:00:00+00:00,59842.5703125,59923.98046875,59488.0,59515.140625,173938688
2026-06-30 04:00:00+00:00,59502.98828125,59590.5390625,59312.0,59385.2890625,650977280
2026-06-30 05:00:00+00:00,59385.28125,59555.98828125,59252.890625,59545.328125,379592704
2026-06-30 06:00:00+00:00,59551.37890625,59616.21875,59414.6484375,59493.98828125,219621376
2026-06-30 07:00:00+00:00,59493.98046875,59533.98828125,59341.4609375,59430.01171875,170274816
2026-06-30 08:00:00+00:00,59427.01171875,59456.6796875,59094.0,59208.859375,470360064
2026-06-30 09:00:00+00:00,59195.01171875,59324.69921875,59152.921875,59276.01171875,0
2026-06-30 10:00:00+00:00,59282.44921875,59323.3515625,59190.2890625,59238.12890625,940587008
2026-06-30 11:00:00+00:00,59239.12109375,59314.01171875,59016.73828125,59076.8203125,172445696
2026-06-30 12:00:00+00:00,59075.6484375,59081.98828125,58284.359375,58284.359375,0
2026-06-30 13:00:00+00:00,58322.078125,58683.21875,58132.69921875,58630.01953125,604747776
2026-06-30 14:00:00+00:00,58557.21875,59159.140625,58308.578125,58369.94921875,0
2026-06-30 15:00:00+00:00,58362.25,58680.0,58076.8984375,58267.41015625,54192128
2026-06-30 16:00:00+00:00,58273.6015625,58501.0390625,58146.48828125,58391.33984375,441067520
2026-06-30 17:00:00+00:00,58393.71875,58506.28125,58215.51171875,58325.9609375,0
2026-06-30 18:00:00+00:00,58325.94921875,58588.98828125,58255.12109375,58580.44921875,202768384
2026-06-30 19:00:00+00:00,58572.05078125,58736.109375,58484.91015625,58726.3515625,334125056
2026-06-30 20:00:00+00:00,58671.4609375,58785.73828125,58558.01171875,58630.890625,0
2026-06-30 21:00:00+00:00,58630.859375,58673.48046875,58411.76953125,58541.55078125,288337920
2026-06-30 22:00:00+00:00,58562.37109375,58696.62109375,58418.3515625,58513.921875,0
2026-06-30 23:00:00+00:00,58509.55078125,58564.01171875,58453.9296875,58523.9296875,486479872
2026-07-01 00:00:00+00:00,58541.55078125,58646.98046875,58213.4609375,58486.37109375,0
2026-07-01 01:00:00+00:00,58486.8515625,58913.87109375,57720.73046875,58677.828125,1558396928
2026-07-01 02:00:00+00:00,58686.30859375,59075.1796875,58575.98828125,58991.01171875,841719808
2026-07-01 03:00:00+00:00,58994.3203125,59206.12109375,58750.83984375,59101.48828125,296198144
2026-07-01 04:00:00+00:00,59096.26953125,59357.75,58969.921875,59237.640625,0
2026-07-01 05:00:00+00:00,59237.640625,59289.01171875,59028.96875,59060.8984375,0
2026-07-01 06:00:00+00:00,59064.12890625,59070.8203125,58446.1484375,58666.6484375,0
2026-07-01 07:00:00+00:00,58687.94140625,58738.0,58514.75,58686.91015625,0
2026-07-01 08:00:00+00:00,58680.8984375,58904.109375,58419.8984375,58894.01953125,0
2026-07-01 09:00:00+00:00,58896.0,58990.0390625,58767.03125,58865.859375,257419264
2026-07-01 10:00:00+00:00,58868.5390625,58868.5390625,58536.44921875,58577.41015625,269875200
2026-07-01 11:00:00+00:00,58580.30859375,58673.76171875,58467.73046875,58536.73828125,0
2026-07-01 12:00:00+00:00,58558.5,58589.12109375,58253.23046875,58451.3984375,0
2026-07-01 13:00:00+00:00,58447.94140625,59433.0390625,58446.0,59433.0390625,0
2026-07-01 14:00:00+00:00,59392.12890625,60016.0,59210.55078125,59464.890625,1430386688
2026-07-01 15:00:00+00:00,59462.890625,60472.01953125,59446.01953125,60087.69921875,1287467008
2026-07-01 16:00:00+00:00,60104.0,60178.0703125,59801.16015625,59856.9609375,0
2026-07-01 17:00:00+00:00,59860.48046875,60175.03125,59720.0,60129.41015625,184954880
2026-07-01 18:00:00+00:00,60123.51953125,60232.05859375,59958.3515625,60115.6796875,0
2026-07-01 19:00:00+00:00,60104.76953125,60282.75,59937.078125,59965.1796875,87269376
2026-07-01 20:00:00+00:00,59992.19921875,60117.94921875,59803.640625,60067.87109375,0
2026-07-01 21:00:00+00:00,60069.76171875,60763.26171875,60059.6484375,60752.328125,1591775232
2026-07-01 22:00:00+00:00,60748.3203125,61248.01171875,60289.01953125,60416.87890625,1772191744
2026-07-01 23:00:00+00:00,60403.28125,60403.28125,59916.3203125,59963.44140625,0
2026-07-02 00:00:00+00:00,59950.48828125,59964.0,59521.75,59682.5,1579261952
2026-07-02 01:00:00+00:00,59689.46875,60252.03125,59650.21875,60112.25,0
2026-07-02 02:00:00+00:00,60109.23046875,60416.0,59953.98046875,60353.87890625,221962240
2026-07-02 03:00:00+00:00,60361.98828125,61042.421875,60236.91015625,60985.76953125,0
2026-07-02 04:00:00+00:00,60979.19140625,60980.55078125,60658.0,60707.98828125,1351475200
2026-07-02 05:00:00+00:00,60707.98828125,60794.01171875,60413.0,60425.98828125,736124928
2026-07-02 06:00:00+00:00,60433.58984375,60570.98828125,60176.44921875,60190.01171875,104833024
2026-07-02 07:00:00+00:00,60185.890625,60199.01171875,60026.37109375,60058.91015625,1167106048
2026-07-02 08:00:00+00:00,60064.01171875,60472.0,60043.94921875,60436.0,49397760
2026-07-02 09:00:00+00:00,60432.62109375,61330.01171875,60297.23046875,61096.640625,1578389504
2026-07-02 10:00:00+00:00,61089.16015625,61276.140625,60961.75,61179.08984375,900554752
2026-07-02 11:00:00+00:00,61180.98828125,61306.578125,61052.1484375,61287.37890625,604639232
2026-07-02 12:00:00+00:00,61228.21875,61539.98828125,61085.51171875,61472.48046875,774189056
2026-07-02 13:00:00+00:00,61488.76953125,61984.0,61438.0,61855.9296875,751341568
2026-07-02 14:00:00+00:00,61873.828125,62128.671875,61331.87109375,61633.96875,0
2026-07-02 15:00:00+00:00,61613.25,61765.12890625,61355.609375,61540.359375,0
2026-07-02 16:00:00+00:00,61548.37109375,61742.05859375,61094.66015625,61621.98828125,86687744
2026-07-02 17:00:00+00:00,61603.98046875,61883.0390625,61565.80078125,61604.62109375,548573184
2026-07-02 18:00:00+00:00,61613.23828125,61807.94921875,61600.8984375,61699.16015625,248262656
2026-07-02 19:00:00+00:00,61696.16015625,61700.7109375,61390.078125,61436.01171875,0
2026-07-02 20:00:00+00:00,61446.08984375,61524.0,61269.0,61511.8203125,85016576
2026-07-02 21:00:00+00:00,61517.01953125,61577.3203125,61443.19140625,61517.0703125,0
2026-07-02 22:00:00+00:00,61498.1484375,61528.23046875,61364.44921875,61398.1484375,0
2026-07-02 23:00:00+00:00,61376.01953125,61528.0,61275.58984375,61484.03125,0
2026-07-03 00:00:00+00:00,61482.46875,61501.37890625,61162.7890625,61221.05859375,0
2026-07-03 01:00:00+00:00,61220.921875,61647.76171875,61200.3203125,61503.578125,0
2026-07-03 02:00:00+00:00,61513.01171875,61582.73828125,61217.26953125,61353.0390625,42131456
2026-07-03 03:00:00+00:00,61340.8515625,61493.8203125,61240.3515625,61350.9296875,0
2026-07-03 04:00:00+00:00,61350.9609375,61445.98046875,61254.5,61366.03125,0
2026-07-03 05:00:00+00:00,61355.609375,61706.140625,61355.05078125,61623.2890625,0
2026-07-03 06:00:00+00:00,61623.30078125,61770.0,61536.7109375,61631.12890625,0
2026-07-03 07:00:00+00:00,61631.140625,61782.33984375,61584.58984375,61679.98828125,0
2026-07-03 08:00:00+00:00,61681.58984375,61829.76953125,61478.01171875,61507.0390625,0
2026-07-03 09:00:00+00:00,61510.37109375,61705.0,61443.8203125,61640.05078125,0
2026-07-03 10:00:00+00:00,61636.9609375,61955.9296875,61597.66015625,61844.03125,0
2026-07-03 11:00:00+00:00,61825.62109375,62009.6796875,61775.55859375,61949.171875,0
2026-07-03 12:00:00+00:00,61948.0390625,62087.91015625,61797.359375,61904.828125,0
2026-07-03 13:00:00+00:00,61920.3203125,62156.140625,61869.48828125,62051.1484375,0
2026-07-03 14:00:00+00:00,62037.359375,62206.76171875,61645.98828125,62098.96875,0
2026-07-03 15:00:00+00:00,62102.640625,62304.0,61753.44140625,61862.58984375,0
2026-07-03 16:00:00+00:00,61867.87109375,62065.98828125,61854.171875,62040.01953125,0
2026-07-03 17:00:00+00:00,62045.2890625,62228.30078125,62009.640625,62136.671875,0
2026-07-03 18:00:00+00:00,62148.23828125,62188.1796875,62064.0,62149.98828125,0
2026-07-03 19:00:00+00:00,62149.98828125,62256.0390625,62095.87890625,62151.328125,0
2026-07-03 20:00:00+00:00,62164.12109375,62817.51953125,62131.48828125,62715.23046875,642357248
2026-07-03 21:00:00+00:00,62727.828125,62872.05078125,62459.4296875,62669.3984375,0
2026-07-03 22:00:00+00:00,62668.23046875,62684.55078125,62471.6484375,62512.80859375,957353984
2026-07-03 23:00:00+00:00,62512.7890625,62644.30078125,62468.55859375,62554.140625,0
2026-07-04 00:00:00+00:00,62520.23046875,62881.33984375,62518.140625,62693.98828125,322349056
2026-07-04 01:00:00+00:00,62693.359375,62693.359375,62342.87109375,62403.51171875,195698688
2026-07-04 02:00:00+00:00,62418.62890625,62520.01953125,62369.12109375,62481.94921875,0
2026-07-04 03:00:00+00:00,62481.94921875,62674.01171875,62423.21875,62564.0390625,0
2026-07-04 04:00:00+00:00,62564.0390625,62682.9296875,62533.23828125,62639.41015625,0
2026-07-04 05:00:00+00:00,62625.609375,62625.609375,62381.0703125,62412.41015625,0
2026-07-04 06:00:00+00:00,62412.3984375,62508.6015625,62274.16015625,62434.8203125,0
2026-07-04 07:00:00+00:00,62434.8203125,62560.9609375,62404.5703125,62511.62890625,0
2026-07-04 08:00:00+00:00,62511.640625,62607.94140625,62452.921875,62497.37890625,0
2026-07-04 09:00:00+00:00,62502.4296875,62523.9609375,62351.73046875,62429.0390625,0
2026-07-04 10:00:00+00:00,62429.0390625,62486.0,62383.73046875,62450.078125,0
2026-07-04 11:00:00+00:00,62434.6796875,62498.0,62404.7890625,62428.51953125,0
2026-07-04 12:00:00+00:00,62426.1015625,62630.69140625,62426.1015625,62604.671875,0
2026-07-04 13:00:00+00:00,62604.66015625,62698.359375,62483.62109375,62538.0,0
2026-07-04 14:00:00+00:00,62535.3984375,62680.4296875,62535.3984375,62644.8203125,0
2026-07-04 15:00:00+00:00,62650.26953125,62956.8984375,62640.01171875,62881.21875,19519488
2026-07-04 16:00:00+00:00,62885.8203125,62917.7890625,62730.359375,62865.87890625,0
2026-07-04 17:00:00+00:00,62860.01171875,63356.12109375,62745.76171875,63221.1484375,509429760
2026-07-04 18:00:00+00:00,63230.94140625,63291.19140625,63043.23046875,63113.3515625,459352064
2026-07-04 19:00:00+00:00,63113.33984375,63398.73046875,63066.078125,63238.1796875,0
2026-07-04 20:00:00+00:00,63232.41015625,63340.1796875,63103.05078125,63180.55859375,0
2026-07-04 21:00:00+00:00,63187.8515625,63402.87109375,63151.4609375,63237.71875,0
2026-07-04 22:00:00+00:00,63237.98828125,63258.33984375,63105.6015625,63127.6796875,0
2026-07-04 23:00:00+00:00,63139.98828125,63181.5703125,62881.28125,63083.890625,129052672
2026-07-05 00:00:00+00:00,63086.44921875,63086.4609375,62869.2890625,62930.55078125,0
2026-07-05 01:00:00+00:00,62932.55859375,62986.73046875,62743.25,62831.6796875,0
2026-07-05 02:00:00+00:00,62822.76171875,62859.71875,62550.51171875,62639.98046875,78422016
2026-07-05 03:00:00+00:00,62641.03125,62738.30078125,62592.26171875,62711.2109375,0
2026-07-05 04:00:00+00:00,62708.78125,62894.0703125,62658.01953125,62776.4296875,101457920
2026-07-05 05:00:00+00:00,62747.5,62752.421875,62601.1015625,62679.01171875,0
2026-07-05 06:00:00+00:00,62687.51171875,62769.26953125,62613.73046875,62722.05859375,0
2026-07-05 07:00:00+00:00,62722.0703125,63001.37890625,62662.6015625,62958.44140625,0
2026-07-05 08:00:00+00:00,62958.16015625,63041.4296875,62841.0703125,62858.3515625,0
2026-07-05 09:00:00+00:00,62869.76953125,62876.75,62408.0,62569.5,105627648
2026-07-05 10:00:00+00:00,62558.87109375,62701.8203125,62488.19921875,62700.7890625,86398976
2026-07-05 11:00:00+00:00,62700.78125,62739.609375,62557.87109375,62575.6015625,84828160
2026-07-05 12:00:00+00:00,62597.921875,62716.9609375,62512.98046875,62692.421875,225087488
2026-07-05 13:00:00+00:00,62692.421875,62764.23046875,62600.6796875,62738.80859375,72845312
2026-07-05 14:00:00+00:00,62738.80078125,62763.80078125,62600.0,62758.87109375,0
2026-07-05 15:00:00+00:00,62758.87109375,62885.87890625,62621.25,62686.171875,0
2026-07-05 16:00:00+00:00,62686.171875,62711.87109375,62542.55078125,62571.0,516942848
2026-07-05 17:00:00+00:00,62582.51171875,62765.53125,62547.94140625,62571.3984375,0
2026-07-05 18:00:00+00:00,62571.3984375,62814.0,62563.7890625,62764.58984375,0
2026-07-05 19:00:00+00:00,62746.3984375,62823.8515625,62672.16015625,62716.7109375,0
2026-07-05 20:00:00+00:00,62713.51171875,62781.41015625,62643.5,62673.9296875,0
2026-07-05 21:00:00+00:00,62673.9296875,63163.3515625,62552.7890625,63034.921875,224936960
2026-07-05 22:00:00+00:00,63019.96875,63848.51953125,62952.12109375,63682.0703125,1796741120
2026-07-05 23:00:00+00:00,63674.0,63938.05078125,63508.0,63583.51953125,690151424
2026-07-06 00:00:00+00:00,63581.19140625,63705.6484375,63294.0,63697.48046875,230195200
2026-07-06 01:00:00+00:00,63696.94921875,63851.48046875,63483.87890625,63510.62890625,83992576
2026-07-06 02:00:00+00:00,63508.19921875,63605.0703125,63305.3984375,63388.3203125,332650496
2026-07-06 03:00:00+00:00,63385.859375,63432.12890625,63076.30078125,63232.33984375,442503168
2026-07-06 04:00:00+00:00,63232.109375,63329.0,63121.51953125,63206.76171875,582404096
2026-07-06 05:00:00+00:00,63199.21875,63207.98828125,62896.03125,63048.44140625,576561152
2026-07-06 06:00:00+00:00,63048.87890625,63084.55078125,62913.5703125,62917.98046875,337324032
2026-07-06 07:00:00+00:00,62915.16015625,63053.75,62822.0390625,63024.26953125,168265728
2026-07-06 08:00:00+00:00,63024.26953125,63175.578125,62768.48828125,62833.37890625,0
2026-07-06 09:00:00+00:00,62833.37890625,62851.171875,62564.05078125,62597.66015625,720941056
2026-07-06 10:00:00+00:00,62597.66015625,62970.890625,62591.69921875,62756.26953125,0
2026-07-06 11:00:00+00:00,62765.48828125,62934.0,62421.8515625,62421.8515625,685877248
2026-07-06 12:00:00+00:00,62412.0,62412.0,61610.96875,61691.80859375,2682660864
2026-07-06 13:00:00+00:00,61675.44921875,61982.25,61268.37109375,61710.359375,3159451648
2026-07-06 14:00:00+00:00,61702.94921875,62330.6015625,61664.921875,61992.48828125,2389997568
2026-07-06 15:00:00+00:00,61999.98828125,63510.7109375,61997.76171875,63489.828125,2379450368
2026-07-06 16:00:00+00:00,63512.05078125,63808.9296875,63352.5,63691.23046875,3002511360
2026-07-06 17:00:00+00:00,63681.62890625,63896.37109375,63524.01171875,63536.16015625,849530880
2026-07-06 18:00:00+00:00,63545.76953125,63832.01953125,63511.44921875,63650.0,573980672
2026-07-06 19:00:00+00:00,63652.08984375,63848.55859375,63610.05078125,63681.8984375,158543872
2026-07-06 20:00:00+00:00,63692.96875,63850.03125,63539.69921875,63784.6015625,351186944
2026-07-06 21:00:00+00:00,63784.6015625,64596.55078125,63764.80078125,64440.0390625,1361907712
2026-07-06 22:00:00+00:00,64438.01171875,64438.01171875,64104.55078125,64197.62890625,0
2026-07-06 23:00:00+00:00,64197.8203125,64285.5,63979.80078125,64001.83984375,0
2026-07-07 00:00:00+00:00,64006.01171875,64272.921875,63975.4296875,64153.7890625,0
2026-07-07 01:00:00+00:00,64145.23828125,64145.23828125,63744.01953125,63796.44140625,201445376
2026-07-07 02:00:00+00:00,63788.55078125,63855.4296875,63249.33984375,63280.26953125,126971904
2026-07-07 03:00:00+00:00,63276.48828125,63362.7109375,63101.01953125,63140.03125,383225856
2026-07-07 04:00:00+00:00,63132.8984375,63229.98828125,63010.390625,63048.37890625,360407040
2026-07-07 05:00:00+00:00,63048.37890625,63213.0,62745.91015625,63075.3203125,0
2026-07-07 06:00:00+00:00,63073.48828125,63342.5390625,62937.12890625,63285.0,587661312
2026-07-07 07:00:00+00:00,63283.01953125,63387.91015625,63024.8515625,63035.4609375,204738560
2026-07-07 08:00:00+00:00,63047.671875,63134.16015625,62955.828125,63045.73828125,0
2026-07-07 09:00:00+00:00,63045.73828125,63274.83984375,63002.55859375,63187.8984375,17764352
2026-07-07 10:00:00+00:00,63198.37890625,63400.98828125,63173.859375,63222.921875,0
2026-07-07 11:00:00+00:00,63172.76953125,63388.98828125,63060.12890625,63345.58984375,0
2026-07-07 12:00:00+00:00,63345.26171875,63797.12890625,63333.0,63418.30078125,0
2026-07-07 13:00:00+00:00,63409.98828125,63415.9609375,62929.578125,62973.55859375,0
2026-07-07 14:00:00+00:00,62980.0,63557.69140625,62609.94921875,63506.8984375,145612800
2026-07-07 15:00:00+00:00,63477.69921875,64050.25,63316.01953125,63878.109375,0
2026-07-07 16:00:00+00:00,63890.73828125,64198.19921875,63760.01171875,63936.87109375,0
2026-07-07 17:00:00+00:00,63923.98828125,64189.55859375,63848.25,64135.98828125,0
2026-07-07 18:00:00+00:00,64122.3203125,64126.53125,63632.03125,63632.03125,373235712
2026-07-07 19:00:00+00:00,63653.66015625,63846.37109375,63334.01171875,63752.01171875,936026112
2026-07-07 20:00:00+00:00,63793.7890625,63863.69140625,63566.69921875,63655.94921875,0
2026-07-07 21:00:00+00:00,63659.30859375,63817.5,63296.7109375,63388.91015625,0
2026-07-07 22:00:00+00:00,63382.25,63613.12890625,63190.37109375,63505.0703125,0
2026-07-07 23:00:00+00:00,63502.23046875,63670.69140625,63275.98828125,63325.01171875,0
2026-07-08 00:00:00+00:00,63322.05859375,63696.2109375,63269.26953125,63571.75,96026624
2026-07-08 01:00:00+00:00,63572.30859375,63604.51171875,62886.5,62992.421875,287655936
2026-07-08 02:00:00+00:00,62978.5703125,63010.33984375,62487.0390625,62936.359375,743124992
2026-07-08 03:00:00+00:00,62955.890625,63049.21875,62651.66015625,62718.58984375,0
2026-07-08 04:00:00+00:00,62714.0390625,62857.640625,62632.3515625,62748.16015625,0
2026-07-08 05:00:00+00:00,62744.30859375,62821.5,62499.98828125,62588.76171875,0
2026-07-08 06:00:00+00:00,62584.19921875,62693.01953125,62427.7890625,62605.8984375,0
2026-07-08 07:00:00+00:00,62615.08984375,62845.98828125,62493.578125,62834.44140625,0
2026-07-08 08:00:00+00:00,62811.53125,62887.01953125,61834.3984375,61950.21875,1443497984
2026-07-08 09:00:00+00:00,61945.3984375,62110.4296875,61683.6796875,62001.80859375,1313728512
2026-07-08 10:00:00+00:00,62019.390625,62131.62109375,61844.2109375,62128.01171875,298932224
2026-07-08 11:00:00+00:00,62117.05859375,62331.05859375,62000.0,62245.44140625,259733504
2026-07-08 12:00:00+00:00,62249.3203125,62360.5,61895.98046875,61895.98046875,0
2026-07-08 13:00:00+00:00,61900.2109375,62028.62109375,61565.359375,61871.6484375,0
2026-07-08 14:00:00+00:00,61872.578125,62113.5,61642.609375,61826.44140625,0
2026-07-08 15:00:00+00:00,61838.1015625,61848.0,61470.921875,61632.8984375,0
2026-07-08 16:00:00+00:00,61638.1796875,62087.640625,61622.0,62045.7890625,0
2026-07-08 17:00:00+00:00,62042.01171875,62340.55078125,61966.6796875,62041.98828125,0
2026-07-08 18:00:00+00:00,62050.05859375,62302.0,61982.5703125,62126.23046875,0
2026-07-08 19:00:00+00:00,62137.9609375,62237.2890625,62012.5,62229.0703125,0
2026-07-08 20:00:00+00:00,62199.1015625,62260.73046875,62035.6484375,62059.55859375,0
2026-07-08 21:00:00+00:00,62060.37109375,62186.4296875,61912.05078125,62132.1015625,163348480
2026-07-08 22:00:00+00:00,62140.96875,62289.48828125,62123.98828125,62283.3515625,0
2026-07-08 23:00:00+00:00,62283.3515625,62299.890625,62119.01953125,62237.69921875,0
2026-07-09 00:00:00+00:00,62237.7109375,62263.58984375,62006.5703125,62084.53125,0
2026-07-09 01:00:00+00:00,62084.03125,62584.0,61808.0,61856.6484375,0
2026-07-09 02:00:00+00:00,61874.5703125,62070.421875,61638.0,61723.53125,0
2026-07-09 03:00:00+00:00,61735.01171875,62007.69921875,61675.30078125,61913.98828125,266387456
2026-07-09 04:00:00+00:00,61941.8984375,62402.66015625,61903.19140625,62402.01171875,0
2026-07-09 05:00:00+00:00,62389.3984375,62555.8984375,62183.80859375,62537.390625,347435008
2026-07-09 06:00:00+00:00,62542.48828125,62904.73046875,62430.6796875,62902.0,494761984
2026-07-09 07:00:00+00:00,62892.609375,63147.98828125,62739.98046875,62947.26171875,737040384
2026-07-09 08:00:00+00:00,62953.98046875,63028.83984375,62794.12109375,62839.98828125,0
2026-07-09 09:00:00+00:00,62836.859375,62940.91015625,62730.87109375,62894.28125,0
2026-07-09 10:00:00+00:00,62888.7109375,62992.9609375,62634.37890625,62722.51953125,0
2026-07-09 11:00:00+00:00,62722.51953125,62771.2890625,62549.5390625,62718.96875,0
2026-07-09 12:00:00+00:00,62699.578125,62896.0,62404.98828125,62551.0,1863593984
2026-07-09 13:00:00+00:00,62562.0,63161.0,62460.0,62968.1484375,0
2026-07-09 14:00:00+00:00,62992.96875,63073.671875,62602.44921875,62955.69140625,0
2026-07-09 15:00:00+00:00,62970.1484375,63191.828125,62748.33984375,62805.80859375,0
2026-07-09 16:00:00+00:00,62806.87890625,62947.69921875,62503.9609375,62629.8984375,0
2026-07-09 17:00:00+00:00,62645.921875,63103.26953125,62613.890625,63088.25,0
2026-07-09 18:00:00+00:00,63099.609375,63439.28125,63020.98828125,63166.2890625,1170317312
2026-07-09 19:00:00+00:00,63175.66015625,63325.390625,63100.0,63188.30859375,0
2026-07-09 20:00:00+00:00,63205.0,63275.87109375,63124.01953125,63257.5,0
2026-07-09 21:00:00+00:00,63270.0,63346.51953125,63155.23828125,63223.69140625,0
2026-07-09 22:00:00+00:00,63223.69921875,63369.98046875,63160.8203125,63169.76171875,0
2026-07-09 23:00:00+00:00,63169.76171875,63276.01171875,63008.25,63175.25,483547136
2026-07-10 00:00:00+00:00,63170.96875,63202.921875,62880.890625,63058.16015625,0
2026-07-10 01:00:00+00:00,63070.109375,63887.7109375,62901.78125,63699.98828125,200876032
2026-07-10 02:00:00+00:00,63717.01953125,63991.4296875,63638.71875,63911.25,690274304
2026-07-10 03:00:00+00:00,63911.25,63991.390625,63772.58984375,63899.98828125,0
2026-07-10 04:00:00+00:00,63911.23828125,64127.46875,63807.6484375,64004.03125,324382720
2026-07-10 05:00:00+00:00,64004.03125,64151.58984375,63900.0,64076.23046875,853338112
2026-07-10 06:00:00+00:00,64078.78125,64118.33984375,63789.6484375,63812.03125,18575360
2026-07-10 07:00:00+00:00,63820.12109375,63975.71875,63763.98046875,63932.71875,0
2026-07-10 08:00:00+00:00,63938.1484375,64344.98046875,63931.0,64201.5390625,0
2026-07-10 09:00:00+00:00,64187.37109375,64438.01171875,64057.5,64341.83984375,0
2026-07-10 10:00:00+00:00,64341.828125,64446.83984375,64232.23828125,64355.3203125,144955392
2026-07-10 11:00:00+00:00,64360.5390625,64435.66015625,64294.359375,64379.0390625,0
2026-07-10 12:00:00+00:00,64390.94140625,64564.3984375,64222.2109375,64239.0,0
2026-07-10 13:00:00+00:00,64241.44921875,64659.98828125,64094.8984375,64438.37890625,37197824
2026-07-10 14:00:00+00:00,64420.33984375,64469.171875,63784.0,63862.87109375,1036816384
2026-07-10 15:00:00+00:00,63848.6796875,64154.3515625,63841.80859375,63950.5703125,0
2026-07-10 16:00:00+00:00,63977.55078125,64166.48828125,63770.76171875,64085.80078125,305817600
2026-07-10 17:00:00+00:00,64072.48046875,64100.01953125,63771.5390625,63773.421875,0
2026-07-10 18:00:00+00:00,63779.28125,63926.9609375,63691.4609375,63760.3203125,0
2026-07-10 19:00:00+00:00,63736.3984375,64003.44140625,63724.328125,63876.25,6465536
2026-07-10 20:00:00+00:00,63892.01171875,63892.01171875,63621.3515625,63788.75,1511383040
2026-07-10 21:00:00+00:00,63788.76171875,64039.19921875,63780.078125,63970.390625,0
2026-07-10 22:00:00+00:00,63961.6015625,64121.921875,63935.01953125,64068.69921875,115216384
2026-07-10 23:00:00+00:00,64068.87109375,64174.41015625,63974.890625,64128.48828125,299245568
2026-07-11 00:00:00+00:00,64125.28125,64130.37890625,63992.48828125,64076.69140625,0
2026-07-11 01:00:00+00:00,64076.5390625,64260.55859375,63963.359375,63970.46875,0
2026-07-11 02:00:00+00:00,63973.73046875,64128.859375,63940.33984375,64116.98046875,0
2026-07-11 03:00:00+00:00,64114.390625,64153.98046875,64027.73828125,64107.6796875,0
2026-07-11 04:00:00+00:00,64107.671875,64165.75,64036.83984375,64111.33984375,0
2026-07-11 05:00:00+00:00,64111.33984375,64180.03125,64069.98828125,64125.37890625,0
2026-07-11 06:00:00+00:00,64125.37890625,64230.98828125,64075.05078125,64169.578125,0
2026-07-11 07:00:00+00:00,64167.421875,64206.01953125,64102.890625,64111.58984375,0
2026-07-11 08:00:00+00:00,64111.58984375,64256.01171875,64100.46875,64216.87109375,0
2026-07-11 09:00:00+00:00,64216.87109375,64249.62890625,64097.19140625,64107.6796875,0
2026-07-11 10:00:00+00:00,64114.3515625,64142.73046875,64083.0703125,64138.078125,0
2026-07-11 11:00:00+00:00,64141.2890625,64161.19921875,64116.0,64145.26953125,0
2026-07-11 12:00:00+00:00,64145.26953125,64183.1015625,64081.08984375,64141.46875,0
2026-07-11 13:00:00+00:00,64141.46875,64219.96875,64114.96875,64195.03125,0
2026-07-11 14:00:00+00:00,64195.03125,64453.19921875,64195.03125,64297.671875,0
2026-07-11 15:00:00+00:00,64300.890625,64427.98828125,63964.0,64120.171875,14603264
2026-07-11 16:00:00+00:00,64120.171875,64217.05078125,64038.51953125,64132.71875,0
2026-07-11 17:00:00+00:00,64132.71875,64350.01171875,64114.9609375,64271.48046875,0
2026-07-11 18:00:00+00:00,64265.51953125,64345.69140625,64239.359375,64281.98828125,0
2026-07-11 19:00:00+00:00,64281.98828125,64299.96875,64187.76171875,64245.98828125,0
2026-07-11 20:00:00+00:00,64245.98828125,64416.98046875,64241.58984375,64337.109375,0
2026-07-11 21:00:00+00:00,64337.109375,64385.921875,64293.05859375,64310.37890625,0
2026-07-11 22:00:00+00:00,64310.37890625,64383.25,64100.5703125,64158.078125,0
2026-07-11 23:00:00+00:00,64158.0703125,64208.69140625,63773.05078125,63773.05078125,409771008
2026-07-12 00:00:00+00:00,63773.6015625,63870.1796875,63667.23828125,63783.71875,1519595520
2026-07-12 01:00:00+00:00,63789.8515625,64132.28125,63770.91015625,64085.26171875,385587200
2026-07-12 02:00:00+00:00,64085.26171875,64091.8203125,63988.01171875,64031.23828125,370010112
2026-07-12 03:00:00+00:00,64031.23828125,64179.359375,63991.19921875,64179.359375,505279488
2026-07-12 04:00:00+00:00,64179.140625,64198.671875,63899.5703125,63962.0703125,235947008
2026-07-12 05:00:00+00:00,63962.0703125,63983.62109375,63860.6796875,63925.6796875,0
2026-07-12 06:00:00+00:00,63919.2890625,63921.48046875,63601.30078125,63714.75,489414656
2026-07-12 07:00:00+00:00,63714.75,63857.98828125,63695.21875,63843.69921875,54304768
2026-07-12 08:00:00+00:00,63843.69921875,64056.03125,63837.30078125,63940.078125,1289691136
2026-07-12 09:00:00+00:00,63941.44140625,63998.46875,63722.76171875,63915.19921875,2463199232
2026-07-12 10:00:00+00:00,63915.19921875,63915.19921875,63795.46875,63812.0,284975104
2026-07-12 11:00:00+00:00,63816.46875,63979.80078125,63777.12109375,63966.5390625,0
2026-07-12 12:00:00+00:00,63940.98046875,64082.80859375,63929.3203125,63982.16015625,0
2026-07-12 13:00:00+00:00,63982.171875,64053.078125,63951.16015625,63980.53125,0
2026-07-12 14:00:00+00:00,63980.51953125,64205.3203125,63918.3984375,64158.640625,0
2026-07-12 15:00:00+00:00,64155.4296875,64213.6015625,64075.98828125,64136.51953125,0
2026-07-12 16:00:00+00:00,64137.62109375,64170.578125,64013.05078125,64131.7890625,0
2026-07-12 17:00:00+00:00,64131.78125,64138.66015625,63991.19921875,64034.91015625,0
2026-07-12 18:00:00+00:00,64037.05859375,64112.44140625,63975.62890625,64109.19140625,1302528
2026-07-12 19:00:00+00:00,64109.19921875,64219.98046875,64104.46875,64193.87109375,0
2026-07-12 20:00:00+00:00,64193.87109375,64216.44140625,64131.12109375,64161.75,0
2026-07-12 21:00:00+00:00,64161.73828125,64198.26953125,63851.48046875,63883.78125,222574592
2026-07-12 22:00:00+00:00,63796.48828125,63890.4296875,63625.0,63846.05859375,321884160
2026-07-12 23:00:00+00:00,63842.41015625,63874.21875,63688.0,63740.3203125,0
2026-07-13 00:00:00+00:00,63734.03125,64337.73828125,63520.01171875,64024.78125,0
2026-07-13 01:00:00+00:00,64015.390625,64015.390625,63361.48828125,63368.76171875,290564096
2026-07-13 02:00:00+00:00,63327.05859375,63495.94921875,63199.8984375,63322.640625,612128768
2026-07-13 03:00:00+00:00,63326.94140625,63335.3515625,62691.73046875,62758.578125,564303872
2026-07-13 04:00:00+00:00,62725.87109375,62852.9609375,62597.51171875,62624.44921875,276889600
2026-07-13 05:00:00+00:00,62633.109375,62858.3515625,62470.46875,62749.859375,719075328
2026-07-13 06:00:00+00:00,62773.51171875,62821.55859375,62662.55078125,62744.48046875,0
2026-07-13 07:00:00+00:00,62758.48828125,63008.62109375,62695.51171875,62935.5703125,942792704
2026-07-13 08:00:00+00:00,62935.9609375,63219.30859375,62881.0390625,63142.5,324892672
2026-07-13 09:00:00+00:00,63131.5,63139.671875,63021.71875,63040.55859375,0
2026-07-13 10:00:00+00:00,63039.0,63076.98828125,62794.87890625,62801.7890625,437700608
2026-07-13 11:00:00+00:00,62811.0,63067.73046875,62811.0,62842.98046875,300711936
2026-07-13 12:00:00+00:00,62847.51171875,62910.828125,62505.859375,62561.5,783476736
2026-07-13 13:00:00+00:00,62553.98828125,62698.4296875,62090.359375,62249.3203125,1643718656
2026-07-13 14:00:00+00:00,62237.0,62722.01171875,62039.12109375,62713.05859375,2375000064
2026-07-13 15:00:00+00:00,62720.578125,62901.87890625,62500.8203125,62555.98046875,826023936
2026-07-13 16:00:00+00:00,62554.80078125,62559.62109375,62141.53125,62204.80078125,1329143808
2026-07-13 17:00:00+00:00,62207.44140625,62293.3984375,61826.609375,61829.0,949397504
2026-07-13 18:00:00+00:00,61831.03125,62029.9609375,61750.8984375,61945.0703125,1098096640
2026-07-13 19:00:00+00:00,61951.55859375,62221.94921875,61912.5,62215.1484375,421785600
2026-07-13 20:00:00+00:00,62189.53125,62261.51171875,61994.4296875,62141.0,170680320
2026-07-13 21:00:00+00:00,62147.859375,62157.140625,61836.26953125,61994.0,321966080
2026-07-13 22:00:00+00:00,62002.44140625,62159.26171875,61827.98828125,61840.890625,6693955584
2026-07-13 23:00:00+00:00,61843.41015625,62271.5703125,61799.30859375,62264.94140625,103223296
2026-07-14 00:00:00+00:00,62276.87109375,62592.7109375,62191.140625,62481.0,0
2026-07-14 01:00:00+00:00,62486.9296875,62569.98828125,62385.0390625,62459.4609375,0
2026-07-14 02:00:00+00:00,62459.44921875,62568.30859375,62252.30078125,62471.4296875,0
2026-07-14 03:00:00+00:00,62477.94921875,62532.55859375,62240.76171875,62501.51953125,0
2026-07-14 04:00:00+00:00,62500.01171875,62700.0,62466.41015625,62673.76171875,0
2026-07-14 05:00:00+00:00,62660.3984375,62806.0,62622.48046875,62654.01171875,0
2026-07-14 06:00:00+00:00,62644.0,62695.171875,62498.19140625,62543.8203125,178616320
2026-07-14 07:00:00+00:00,62541.140625,62575.08984375,62427.30078125,62467.62890625,0
2026-07-14 08:00:00+00:00,62464.3203125,62721.921875,62425.94140625,62631.30859375,0
2026-07-14 09:00:00+00:00,62633.8203125,62663.0390625,62456.9609375,62554.05078125,110671872
2026-07-14 10:00:00+00:00,62557.05859375,62830.9609375,62535.03125,62725.6015625,0
2026-07-14 11:00:00+00:00,62728.2109375,62840.62109375,62641.98828125,62769.76171875,82696192
2026-07-14 12:00:00+00:00,62784.46875,63888.0,62710.87890625,63884.7890625,1951109120
2026-07-14 13:00:00+00:00,63885.30078125,64083.4296875,63638.23828125,63780.01171875,633546752
2026-07-14 14:00:00+00:00,63774.98046875,64255.609375,63539.8984375,64249.1796875,0
2026-07-14 15:00:00+00:00,64244.171875,64878.87109375,64143.828125,64688.94140625,1854179328
2026-07-14 16:00:00+00:00,64728.0390625,64855.03125,64604.71875,64688.69140625,780318720
2026-07-14 17:00:00+00:00,64690.58984375,64690.58984375,64277.58984375,64586.359375,246996992
2026-07-14 18:00:00+00:00,64589.37109375,64615.48828125,64441.87109375,64532.94140625,0
2026-07-14 19:00:00+00:00,64533.41015625,64672.46875,64447.37890625,64534.05078125,0
2026-07-14 20:00:00+00:00,64548.0,64552.5,64373.5703125,64521.44921875,19736576
2026-07-14 21:00:00+00:00,64521.44921875,64828.1015625,64480.9609375,64634.83984375,136163328
2026-07-14 22:00:00+00:00,64634.828125,65020.78125,64478.7890625,64815.83984375,707497984
2026-07-14 23:00:00+00:00,64815.828125,65001.48828125,64737.859375,64988.66015625,228012032
2026-07-15 00:00:00+00:00,64996.171875,65016.44140625,64718.16015625,64774.46875,0
2026-07-15 01:00:00+00:00,64789.98828125,64807.26953125,64592.51171875,64624.46875,0
2026-07-15 02:00:00+00:00,64624.48046875,64707.05859375,64431.51953125,64440.87109375,0
2026-07-15 03:00:00+00:00,64440.87109375,64793.76171875,64440.51953125,64736.671875,118837248
2026-07-15 04:00:00+00:00,64732.0,64833.58984375,64664.96875,64698.0703125,0
2026-07-15 05:00:00+00:00,64731.96875,64912.69921875,64552.01171875,64882.9609375,0
2026-07-15 06:00:00+00:00,64890.55078125,65213.28125,64768.0,64772.71875,574838784
2026-07-15 07:00:00+00:00,64781.4609375,64836.23046875,64437.96875,64504.359375,945825792
2026-07-15 08:00:00+00:00,64520.0,64738.0,64505.1015625,64719.9296875,152492032
2026-07-15 09:00:00+00:00,64714.51953125,64870.75,64600.0,64615.578125,159608832
2026-07-15 10:00:00+00:00,64595.8515625,64798.3515625,64563.1796875,64603.96875,0
2026-07-15 11:00:00+00:00,64605.98046875,64700.0,64567.98828125,64676.8984375,74805248
2026-07-15 12:00:00+00:00,64677.98828125,65185.921875,64545.19921875,65106.41015625,0
2026-07-15 13:00:00+00:00,65112.609375,65510.44921875,64824.5390625,65060.0390625,369016832
2026-07-15 14:00:00+00:00,65078.62890625,65462.0390625,65012.0390625,65339.5,190306304
2026-07-15 15:00:00+00:00,65323.98828125,65499.98828125,65200.01171875,65369.98046875,0
2026-07-15 16:00:00+00:00,65388.71875,65413.87890625,64725.9609375,65060.48828125,0
2026-07-15 17:00:00+00:00,65072.1796875,65139.3203125,64916.8984375,65005.03125,0
2026-07-15 18:00:00+00:00,64997.578125,65085.828125,64798.6484375,64812.6796875,321009664
2026-07-15 19:00:00+00:00,64816.578125,64968.48046875,64702.78125,64927.421875,10137600
2026-07-15 20:00:00+00:00,64943.609375,65014.5390625,64874.53125,64927.94921875,29859840
2026-07-15 21:00:00+00:00,64927.9609375,64983.69921875,64750.0,64792.96875,0
2026-07-15 22:00:00+00:00,64789.609375,64942.328125,64727.25,64821.01953125,0
2026-07-15 23:00:00+00:00,64819.3984375,64900.0,64667.37890625,64712.01171875,0
2026-07-16 00:00:00+00:00,64697.48828125,64803.76953125,64453.98828125,64536.0,414722048
2026-07-16 01:00:00+00:00,64552.28125,64785.37890625,64347.0,64689.078125,27205632
2026-07-16 02:00:00+00:00,64689.078125,64689.078125,64531.1484375,64595.8515625,0
2026-07-16 03:00:00+00:00,64592.21875,64694.12890625,64501.30859375,64560.0,0
2026-07-16 04:00:00+00:00,64562.140625,64638.0390625,64488.75,64574.55078125,374847488
2026-07-16 05:00:00+00:00,64587.76953125,64940.75,64545.03125,64865.140625,153446400
2026-07-16 06:00:00+00:00,64865.140625,64911.078125,64588.58984375,64719.01171875,0
2026-07-16 07:00:00+00:00,64719.01953125,64722.87890625,64042.8515625,64172.640625,0
2026-07-16 08:00:00+00:00,64170.421875,64301.2890625,63834.37109375,64067.87109375,2842585088
2026-07-16 09:00:00+00:00,64071.7109375,64122.078125,63962.69140625,64036.6015625,2886025216
2026-07-16 10:00:00+00:00,64035.140625,64209.6484375,64015.98046875,64165.73046875,343705600
2026-07-16 11:00:00+00:00,64175.01171875,64220.171875,64048.01171875,64200.0,0
2026-07-16 12:00:00+00:00,64188.8203125,64197.80859375,63802.48828125,63914.109375,0
2026-07-16 13:00:00+00:00,63938.76953125,64418.16015625,63918.66015625,64320.1796875,0
2026-07-16 14:00:00+00:00,64322.25,64780.73828125,64278.19921875,64493.2109375,0
2026-07-16 15:00:00+00:00,64529.4296875,64825.37890625,64264.58984375,64660.55078125,0
2026-07-16 16:00:00+00:00,64667.01171875,64671.8984375,64286.109375,64436.91015625,0
2026-07-16 17:00:00+00:00,64430.671875,64434.828125,63943.83984375,64029.76171875,0
2026-07-16 18:00:00+00:00,64028.421875,64285.44921875,64009.51171875,64201.46875,0
2026-07-16 19:00:00+00:00,64188.80859375,64261.05078125,64099.62890625,64218.4609375,0
2026-07-16 20:00:00+00:00,64217.5390625,64233.1796875,64060.48046875,64066.1484375,0
2026-07-16 21:00:00+00:00,64063.80859375,64188.30859375,64047.0390625,64113.03125,0
2026-07-16 22:00:00+00:00,64126.25,64184.91015625,63900.0,63918.8203125,313681920
2026-07-16 23:00:00+00:00,63898.2109375,63958.01171875,63690.78125,63769.87109375,438210560
2026-07-17 00:00:00+00:00,63772.05078125,63852.01171875,63559.62890625,63833.859375,0
2026-07-17 01:00:00+00:00,63836.44140625,64009.62890625,63418.87109375,63489.0,282269696
2026-07-17 02:00:00+00:00,63464.62890625,63596.08984375,63330.4296875,63430.08984375,434837504
2026-07-17 03:00:00+00:00,63434.8515625,63661.87890625,63425.421875,63508.140625,208195584
2026-07-17 04:00:00+00:00,63508.1484375,63514.28125,63259.73828125,63423.171875,0
2026-07-17 05:00:00+00:00,63396.51171875,63397.48828125,62747.19921875,62782.58984375,1383671808
2026-07-17 06:00:00+00:00,62765.48828125,62931.33984375,62657.51953125,62890.91015625,786272256
2026-07-17 07:00:00+00:00,62851.23046875,62927.26171875,62741.48046875,62770.80859375,113352704
2026-07-17 08:00:00+00:00,62766.078125,62875.5390625,62603.78125,62826.01171875,0
2026-07-17 09:00:00+00:00,62826.01171875,63003.76953125,62795.51953125,62927.94140625,0
2026-07-17 10:00:00+00:00,62934.890625,63133.9296875,62924.25,63119.71875,46807040
2026-07-17 11:00:00+00:00,63119.71875,63296.62109375,63001.6015625,63230.48046875,153339904
2026-07-17 12:00:00+00:00,63237.73828125,63285.91015625,63012.640625,63037.98828125,0
2026-07-17 13:00:00+00:00,63042.140625,63112.87109375,62462.5390625,63089.91015625,581152768
2026-07-17 14:00:00+00:00,63135.01171875,63443.4296875,63021.30078125,63113.828125,640800768
2026-07-17 15:00:00+00:00,63108.2109375,63403.171875,62799.078125,63403.171875,0
2026-07-17 16:00:00+00:00,63381.98828125,63666.12109375,63262.890625,63549.01171875,268142592
2026-07-17 17:00:00+00:00,63550.109375,64190.890625,63550.109375,64015.0390625,414912512
2026-07-17 18:00:00+00:00,64031.359375,64353.55859375,63851.25,64224.2109375,1105590272
2026-07-17 19:00:00+00:00,64213.109375,64225.33984375,63938.87890625,64099.23828125,255332352
2026-07-17 20:00:00+00:00,64096.69140625,64153.33984375,63914.23828125,64077.44921875,462592000
2026-07-17 21:00:00+00:00,64077.44921875,64186.0390625,64026.44921875,64071.5,108318720
2026-07-17 22:00:00+00:00,64066.01953125,64109.16015625,63875.078125,63937.98828125,0
2026-07-17 23:00:00+00:00,63937.98828125,63972.359375,63840.640625,63889.66015625,0
2026-07-18 00:00:00+00:00,63893.98828125,63965.75,63850.12890625,63865.75,0
2026-07-18 01:00:00+00:00,63871.73828125,63959.73046875,63842.3515625,63916.0,0
2026-07-18 02:00:00+00:00,63916.0,63988.3203125,63884.46875,63912.28125,0
2026-07-18 03:00:00+00:00,63912.28125,63977.55859375,63888.48046875,63970.76171875,0
2026-07-18 04:00:00+00:00,63976.0,63976.0,63895.98828125,63925.87109375,0
2026-07-18 05:00:00+00:00,63925.87109375,63954.71875,63875.30859375,63925.6015625,0
2026-07-18 06:00:00+00:00,63924.328125,63962.7109375,63901.37109375,63935.4296875,0
2026-07-18 07:00:00+00:00,63935.4296875,63984.80859375,63925.69140625,63967.62890625,0
2026-07-18 08:00:00+00:00,63950.921875,63980.26171875,63910.94921875,63960.0,0
2026-07-18 09:00:00+00:00,63960.0,63963.640625,63899.4609375,63943.69921875,0
2026-07-18 10:00:00+00:00,63940.8984375,63969.4296875,63939.3203125,63961.48046875,0
2026-07-18 11:00:00+00:00,63961.48046875,64041.16015625,63960.23828125,64016.19140625,0
2026-07-18 12:00:00+00:00,64024.62109375,64211.98046875,64009.37890625,64164.48046875,66361344
2026-07-18 13:00:00+00:00,64164.48046875,64164.48046875,63921.6015625,64065.0703125,0
2026-07-18 14:00:00+00:00,64076.1484375,64151.0,64054.078125,64085.46875,0
2026-07-18 15:00:00+00:00,64087.19140625,64113.1796875,63987.8515625,64076.87890625,0
2026-07-18 16:00:00+00:00,64076.87890625,64267.51953125,64040.76171875,64259.01953125,0
2026-07-18 17:00:00+00:00,64264.19140625,64449.98828125,64227.98828125,64438.76953125,0
2026-07-18 18:00:00+00:00,64443.3203125,64591.3515625,64436.7890625,64468.23828125,0
2026-07-18 19:00:00+00:00,64472.01953125,64561.91015625,64443.12890625,64515.48046875,0
2026-07-18 20:00:00+00:00,64521.44140625,64690.7109375,64470.53125,64654.578125,130798592
2026-07-18 21:00:00+00:00,64652.66015625,64808.46875,64576.640625,64692.01171875,0
2026-07-18 22:00:00+00:00,64692.01171875,64825.671875,64668.640625,64764.3203125,304708608
2026-07-18 23:00:00+00:00,64764.328125,64807.2109375,64676.0,64793.76171875,6744064
2026-07-19 00:00:00+00:00,64799.609375,64861.9296875,64732.3515625,64732.94140625,205850624
2026-07-19 01:00:00+00:00,64745.87890625,64751.05859375,64722.37109375,64725.0,0
2026-07-19 02:00:00+00:00,64725.0,64910.03125,64667.46875,64784.08984375,351183872
2026-07-19 03:00:00+00:00,64784.08984375,64800.0,64585.5390625,64670.12109375,0
2026-07-19 04:00:00+00:00,64670.12109375,64752.01171875,64571.9609375,64681.46875,0
2026-07-19 05:00:00+00:00,64690.2890625,64767.1796875,64631.83984375,64682.2109375,0
2026-07-19 06:00:00+00:00,64679.69140625,64718.62890625,64650.23828125,64668.08984375,73436160
2026-07-19 07:00:00+00:00,64668.08984375,64736.0,64633.44921875,64678.0,42611712
2026-07-19 08:00:00+00:00,64678.0,64699.48046875,64585.609375,64668.44921875,195252224
2026-07-19 09:00:00+00:00,64672.30859375,64680.171875,64458.87890625,64470.3203125,105986048
2026-07-19 10:00:00+00:00,64470.3203125,64653.921875,64435.03125,64553.6484375,0
2026-07-19 11:00:00+00:00,64550.69140625,64596.0,64401.80859375,64426.69921875,0
2026-07-19 12:00:00+00:00,64420.21875,64420.21875,64238.078125,64398.0,255333376
2026-07-19 13:00:00+00:00,64399.2890625,64470.26171875,64259.19140625,64432.671875,479375360
2026-07-19 14:00:00+00:00,64432.30078125,64594.421875,64370.55859375,64547.19921875,158755840
2026-07-19 15:00:00+00:00,64547.2109375,64581.0703125,64451.75,64540.03125,17799168
2026-07-19 16:00:00+00:00,64532.48046875,64596.51171875,64460.01171875,64495.078125,79618048
2026-07-19 17:00:00+00:00,64490.1484375,64701.890625,64338.2109375,64504.55859375,0
2026-07-19 18:00:00+00:00,64502.3984375,64510.0,64256.76171875,64374.23046875,0
2026-07-19 19:00:00+00:00,64387.98046875,64423.5703125,64301.05078125,64410.0,0
2026-07-19 20:00:00+00:00,64410.0,64494.8203125,64410.0,64488.3203125,0
2026-07-19 21:00:00+00:00,64492.51171875,64518.3515625,64300.0,64372.609375,0
2026-07-19 22:00:00+00:00,64355.109375,64855.921875,64317.01953125,64629.21875,622130176
2026-07-19 23:00:00+00:00,64626.01171875,64727.87109375,64523.98828125,64681.828125,125468672
2026-07-20 00:00:00+00:00,64685.609375,65040.46875,64364.19921875,64503.0390625,644488192
2026-07-20 01:00:00+00:00,64510.94921875,64959.3515625,64453.9296875,64576.640625,472088576
2026-07-20 02:00:00+00:00,64575.76171875,64906.828125,64544.55078125,64775.7890625,0
2026-07-20 03:00:00+00:00,64775.7890625,64863.5390625,64599.44921875,64814.390625,0
2026-07-20 04:00:00+00:00,64820.98046875,64820.98046875,64485.87109375,64493.66015625,439355392
2026-07-20 05:00:00+00:00,64503.01171875,64504.94921875,64043.1015625,64072.46875,999267328
2026-07-20 06:00:00+00:00,64076.16015625,64160.7890625,63702.01171875,63859.03125,820592640
2026-07-20 07:00:00+00:00,63861.76171875,64245.19921875,63834.9296875,64214.23828125,815616000
2026-07-20 08:00:00+00:00,64199.76953125,64297.2890625,63829.98828125,63997.3515625,2564913152
2026-07-20 09:00:00+00:00,63997.3515625,64221.55859375,63952.421875,64138.71875,315140096
2026-07-20 10:00:00+00:00,64137.4609375,64354.37890625,64100.1015625,64242.3515625,6586368
2026-07-20 11:00:00+00:00,64250.69921875,65005.48046875,64218.12109375,64944.01171875,884346880
2026-07-20 12:00:00+00:00,64947.16015625,64947.16015625,64544.76171875,64585.98828125,427556864
2026-07-20 13:00:00+00:00,64599.71875,64695.62890625,64153.3203125,64274.640625,910170112
2026-07-20 14:00:00+00:00,64285.48828125,64480.0,64015.359375,64346.62890625,741005312
2026-07-20 15:00:00+00:00,64404.0,65580.0,64348.0,65551.0078125,2737639424
2026-07-20 16:00:00+00:00,65562.0,65591.1484375,65296.69921875,65454.01171875,1077618688
2026-07-20 17:00:00+00:00,65459.23046875,65591.8125,65289.73828125,65533.51953125,0
2026-07-20 18:00:00+00:00,65548.28125,65742.1328125,65150.01171875,65192.3203125,1193953280
2026-07-20 19:00:00+00:00,65181.0,65221.73828125,64990.25,65085.01953125,873455616
2026-07-20 20:00:00+00:00,65129.94921875,65390.55859375,65010.328125,65327.98828125,811008000
2026-07-20 21:00:00+00:00,65303.421875,65399.87890625,65226.41015625,65241.69140625,0
2026-07-20 22:00:00+00:00,65241.69140625,65241.69140625,65050.01171875,65105.44140625,0
2026-07-20 23:00:00+00:00,65106.78125,65231.12109375,65085.83984375,65213.05078125,0
2026-07-21 00:00:00+00:00,65192.12109375,65544.5625,65106.80078125,65522.30859375,0
2026-07-21 01:00:00+00:00,65509.5390625,65618.0,65188.7890625,65193.53125,0
2026-07-21 02:00:00+00:00,65194.21875,65446.98046875,65129.98046875,65366.94921875,0
2026-07-21 03:00:00+00:00,65366.94921875,65542.6328125,65363.53125,65528.21875,384976896
2026-07-21 04:00:00+00:00,65522.30859375,65695.4921875,65431.26171875,65472.01171875,565540864
2026-07-21 05:00:00+00:00,65462.94921875,65848.7890625,65441.23046875,65704.1015625,0
2026-07-21 06:00:00+00:00,65719.0390625,65946.8125,65596.8828125,65874.6796875,863668224
2026-07-21 07:00:00+00:00,65856.2109375,66194.90625,65822.4609375,66143.03125,0
2026-07-21 08:00:00+00:00,66145.3515625,66316.7890625,66086.2265625,66186.390625,0
2026-07-21 09:00:00+00:00,66186.390625,66310.09375,66114.0,66250.78125,0
2026-07-21 10:00:00+00:00,66260.6015625,66387.1484375,66135.0,66148.2109375,781248512
2026-07-21 11:00:00+00:00,66138.796875,66318.59375,66107.0234375,66309.46875,0
2026-07-21 12:00:00+00:00,66309.4609375,66592.03125,66227.7734375,66508.8515625,0
2026-07-21 13:00:00+00:00,66508.8515625,66760.2578125,66280.0078125,66742.921875,21803008
2026-07-21 14:00:00+00:00,66743.7109375,66915.8984375,66609.3515625,66809.71875,1558628352
2026-07-21 15:00:00+00:00,66804.3984375,66804.3984375,66499.953125,66648.3984375,0
2026-07-21 16:00:00+00:00,66647.578125,66728.0078125,66430.5625,66512.6328125,0
2026-07-21 17:00:00+00:00,66510.09375,66539.8984375,66103.1015625,66170.421875,458283008
2026-07-21 18:00:00+00:00,66180.421875,66324.7734375,66070.5390625,66282.0078125,0
2026-07-21 19:00:00+00:00,66278.6484375,66476.296875,66231.5625,66415.4375,0
2026-07-21 20:00:00+00:00,66466.0,66466.0,66324.0234375,66370.0078125,0
2026-07-21 21:00:00+00:00,66368.0,66378.53125,66248.6484375,66346.90625,425461760
2026-07-21 22:00:00+00:00,66329.9765625,66351.5703125,66183.421875,66268.0078125,0
2026-07-21 23:00:00+00:00,66263.671875,66532.890625,66187.6796875,66516.1796875,3618816
2026-07-22 00:00:00+00:00,66525.0078125,66696.421875,66499.0,66586.6875,635860992
2026-07-22 01:00:00+00:00,66583.3515625,66617.421875,66243.6875,66389.1796875,278083584
2026-07-22 02:00:00+00:00,66392.0,66493.34375,66253.6796875,66268.0078125,521433088
2026-07-22 03:00:00+00:00,66262.1015625,66330.328125,66133.796875,66166.75,0
2026-07-22 04:00:00+00:00,66153.78125,66380.8515625,66153.78125,66336.0,187021312
2026-07-22 05:00:00+00:00,66336.0,66336.0,65901.3828125,65937.328125,276082688
2026-07-22 06:00:00+00:00,65937.3203125,65983.9375,65786.140625,65891.2734375,0
2026-07-22 07:00:00+00:00,65890.7109375,65929.25,65668.6484375,65795.2734375,341962752
2026-07-22 08:00:00+00:00,65802.25,66112.3984375,65802.25,65940.4765625,586672128
2026-07-22 09:00:00+00:00,65933.5234375,66040.328125,65800.0625,65884.2734375,1107994624
2026-07-22 10:00:00+00:00,65884.2890625,66066.25,65850.0,66008.9921875,0
2026-07-22 11:00:00+00:00,65998.078125,66046.0234375,65862.4296875,65972.5,15548416
2026-07-22 12:00:00+00:00,65964.4375,65972.4375,65500.96875,65587.7578125,0
2026-07-22 13:00:00+00:00,65587.9921875,65937.859375,65514.859375,65914.7421875,0
2026-07-22 14:00:00+00:00,65899.2265625,66146.9765625,65549.53125,65760.953125,0
2026-07-22 15:00:00+00:00,65765.90625,66105.59375,65764.0,66020.0390625,0
2026-07-22 16:00:00+00:00,66012.7109375,66364.359375,65889.1171875,66208.5234375,32114688
2026-07-22 17:00:00+00:00,66204.828125,66256.140625,65914.6796875,66001.640625,0
2026-07-22 18:00:00+00:00,66000.9375,66051.0,65697.4765625,65858.296875,0
2026-07-22 19:00:00+00:00,65864.2578125,65932.5390625,65660.8984375,65900.9921875,0
2026-07-22 20:00:00+00:00,65830.1328125,65950.953125,65758.1171875,65892.421875,89208832
2026-07-22 21:00:00+00:00,65891.15625,66100.0,65863.7578125,66040.2578125,0
2026-07-22 22:00:00+00:00,66041.25,66041.25,65897.65625,66014.3828125,0
2026-07-22 23:00:00+00:00,66017.9921875,66113.890625,65814.5625,66086.609375,146616320
2026-07-23 00:00:00+00:00,66098.453125,66280.609375,66023.5625,66033.59375,0
2026-07-23 01:00:00+00:00,66032.859375,66180.3515625,65720.109375,65799.0078125,164464640
2026-07-23 02:00:00+00:00,65789.75,65818.140625,65630.953125,65777.2265625,0
2026-07-23 03:00:00+00:00,65781.6328125,65785.5703125,65544.09375,65624.5078125,0
2026-07-23 04:00:00+00:00,65604.3828125,65701.078125,65556.84375,65570.5390625,0
2026-07-23 05:00:00+00:00,65576.15625,65762.9921875,65531.828125,65660.203125,0
2026-07-23 06:00:00+00:00,65660.78125,65785.7109375,65591.9921875,65758.109375,0
2026-07-23 07:00:00+00:00,65749.453125,65749.453125,65318.25,65394.80859375,0
2026-07-23 08:00:00+00:00,65396.71875,65624.40625,65374.66015625,65619.2265625,0
2026-07-23 09:00:00+00:00,65591.203125,65718.6015625,65565.2265625,65607.0703125,0
2026-07-23 10:00:00+00:00,65617.8125,65761.0234375,65556.953125,65708.5625,0
2026-07-23 11:00:00+00:00,65708.5625,65709.8828125,65505.51171875,65525.21875,0
2026-07-23 12:00:00+00:00,65522.171875,65550.890625,64948.16015625,65132.140625,695375872
2026-07-23 13:00:00+00:00,65132.0,65184.62890625,64817.62890625,64836.0,0
2026-07-23 14:00:00+00:00,64844.5390625,65180.0,64780.0,64868.19921875,735115264
2026-07-23 15:00:00+00:00,64853.1484375,64976.01171875,64673.69140625,64898.25,239742976
2026-07-23 16:00:00+00:00,64898.7890625,64898.7890625,64656.0,64691.01171875,353916928
2026-07-23 17:00:00+00:00,64690.0,64829.05078125,64601.3515625,64619.12109375,210288640
2026-07-23 18:00:00+00:00,64619.12109375,64892.109375,64617.8984375,64807.578125,79642624
2026-07-23 19:00:00+00:00,64823.05859375,64879.1015625,64626.171875,64778.21875,377108480
2026-07-23 20:00:00+00:00,64763.578125,65143.5703125,64763.578125,65095.28125,244234240
2026-07-23 21:00:00+00:00,65097.58984375,65153.21875,64959.1015625,65120.19140625,10033152
2026-07-23 22:00:00+00:00,65120.19921875,65177.73828125,64962.7890625,65142.51171875,543023104
2026-07-23 23:00:00+00:00,65134.53125,65167.48046875,64997.609375,65051.23046875,507904
2026-07-24 00:00:00+00:00,65057.51171875,65057.98828125,64701.3515625,64925.8515625,0
2026-07-24 01:00:00+00:00,64928.4296875,65120.19140625,64894.69921875,65030.0,0
2026-07-24 02:00:00+00:00,65030.69921875,65135.94921875,64881.91015625,65066.98046875,0
2026-07-24 03:00:00+00:00,65066.98046875,65416.48828125,65019.9609375,65408.0,77557760
2026-07-24 04:00:00+00:00,65420.9296875,65420.9296875,65217.98828125,65240.96875,0
2026-07-24 05:00:00+00:00,65268.28125,65345.73046875,65205.98828125,65268.44140625,114759680
2026-07-24 06:00:00+00:00,65259.98828125,65464.58984375,65226.7890625,65426.94140625,716007424
2026-07-24 07:00:00+00:00,65432.55859375,65756.7578125,65316.0,65453.98046875,397283328
2026-07-24 08:00:00+00:00,65456.421875,65464.109375,65259.01953125,65259.01953125,68415488
2026-07-24 09:00:00+00:00,65257.0,65275.78125,64900.0,65064.2890625,35381248
2026-07-24 10:00:00+00:00,65074.73046875,65101.05859375,64855.21875,64903.08984375,294922240
2026-07-24 11:00:00+00:00,64903.08984375,65033.76953125,64800.01171875,65027.6484375,302503936
2026-07-24 12:00:00+00:00,65012.12890625,65072.98828125,64701.62109375,64715.98046875,0
2026-07-24 13:00:00+00:00,64738.0,64738.0,63848.2890625,64056.01171875,923621376
2026-07-24 14:00:00+00:00,64095.0,64139.328125,63669.5703125,63993.51171875,0
2026-07-24 15:00:00+00:00,63980.37890625,64257.578125,63782.03125,64034.75,1884684288
2026-07-24 16:00:00+00:00,64026.98828125,64139.75,63810.80078125,63889.83984375,0
2026-07-24 17:00:00+00:00,63887.30078125,64137.51171875,63838.890625,64117.0703125,0
2026-07-24 18:00:00+00:00,64110.7890625,64236.98046875,64066.328125,64210.91015625,0
2026-07-24 19:00:00+00:00,64222.640625,64236.1796875,64081.73828125,64161.76171875,0
2026-07-24 20:00:00+00:00,64170.171875,64223.73046875,64071.71875,64102.6015625,0
2026-07-24 21:00:00+00:00,64103.98828125,64157.25,64063.98046875,64087.30078125,275441664
2026-07-24 22:00:00+00:00,64088.08984375,64151.66015625,64064.859375,64100.51953125,0
2026-07-24 23:00:00+00:00,64100.51953125,64117.80078125,64075.58984375,64083.3203125,0
2026-07-25 00:00:00+00:00,64083.30859375,64114.5390625,63990.12890625,64009.0,0
2026-07-25 01:00:00+00:00,64009.01171875,64098.80078125,63942.28125,64006.48828125,0
2026-07-25 02:00:00+00:00,64012.28125,64039.2890625,63956.87109375,63980.5703125,0
2026-07-25 03:00:00+00:00,63980.5703125,64042.48828125,63954.37890625,64021.421875,0
2026-07-25 04:00:00+00:00,64021.41015625,64143.2890625,64021.41015625,64117.19140625,0
2026-07-25 05:00:00+00:00,64117.19140625,64135.0,63916.0,63956.5703125,100388864
2026-07-25 06:00:00+00:00,63956.5703125,64005.5703125,63894.01171875,63952.078125,0
2026-07-25 07:00:00+00:00,63952.2109375,63979.71875,63933.76953125,63940.5,0
2026-07-25 08:00:00+00:00,63941.41015625,63946.37890625,63733.6796875,63806.7109375,0
2026-07-25 09:00:00+00:00,63816.671875,63963.390625,63762.12109375,63940.12890625,601425920
2026-07-25 10:00:00+00:00,63947.66015625,64000.078125,63924.26171875,64000.078125,0
2026-07-25 11:00:00+00:00,64000.078125,64044.80859375,63982.640625,64005.73046875,0
2026-07-25 12:00:00+00:00,64005.73046875,64055.98046875,63974.96875,64055.98046875,0
2026-07-25 13:00:00+00:00,64055.98828125,64197.859375,64044.30078125,64103.890625,0
2026-07-25 14:00:00+00:00,64103.890625,64153.5,64056.609375,64149.078125,0
2026-07-25 15:00:00+00:00,64145.25,64214.421875,64108.0,64117.69921875,0
2026-07-25 16:00:00+00:00,64127.1796875,64179.62890625,64056.91015625,64151.30859375,0
2026-07-25 17:00:00+00:00,64151.3203125,64257.69140625,64133.640625,64202.0390625,0
2026-07-25 18:00:00+00:00,64206.19921875,64386.73828125,64206.19921875,64353.78125,0
2026-07-25 19:00:00+00:00,64360.8984375,64382.69921875,64315.87890625,64328.7109375,0
2026-07-25 20:00:00+00:00,64333.55078125,64335.05859375,64246.8515625,64276.5703125,0
2026-07-25 21:00:00+00:00,64277.5390625,64368.87890625,64193.98828125,64288.0,0
2026-07-25 22:00:00+00:00,64295.80078125,64369.69921875,64288.55859375,64352.26953125,0
2026-07-25 23:00:00+00:00,64352.26953125,64369.0,64293.9296875,64293.9296875,164596736
2026-07-26 00:00:00+00:00,64301.98046875,64450.0390625,64289.28125,64450.0,0
2026-07-26 01:00:00+00:00,64450.0,64475.8515625,64390.12890625,64404.53125,302720000
2026-07-26 02:00:00+00:00,64407.98828125,64466.44140625,64368.0390625,64460.8984375,0
2026-07-26 03:00:00+00:00,64464.73046875,64524.48828125,64424.01171875,64490.4609375,0
2026-07-26 04:00:00+00:00,64486.33984375,64537.98828125,64429.6796875,64465.078125,165519360
2026-07-26 05:00:00+00:00,64465.078125,64465.078125,64352.94140625,64352.94140625,0
2026-07-26 06:00:00+00:00,64357.98046875,64391.94921875,64229.6015625,64375.73046875,150255616
2026-07-26 07:00:00+00:00,64372.83984375,64399.3515625,64280.73828125,64309.421875,0
2026-07-26 08:00:00+00:00,64310.7109375,64433.01953125,64288.51171875,64423.01171875,0
2026-07-26 09:00:00+00:00,64423.0,64492.828125,64420.03125,64481.640625,0
2026-07-26 10:00:00+00:00,64481.62890625,64512.73046875,64437.109375,64454.171875,0
2026-07-26 11:00:00+00:00,64450.140625,64472.0,64426.98828125,64450.48046875,0
2026-07-26 12:00:00+00:00,64450.48046875,64599.03125,64379.3984375,64405.03125,232339456
2026-07-26 13:00:00+00:00,64404.01953125,64513.6796875,64353.01953125,64466.4609375,7628800
2026-07-26 14:00:00+00:00,64466.4609375,64710.01171875,64465.96875,64658.98046875,390888448
2026-07-26 15:00:00+00:00,64658.98828125,64766.2109375,64616.58984375,64710.28125,128858112
2026-07-26 16:00:00+00:00,64722.91015625,64868.94140625,64643.48046875,64674.94140625,289716224
2026-07-26 17:00:00+00:00,64672.69921875,64739.890625,64613.55859375,64644.05859375,265842688
2026-07-26 18:00:00+00:00,64627.80078125,64717.28125,64613.48828125,64686.19140625,0
2026-07-26 19:00:00+00:00,64686.19921875,64702.3984375,64620.578125,64641.08984375,84586496
2026-07-26 20:00:00+00:00,64644.859375,64648.3515625,64580.16015625,64595.26171875,0
2026-07-26 21:00:00+00:00,64601.91015625,64851.0703125,64587.328125,64791.12109375,0
2026-07-26 22:00:00+00:00,64974.0,65448.01171875,64954.0,65347.9609375,1504789504
2026-07-26 23:00:00+00:00,65375.0,65504.80859375,65230.01953125,65336.30859375,663649280
2026-07-27 00:00:00+00:00,65351.0,65358.2890625,65004.25,65069.98828125,423820288
2026-07-27 01:00:00+00:00,65070.4296875,65155.2890625,64843.48046875,65141.4296875,353707008
2026-07-27 02:00:00+00:00,65141.44140625,65215.19140625,65055.87890625,65115.390625,492533760
2026-07-27 03:00:00+00:00,65115.96875,65307.19921875,65103.828125,65227.73046875,385384448
2026-07-27 04:00:00+00:00,65227.71875,65437.25,65191.01953125,65229.53125,326219776
2026-07-27 05:00:00+00:00,65229.53125,65430.0,65224.98046875,65403.98828125,27447296
2026-07-27 06:00:00+00:00,65407.671875,65650.671875,65355.53125,65357.98828125,745957376
2026-07-27 07:00:00+00:00,65348.98828125,65387.98828125,65157.640625,65165.1015625,961705984
2026-07-27 08:00:00+00:00,65175.48828125,65201.0703125,65066.44140625,65104.5,809254912
2026-07-27 09:00:00+00:00,65088.16015625,65282.75,65037.66015625,65202.98828125,1291581440
2026-07-27 10:00:00+00:00,65188.51171875,65370.5390625,65169.359375,65278.0,691945472
2026-07-27 11:00:00+00:00,65278.0,65278.0,65035.98828125,65040.328125,229496832
2026-07-27 12:00:00+00:00,65053.171875,65197.69921875,64791.05078125,65021.0,494503936
2026-07-27 13:00:00+00:00,65024.19140625,65654.8671875,64845.2890625,65161.6484375,1139945472
2026-07-27 14:00:00+00:00,65166.6796875,65354.12109375,64396.3203125,64611.76171875,1405184000
2026-07-27 15:00:00+00:00,64593.26171875,64704.359375,64369.1796875,64476.76953125,622467072
2026-07-27 16:00:00+00:00,64485.5390625,64899.23828125,64440.48828125,64828.30859375,324753408
2026-07-27 17:00:00+00:00,64819.53125,65018.69921875,64718.078125,64951.078125,144111616
2026-07-27 18:00:00+00:00,64951.08984375,64990.23828125,64678.1484375,64805.578125,404586496
2026-07-27 19:00:00+00:00,64805.5703125,65014.3515625,64737.55859375,64907.98828125,234043392
2026-07-27 20:00:00+00:00,64915.16015625,64989.0,64836.6796875,64903.48828125,141035520
2026-07-27 21:00:00+00:00,64903.48828125,64903.48828125,64738.44140625,64762.171875,0
2026-07-27 22:00:00+00:00,64742.23828125,64742.23828125,63746.23828125,63746.23828125,0
2026-07-27 23:00:00+00:00,63732.73828125,63878.94140625,63545.8515625,63696.46875,812914688
2026-07-28 00:00:00+00:00,63698.2109375,63767.7109375,63410.078125,63421.94140625,349126656
2026-07-28 01:00:00+00:00,63412.5,63465.5,63007.8203125,63170.48828125,1060788224
2026-07-28 02:00:00+00:00,63155.98828125,63235.609375,63038.1796875,63115.55859375,0
2026-07-28 03:00:00+00:00,63115.55859375,63309.01171875,63093.6015625,63276.83984375,211304448
2026-07-28 04:00:00+00:00,63265.3984375,63294.421875,63153.1015625,63285.4609375,0
2026-07-28 05:00:00+00:00,63285.4609375,63546.6484375,63258.7109375,63385.51953125,339611648
2026-07-28 06:00:00+00:00,63385.51171875,63579.62109375,63333.03125,63564.2890625,0
2026-07-28 07:00:00+00:00,63572.078125,63580.76171875,63386.94921875,63435.80078125,0
2026-07-28 08:00:00+00:00,63435.80078125,63469.80078125,63330.30859375,63353.51171875,0
2026-07-28 09:00:00+00:00,63349.9296875,63507.28125,63294.71875,63322.28125,0
2026-07-28 10:00:00+00:00,63322.28125,63484.48046875,63227.94140625,63401.109375,0
2026-07-28 11:00:00+00:00,63409.5703125,63530.03125,63291.03125,63414.078125,33814528
2026-07-28 12:00:00+00:00,63393.5,63495.01953125,63297.01171875,63475.12109375,0
2026-07-28 13:00:00+00:00,63468.44140625,63515.98828125,62711.5,63026.0703125,278753280
2026-07-28 14:00:00+00:00,63081.66015625,63444.1796875,62881.328125,63336.05078125,0
2026-07-28 15:00:00+00:00,63332.98828125,63942.53125,63187.48046875,63857.58984375,424720384
2026-07-28 16:00:00+00:00,63851.21875,64032.37890625,63705.828125,63973.3984375,0
2026-07-28 17:00:00+00:00,63960.0,63960.0,63434.640625,63615.921875,801329152
2026-07-28 18:00:00+00:00,63619.46875,63765.359375,63600.0,63656.578125,0
2026-07-28 19:00:00+00:00,63668.73828125,63817.55859375,63601.44921875,63817.55859375,0
2026-07-28 20:00:00+00:00,63840.0,63936.03125,63800.33984375,63834.48046875,222306304
2026-07-28 21:00:00+00:00,63834.48046875,63978.421875,63807.62109375,63892.890625,0
2026-07-28 22:00:00+00:00,63907.73046875,63944.91015625,63692.5,63704.94140625,0
2026-07-28 23:00:00+00:00,63701.76171875,63875.87890625,63469.62890625,63847.12109375,0
2026-07-29 00:00:00+00:00,63867.109375,64090.3203125,63791.91015625,63883.0,28846080
2026-07-29 01:00:00+00:00,63873.48046875,63918.828125,63606.37109375,63619.078125,0
2026-07-29 02:00:00+00:00,63634.46875,64037.828125,63568.98828125,63883.01171875,144171008
2026-07-29 03:00:00+00:00,63891.66015625,63914.96875,63618.94140625,63659.94921875,0
2026-07-29 04:00:00+00:00,63673.7890625,63884.30078125,63500.62890625,63878.16015625,261695488
2026-07-29 05:00:00+00:00,63882.94921875,64009.5703125,63804.80078125,63976.87109375,158234624
2026-07-29 06:00:00+00:00,63976.859375,64375.921875,63938.4609375,64352.6015625,560560128
2026-07-29 07:00:00+00:00,64362.51953125,64494.05859375,64319.62109375,64477.69140625,0
2026-07-29 08:00:00+00:00,64487.2109375,64503.0,64197.8515625,64342.3515625,224405504
2026-07-29 09:00:00+00:00,64340.37890625,64641.78125,64300.76953125,64611.25,389038080
2026-07-29 10:00:00+00:00,64619.51953125,64633.83984375,64334.76953125,64395.33984375,0
2026-07-29 11:00:00+00:00,64395.33984375,64522.87109375,64343.26953125,64437.0,0
2026-07-29 12:00:00+00:00,64434.94921875,64435.37890625,64150.0703125,64201.91015625,0
2026-07-29 13:00:00+00:00,64183.51171875,64590.4609375,64069.0,64590.4609375,0
2026-07-29 14:00:00+00:00,64611.87890625,64650.01171875,63966.62890625,64014.640625,0
2026-07-29 15:00:00+00:00,64014.6484375,64096.25,63790.0390625,63871.921875,0
2026-07-29 16:00:00+00:00,63877.0390625,64039.48828125,63538.73828125,63716.66015625,94453760
2026-07-29 17:00:00+00:00,63716.640625,64183.01171875,63622.609375,64183.01171875,0
2026-07-29 18:00:00+00:00,64332.87890625,64572.28125,63692.37890625,64421.51171875,2135263232
2026-07-29 19:00:00+00:00,64430.58984375,64521.94921875,63480.69140625,63527.94140625,1408081920
2026-07-29 20:00:00+00:00,63523.4296875,63663.51171875,63304.78125,63437.01171875,908242944
2026-07-29 21:00:00+00:00,63408.1015625,63778.19921875,63206.0,63778.19921875,862601216
2026-07-29 22:00:00+00:00,63778.4296875,64052.48046875,63778.4296875,63852.078125,503392256
2026-07-29 23:00:00+00:00,63863.609375,63985.73828125,63809.4609375,63897.578125,0
2026-07-30 00:00:00+00:00,63893.421875,64027.578125,63513.44140625,63600.6015625,22591488
2026-07-30 01:00:00+00:00,63636.609375,64274.671875,63600.58984375,64183.75,249057280
2026-07-30 02:00:00+00:00,64203.08984375,64333.73828125,64081.87890625,64103.3515625,0
2026-07-30 03:00:00+00:00,64103.33984375,64210.91015625,64046.109375,64071.421875,99842048
2026-07-30 04:00:00+00:00,64077.73828125,64095.359375,63916.75,63933.28125,0
2026-07-30 05:00:00+00:00,63927.98046875,64094.80859375,63822.01171875,63947.71875,102395904
2026-07-30 06:00:00+00:00,63947.578125,63997.12109375,63868.69921875,63915.30859375,0
2026-07-30 07:00:00+00:00,63915.30859375,64056.0,63855.16015625,63918.30859375,80875520
2026-07-30 08:00:00+00:00,63923.44140625,64266.0,63885.3203125,64211.87890625,373997568
2026-07-30 09:00:00+00:00,64211.87109375,64544.48828125,64188.140625,64480.5703125,1631981568
2026-07-30 10:00:00+00:00,64498.33984375,64546.921875,64472.2890625,64472.2890625,110753792
2026-07-30 11:00:00+00:00,64485.5,64789.94921875,64451.55859375,64700.83984375,462682112
2026-07-30 12:00:00+00:00,64720.51171875,64935.83984375,64697.76171875,64839.6015625,517560320
2026-07-30 13:00:00+00:00,64874.9609375,65113.578125,64601.44140625,64950.0,226985984
2026-07-30 14:00:00+00:00,64950.0,64979.55078125,64551.62109375,64614.51953125,285751296
2026-07-30 15:00:00+00:00,64609.03125,64824.16015625,64541.8203125,64658.41015625,0
2026-07-30 16:00:00+00:00,64661.640625,64895.8515625,64654.078125,64750.44140625,0
2026-07-30 17:00:00+00:00,64756.83984375,64925.6484375,64703.87890625,64809.66015625,0
2026-07-30 18:00:00+00:00,64809.66015625,64839.44921875,64619.9296875,64634.01953125,0
2026-07-30 19:00:00+00:00,64632.7109375,64839.80859375,64632.7109375,64727.51953125,0
2026-07-30 20:00:00+00:00,64723.73046875,64877.98828125,64691.8984375,64711.328125,0
2026-07-30 21:00:00+00:00,64711.328125,64743.44921875,64642.75,64670.6796875,0
2026-07-30 22:00:00+00:00,64652.23828125,64958.73828125,64601.44140625,64788.7890625,0
2026-07-30 23:00:00+00:00,64785.7109375,65028.9609375,64689.1484375,64721.890625,126167040
2026-07-31 00:00:00+00:00,64737.859375,64845.0,64629.19140625,64677.12109375,0
2026-07-31 01:00:00+00:00,64693.94921875,65329.5703125,64429.87109375,64493.6796875,526886912
2026-07-31 02:00:00+00:00,64482.98828125,64536.421875,64133.390625,64230.03125,440250368
2026-07-31 03:00:00+00:00,64230.03125,64368.01171875,64114.9609375,64296.76171875,181397504
2026-07-31 04:00:00+00:00,64290.140625,64366.25,64168.66015625,64240.0,0
2026-07-31 05:00:00+00:00,64239.46875,64351.80078125,64207.37890625,64290.12890625,0
2026-07-31 06:00:00+00:00,64286.828125,64429.1484375,64138.05859375,64171.0703125,133154816
2026-07-31 07:00:00+00:00,64160.66015625,64179.359375,63820.1015625,63872.109375,2426161152
2026-07-31 08:00:00+00:00,63835.3515625,63907.3984375,63741.76953125,63754.30078125,0
2026-07-31 09:00:00+00:00,63761.87109375,63775.8515625,63572.98828125,63646.69921875,0
2026-07-31 10:00:00+00:00,63632.359375,63889.01953125,63541.5390625,63850.421875,0
2026-07-31 11:00:00+00:00,63865.76171875,63945.3515625,63729.3984375,63738.73828125,0
2026-07-31 12:00:00+00:00,63756.5390625,63766.890625,63555.19921875,63677.859375,0
2026-07-31 13:00:00+00:00,63690.98828125,63761.94921875,63160.109375,63196.73828125,171573248
2026-07-31 14:00:00+00:00,63192.48046875,63230.73046875,62399.76171875,62598.01953125,2680758272
2026-07-31 15:00:00+00:00,62600.23046875,62673.03125,62390.7109375,62625.76171875,776017920
2026-07-31 16:00:00+00:00,62628.3984375,62865.609375,62616.1796875,62813.8515625,275097600
2026-07-31 17:00:00+00:00,62795.37890625,63228.078125,62728.4296875,63177.9609375,336611328
2026-07-31 18:00:00+00:00,63177.41015625,63235.4609375,62889.640625,63026.46875,563052544
2026-07-31 19:00:00+00:00,63026.46875,63089.6015625,62859.12890625,62891.890625,14292992
2026-07-31 20:00:00+00:00,62896.75,62968.4296875,62862.55859375,62892.3984375,0
2026-07-31 21:00:00+00:00,62892.41015625,62999.80859375,62781.859375,62895.69921875,127145984
2026-07-31 22:00:00+00:00,62886.6484375,62963.48828125,62804.08984375,62884.94140625,0
2026-07-31 23:00:00+00:00,62885.171875,62957.48828125,62804.08984375,62824.75,0
2026-08-01 00:00:00+00:00,62832.51953125,62962.3203125,62824.78125,62875.75,165044224
2026-08-01 01:00:00+00:00,62875.73828125,62929.8203125,62854.4296875,62903.0390625,0
2026-08-01 02:00:00+00:00,62903.0390625,63035.5703125,62903.0390625,63001.73828125,0
2026-08-01 03:00:00+00:00,63003.3984375,63011.26953125,62915.44140625,62938.5390625,0
2026-08-01 04:00:00+00:00,62937.51171875,63037.5703125,62931.37109375,63035.7109375,0
2026-08-01 05:00:00+00:00,63030.44921875,63071.69140625,62938.7890625,62965.76953125,0
2026-08-01 06:00:00+00:00,62971.62109375,63022.390625,62932.921875,63013.19921875,0
2026-08-01 07:00:00+00:00,63016.171875,63053.0,62970.01953125,62988.58984375,0
2026-08-01 08:00:00+00:00,62991.48828125,63093.0,62991.48828125,63061.33984375,0
2026-08-01 09:00:00+00:00,63061.48828125,63080.53125,62980.12890625,62993.2890625,0
2026-08-01 10:00:00+00:00,62990.828125,63044.44140625,62925.01171875,62999.44140625,0
2026-08-01 11:00:00+00:00,62991.25,63032.69921875,62973.46875,63016.46875,0
2026-08-01 12:00:00+00:00,63016.46875,63058.37109375,63013.33984375,63039.62109375,0
2026-08-01 13:00:00+00:00,63034.5703125,63044.6015625,62986.421875,63005.12109375,0
2026-08-01 14:00:00+00:00,63009.44921875,63068.9609375,63002.1796875,63066.23828125,0
2026-08-01 15:00:00+00:00,63066.1796875,63066.19140625,62938.8203125,62938.8203125,0
2026-08-01 16:00:00+00:00,62941.3984375,62959.23046875,62821.2890625,62879.1484375,0
2026-08-01 17:00:00+00:00,62875.44140625,62934.80078125,62604.5703125,62652.578125,0
2026-08-01 18:00:00+00:00,62638.66015625,62678.41015625,62222.6015625,62523.7890625,211333120
2026-08-01 19:00:00+00:00,62509.83984375,62568.921875,62398.9296875,62471.53125,186913792
2026-08-01 20:00:00+00:00,62455.078125,62615.2890625,62432.55859375,62604.921875,0
2026-08-01 21:00:00+00:00,62603.48828125,62803.12109375,62603.48828125,62761.359375,0
2026-08-01 22:00:00+00:00,62760.1484375,62810.51953125,62735.2890625,62765.359375,0
2026-08-01 23:00:00+00:00,62765.359375,62799.33984375,62709.3515625,62764.19921875,0
2026-08-02 00:00:00+00:00,62764.19921875,62909.2109375,62743.87890625,62775.0,0
2026-08-02 01:00:00+00:00,62782.51171875,63004.01953125,62782.05859375,62921.05078125,0
2026-08-02 02:00:00+00:00,62921.05078125,63480.0,62895.0,63381.98828125,956019712
2026-08-02 03:00:00+00:00,63390.5,63471.87890625,63306.5,63392.87109375,204731392
2026-08-02 04:00:00+00:00,63407.96875,63540.25,63407.96875,63519.609375,179216384
2026-08-02 05:00:00+00:00,63516.19921875,63561.75,63351.01953125,63396.19921875,0
2026-08-02 06:00:00+00:00,63396.19140625,63437.6796875,63368.80078125,63409.73828125,0
2026-08-02 07:00:00+00:00,63411.01171875,63473.78125,63408.87890625,63447.62109375,293088256
2026-08-02 08:00:00+00:00,63441.359375,63464.98828125,63105.6015625,63130.0390625,650278912
2026-08-02 09:00:00+00:00,63130.0390625,63251.28125,63017.19921875,63205.2109375,253876224
2026-08-02 10:00:00+00:00,63201.01171875,63207.2109375,63051.78125,63142.76953125,0
2026-08-02 11:00:00+00:00,63142.76171875,63142.76171875,62923.46875,62962.5,199538688
2026-08-02 12:00:00+00:00,62965.8515625,63162.8984375,62965.8515625,63062.08984375,47333376
2026-08-02 13:00:00+00:00,63050.01171875,63082.44140625,62933.76953125,63054.0,134451200
2026-08-02 14:00:00+00:00,63053.98828125,63099.359375,62991.51171875,63002.30078125,29817856
2026-08-02 15:00:00+00:00,63002.30859375,63100.0,62986.140625,63041.4296875,127488000
2026-08-02 16:00:00+00:00,63046.08984375,63189.83984375,63000.01171875,63104.859375,0
2026-08-02 17:00:00+00:00,63104.859375,63265.109375,63081.46875,63228.01171875,0
2026-08-02 18:00:00+00:00,63229.51171875,63529.1796875,63216.4296875,63307.6015625,0
2026-08-02 19:00:00+00:00,63302.171875,63401.12890625,63248.55078125,63380.1796875,0
2026-08-02 20:00:00+00:00,63387.75,63430.16015625,63325.73046875,63423.328125,0
2026-08-02 21:00:00+00:00,63425.87890625,63695.05078125,63405.0,63503.80859375,201224192
2026-08-02 22:00:00+00:00,63589.05078125,63730.48046875,63301.6796875,63351.05078125,661208064
2026-08-02 23:00:00+00:00,63329.62109375,63528.76171875,63267.03125,63499.48828125,340466688
2026-08-03 00:00:00+00:00,63503.98046875,63512.71875,63133.5703125,63245.98046875,64495616
2026-08-03 01:00:00+00:00,63237.0,63280.0703125,63034.5703125,63130.87890625,338775040
2026-08-03 02:00:00+00:00,63127.44921875,63200.19921875,63015.19140625,63081.3203125,0
2026-08-03 03:00:00+00:00,63058.640625,63089.16015625,62714.109375,62780.0,76901376
2026-08-03 04:00:00+00:00,62781.0,62915.96875,62695.91015625,62707.78125,36328448
2026-08-03 05:00:00+00:00,62714.62890625,62789.30078125,62665.30859375,62743.53125,266765312
2026-08-03 06:00:00+00:00,62744.98828125,62784.91015625,62529.44921875,62542.5,445596672
2026-08-03 07:00:00+00:00,62542.62890625,62614.75,62470.0,62530.71875,807680000
2026-08-03 08:00:00+00:00,62537.58984375,62562.03125,62210.1484375,62457.578125,93111296
2026-08-03 09:00:00+00:00,62476.80078125,62778.421875,62439.140625,62749.359375,248924160
2026-08-03 10:00:00+00:00,62748.109375,62777.58984375,62535.55078125,62656.0,302209024
2026-08-03 11:00:00+00:00,62658.0703125,62697.55859375,62457.26171875,62476.98828125,0
2026-08-03 12:00:00+00:00,62480.0390625,62709.46875,62365.01171875,62620.55078125,359346176
2026-08-03 13:00:00+00:00,62617.328125,63310.1796875,62476.1015625,63292.80078125,917499904
2026-08-03 14:00:00+00:00,63243.44140625,63899.078125,63073.51171875,63891.19921875,2704281600
2026-08-03 15:00:00+00:00,63913.6015625,63913.6015625,63579.171875,63627.73046875,1932472320
2026-08-03 16:00:00+00:00,63628.578125,63883.5703125,63591.1484375,63707.23828125,983930880
2026-08-03 17:00:00+00:00,63707.53125,63994.859375,63650.0,63852.75,359000064
2026-08-03 18:00:00+00:00,63852.76171875,63933.1015625,63702.1015625,63811.73828125,150755328
2026-08-03 19:00:00+00:00,63820.21875,64018.8984375,63787.51171875,63812.5703125,352862208
2026-08-03 20:00:00+00:00,63824.62109375,63974.0390625,63709.80078125,63732.8984375,332605440
2026-08-03 21:00:00+00:00,63732.8984375,63735.0,63497.08984375,63540.41015625,217763840
2026-08-03 22:00:00+00:00,63528.828125,63616.0,63341.640625,63553.44921875,0
2026-08-03 23:00:00+00:00,63550.109375,63560.1796875,63402.01171875,63466.51171875,81174528
2026-08-04 00:00:00+00:00,63475.55078125,63526.73046875,63268.01171875,63291.5,0
2026-08-04 01:00:00+00:00,63299.421875,63842.9609375,63299.421875,63782.2890625,389627904
2026-08-04 02:00:00+00:00,63806.41015625,63883.05859375,63621.25,63758.98828125,334237696
2026-08-04 03:00:00+00:00,63758.98828125,63800.94140625,63595.0390625,63729.05078125,0
2026-08-04 04:00:00+00:00,63727.75,64164.0,63696.73828125,63975.44921875,436447232
2026-08-04 05:00:00+00:00,63979.19921875,63993.078125,63736.75,63768.8515625,0
2026-08-04 06:00:00+00:00,63752.1484375,63805.41015625,63592.69921875,63607.16015625,0
2026-08-04 07:00:00+00:00,63607.16015625,63687.28125,63437.01171875,63617.41015625,0
2026-08-04 08:00:00+00:00,63621.0,63683.828125,63500.0,63514.76953125,0
2026-08-04 09:00:00+00:00,63508.5,63536.8203125,63450.76953125,63534.578125,0
2026-08-04 10:00:00+00:00,63504.62109375,63774.359375,63382.671875,63694.1484375,354342912
2026-08-04 11:00:00+00:00,63701.140625,63884.5703125,63644.7890625,63853.3203125,0
2026-08-04 12:00:00+00:00,63834.2890625,63965.0,63714.01171875,63840.640625,296318976
2026-08-04 13:00:00+00:00,63837.4609375,64032.94140625,63589.8515625,63616.578125,0
2026-08-04 14:00:00+00:00,63614.48828125,64125.890625,63546.33984375,64065.0,0
2026-08-04 15:00:00+00:00,64087.19921875,64181.8515625,63750.01171875,64064.7109375,0
2026-08-04 16:00:00+00:00,64076.9296875,64079.9609375,63842.3984375,63899.7109375,0
2026-08-04 17:00:00+00:00,63899.7109375,64128.0703125,63852.51953125,63922.37109375,14921728
2026-08-04 18:00:00+00:00,63917.140625,64360.1484375,63917.140625,64261.41015625,467316736
2026-08-04 19:00:00+00:00,64263.05078125,64358.3984375,64182.671875,64182.671875,0
2026-08-04 20:00:00+00:00,64208.921875,64366.8515625,63965.75,64299.078125,314683392
2026-08-04 21:00:00+00:00,64299.078125,64299.078125,64128.328125,64148.51171875,0
2026-08-04 22:00:00+00:00,64142.30078125,64243.671875,64083.4296875,64221.8203125,0
2026-08-04 23:00:00+00:00,64222.0,64473.6015625,64042.03125,64050.51171875,225824768
2026-08-05 00:00:00+00:00,64041.6015625,64140.890625,63928.3984375,63947.37109375,137392128
2026-08-05 01:00:00+00:00,63946.98828125,64297.390625,63897.6015625,64284.7890625,0
2026-08-05 02:00:00+00:00,64291.19140625,64456.6484375,64279.16015625,64315.94921875,61159424
2026-08-05 03:00:00+00:00,64315.94921875,64396.78125,64007.421875,64128.0,206305280
2026-08-05 04:00:00+00:00,64128.0,64165.76953125,64035.2109375,64113.96875,0
2026-08-05 05:00:00+00:00,64111.0,64470.140625,64102.94140625,64275.21875,0
2026-08-05 06:00:00+00:00,64276.9609375,64319.3984375,64173.0,64199.30859375,191909888
2026-08-05 07:00:00+00:00,64199.30078125,64220.5390625,63946.078125,64109.98046875,0
2026-08-05 08:00:00+00:00,64109.96875,64215.9609375,64035.0,64063.03125,205142016
2026-08-05 09:00:00+00:00,64063.03125,64152.41015625,64038.4296875,64097.26953125,0
2026-08-05 10:00:00+00:00,64097.28125,64182.76953125,63960.0703125,64004.26953125,0
2026-08-05 11:00:00+00:00,64005.19140625,64092.890625,63987.51171875,64018.2890625,0
2026-08-05 12:00:00+00:00,64018.2890625,64525.55859375,64003.109375,64277.0390625,583636992
2026-08-05 13:00:00+00:00,64277.05078125,64361.23828125,63821.55078125,64361.23828125,115902464
2026-08-05 14:00:00+00:00,64355.33984375,64535.25,64242.1015625,64426.83984375,58828800
2026-08-05 15:00:00+00:00,64434.26953125,64697.01953125,64324.8984375,64328.25,0
2026-08-05 16:00:00+00:00,64328.26171875,64707.94140625,64328.26171875,64606.01953125,234237952
2026-08-05 17:00:00+00:00,64615.37890625,64737.98046875,64474.51171875,64695.3515625,0
2026-08-05 18:00:00+00:00,64694.25,64788.12109375,64599.640625,64741.109375,0
2026-08-05 19:00:00+00:00,64727.55859375,64883.3984375,64719.44921875,64794.62890625,52594688
2026-08-05 20:00:00+00:00,64817.2890625,64954.28125,64750.5,64778.6015625,0
2026-08-05 21:00:00+00:00,64779.828125,64779.828125,64600.0,64671.6796875,264816640
2026-08-05 22:00:00+00:00,64674.328125,64725.921875,64566.76953125,64573.53125,84234240
2026-08-05 23:00:00+00:00,64557.078125,64692.3984375,64524.19921875,64597.859375,0
2026-08-06 00:00:00+00:00,64603.609375,64651.66015625,64510.23828125,64582.30078125,0
2026-08-06 01:00:00+00:00,64578.1484375,64599.2109375,64431.671875,64520.62109375,0
2026-08-06 02:00:00+00:00,64520.62109375,64587.83984375,64386.75,64516.6796875,0
2026-08-06 03:00:00+00:00,64516.671875,64524.98828125,64431.0,64470.01171875,0
2026-08-06 04:00:00+00:00,64470.0,64674.5703125,64433.91015625,64666.2890625,83888128
2026-08-06 05:00:00+00:00,64674.0703125,64934.7890625,64669.44921875,64845.37890625,289581056
2026-08-06 06:00:00+00:00,64846.80078125,64846.80078125,64683.5390625,64798.08984375,0
2026-08-06 07:00:00+00:00,64793.94140625,64891.671875,64708.6484375,64744.41015625,37390336
2026-08-06 08:00:00+00:00,64744.76171875,64934.390625,64685.53125,64873.6015625,0
2026-08-06 09:00:00+00:00,64875.23046875,64877.48828125,64570.91015625,64615.94140625,346519552
2026-08-06 10:00:00+00:00,64615.9296875,64618.98828125,64515.46875,64546.7890625,0
2026-08-06 11:00:00+00:00,64558.19140625,64582.44921875,64438.3984375,64552.62109375,291227648
2026-08-06 12:00:00+00:00,64546.80078125,64560.0,64334.9296875,64346.01171875,0
2026-08-06 13:00:00+00:00,64337.80859375,64448.94921875,64091.3203125,64360.51953125,0
2026-08-06 14:00:00+00:00,64354.078125,64774.69921875,64285.8203125,64709.55078125,0
2026-08-06 15:00:00+00:00,64716.51171875,64925.44921875,64570.921875,64570.921875,0
2026-08-06 16:00:00+00:00,64570.94140625,64713.859375,64531.25,64690.12890625,0
2026-08-06 17:00:00+00:00,64699.94140625,64779.71875,64486.91015625,64557.16015625,0
2026-08-06 18:00:00+00:00,64558.98828125,64558.98828125,64314.0,64356.3515625,0
2026-08-06 19:00:00+00:00,64357.98828125,64422.12890625,64306.9296875,64397.94921875,0
2026-08-06 20:00:00+00:00,64396.69921875,64483.69921875,64381.3984375,64381.3984375,0
2026-08-06 21:00:00+00:00,64383.9296875,64461.1015625,64341.828125,64388.37109375,0
2026-08-06 22:00:00+00:00,64388.37109375,64397.12890625,64267.0,64296.37890625,0
2026-08-06 23:00:00+00:00,64285.94921875,64310.96875,64132.23828125,64267.30078125,0
2026-08-07 00:00:00+00:00,64262.1484375,64356.23046875,64170.41015625,64258.8203125,0
2026-08-07 01:00:00+00:00,64270.41015625,64416.94140625,64241.46875,64364.25,0
2026-08-07 02:00:00+00:00,64354.53125,64477.1484375,64192.30078125,64337.96875,3074048
2026-08-07 03:00:00+00:00,64337.98046875,64351.28125,64200.0,64234.48046875,0
2026-08-07 04:00:00+00:00,64225.66015625,64308.2109375,64113.9296875,64191.671875,7251968
2026-08-07 05:00:00+00:00,64191.671875,64345.76953125,64112.26953125,64276.05859375,0
2026-08-07 06:00:00+00:00,64269.6796875,64413.0,64225.33984375,64254.3984375,170334208
2026-08-07 07:00:00+00:00,64241.46875,64377.05078125,64206.98828125,64264.19921875,0
2026-08-07 08:00:00+00:00,64257.62890625,64619.83984375,64239.5390625,64552.890625,54499328
2026-08-07 09:00:00+00:00,64552.890625,64920.0,64552.890625,64794.05859375,382791680
2026-08-07 10:00:00+00:00,64817.73046875,64874.01953125,64758.1796875,64849.23828125,353634304
2026-08-07 11:00:00+00:00,64856.98828125,65164.2109375,64845.0,64975.62890625,352909312
2026-08-07 12:00:00+00:00,64982.01953125,65348.23828125,64935.55859375,65248.75,1301786624
2026-08-07 13:00:00+00:00,65254.12109375,65292.83984375,64951.19921875,64964.58984375,574025728
2026-08-07 14:00:00+00:00,64950.0390625,65228.76171875,64735.37890625,64902.0,572766208
2026-08-07 15:00:00+00:00,64915.5,65077.8515625,64850.01953125,64858.44140625,0
2026-08-07 16:00:00+00:00,64877.0,65026.05859375,64758.0703125,64758.078125,3729408
2026-08-07 17:00:00+00:00,64755.109375,64774.69921875,64470.01953125,64713.2890625,424923136
2026-08-07 18:00:00+00:00,64711.12890625,64837.671875,64626.94921875,64689.7109375,19681280
2026-08-07 19:00:00+00:00,64697.73046875,64992.078125,64693.01953125,64913.921875,82950144
2026-08-07 20:00:00+00:00,64917.91015625,64991.53125,64906.5703125,64935.71875,244441088
2026-08-07 21:00:00+00:00,64935.71875,65058.12109375,64892.8515625,64895.73046875,0
2026-08-07 22:00:00+00:00,64895.73046875,64916.5390625,64815.7890625,64852.171875,172249088
2026-08-07 23:00:00+00:00,64851.44140625,64896.48046875,64841.44921875,64891.6015625,49770496
2026-08-08 00:00:00+00:00,64891.609375,64925.96875,64789.890625,64888.16015625,73015296
2026-08-08 01:00:00+00:00,64884.359375,64924.23046875,64868.8515625,64868.859375,0
2026-08-08 02:00:00+00:00,64868.859375,64924.3515625,64855.19140625,64888.12109375,0
2026-08-08 03:00:00+00:00,64888.078125,65035.55859375,64880.0,64989.859375,94937088
2026-08-08 04:00:00+00:00,64989.859375,65028.37109375,64925.01171875,64974.140625,0
2026-08-08 05:00:00+00:00,64973.640625,64986.25,64933.8515625,64961.0,81999872
2026-08-08 06:00:00+00:00,64961.01171875,64981.78125,64921.73046875,64968.73046875,0
2026-08-08 07:00:00+00:00,64965.5,64973.55859375,64900.01953125,64928.80078125,0
2026-08-08 08:00:00+00:00,64915.828125,64979.0,64913.8515625,64957.71875,0
2026-08-08 09:00:00+00:00,64957.71875,65014.2890625,64949.73046875,64955.2890625,0
2026-08-08 10:00:00+00:00,64955.2890625,64986.828125,64950.140625,64966.6796875,0
2026-08-08 11:00:00+00:00,64966.6796875,64991.98828125,64914.69921875,64922.83984375,0
2026-08-08 12:00:00+00:00,64921.87109375,64999.44921875,64880.0,64960.890625,0
2026-08-08 13:00:00+00:00,64960.91015625,64981.0,64954.12109375,64973.609375,0
2026-08-08 14:00:00+00:00,64973.609375,65148.921875,64968.4296875,65082.73828125,0
2026-08-08 15:00:00+00:00,65091.2109375,65109.3203125,65013.828125,65029.66015625,0
2026-08-08 16:00:00+00:00,65029.671875,65073.05859375,64990.390625,65039.98828125,0
2026-08-08 17:00:00+00:00,65040.0,65107.98046875,65028.05078125,65073.140625,0
2026-08-08 18:00:00+00:00,65073.12890625,65083.1484375,64979.0,64992.8515625,0
2026-08-08 19:00:00+00:00,64992.8515625,65040.69921875,64964.859375,65025.421875,0
2026-08-08 20:00:00+00:00,65025.41015625,65045.390625,65011.58984375,65032.1796875,0
2026-08-08 21:00:00+00:00,65032.1796875,65035.46875,64941.078125,64968.03125,143378432
2026-08-08 22:00:00+00:00,64978.98828125,64994.98828125,64892.51171875,64892.51171875,31205376
2026-08-08 23:00:00+00:00,64892.51171875,64922.921875,64881.890625,64908.71875,0
2026-08-09 00:00:00+00:00,64908.71875,64939.1796875,64899.26171875,64922.078125,0
2026-08-09 01:00:00+00:00,64919.01953125,64950.01171875,64790.4609375,64806.0,0
2026-08-09 02:00:00+00:00,64806.23046875,64809.140625,64725.01953125,64770.0703125,4036608
2026-08-09 03:00:00+00:00,64767.51171875,64767.51171875,64675.21875,64734.96875,0
2026-08-09 04:00:00+00:00,64734.96875,64779.390625,64724.0390625,64735.4296875,0
2026-08-09 05:00:00+00:00,64735.33984375,64754.3203125,64717.51171875,64754.3203125,0
2026-08-09 06:00:00+00:00,64754.3203125,64813.8984375,64741.78125,64792.8984375,1116160
2026-08-09 07:00:00+00:00,64792.91015625,64803.2109375,64763.98046875,64770.87109375,297702400
2026-08-09 08:00:00+00:00,64770.87109375,64880.96875,64736.46875,64770.0703125,319245312
2026-08-09 09:00:00+00:00,64770.0703125,64832.30859375,64759.55078125,64832.30859375,0
2026-08-09 10:00:00+00:00,64832.30859375,64930.359375,64829.6796875,64905.4609375,182960128
2026-08-09 11:00:00+00:00,64905.4609375,64957.16015625,64895.75,64899.96875,0
2026-08-09 12:00:00+00:00,64893.87890625,64906.58984375,64866.16015625,64906.58984375,0
2026-08-09 13:00:00+00:00,64906.58984375,65209.5,64906.58984375,65178.6796875,284931072
2026-08-09 14:00:00+00:00,65178.6796875,65252.9609375,65100.3984375,65214.2890625,0
2026-08-09 15:00:00+00:00,65220.0,65220.0,65156.0390625,65174.98828125,137942016
2026-08-09 16:00:00+00:00,65175.73046875,65218.83984375,65132.2109375,65181.96875,48659456
2026-08-09 17:00:00+00:00,65181.96875,65191.6484375,65142.0,65142.0,0
2026-08-09 18:00:00+00:00,65142.01171875,65174.0703125,65138.28125,65147.12109375,0
2026-08-09 19:00:00+00:00,65147.12890625,65169.98828125,65130.03125,65130.73828125,0
2026-08-09 20:00:00+00:00,65140.48828125,65140.5,65028.16015625,65095.5703125,34034688
2026-08-09 21:00:00+00:00,65095.578125,65196.8203125,65077.53125,65143.69921875,126631936
2026-08-09 22:00:00+00:00,65160.359375,65398.26953125,64921.8984375,65023.078125,0
2026-08-09 23:00:00+00:00,65013.8203125,65056.421875,64788.671875,64848.69140625,979812352
2026-08-10 00:00:00+00:00,64839.01171875,65245.4609375,64772.66015625,64916.98046875,423720960
2026-08-10 01:00:00+00:00,64921.66015625,65330.140625,64845.578125,65146.8515625,177770496
2026-08-10 02:00:00+00:00,65163.609375,65165.3984375,64852.23828125,65043.01953125,141419520
2026-08-10 03:00:00+00:00,65047.94921875,65115.4609375,64852.30859375,64921.08984375,225532928
2026-08-10 04:00:00+00:00,64912.37109375,65038.171875,64863.171875,64950.76953125,261892096
2026-08-10 05:00:00+00:00,64942.69921875,65104.46875,64924.69921875,65085.6015625,25053184
2026-08-10 06:00:00+00:00,65087.578125,65283.0703125,65076.73828125,65248.078125,255106048
2026-08-10 07:00:00+00:00,65254.109375,65319.26953125,65141.66015625,65149.83984375,217287680
2026-08-10 08:00:00+00:00,65152.609375,65277.2890625,65138.171875,65190.3515625,0
2026-08-10 09:00:00+00:00,65182.98828125,65182.98828125,64897.55859375,64907.6484375,368641024
2026-08-10 10:00:00+00:00,64906.3515625,65012.3515625,64903.9609375,64956.26171875,232712192
2026-08-10 11:00:00+00:00,64960.98046875,65080.3515625,64910.73828125,65069.4609375,6216704
2026-08-10 12:00:00+00:00,65061.140625,65182.26171875,64794.75,64817.1015625,535363584
2026-08-10 13:00:00+00:00,64805.69921875,64915.7109375,64446.7109375,64494.73046875,1122759680
2026-08-10 14:00:00+00:00,64471.6484375,64840.55859375,64471.6484375,64562.76171875,938384384
2026-08-10 15:00:00+00:00,64564.12109375,64651.4296875,64145.98828125,64235.8515625,1014921216
2026-08-10 16:00:00+00:00,64174.01171875,64298.71875,63758.48828125,63833.921875,1191725056
2026-08-10 17:00:00+00:00,63863.30078125,63948.94921875,63759.66015625,63884.98046875,1634191360
2026-08-10 18:00:00+00:00,63884.98828125,63947.62890625,63739.28125,63815.8984375,1308930048
2026-08-10 19:00:00+00:00,63815.91015625,64033.03125,63810.25,63975.87890625,332916736
2026-08-10 20:00:00+00:00,63978.66015625,64126.4609375,63947.62890625,64096.859375,111267840
2026-08-10 21:00:00+00:00,64092.01171875,64092.01171875,63910.3984375,63910.421875,0
2026-08-10 22:00:00+00:00,63910.16015625,63997.0,63873.3515625,63959.7109375,0
2026-08-10 23:00:00+00:00,63959.7109375,63963.01171875,63854.8984375,63911.87890625,0
2026-08-11 00:00:00+00:00,63911.87109375,63989.96875,63830.28125,63972.08984375,0
2026-08-11 01:00:00+00:00,63970.9296875,64013.3984375,63891.69921875,63993.25,54255616
2026-08-11 02:00:00+00:00,63987.08984375,64024.48046875,63957.83984375,63978.05078125,0
2026-08-11 03:00:00+00:00,63979.8984375,64110.08984375,63979.8984375,64074.71875,0
2026-08-11 04:00:00+00:00,64072.01171875,64094.37109375,63960.2109375,63960.2109375,99895296
2026-08-11 05:00:00+00:00,63955.55859375,63992.19140625,63889.578125,63926.890625,148107264
2026-08-11 06:00:00+00:00,63926.890625,63985.30859375,63798.2109375,63897.94140625,0
2026-08-11 07:00:00+00:00,63897.94140625,64049.28125,63836.55078125,63999.171875,86181888
2026-08-11 08:00:00+00:00,64004.1796875,64084.19921875,63975.0,64073.8515625,0
2026-08-11 09:00:00+00:00,64073.859375,64242.44921875,64059.4296875,64242.44921875,0
2026-08-11 10:00:00+00:00,64244.2109375,64253.01953125,64141.359375,64171.171875,150532096
2026-08-11 11:00:00+00:00,64202.30859375,64347.55859375,64194.69140625,64327.171875,349552640
2026-08-11 12:00:00+00:00,64347.890625,64434.7109375,64229.6015625,64266.51953125,101439488
2026-08-11 13:00:00+00:00,64263.28125,64315.8515625,63988.078125,64139.98828125,5517312
2026-08-11 14:00:00+00:00,64129.921875,64202.30859375,63651.12890625,63713.9609375,72439808
2026-08-11 15:00:00+00:00,63691.51171875,63812.98046875,63386.859375,63541.37109375,464998400
2026-08-11 16:00:00+00:00,63486.03125,63594.140625,63392.41015625,63440.58984375,0
2026-08-11 17:00:00+00:00,63438.71875,63567.37890625,63390.51171875,63537.12109375,0
2026-08-11 18:00:00+00:00,63524.12890625,63562.23046875,63203.1484375,63305.7890625,0
2026-08-11 19:00:00+00:00,63304.8203125,63479.44140625,63173.62890625,63477.96875,0
2026-08-11 20:00:00+00:00,63476.0,63691.421875,63469.421875,63682.16015625,271638528
2026-08-11 21:00:00+00:00,63675.23046875,63700.6484375,63553.8984375,63615.578125,12924928
2026-08-11 22:00:00+00:00,63624.53125,63710.96875,63558.6484375,63604.66015625,44627968
2026-08-11 23:00:00+00:00,63604.66015625,63604.66015625,63480.1015625,63531.75,2052096
2026-08-12 00:00:00+00:00,63525.109375,63687.94921875,63466.08984375,63685.0390625,0
2026-08-12 01:00:00+00:00,63685.0390625,63798.55078125,63628.44140625,63760.8984375,0
2026-08-12 02:00:00+00:00,63775.578125,63847.96875,63665.76171875,63687.94921875,716976128
2026-08-12 03:00:00+00:00,63694.98828125,63784.01953125,63638.53125,63762.01953125,40464384
2026-08-12 04:00:00+00:00,63766.41015625,63829.98828125,63670.25,63713.62109375,0
2026-08-12 05:00:00+00:00,63713.62109375,63809.87109375,63663.87890625,63786.76953125,420454400
2026-08-12 06:00:00+00:00,63780.109375,63780.109375,63534.01171875,63650.69140625,265777152
2026-08-12 07:00:00+00:00,63652.0703125,63767.0390625,63570.51171875,63767.03125,84150272
2026-08-12 08:00:00+00:00,63767.578125,63798.8203125,63705.6015625,63730.5,271355904
2026-08-12 09:00:00+00:00,63730.96875,64052.33984375,63698.3984375,64052.33984375,109529088
2026-08-12 10:00:00+00:00,64054.7890625,64154.01171875,64002.640625,64079.98828125,597952512
2026-08-12 11:00:00+00:00,64096.05859375,64189.3984375,64054.578125,64175.8984375,0
2026-08-12 12:00:00+00:00,64187.48828125,64383.83984375,63921.0,64066.44140625,1067313152
2026-08-12 13:00:00+00:00,64067.23828125,64099.98828125,63770.890625,63780.55859375,0
2026-08-12 14:00:00+00:00,63743.109375,63848.1015625,63287.7109375,63296.7109375,279646208
2026-08-12 15:00:00+00:00,63296.69921875,63501.6015625,63248.91015625,63368.640625,0
2026-08-12 16:00:00+00:00,63367.25,63512.69921875,63283.6796875,63427.44921875,0
2026-08-12 17:00:00+00:00,63424.5703125,63485.078125,63335.0,63398.8203125,0
2026-08-12 18:00:00+00:00,63385.55859375,63453.58984375,63300.1796875,63309.609375,0
2026-08-12 19:00:00+00:00,63305.44921875,63395.12890625,63241.171875,63345.71875,0
2026-08-12 20:00:00+00:00,63350.76953125,63535.46875,63349.2109375,63535.46875,0
2026-08-12 21:00:00+00:00,63537.0,63577.5703125,63356.44140625,63403.19140625,51781632
2026-08-12 22:00:00+00:00,63392.3984375,63473.76953125,63297.51953125,63361.5703125,76079104
2026-08-12 23:00:00+00:00,63361.578125,63417.109375,63305.140625,63413.05859375,517941248
2026-08-13 00:00:00+00:00,63406.80078125,63633.66015625,63392.3984375,63489.83984375,232583168
2026-08-13 01:00:00+00:00,63487.30078125,63567.46875,63309.0,63385.51171875,0
2026-08-13 02:00:00+00:00,63381.609375,63514.80859375,63303.73046875,63479.05078125,342726656
2026-08-13 03:00:00+00:00,63478.76171875,63614.7109375,63445.48046875,63580.26171875,18593792
2026-08-13 04:00:00+00:00,63580.26171875,63698.6796875,63526.6015625,63627.44921875,0
2026-08-13 05:00:00+00:00,63624.390625,63947.6015625,63599.828125,63806.0,0
2026-08-13 06:00:00+00:00,63805.6015625,63875.76171875,63693.80078125,63875.76171875,0
2026-08-13 07:00:00+00:00,63879.19921875,63882.75,63788.23046875,63803.98046875,270321664
2026-08-13 08:00:00+00:00,63803.12890625,63853.19140625,63675.12109375,63708.01953125,3221504
2026-08-13 09:00:00+00:00,63709.19921875,63728.05078125,63516.44921875,63718.12109375,0
2026-08-13 10:00:00+00:00,63718.140625,63757.78125,63519.12109375,63582.41015625,0
2026-08-13 11:00:00+00:00,63582.3984375,63593.25,63273.921875,63414.8984375,0
2026-08-13 12:00:00+00:00,63414.8984375,63637.87109375,63371.94140625,63621.640625,0
2026-08-13 13:00:00+00:00,63624.51953125,63784.16015625,63482.71875,63653.0390625,0
2026-08-13 14:00:00+00:00,63658.94140625,63931.23828125,63613.51171875,63801.51171875,0
2026-08-13 15:00:00+00:00,63798.41015625,63877.140625,63358.12109375,63358.12109375,0
2026-08-13 16:00:00+00:00,63354.5,63508.53125,62782.2109375,63092.44140625,1650429952
2026-08-13 17:00:00+00:00,63033.4296875,63229.80078125,63004.0,63070.01953125,0
2026-08-13 18:00:00+00:00,63064.6484375,63303.140625,63037.80859375,63235.828125,0
2026-08-13 19:00:00+00:00,63239.98046875,63441.6484375,63239.98046875,63335.078125,0
2026-08-13 20:00:00+00:00,63339.4609375,63407.26953125,63301.19140625,63349.1796875,0
2026-08-13 21:00:00+00:00,63335.80078125,63440.16015625,63327.33984375,63409.171875,0
2026-08-13 22:00:00+00:00,63409.1796875,63581.37890625,63406.28125,63463.33984375,298012672
2026-08-13 23:00:00+00:00,63468.1796875,63475.44921875,63330.30859375,63425.3515625,0
2026-08-14 00:00:00+00:00,63427.23828125,63492.12109375,63343.41015625,63480.94140625,0
2026-08-14 01:00:00+00:00,63474.0,63527.359375,63395.01953125,63511.08984375,0
2026-08-14 02:00:00+00:00,63512.87890625,63555.0,63403.83984375,63403.83984375,118896640
2026-08-14 03:00:00+00:00,63401.0,63516.51953125,63238.5,63246.69140625,0
2026-08-14 04:00:00+00:00,63243.0703125,63405.87890625,63213.12890625,63307.140625,323325952
2026-08-14 05:00:00+00:00,63307.140625,63334.3984375,63213.12109375,63314.5,0
2026-08-14 06:00:00+00:00,63314.51953125,63314.51953125,62883.1796875,62904.2890625,171321344
2026-08-14 07:00:00+00:00,62903.16015625,63042.828125,62847.078125,62848.6796875,421163008
2026-08-14 08:00:00+00:00,62848.6796875,62915.73828125,62624.390625,62868.390625,822470656
2026-08-14 09:00:00+00:00,62871.55859375,62871.55859375,62674.98828125,62722.6484375,116989952
2026-08-14 10:00:00+00:00,62718.2109375,62873.5390625,62669.73046875,62746.12890625,278519808
2026-08-14 11:00:00+00:00,62746.12890625,62868.83984375,62735.1484375,62793.30078125,25317376
2026-08-14 12:00:00+00:00,62800.58984375,62834.37890625,62652.421875,62661.8515625,143765504
2026-08-14 13:00:00+00:00,62668.671875,62737.19921875,62516.62890625,62577.66015625,396158976
2026-08-14 14:00:00+00:00,62593.2890625,62725.48828125,62483.640625,62545.66015625,226076672
2026-08-14 15:00:00+00:00,62551.9296875,63010.37109375,62541.640625,62913.0390625,751867904
2026-08-14 16:00:00+00:00,62912.390625,63152.80078125,62894.19921875,63071.08984375,0
2026-08-14 17:00:00+00:00,63079.44921875,63183.0703125,62931.890625,62954.48828125,0
2026-08-14 18:00:00+00:00,62954.76953125,63016.0390625,62816.609375,62855.921875,103481344
2026-08-14 19:00:00+00:00,62850.26171875,62920.96875,62756.3984375,62895.828125,81668096
2026-08-14 20:00:00+00:00,62905.0,62952.921875,62821.98828125,62835.140625,97798144
2026-08-14 21:00:00+00:00,62835.1484375,62870.19921875,62801.5,62860.8984375,18022400
2026-08-14 22:00:00+00:00,62860.8984375,62891.9296875,62727.30859375,62814.53125,0
2026-08-14 23:00:00+00:00,62812.55859375,62998.98046875,62796.859375,62975.19140625,13991936
2026-08-15 00:00:00+00:00,62975.1796875,62996.5,62928.26953125,62950.71875,0
2026-08-15 01:00:00+00:00,62950.71875,62975.0,62923.859375,62972.28125,56567808
2026-08-15 02:00:00+00:00,62972.28125,63072.0703125,62963.2890625,63071.390625,0
2026-08-15 03:00:00+00:00,63071.390625,63120.7890625,62975.8515625,62988.390625,197591040
2026-08-15 04:00:00+00:00,62989.98828125,63087.37890625,62989.98828125,63052.01953125,0
2026-08-15 05:00:00+00:00,63052.01953125,63091.78125,62966.3984375,63016.1015625,0
2026-08-15 06:00:00+00:00,63016.1015625,63067.53125,62969.7109375,63045.5390625,0
2026-08-15 07:00:00+00:00,63045.5390625,63061.76953125,62972.6484375,63005.66015625,0
2026-08-15 08:00:00+00:00,63014.98046875,63018.890625,62863.12890625,62869.0703125,0
2026-08-15 09:00:00+00:00,62874.08984375,62979.859375,62847.078125,62957.640625,0
2026-08-15 10:00:00+00:00,62959.01171875,62984.53125,62928.58984375,62976.03125,0
2026-08-15 11:00:00+00:00,62966.83984375,62990.359375,62923.53125,62949.21875,0
2026-08-15 12:00:00+00:00,62949.21875,62987.12109375,62875.96875,62985.9296875,0
2026-08-15 13:00:00+00:00,62982.12890625,63012.828125,62951.83984375,62985.921875,0
2026-08-15 14:00:00+00:00,62985.96875,62985.98046875,62920.0,62966.421875,0
2026-08-15 15:00:00+00:00,62966.4296875,63051.73828125,62955.01171875,63022.94921875,0
2026-08-15 16:00:00+00:00,63022.94921875,63054.828125,62984.96875,63024.05859375,0
2026-08-15 17:00:00+00:00,63024.05859375,63034.75,62988.3984375,63000.33984375,0
2026-08-15 18:00:00+00:00,63000.3515625,63041.76953125,62971.171875,62989.12109375,0
2026-08-15 19:00:00+00:00,62989.12109375,63053.51171875,62987.80078125,63051.37890625,35456000
2026-08-15 20:00:00+00:00,63051.390625,63051.44140625,62999.98828125,63036.5,0
2026-08-15 21:00:00+00:00,63030.5390625,63097.44140625,63019.8984375,63085.921875,0
2026-08-15 22:00:00+00:00,63085.921875,63107.33984375,63057.5,63061.6796875,0
2026-08-15 23:00:00+00:00,63061.671875,63075.0,63013.51953125,63018.76171875,0
2026-08-16 00:00:00+00:00,63018.75,63019.66015625,62992.16015625,63012.9296875,0
2026-08-16 01:00:00+00:00,63012.9296875,63013.8984375,62938.171875,63013.8984375,0
2026-08-16 02:00:00+00:00,63010.37109375,63087.08984375,62950.640625,63054.44921875,17978368
2026-08-16 03:00:00+00:00,63054.4609375,63060.578125,63039.73828125,63059.4296875,0
2026-08-16 04:00:00+00:00,63059.421875,63082.5,63016.9296875,63016.9296875,0
2026-08-16 05:00:00+00:00,63016.9296875,63030.3203125,62966.91015625,62997.828125,0
2026-08-16 06:00:00+00:00,62995.0390625,63016.5390625,62977.69140625,62993.71875,0
2026-08-16 07:00:00+00:00,62993.71875,63000.01171875,62982.01171875,62991.23046875,0
2026-08-16 08:00:00+00:00,62991.23046875,63008.6015625,62988.03125,63001.91015625,0
2026-08-16 09:00:00+00:00,63001.8984375,63001.91015625,62897.48046875,62917.51953125,65421824
2026-08-16 10:00:00+00:00,62917.51953125,62942.9296875,62891.0703125,62940.19140625,3644928
2026-08-16 11:00:00+00:00,62940.19921875,62946.0390625,62906.80078125,62945.3203125,0
2026-08-16 12:00:00+00:00,62945.328125,62954.98046875,62921.171875,62948.0,0
2026-08-16 13:00:00+00:00,62948.0,63000.0,62947.140625,62993.62890625,0
2026-08-16 14:00:00+00:00,62993.828125,63039.0,62989.87109375,63034.5390625,0
2026-08-16 15:00:00+00:00,63038.37109375,63070.03125,63034.69921875,63070.03125,0
2026-08-16 16:00:00+00:00,63074.05859375,63313.0,63063.78125,63186.921875,319698944
2026-08-16 17:00:00+00:00,63195.62890625,63210.51171875,63053.12109375,63087.421875,186375168
2026-08-16 18:00:00+00:00,63087.41015625,63112.578125,63050.76171875,63074.2890625,0
2026-08-16 19:00:00+00:00,63074.2890625,63162.890625,63025.2890625,63040.171875,0
2026-08-16 20:00:00+00:00,63040.05859375,63073.359375,62954.2890625,63000.73046875,110647808
2026-08-16 21:00:00+00:00,62997.4296875,63016.7109375,62744.4609375,62862.80078125,80567296
2026-08-16 22:00:00+00:00,62857.0,62889.05859375,62640.87890625,62843.44921875,528695296
2026-08-16 23:00:00+00:00,62839.78125,62924.5703125,62756.921875,62830.578125,238403584
2026-08-17 00:00:00+00:00,62832.44921875,62886.44140625,62681.37890625,62840.55078125,523719680
2026-08-17 01:00:00+00:00,62831.3984375,63173.98828125,62831.3984375,63042.03125,548464640
2026-08-17 02:00:00+00:00,63060.609375,63430.6796875,62966.0390625,63335.73828125,268684288
2026-08-17 03:00:00+00:00,63346.51171875,63458.2890625,63277.98828125,63367.80859375,644800512
2026-08-17 04:00:00+00:00,63388.1796875,63521.578125,63373.359375,63479.98046875,589127680
2026-08-17 05:00:00+00:00,63481.37109375,63534.25,63381.109375,63456.6015625,631631872
2026-08-17 06:00:00+00:00,63456.6015625,63653.421875,63412.671875,63603.33984375,168604672
2026-08-17 07:00:00+00:00,63605.98828125,63605.98828125,63461.4609375,63461.4609375,385545216
2026-08-17 08:00:00+00:00,63468.91015625,63488.98046875,63278.578125,63307.859375,587085824
2026-08-17 09:00:00+00:00,63307.8515625,63358.48828125,63218.171875,63246.19921875,136393728
2026-08-17 10:00:00+00:00,63246.2109375,63627.28125,63219.44921875,63627.28125,562246656
2026-08-17 11:00:00+00:00,63606.578125,63713.2109375,63524.05859375,63559.890625,0
2026-08-17 12:00:00+00:00,63565.921875,63613.55078125,63456.26171875,63478.25,1031956480
2026-08-17 13:00:00+00:00,63478.23828125,63720.8203125,63357.2890625,63601.390625,683301888
2026-08-17 14:00:00+00:00,63591.2890625,63836.19921875,63515.9296875,63830.78125,588694528
2026-08-17 15:00:00+00:00,63830.66015625,64174.30078125,63750.0,64139.69921875,1396312064
2026-08-17 16:00:00+00:00,64150.109375,64154.98046875,63993.609375,64060.3515625,435357696
2026-08-17 17:00:00+00:00,64060.359375,64379.98828125,63921.01171875,64276.80859375,1444204544
2026-08-17 18:00:00+00:00,64293.9296875,64562.1796875,64229.0,64380.578125,1275262976
2026-08-17 19:00:00+00:00,64362.421875,64374.26171875,64231.01171875,64266.44140625,368891904
2026-08-17 20:00:00+00:00,64260.8984375,64376.41015625,64214.7109375,64341.76953125,230129664
2026-08-17 21:00:00+00:00,64341.76953125,64388.51953125,64245.19140625,64335.03125,210223104
2026-08-17 22:00:00+00:00,64340.1796875,64369.51171875,64222.9609375,64240.21875,0
2026-08-17 23:00:00+00:00,64240.21875,64530.0390625,64230.01171875,64477.25,51107840
2026-08-18 00:00:00+00:00,64486.25,64506.9609375,64300.53125,64322.2890625,0
2026-08-18 01:00:00+00:00,64323.62109375,64323.62109375,64097.46875,64148.44921875,0
2026-08-18 02:00:00+00:00,64144.328125,64217.98828125,63995.2890625,64036.12890625,41668608
2026-08-18 03:00:00+00:00,64043.3984375,64119.44140625,63979.37109375,64117.2109375,0
2026-08-18 04:00:00+00:00,64117.19921875,64181.87109375,64018.69921875,64149.69140625,137375744
2026-08-18 05:00:00+00:00,64149.69140625,64211.73046875,64079.7109375,64169.4609375,272480256
2026-08-18 06:00:00+00:00,64169.4609375,64397.37890625,64099.19921875,64266.41015625,243425280
2026-08-18 07:00:00+00:00,64264.41015625,64294.19921875,64104.16015625,64139.78125,0
2026-08-18 08:00:00+00:00,64139.78125,64278.23046875,64027.421875,64228.640625,0
2026-08-18 09:00:00+00:00,64203.12890625,64215.5390625,64070.87890625,64110.01171875,350208
2026-08-18 10:00:00+00:00,64105.01171875,64154.171875,64062.7109375,64134.5390625,0
2026-08-18 11:00:00+00:00,64124.7890625,64342.44140625,64124.7890625,64288.1796875,0
2026-08-18 12:00:00+00:00,64280.921875,64300.3203125,64161.671875,64161.671875,0
2026-08-18 13:00:00+00:00,64128.609375,64226.08984375,63991.25,64155.9296875,241235968
2026-08-18 14:00:00+00:00,64158.171875,65007.2890625,64158.171875,64668.140625,2084710400
2026-08-18 15:00:00+00:00,64696.3203125,64849.41015625,64601.3203125,64808.0,0
2026-08-18 16:00:00+00:00,64819.66015625,64853.08984375,64629.51953125,64795.1796875,0
2026-08-18 17:00:00+00:00,64798.19921875,64798.19921875,64629.55078125,64629.55859375,0
2026-08-18 18:00:00+00:00,64625.3984375,64790.91015625,64611.2890625,64737.171875,0
2026-08-18 19:00:00+00:00,64729.05078125,64763.05078125,64603.921875,64603.9296875,0
2026-08-18 20:00:00+00:00,64612.53125,64621.94921875,64523.28125,64538.48046875,0
2026-08-18 21:00:00+00:00,64540.16015625,64611.28125,64527.37109375,64559.328125,0
2026-08-18 22:00:00+00:00,64559.19140625,64615.12890625,64513.91015625,64596.41015625,0
2026-08-18 23:00:00+00:00,64588.2109375,64744.26953125,64584.9609375,64681.328125,0
2026-08-19 00:00:00+00:00,64692.2109375,64697.80078125,64445.4296875,64445.4296875,0
2026-08-19 01:00:00+00:00,64440.12109375,64502.98046875,64341.46875,64358.4609375,60477440
2026-08-19 02:00:00+00:00,64348.55078125,64367.2109375,64293.0703125,64295.83984375,0
2026-08-19 03:00:00+00:00,64295.8515625,64363.6484375,64218.3984375,64269.359375,0
2026-08-19 04:00:00+00:00,64268.109375,64336.859375,64234.37109375,64255.1015625,0
2026-08-19 05:00:00+00:00,64255.9296875,64357.890625,64178.28125,64185.23046875,0
2026-08-19 06:00:00+00:00,64186.33984375,64291.421875,64112.0390625,64289.8203125,0
2026-08-19 07:00:00+00:00,64289.8203125,64343.9296875,64211.23828125,64243.55078125,52691968
2026-08-19 08:00:00+00:00,64236.76171875,64455.6015625,64190.69921875,64357.12109375,35102720
2026-08-19 09:00:00+00:00,64356.46875,64418.390625,64307.171875,64371.5703125,0
2026-08-19 10:00:00+00:00,64367.80078125,64404.78125,64304.98828125,64393.80078125,94493696
2026-08-19 11:00:00+00:00,64386.7890625,64483.671875,64386.7890625,64459.109375,0
2026-08-19 12:00:00+00:00,64459.109375,64935.94140625,64417.140625,64830.890625,896557056
2026-08-19 13:00:00+00:00,64812.16015625,65170.19921875,64735.921875,64966.71875,1065179136
2026-08-19 14:00:00+00:00,64969.9296875,65930.828125,64966.08984375,65886.25,652589056
2026-08-19 15:00:00+00:00,65926.2734375,69594.25,65858.65625,68519.6328125,10297483264
2026-08-19 16:00:00+00:00,68588.359375,68892.6484375,68403.96875,68453.9765625,2866417664
2026-08-19 17:00:00+00:00,68444.3203125,68514.390625,67802.34375,68168.3125,2094526464
2026-08-19 18:00:00+00:00,68187.0078125,68439.5,68013.4921875,68389.1171875,871927808
2026-08-19 19:00:00+00:00,68367.0390625,68471.0390625,68093.3515625,68406.1328125,997826560
2026-08-19 20:00:00+00:00,68428.6015625,69544.90625,68373.4765625,69043.25,1756401664
2026-08-19 21:00:00+00:00,69038.640625,70010.9609375,68975.6171875,69700.0,4437491712
2026-08-19 22:00:00+00:00,69790.28125,69819.2578125,68959.609375,69219.546875,1832513536
2026-08-19 23:00:00+00:00,69224.703125,69421.6171875,69130.578125,69300.0078125,1161973760
2026-08-20 00:00:00+00:00,69298.7890625,69749.9921875,69291.6015625,69387.7734375,2000023552
2026-08-20 01:00:00+00:00,69385.7578125,69856.3828125,69239.65625,69678.6796875,913199104
2026-08-20 02:00:00+00:00,69682.296875,69787.1171875,69223.5625,69258.5703125,964894720
2026-08-20 03:00:00+00:00,69245.8671875,69282.921875,68857.28125,69139.9921875,1270792192
2026-08-20 04:00:00+00:00,69130.1875,69533.421875,69104.421875,69442.5234375,1019191296
2026-08-20 05:00:00+00:00,69445.640625,69633.0703125,69318.0,69374.828125,888156160
2026-08-20 06:00:00+00:00,69368.4609375,69866.296875,69313.96875,69813.9921875,1263570944
2026-08-20 07:00:00+00:00,69792.046875,69957.09375,69456.03125,69781.84375,1780432896
2026-08-20 08:00:00+00:00,69784.5078125,71746.5625,69736.640625,71524.28125,4352184320
2026-08-20 09:00:00+00:00,71532.3984375,71994.2265625,71458.3125,71740.890625,3360026624
2026-08-20 10:00:00+00:00,71733.2421875,72407.171875,71651.609375,71941.6875,3147587584
2026-08-20 11:00:00+00:00,71934.6484375,72272.6328125,71765.890625,71870.109375,1450704896
2026-08-20 12:00:00+00:00,71886.3515625,71950.8125,71440.046875,71894.5078125,242876416
2026-08-20 13:00:00+00:00,71921.15625,72025.5625,71143.1328125,71631.4609375,1817792512
2026-08-20 14:00:00+00:00,71632.3203125,71935.0703125,71364.3515625,71780.2890625,0
2026-08-20 15:00:00+00:00,71776.4921875,72781.046875,71751.640625,72443.1484375,0
2026-08-20 16:00:00+00:00,72437.671875,72843.2890625,72180.0078125,72829.4296875,0
2026-08-20 17:00:00+00:00,72820.609375,72940.40625,72540.59375,72715.328125,0
2026-08-20 18:00:00+00:00,72733.828125,72794.5390625,72373.5625,72413.0390625,684711936
2026-08-20 19:00:00+00:00,72410.921875,72768.4765625,72313.75,72626.453125,20582400
2026-08-20 20:00:00+00:00,72678.2265625,73002.6796875,72585.0390625,72660.2265625,0
2026-08-20 21:00:00+00:00,72660.2265625,72829.4375,72547.5625,72725.6328125,0
2026-08-20 22:00:00+00:00,72745.90625,72853.7890625,72485.0,72664.6796875,0
2026-08-20 23:00:00+00:00,72658.7109375,73377.8203125,72645.0,73015.9296875,88973312
2026-08-21 00:00:00+00:00,73010.2734375,73945.1796875,73010.2734375,73692.40625,531660800
2026-08-21 01:00:00+00:00,73658.7734375,75704.40625,73648.796875,75107.890625,3005939712
2026-08-21 02:00:00+00:00,75107.1328125,75155.9765625,74358.859375,74409.7109375,1275346944
2026-08-21 03:00:00+00:00,74444.28125,74832.65625,74219.6328125,74478.2734375,28532736
2026-08-21 04:00:00+00:00,74499.828125,75023.03125,74499.828125,74999.9921875,3575808
2026-08-21 05:00:00+00:00,74999.9921875,75482.921875,74888.2265625,75438.078125,320593920
2026-08-21 06:00:00+00:00,75391.1484375,75700.1171875,75065.3515625,75615.7890625,265400320
2026-08-21 07:00:00+00:00,75600.0,76845.359375,75596.9921875,76306.328125,1269219328
2026-08-21 08:00:00+00:00,76299.171875,79442.859375,76267.5078125,79224.703125,431730688
2026-08-21 09:00:00+00:00,79189.2734375,79326.21875,77267.3984375,77888.171875,4098641920
2026-08-21 10:00:00+00:00,77861.5234375,78236.171875,77606.1171875,77802.359375,101093376
2026-08-21 11:00:00+00:00,77814.40625,77840.640625,76416.4765625,76709.6171875,0
2026-08-21 12:00:00+00:00,76740.953125,77457.5,76521.2890625,77195.1484375,4271996928
2026-08-21 13:00:00+00:00,77229.71875,77671.5078125,76225.8125,77244.2265625,0
2026-08-21 14:00:00+00:00,77217.4921875,77432.6484375,76526.828125,77374.78125,1856126976
2026-08-21 15:00:00+00:00,77403.0625,77843.2734375,77136.0234375,77178.828125,0
2026-08-21 16:00:00+00:00,77190.75,77516.71875,76795.3671875,77451.34375,187875328
2026-08-21 17:00:00+00:00,77472.65625,77695.6796875,77167.8203125,77370.28125,0
2026-08-21 18:00:00+00:00,77380.25,77519.7578125,76623.4296875,77110.5234375,0
2026-08-21 19:00:00+00:00,77144.8984375,77338.90625,76837.8125,76995.203125,2632744960
2026-08-21 20:00:00+00:00,77028.0,77518.40625,76837.75,77497.96875,266452992
2026-08-21 21:00:00+00:00,77492.390625,78664.171875,77363.09375,78495.390625,1140613120
2026-08-21 22:00:00+00:00,78503.3828125,78747.0625,78106.6015625,78432.7734375,1738825728
2026-08-21 23:00:00+00:00,78459.7734375,78711.09375,78122.8203125,78325.546875,12009472
2026-08-22 00:00:00+00:00,78325.5390625,78495.5,77695.40625,77934.0625,0
2026-08-22 01:00:00+00:00,77938.3671875,78220.59375,77805.34375,77821.046875,0
2026-08-22 02:00:00+00:00,77840.703125,78543.8671875,77783.4609375,78462.796875,0
2026-08-22 03:00:00+00:00,78481.8984375,78814.4921875,78351.6015625,78402.6171875,408903680
2026-08-22 04:00:00+00:00,78402.6171875,78795.140625,78195.40625,78475.7109375,767688704
2026-08-22 05:00:00+00:00,78440.0,78562.9296875,76650.2734375,77351.1875,7252869120
2026-08-22 06:00:00+00:00,77343.546875,77560.6875,76992.3515625,77477.25,0
2026-08-22 07:00:00+00:00,77475.5703125,77645.3203125,77208.1796875,77286.2421875,0
2026-08-22 08:00:00+00:00,77293.890625,77429.1328125,77021.546875,77195.4921875,0
2026-08-22 09:00:00+00:00,77195.4921875,77366.7421875,76835.4921875,77049.3984375,0
2026-08-22 10:00:00+00:00,77049.390625,77179.3125,76524.3515625,76964.8828125,0
2026-08-22 11:00:00+00:00,76961.5390625,77206.0234375,76808.7578125,77114.3515625,0
2026-08-22 12:00:00+00:00,77119.921875,77373.046875,77069.0078125,77300.0078125,0
2026-08-22 13:00:00+00:00,77300.0078125,77359.6328125,77101.390625,77277.296875,0
2026-08-22 14:00:00+00:00,77277.2890625,77315.703125,76927.1796875,76995.59375,0
2026-08-22 15:00:00+00:00,77007.3828125,77093.828125,76884.0078125,76970.5625,0
2026-08-22 16:00:00+00:00,76972.4765625,77534.4921875,76944.0,77282.4609375,0
2026-08-22 17:00:00+00:00,77272.078125,77367.140625,77072.328125,77270.5234375,0
2026-08-22 18:00:00+00:00,77270.53125,77357.5,77133.9609375,77261.921875,0
2026-08-22 19:00:00+00:00,77261.921875,77475.78125,77196.7265625,77419.9375,0
2026-08-22 20:00:00+00:00,77421.578125,77459.640625,77260.0078125,77312.9765625,0
2026-08-22 21:00:00+00:00,77311.2265625,77312.2109375,76839.796875,76847.3671875,0
2026-08-22 22:00:00+00:00,76873.6796875,77146.4921875,76770.53125,76989.453125,0
2026-08-22 23:00:00+00:00,77005.953125,77121.96875,76888.96875,77054.4375,0
2026-08-23 00:00:00+00:00,77054.4609375,77343.5625,77037.9375,77289.0,0
2026-08-23 01:00:00+00:00,77287.4375,77397.3828125,77152.5390625,77184.53125,0
2026-08-23 02:00:00+00:00,77184.5390625,77206.5,76992.1015625,77064.6875,0
2026-08-23 03:00:00+00:00,77072.7421875,77133.4296875,76824.03125,76914.7265625,0
2026-08-23 04:00:00+00:00,76914.7265625,77025.0,76495.4765625,76602.46875,0
2026-08-23 05:00:00+00:00,76564.2734375,76707.0390625,75601.5703125,76048.5703125,0
2026-08-23 06:00:00+00:00,76100.0,76339.5078125,75899.578125,76089.0,0
2026-08-23 07:00:00+00:00,76090.8203125,76335.0078125,75899.2734375,75986.9921875,0
2026-08-23 08:00:00+00:00,75987.7890625,76605.8828125,75933.96875,76464.9375,0
2026-08-23 09:00:00+00:00,76468.46875,76629.203125,76449.671875,76540.0078125,0
2026-08-23 10:00:00+00:00,76533.7109375,76896.609375,76533.7109375,76776.9296875,0
2026-08-23 11:00:00+00:00,76776.9375,77369.140625,76729.578125,77288.15625,2861056
2026-08-23 12:00:00+00:00,77288.15625,77288.15625,76999.75,77201.59375,0
2026-08-23 13:00:00+00:00,77201.59375,77715.546875,77184.8828125,77477.2421875,715337728
2026-08-23 14:00:00+00:00,77481.78125,77630.578125,76829.4296875,77180.453125,1025032192
2026-08-23 15:00:00+00:00,77212.0078125,77320.0625,76917.921875,77133.453125,327010304
2026-08-23 16:00:00+00:00,77133.453125,77454.0,77133.453125,77405.671875,0
2026-08-23 17:00:00+00:00,77405.671875,77433.1171875,77144.90625,77175.46875,0
2026-08-23 18:00:00+00:00,77179.28125,77396.921875,77104.453125,77325.0,460367872
2026-08-23 19:00:00+00:00,77347.359375,77455.078125,77237.6328125,77328.2734375,80019456
2026-08-23 20:00:00+00:00,77320.6328125,77431.3984375,77186.84375,77393.1875,0
2026-08-23 21:00:00+00:00,77400.0,78025.8984375,77400.0,77832.5,384538624
2026-08-23 22:00:00+00:00,77866.8828125,77966.2421875,77560.0234375,77600.671875,481656832
2026-08-23 23:00:00+00:00,77612.5234375,77819.03125,77329.2578125,77725.5390625,522901504
2026-08-24 00:00:00+00:00,77733.703125,77740.3203125,77175.7265625,77672.046875,511672320
2026-08-24 01:00:00+00:00,77684.5234375,77700.2421875,76907.8515625,76907.8515625,714055680
2026-08-24 02:00:00+00:00,76913.0625,77542.1796875,76867.84375,77466.328125,690757632
2026-08-24 03:00:00+00:00,77474.15625,77519.2578125,76919.53125,76933.4609375,1072965632
2026-08-24 04:00:00+00:00,76969.8671875,77250.09375,76678.859375,76893.2265625,0
2026-08-24 05:00:00+00:00,76877.5,77213.65625,76835.4921875,77159.59375,0
2026-08-24 06:00:00+00:00,77152.53125,77520.09375,77064.6875,77459.1328125,0
2026-08-24 07:00:00+00:00,77459.7265625,77782.53125,77276.4375,77297.8671875,328226816
2026-08-24 08:00:00+00:00,77316.1171875,77397.96875,76819.7109375,77032.90625,109729792
2026-08-24 09:00:00+00:00,77025.0703125,77590.921875,77007.8984375,77540.8828125,394989568
2026-08-24 10:00:00+00:00,77540.7265625,78004.0703125,77523.5625,77608.859375,1007820800
2026-08-24 11:00:00+00:00,77614.2421875,78589.0,77449.96875,78434.0234375,1150758912
2026-08-24 12:00:00+00:00,78400.7109375,79279.3828125,77967.6328125,79137.0390625,2219028480
2026-08-24 13:00:00+00:00,79136.359375,79345.2109375,77873.2578125,78562.3984375,4471562240
2026-08-24 14:00:00+00:00,78578.6875,79798.1171875,78578.6875,79484.3203125,3139547136
2026-08-24 15:00:00+00:00,79486.1015625,79987.03125,78809.28125,79079.5,3707219968
2026-08-24 16:00:00+00:00,79091.3828125,79838.546875,78894.75,79041.0390625,3043389440
2026-08-24 17:00:00+00:00,79040.2421875,79182.640625,78469.078125,78744.9375,3124101120
2026-08-24 18:00:00+00:00,78763.71875,79091.3828125,78722.4375,78926.4921875,642224128
2026-08-24 19:00:00+00:00,78935.078125,79114.953125,78588.359375,78744.359375,1296715776
2026-08-24 20:00:00+00:00,78787.5234375,78984.6328125,78550.1328125,78913.78125,768851968
2026-08-24 21:00:00+00:00,78929.2578125,79036.8515625,78843.453125,78970.3125,0
2026-08-24 22:00:00+00:00,78970.3125,78977.9765625,78696.1015625,78734.6171875,0
2026-08-24 23:00:00+00:00,78734.6171875,79009.2109375,78635.2109375,78987.4296875,30892032
2026-08-25 00:00:00+00:00,78969.171875,79880.2890625,78711.4921875,79743.828125,552529920
2026-08-25 01:00:00+00:00,79741.6875,79969.03125,79481.8203125,79821.8984375,874496000
2026-08-25 02:00:00+00:00,79821.890625,81245.53125,79730.0078125,80634.3984375,3530829824
2026-08-25 03:00:00+00:00,80643.921875,80938.0625,80303.2109375,80468.96875,330780672
2026-08-25 04:00:00+00:00,80458.25,80591.5625,80126.03125,80348.0703125,0
2026-08-25 05:00:00+00:00,80382.7265625,80796.2421875,80303.2109375,80702.0,68665344
2026-08-25 06:00:00+00:00,80688.46875,80874.5625,80374.3828125,80533.7734375,2277376
2026-08-25 07:00:00+00:00,80533.7734375,80772.4375,79362.3125,79674.2109375,559218688
2026-08-25 08:00:00+00:00,79704.6328125,80226.4765625,79580.59375,79905.8125,443031552
2026-08-25 09:00:00+00:00,79919.3125,79930.7265625,78885.21875,79177.828125,708382720
2026-08-25 10:00:00+00:00,79176.859375,79466.34375,78982.6796875,79293.1796875,0
2026-08-25 11:00:00+00:00,79294.8828125,79434.6328125,79036.7734375,79118.9921875,0
2026-08-25 12:00:00+00:00,79114.109375,79167.953125,78632.7734375,78966.9609375,0
2026-08-25 13:00:00+00:00,78971.2890625,79200.0078125,78114.640625,78627.359375,0
2026-08-25 14:00:00+00:00,78626.859375,79376.09375,78541.390625,79225.0078125,0
2026-08-25 15:00:00+00:00,79232.7265625,79537.4609375,79031.1328125,79506.2265625,0
2026-08-25 16:00:00+00:00,79495.0625,79574.9921875,79065.3828125,79153.296875,0
2026-08-25 17:00:00+00:00,79144.5703125,79261.9375,78779.7578125,79234.1015625,0
2026-08-25 18:00:00+00:00,79235.7578125,79343.203125,79045.53125,79135.6796875,0
2026-08-25 19:00:00+00:00,79120.8125,79233.9375,78736.4375,78923.8125,0
2026-08-25 20:00:00+00:00,78964.0,78981.0703125,78171.1015625,78184.046875,270336000
2026-08-25 21:00:00+00:00,78165.2890625,78660.53125,77871.7421875,78550.578125,1512439808
2026-08-25 22:00:00+00:00,78552.2109375,78989.9921875,78552.2109375,78876.8671875,129847296
2026-08-25 23:00:00+00:00,78876.8671875,78963.3984375,78388.96875,78526.796875,262873088
2026-08-26 00:00:00+00:00,78574.0390625,78707.6796875,78310.8515625,78632.359375,0
2026-08-26 01:00:00+00:00,78613.71875,78954.4765625,78613.71875,78809.6328125,0
2026-08-26 02:00:00+00:00,78835.671875,79239.09375,78743.3515625,79098.25,0
2026-08-26 03:00:00+00:00,79092.4765625,79176.2421875,78891.1328125,79075.5234375,0
2026-08-26 04:00:00+00:00,79066.40625,79188.2421875,78784.75,78823.8515625,0
2026-08-26 05:00:00+00:00,78823.8515625,79124.3984375,78633.1015625,79080.25,0
2026-08-26 06:00:00+00:00,79079.25,79194.90625,78806.9296875,78934.0234375,0
2026-08-26 07:00:00+00:00,78931.453125,79085.796875,78855.1015625,78915.9765625,0
2026-08-26 08:00:00+00:00,78915.9765625,79110.7734375,78603.6328125,78690.9765625,0
2026-08-26 09:00:00+00:00,78695.7265625,78875.7265625,78239.1015625,78434.75,0
2026-08-26 10:00:00+00:00,78423.2109375,78862.3203125,78288.40625,78707.890625,0
2026-08-26 11:00:00+00:00,78710.140625,78770.21875,78303.3671875,78467.421875,0
2026-08-26 12:00:00+00:00,78488.34375,78693.171875,78135.4765625,78300.1484375,317390848
2026-08-26 13:00:00+00:00,78298.2734375,78545.4296875,77907.6875,78446.78125,0
2026-08-26 14:00:00+00:00,78410.7578125,78606.5625,77768.2265625,77787.5390625,0
2026-08-26 15:00:00+00:00,77787.53125,78163.390625,77632.0390625,78013.359375,1208088576
2026-08-26 16:00:00+00:00,78005.4375,78167.9921875,77856.2890625,77982.2265625,0
2026-08-26 17:00:00+00:00,77999.78125,78611.25,77997.71875,78441.453125,0
2026-08-26 18:00:00+00:00,78448.046875,78643.921875,78277.0390625,78471.3828125,0
2026-08-26 19:00:00+00:00,78471.390625,78563.4765625,78281.96875,78463.0078125,0
2026-08-26 20:00:00+00:00,78487.609375,78535.859375,78200.0078125,78448.546875,0
2026-08-26 21:00:00+00:00,78448.546875,78838.7890625,78379.0625,78720.8984375,0
2026-08-26 22:00:00+00:00,78718.609375,78987.671875,78553.1875,78704.171875,49297408
2026-08-26 23:00:00+00:00,78692.671875,79156.546875,78653.7421875,79026.1796875,327227392
2026-08-27 00:00:00+00:00,79019.71875,79019.71875,78692.7734375,78695.1171875,155062272
2026-08-27 01:00:00+00:00,78678.0078125,79024.109375,78583.4921875,78893.5,0
2026-08-27 02:00:00+00:00,78897.75,78978.59375,78703.859375,78725.0,0
2026-08-27 03:00:00+00:00,78726.4765625,78980.078125,78630.0,78820.8203125,206419968
2026-08-27 04:00:00+00:00,78820.828125,78887.9609375,78670.0,78765.2734375,0
2026-08-27 05:00:00+00:00,78770.28125,78919.3984375,78590.0,78876.53125,0
2026-08-27 06:00:00+00:00,78895.34375,78895.34375,78609.828125,78820.0,0
2026-08-27 07:00:00+00:00,78801.1171875,79093.890625,78735.359375,79067.34375,0
2026-08-27 08:00:00+00:00,79082.53125,80022.4296875,79034.921875,79755.2578125,1561767936
2026-08-27 09:00:00+00:00,79755.2578125,80500.0,79671.1484375,79988.75,1072343040
2026-08-27 10:00:00+00:00,79988.7421875,80163.078125,79346.609375,79619.4921875,730159104
2026-08-27 11:00:00+00:00,79617.9921875,79776.90625,79217.7734375,79476.34375,557361152
2026-08-27 12:00:00+00:00,79475.5,79577.75,79252.9375,79276.0703125,0
2026-08-27 13:00:00+00:00,79272.5,79553.9921875,78921.5,79533.0,0
2026-08-27 14:00:00+00:00,79533.1171875,80406.109375,79353.2109375,80221.296875,998203392
2026-08-27 15:00:00+00:00,80221.4375,80799.0,80116.5234375,80316.9609375,1218215936
2026-08-27 16:00:00+00:00,80332.359375,80631.671875,80205.6328125,80389.3203125,685561856
2026-08-27 17:00:00+00:00,80384.7890625,80816.0,80239.5078125,80445.1328125,909352960
2026-08-27 18:00:00+00:00,80441.2109375,80454.03125,79759.5078125,80174.53125,596121600
2026-08-27 19:00:00+00:00,80175.8984375,80302.8984375,79931.6796875,79932.53125,197173248
2026-08-27 20:00:00+00:00,79934.53125,80122.9375,79881.1875,80111.046875,188121088
2026-08-27 21:00:00+00:00,80108.8203125,80204.1328125,79987.1796875,80202.15625,0
2026-08-27 22:00:00+00:00,80210.390625,80447.9765625,80165.3984375,80322.0390625,0
2026-08-27 23:00:00+00:00,80308.1171875,80416.640625,80162.640625,80275.34375,0
2026-08-28 00:00:00+00:00,80287.390625,80720.7265625,80172.1171875,80595.140625,0
2026-08-28 01:00:00+00:00,80623.3515625,81435.09375,80454.359375,80519.1171875,1471275008
2026-08-28 02:00:00+00:00,80511.25,80511.6484375,79785.8125,79937.4921875,1737392128
2026-08-28 03:00:00+00:00,79937.4765625,80064.0703125,79788.390625,79824.703125,161669120
2026-08-28 04:00:00+00:00,79818.203125,79976.0078125,79619.859375,79649.21875,558424064
2026-08-28 05:00:00+00:00,79649.2265625,79887.7734375,79567.2265625,79693.7265625,139563008
2026-08-28 06:00:00+00:00,79698.921875,80000.0,79698.921875,79909.078125,0
2026-08-28 07:00:00+00:00,79909.078125,79909.078125,79595.0,79684.34375,986034176
2026-08-28 08:00:00+00:00,79690.4921875,79849.0,79489.3828125,79520.0625,0
2026-08-28 09:00:00+00:00,79520.046875,79521.3125,79275.1171875,79292.9921875,0
2026-08-28 10:00:00+00:00,79302.078125,79576.8984375,79025.6875,79568.6171875,0
2026-08-28 11:00:00+00:00,79574.421875,79768.5,79559.3203125,79604.4296875,0
2026-08-28 12:00:00+00:00,79606.03125,79723.359375,79300.5625,79417.59375,0
2026-08-28 13:00:00+00:00,79400.71875,79549.890625,79035.9296875,79490.15625,0
2026-08-28 14:00:00+00:00,79326.296875,79698.78125,78461.796875,79546.4609375,3327805440
2026-08-28 15:00:00+00:00,79578.1015625,79809.75,78324.2265625,78324.2265625,0
2026-08-28 16:00:00+00:00,78373.359375,78397.0,76880.0078125,77788.4921875,3045756928
2026-08-28 17:00:00+00:00,77791.203125,78079.5234375,77656.7265625,77900.9765625,0
2026-08-28 18:00:00+00:00,77901.2421875,77933.9921875,77265.7109375,77543.546875,32083968
2026-08-28 19:00:00+00:00,77566.4609375,77783.796875,77364.8984375,77533.640625,0
2026-08-28 20:00:00+00:00,77558.0625,77599.9296875,77294.296875,77399.9921875,78569472
2026-08-28 21:00:00+00:00,77412.3203125,77529.6484375,77287.28125,77365.4765625,15364096
2026-08-28 22:00:00+00:00,77349.921875,77761.140625,77342.1875,77749.34375,0
2026-08-28 23:00:00+00:00,77741.75,77839.5234375,77632.0703125,77838.671875,48013312
2026-08-29 00:00:00+00:00,77839.1875,77950.3125,77715.7421875,77734.4765625,0
2026-08-29 01:00:00+00:00,77717.8671875,77854.1484375,77631.0234375,77792.0390625,0
2026-08-29 02:00:00+00:00,77792.0390625,77825.9765625,77578.0625,77668.09375,0
2026-08-29 03:00:00+00:00,77668.09375,77735.859375,77501.0390625,77501.046875,0
2026-08-29 04:00:00+00:00,77505.703125,77674.9296875,77504.0,77640.421875,0
2026-08-29 05:00:00+00:00,77640.4296875,77711.9921875,77603.3828125,77635.4296875,0
2026-08-29 06:00:00+00:00,77641.2578125,77641.2578125,77369.4375,77459.9765625,85127168
2026-08-29 07:00:00+00:00,77459.9921875,77672.3984375,77433.3828125,77619.0,0
2026-08-29 08:00:00+00:00,77619.25,77641.78125,77475.2109375,77641.78125,0
2026-08-29 09:00:00+00:00,77643.828125,77752.5,77550.1875,77642.40625,0
2026-08-29 10:00:00+00:00,77642.40625,77727.578125,77518.46875,77628.4609375,0
2026-08-29 11:00:00+00:00,77628.46875,77727.1328125,77544.421875,77575.40625,0
2026-08-29 12:00:00+00:00,77581.75,77658.4765625,77501.3203125,77584.6171875,0
2026-08-29 13:00:00+00:00,77584.6171875,77720.03125,77559.6796875,77692.7578125,0
2026-08-29 14:00:00+00:00,77688.59375,78142.6328125,77651.1015625,78001.5625,0
2026-08-29 15:00:00+00:00,78013.609375,78013.609375,77797.4609375,77855.578125,0
2026-08-29 16:00:00+00:00,77862.078125,78108.546875,77845.96875,78018.2578125,0
2026-08-29 17:00:00+00:00,78019.46875,78106.25,77890.3515625,78096.40625,0
2026-08-29 18:00:00+00:00,78091.34375,78255.0,78007.8828125,78153.0,0
2026-08-29 19:00:00+00:00,78153.0,78334.4375,78138.578125,78193.6015625,0
2026-08-29 20:00:00+00:00,78193.6015625,78298.5625,78113.4375,78119.671875,0
2026-08-29 21:00:00+00:00,78119.4765625,78199.4765625,78041.6015625,78164.21875,0
2026-08-29 22:00:00+00:00,78163.671875,78236.59375,78079.8984375,78221.859375,0
2026-08-29 23:00:00+00:00,78221.1796875,78277.203125,78187.296875,78233.9296875,0
2026-08-30 00:00:00+00:00,78232.609375,78323.0703125,78146.140625,78175.921875,0
2026-08-30 01:00:00+00:00,78175.921875,78179.5234375,77980.8828125,78076.90625,101819392
2026-08-30 02:00:00+00:00,78076.8984375,78176.78125,78002.7265625,78097.6484375,0
2026-08-30 03:00:00+00:00,78097.65625,78230.0,78055.0078125,78135.1015625,0
2026-08-30 04:00:00+00:00,78135.0625,78223.9296875,77991.046875,78116.1484375,45350912
2026-08-30 05:00:00+00:00,78117.3828125,78220.0234375,78110.078125,78138.59375,0
2026-08-30 06:00:00+00:00,78138.59375,78297.8125,78109.4921875,78275.09375,0
2026-08-30 07:00:00+00:00,78280.8515625,78291.53125,78100.171875,78103.0234375,0
2026-08-30 08:00:00+00:00,78105.15625,78199.3515625,78021.1171875,78065.203125,0
2026-08-30 09:00:00+00:00,78055.0625,78117.640625,77984.390625,77992.140625,0
2026-08-30 10:00:00+00:00,77979.40625,78145.078125,77959.1171875,78144.9375,0
2026-08-30 11:00:00+00:00,78144.953125,78233.8828125,78109.5078125,78163.40625,0
2026-08-30 12:00:00+00:00,78171.8203125,78838.28125,78170.609375,78746.8203125,747046912
2026-08-30 13:00:00+00:00,78764.796875,78963.71875,78584.1015625,78849.7734375,623563776
2026-08-30 14:00:00+00:00,78852.3984375,78946.28125,78701.2109375,78778.3984375,0
2026-08-30 15:00:00+00:00,78778.390625,78894.1484375,78619.390625,78821.6875,360071168
2026-08-30 16:00:00+00:00,78827.1171875,79387.859375,78731.03125,79331.6796875,541491200
2026-08-30 17:00:00+00:00,79331.65625,79331.65625,78778.578125,79011.7421875,675948544
2026-08-30 18:00:00+00:00,79019.9921875,79169.84375,78787.578125,79028.046875,173987840
2026-08-30 19:00:00+00:00,79028.046875,79038.9765625,78704.5,78856.109375,10842112
2026-08-30 20:00:00+00:00,78864.90625,78922.59375,78433.3671875,78582.296875,293439488
2026-08-30 21:00:00+00:00,78582.3125,78723.4921875,78260.2890625,78646.7734375,700779520
2026-08-30 22:00:00+00:00,78601.8671875,78795.8984375,78284.6875,78425.9609375,440715264
2026-08-30 23:00:00+00:00,78415.8828125,78437.8671875,77049.703125,77683.5,2666158080
2026-08-31 00:00:00+00:00,77657.453125,78150.8515625,77428.2734375,77921.5234375,1179308032
2026-08-31 01:00:00+00:00,77897.7109375,77985.7109375,77540.15625,77632.203125,626155520
2026-08-31 02:00:00+00:00,77621.078125,77988.171875,77369.59375,77453.578125,584818688
2026-08-31 03:00:00+00:00,77477.15625,77849.9765625,77373.1328125,77744.828125,324796416
2026-08-31 04:00:00+00:00,77751.0,77763.7109375,77448.359375,77603.8984375,433309696
2026-08-31 05:00:00+00:00,77603.8984375,78142.7734375,77500.0,78012.1484375,815953920
2026-08-31 06:00:00+00:00,77995.5078125,78128.28125,77855.5,78083.5234375,756377600
2026-08-31 07:00:00+00:00,78067.140625,78299.9609375,78021.3828125,78178.9765625,1024468992
2026-08-31 08:00:00+00:00,78189.7890625,78499.9765625,77966.15625,78459.796875,948441088
2026-08-31 09:00:00+00:00,78454.3828125,78790.3515625,78379.5078125,78493.3125,839370752
2026-08-31 10:00:00+00:00,78509.34375,78675.6171875,78282.1015625,78675.6171875,709822464
2026-08-31 11:00:00+00:00,78675.6171875,78675.6171875,78266.6484375,78286.96875,545689600
2026-08-31 12:00:00+00:00,78281.203125,78506.7109375,77691.921875,77913.421875,359725056
2026-08-31 13:00:00+00:00,77913.3671875,78262.4921875,77720.21875,77837.3984375,945094656
2026-08-31 14:00:00+00:00,77844.2265625,78660.84375,77724.4296875,78548.5234375,1153599488
2026-08-31 15:00:00+00:00,78605.0,78749.9921875,78190.1484375,78559.078125,1390127104
2026-08-31 16:00:00+00:00,78566.5390625,78843.59375,78506.59375,78616.6015625,54583296
2026-08-31 17:00:00+00:00,78602.1328125,78982.5703125,78479.5,78888.59375,140066816
2026-08-31 18:00:00+00:00,78890.1484375,79196.6875,78768.5625,79003.953125,613715968
2026-08-31 19:00:00+00:00,79017.390625,79253.8984375,78844.65625,78878.859375,474619904
2026-08-31 20:00:00+00:00,78904.09375,79149.0390625,78772.5078125,78842.6875,233000960
2026-08-31 21:00:00+00:00,78853.2890625,79050.0,78720.0234375,78944.7734375,0
2026-08-31 22:00:00+00:00,78945.7578125,79000.0,78555.0078125,78568.328125,0
2026-08-31 23:00:00+00:00,78568.328125,78568.328125,78380.046875,78562.7265625,0
2026-09-01 00:00:00+00:00,78556.859375,78880.4921875,78537.71875,78628.03125,0
2026-09-01 01:00:00+00:00,78640.7421875,78780.296875,78353.4921875,78377.171875,564154368
2026-09-01 02:00:00+00:00,78351.0,78428.609375,78161.4765625,78422.4609375,176121856
2026-09-01 03:00:00+00:00,78422.46875,78849.9921875,78370.5234375,78653.9296875,358709248
2026-09-01 04:00:00+00:00,78653.9296875,78870.0625,78619.5625,78704.4765625,0
2026-09-01 05:00:00+00:00,78716.296875,79195.3203125,78716.296875,79136.0625,89683968
2026-09-01 06:00:00+00:00,79115.7890625,79115.7890625,78708.71875,78708.71875,0
2026-09-01 07:00:00+00:00,78702.0078125,78781.5234375,78480.609375,78609.921875,0
2026-09-01 08:00:00+00:00,78615.9375,78635.0,77802.9296875,77858.359375,661682176
2026-09-01 09:00:00+00:00,77875.0,78037.3984375,77757.3125,77893.2421875,396449792
2026-09-01 10:00:00+00:00,77885.3515625,78174.7734375,77740.5625,77989.078125,0
2026-09-01 11:00:00+00:00,77984.6328125,78168.5234375,77850.0078125,78061.7109375,0
2026-09-01 12:00:00+00:00,78061.71875,78121.109375,77716.84375,77968.9765625,0
2026-09-01 13:00:00+00:00,77959.2734375,78176.0078125,77471.9921875,78041.09375,691603456
2026-09-01 14:00:00+00:00,78112.109375,78397.0234375,78025.8828125,78139.75,0
2026-09-01 15:00:00+00:00,78129.84375,78129.84375,77691.453125,77881.4296875,0
2026-09-01 16:00:00+00:00,77893.71875,77947.4609375,77288.9921875,77565.4375,158550016
2026-09-01 17:00:00+00:00,77566.84375,77692.6015625,77224.90625,77238.203125,0
2026-09-01 18:00:00+00:00,77259.7578125,77294.6484375,76381.09375,77126.9296875,1509505024
2026-09-01 19:00:00+00:00,77111.28125,77413.5234375,77081.109375,77267.890625,176222208
2026-09-01 20:00:00+00:00,77277.15625,77440.8515625,77199.3828125,77403.8125,0
2026-09-01 21:00:00+00:00,77418.171875,77479.140625,76875.1171875,77165.9296875,64145408
2026-09-01 22:00:00+00:00,77166.578125,77328.796875,76985.171875,77224.9765625,235620352
2026-09-01 23:00:00+00:00,77231.7734375,77558.203125,77164.9609375,77398.703125,0
2026-09-02 00:00:00+00:00,77423.46875,77473.6875,77088.453125,77171.5625,115419136
2026-09-02 01:00:00+00:00,77152.453125,77317.4609375,76663.5390625,76965.7265625,7747584
2026-09-02 02:00:00+00:00,76962.3671875,77292.203125,76897.3125,77277.15625,209506304
2026-09-02 03:00:00+00:00,77277.15625,77749.9921875,77255.546875,77512.453125,139085824
2026-09-02 04:00:00+00:00,77501.8828125,77577.1015625,77239.7109375,77516.75,0
2026-09-02 05:00:00+00:00,77516.75,77722.71875,77392.8671875,77605.3984375,0
2026-09-02 06:00:00+00:00,77626.71875,77678.0625,77415.2890625,77573.6875,0
2026-09-02 07:00:00+00:00,77573.6875,77732.921875,77435.109375,77436.2421875,0
2026-09-02 08:00:00+00:00,77459.609375,77510.90625,76701.578125,76802.0078125,0
2026-09-02 09:00:00+00:00,76807.4296875,77013.0390625,76449.09375,76711.0703125,131500032
2026-09-02 10:00:00+00:00,76708.0,76716.703125,76244.7421875,76638.8125,0
2026-09-02 11:00:00+00:00,76627.9921875,76800.2265625,76310.1171875,76778.4921875,504576000
2026-09-02 12:00:00+00:00,76760.0390625,77011.1875,76567.9296875,76567.9375,240304128
2026-09-02 13:00:00+00:00,76565.40625,77375.0,76565.40625,77112.640625,0
2026-09-02 14:00:00+00:00,77085.0,77449.0625,76965.1484375,77025.328125,0
2026-09-02 15:00:00+00:00,77016.75,77349.5234375,76700.5234375,77253.0390625,354033664
2026-09-02 16:00:00+00:00,77244.5234375,77538.578125,77139.9375,77139.9375,258367488
2026-09-02 17:00:00+00:00,77144.109375,77368.9296875,76922.046875,77351.4609375,0
2026-09-02 18:00:00+00:00,77351.4609375,77486.328125,77264.421875,77348.28125,0
2026-09-02 19:00:00+00:00,77339.7734375,77394.0,77090.0078125,77324.640625,0
2026-09-02 20:00:00+00:00,77332.9921875,77502.1015625,77177.71875,77378.109375,122605568
2026-09-02 21:00:00+00:00,77378.109375,77404.2578125,77216.1484375,77264.90625,0
2026-09-02 22:00:00+00:00,77256.671875,77256.671875,76989.640625,77003.6015625,0
2026-09-02 23:00:00+00:00,77006.59375,77347.359375,76980.0,77316.1015625,0
2026-09-03 00:00:00+00:00,77302.84375,77363.3125,76955.75,77027.84375,63744000
2026-09-03 01:00:00+00:00,77035.1015625,77512.4921875,76937.859375,77323.5234375,0
2026-09-03 02:00:00+00:00,77319.71875,77877.1875,77200.8203125,77786.9765625,989257728
2026-09-03 03:00:00+00:00,77760.3125,77853.0,77606.4375,77673.9609375,89169920
2026-09-03 04:00:00+00:00,77673.9609375,77804.2109375,77510.0390625,77740.7109375,0
2026-09-03 05:00:00+00:00,77754.9921875,77798.3203125,77056.84375,77781.09375,384065536
2026-09-03 06:00:00+00:00,77781.09375,77818.046875,77658.8515625,77797.9921875,66244608
2026-09-03 07:00:00+00:00,77797.25,78147.203125,77560.8671875,77621.7109375,359268352
2026-09-03 08:00:00+00:00,77639.3671875,78037.421875,77639.3671875,77803.1328125,0
2026-09-03 09:00:00+00:00,77803.8203125,77924.359375,77571.0,77571.0,0
2026-09-03 10:00:00+00:00,77571.0,77745.578125,77436.28125,77708.578125,0
2026-09-03 11:00:00+00:00,77715.1015625,77971.6015625,77675.203125,77910.2734375,0
2026-09-03 12:00:00+00:00,77901.8515625,78764.9765625,77852.890625,78621.2890625,316008448
2026-09-03 13:00:00+00:00,78614.90625,78982.03125,78421.96875,78823.921875,692062208
2026-09-03 14:00:00+00:00,78785.4375,80556.1484375,78678.96875,80556.1484375,2129303552
2026-09-03 15:00:00+00:00,80519.4375,81391.4765625,80368.40625,81358.2109375,3609931776
2026-09-03 16:00:00+00:00,81366.609375,81387.1328125,80631.7421875,80973.953125,1275899904
2026-09-03 17:00:00+00:00,80969.7890625,81197.9921875,80880.8125,81052.4921875,946206720
2026-09-03 18:00:00+00:00,81048.1875,81340.046875,80904.0234375,81268.421875,691415040
2026-09-03 19:00:00+00:00,81253.390625,81803.078125,81174.7109375,81759.421875,878350336
2026-09-03 20:00:00+00:00,81771.9921875,81794.7734375,81400.0234375,81482.8515625,1215848448
2026-09-03 21:00:00+00:00,81468.7890625,82272.0,81314.359375,81600.1875,1717960704
2026-09-03 22:00:00+00:00,81603.2109375,81627.2109375,80921.203125,81155.5625,1133797376
2026-09-03 23:00:00+00:00,81153.3984375,81341.3125,81079.953125,81272.4609375,642990080
2026-09-04 00:00:00+00:00,81261.453125,81438.0,80965.0078125,80977.3125,526274560
2026-09-04 01:00:00+00:00,80979.109375,81094.9921875,80780.0078125,80975.296875,0
2026-09-04 02:00:00+00:00,80968.3984375,80974.0,80667.9375,80827.4921875,666333184
2026-09-04 03:00:00+00:00,80836.0078125,80999.4375,80800.0078125,80850.5078125,249188352
2026-09-04 04:00:00+00:00,80840.0,81281.9921875,80814.0,81071.890625,479719424
2026-09-04 05:00:00+00:00,81071.8828125,81138.5,80856.9375,80983.203125,0
2026-09-04 06:00:00+00:00,80983.203125,81082.796875,80576.046875,80792.0,0
2026-09-04 07:00:00+00:00,80768.796875,80955.0625,80635.34375,80650.84375,37732352
2026-09-04 08:00:00+00:00,80664.7421875,81223.546875,80523.609375,81140.0078125,893190144
2026-09-04 09:00:00+00:00,81142.9921875,81288.8515625,80926.0234375,81045.2109375,592457728
2026-09-04 10:00:00+00:00,81039.90625,81190.8125,80816.5,81179.09375,790847488
2026-09-04 11:00:00+00:00,81191.9765625,81405.3828125,81074.0625,81219.59375,132042752
2026-09-04 12:00:00+00:00,81221.1875,81356.0625,79195.2421875,79434.609375,3727601664
2026-09-04 13:00:00+00:00,79452.390625,79691.0703125,78979.5234375,79363.0,1449725952
2026-09-04 14:00:00+00:00,79361.3984375,79547.0703125,78627.578125,78894.6484375,0
2026-09-04 15:00:00+00:00,78889.6015625,79556.2890625,78783.6015625,79422.953125,0
2026-09-04 16:00:00+00:00,79421.359375,79869.8203125,79377.7578125,79747.96875,0
2026-09-04 17:00:00+00:00,79759.5703125,79763.390625,79393.4609375,79469.8515625,220561408
2026-09-04 18:00:00+00:00,79476.1171875,79668.2734375,79476.1171875,79617.921875,0
2026-09-04 19:00:00+00:00,79630.03125,79832.1796875,79627.0234375,79812.5234375,0
2026-09-04 20:00:00+00:00,79775.78125,79884.78125,79690.1171875,79723.4765625,0
2026-09-04 21:00:00+00:00,79718.65625,79846.9375,79544.4921875,79654.1171875,0
2026-09-04 22:00:00+00:00,79654.1328125,79734.2421875,79639.6484375,79654.1015625,0
2026-09-04 23:00:00+00:00,79654.1015625,79772.03125,79614.59375,79675.1171875,0
2026-09-05 00:00:00+00:00,79675.1171875,79732.8828125,79574.46875,79584.0078125,0
2026-09-05 01:00:00+00:00,79601.5,79731.5703125,79551.0078125,79551.0078125,0
2026-09-05 02:00:00+00:00,79551.0078125,79635.2578125,79500.0,79584.5,0
2026-09-05 03:00:00+00:00,79584.90625,79642.34375,79527.2578125,79596.2734375,0
2026-09-05 04:00:00+00:00,79606.4765625,79606.4765625,79511.0,79511.0078125,0
2026-09-05 05:00:00+00:00,79514.9765625,79617.453125,79463.75,79590.3203125,0
2026-09-05 06:00:00+00:00,79591.5,79728.7265625,79591.4921875,79660.0,0
2026-09-05 07:00:00+00:00,79654.1171875,79775.78125,79654.1171875,79726.796875,0
2026-09-05 08:00:00+00:00,79721.828125,79729.046875,79575.4921875,79653.296875,0
2026-09-05 09:00:00+00:00,79653.3125,79733.2578125,79613.9921875,79634.9921875,0
2026-09-05 10:00:00+00:00,79634.9921875,79673.1328125,79590.703125,79621.140625,0
2026-09-05 11:00:00+00:00,79621.1328125,79684.0390625,79612.4609375,79621.921875,0
2026-09-05 12:00:00+00:00,79621.921875,79788.0078125,79616.9765625,79710.7265625,0
2026-09-05 13:00:00+00:00,79720.4765625,79775.7109375,79563.0078125,79624.5078125,0
2026-09-05 14:00:00+00:00,79622.90625,79759.1171875,79622.90625,79723.1875,0
2026-09-05 15:00:00+00:00,79723.203125,79820.8828125,79681.9375,79802.0078125,0
2026-09-05 16:00:00+00:00,79802.0078125,80199.9921875,79755.7578125,80040.53125,0
2026-09-05 17:00:00+00:00,80056.53125,80162.8828125,79987.671875,80072.1875,746921984
2026-09-05 18:00:00+00:00,80064.7109375,80085.7578125,79931.0234375,80000.03125,360488960
2026-09-05 19:00:00+00:00,79997.75,79997.75,79715.703125,79753.2109375,0
2026-09-05 20:00:00+00:00,79753.2109375,79841.2265625,79688.296875,79740.078125,176429056
2026-09-05 21:00:00+00:00,79740.09375,79940.0,79733.390625,79910.34375,0
2026-09-05 22:00:00+00:00,79928.9765625,79947.0,79754.9609375,79790.3671875,0
2026-09-05 23:00:00+00:00,79784.03125,79899.4921875,79720.4921875,79840.6015625,534507520
2026-09-06 00:00:00+00:00,79835.5703125,79945.5078125,79833.9609375,79872.2421875,19673088
2026-09-06 01:00:00+00:00,79872.2421875,80057.5078125,79872.2421875,79954.3203125,127531008
2026-09-06 02:00:00+00:00,79973.9921875,80019.6171875,79875.046875,79906.8125,116350976
2026-09-06 03:00:00+00:00,79907.0,80113.4765625,79890.921875,80031.8671875,130453504
2026-09-06 04:00:00+00:00,80031.8828125,80031.8828125,79867.7578125,79867.7578125,52097024
2026-09-06 05:00:00+00:00,79867.7578125,80108.9765625,79798.828125,79989.6875,432795648
2026-09-06 06:00:00+00:00,79992.15625,79992.15625,79700.0390625,79771.828125,45502464
2026-09-06 07:00:00+00:00,79782.7265625,79862.2890625,79602.0078125,79810.0625,194424832
2026-09-06 08:00:00+00:00,79813.2421875,79892.9765625,79760.15625,79845.0,79407104
2026-09-06 09:00:00+00:00,79844.53125,79996.9609375,79810.0625,79890.4765625,308307968
2026-09-06 10:00:00+00:00,79890.4765625,80021.671875,79890.4765625,80000.6171875,0
2026-09-06 11:00:00+00:00,80000.6328125,80005.3125,79893.3828125,79922.9921875,173490176
2026-09-06 12:00:00+00:00,79922.9765625,80014.59375,79860.0078125,79920.4609375,0
2026-09-06 13:00:00+00:00,79920.46875,79970.96875,79761.1328125,79832.9921875,0
2026-09-06 14:00:00+00:00,79827.296875,79845.7265625,79333.5,79538.4921875,781266944
2026-09-06 15:00:00+00:00,79542.078125,79722.0078125,79393.109375,79707.6484375,2629632
2026-09-06 16:00:00+00:00,79706.2421875,79780.65625,79595.140625,79679.21875,0
2026-09-06 17:00:00+00:00,79679.21875,79770.0,79581.8125,79741.1875,0
2026-09-06 18:00:00+00:00,79741.1875,79966.96875,79741.1875,79941.8828125,0
2026-09-06 19:00:00+00:00,79943.4765625,79943.4921875,79793.0390625,79829.9765625,0
2026-09-06 20:00:00+00:00,79829.9921875,79973.046875,79774.2109375,79892.2578125,0
2026-09-06 21:00:00+00:00,79928.609375,80028.8984375,79868.2578125,79945.15625,185645056
2026-09-06 22:00:00+00:00,79945.15625,80088.0078125,79638.3125,80048.7421875,426878976
2026-09-06 23:00:00+00:00,80052.7265625,80538.28125,80010.1484375,80339.3203125,693401600
2026-09-07 00:00:00+00:00,80361.0625,80442.9609375,80052.28125,80148.0078125,807239680
2026-09-07 01:00:00+00:00,80154.8203125,80228.5625,79819.7734375,79923.046875,224387072
2026-09-07 02:00:00+00:00,79916.9921875,80392.703125,79784.5703125,79863.4296875,310829056
2026-09-07 03:00:00+00:00,79840.0078125,79970.7265625,79560.5625,79587.3125,473704448
2026-09-07 04:00:00+00:00,79580.5234375,79718.9921875,79535.3671875,79708.4921875,488949760
2026-09-07 05:00:00+00:00,79702.421875,79908.859375,79652.0078125,79740.2109375,0
2026-09-07 06:00:00+00:00,79734.5625,79815.078125,79643.1328125,79645.5078125,394926080
2026-09-07 07:00:00+00:00,79638.703125,79676.9765625,79023.5390625,79379.9375,1218529280
2026-09-07 08:00:00+00:00,79393.4765625,79518.65625,79380.921875,79417.8515625,0
2026-09-07 09:00:00+00:00,79426.578125,79538.5234375,79293.0078125,79301.3125,0
2026-09-07 10:00:00+00:00,79325.0,79445.9765625,79312.546875,79350.6484375,80900096
2026-09-07 11:00:00+00:00,79350.640625,79475.9765625,79269.109375,79409.1328125,145793024
2026-09-07 12:00:00+00:00,79416.7265625,79622.71875,79395.0234375,79597.7578125,30158848
2026-09-07 13:00:00+00:00,79584.4609375,79639.65625,79301.0,79344.84375,420917248
2026-09-07 14:00:00+00:00,79337.0625,79393.4296875,78955.953125,79184.1328125,0
2026-09-07 15:00:00+00:00,79179.0,79179.0,78680.359375,78800.0,895289344
2026-09-07 16:00:00+00:00,78815.046875,79019.9609375,78780.1171875,79010.9765625,476438528
2026-09-07 17:00:00+00:00,79010.9765625,79198.25,78995.28125,79170.0,46448640
2026-09-07 18:00:00+00:00,79174.921875,79238.8984375,79085.3203125,79195.0234375,148563968
2026-09-07 19:00:00+00:00,79195.0234375,79394.7109375,79146.6171875,79352.2109375,80259072
2026-09-07 20:00:00+00:00,79355.640625,79386.1875,79150.7890625,79220.5390625,0
2026-09-07 21:00:00+00:00,79227.421875,79252.9375,79139.4921875,79139.4921875,0
2026-09-07 22:00:00+00:00,79146.1171875,79193.9296875,78787.9375,78929.9296875,510029824
2026-09-07 23:00:00+00:00,78923.9921875,79195.4765625,78923.9921875,79091.96875,0
2026-09-08 00:00:00+00:00,79076.2421875,79296.7734375,78951.6875,79293.3828125,0
2026-09-08 01:00:00+00:00,79293.5703125,79440.0,79245.0,79413.921875,0
2026-09-08 02:00:00+00:00,79416.953125,79472.3203125,78914.546875,78914.5625,196890624
2026-09-08 03:00:00+00:00,78914.0078125,78986.9765625,78709.3125,78875.21875,396902400
2026-09-08 04:00:00+00:00,78875.2109375,78900.6328125,78649.8828125,78649.8828125,0
2026-09-08 05:00:00+00:00,78649.8828125,78851.25,78541.828125,78556.7890625,467638272
2026-09-08 06:00:00+00:00,78561.7578125,78609.9921875,78234.3515625,78299.28125,1552943104
2026-09-08 07:00:00+00:00,78310.953125,78567.6875,78162.71875,78451.0703125,2446374912
2026-09-08 08:00:00+00:00,78430.453125,78546.5703125,78260.7109375,78378.5,801894400
2026-09-08 09:00:00+00:00,78392.21875,78774.0,78314.078125,78735.7421875,895762432
2026-09-08 10:00:00+00:00,78725.8828125,78958.8203125,78534.15625,78534.15625,0
2026-09-08 11:00:00+00:00,78550.8515625,78552.9921875,78259.7578125,78401.1171875,461287424
2026-09-08 12:00:00+00:00,78401.8828125,78454.5234375,78189.640625,78421.90625,1061222400
2026-09-08 13:00:00+00:00,78421.078125,78512.890625,77629.546875,77933.046875,1989484544
2026-09-08 14:00:00+00:00,77975.7734375,78588.6171875,77826.140625,78538.6171875,1410002944
2026-09-08 15:00:00+00:00,78530.0625,78900.0,78435.2109375,78897.53125,434538496
2026-09-08 16:00:00+00:00,78900.0,78967.9765625,78565.859375,78730.8203125,312041472
2026-09-08 17:00:00+00:00,78730.8203125,78887.1171875,78483.609375,78493.1796875,0
2026-09-08 18:00:00+00:00,78491.7109375,78802.4609375,78280.6484375,78423.4921875,121767936
2026-09-08 19:00:00+00:00,78439.578125,78520.9296875,78310.3203125,78435.5703125,720578560
2026-09-08 20:00:00+00:00,78429.8828125,78612.9375,78387.34375,78482.453125,215629824
2026-09-08 21:00:00+00:00,78482.453125,78619.0390625,78391.7578125,78484.359375,121544704
2026-09-08 22:00:00+00:00,78475.3828125,78628.640625,78440.0,78545.40625,0
2026-09-08 23:00:00+00:00,78545.421875,78564.3984375,78399.1328125,78447.109375,29544448
2026-09-09 00:00:00+00:00,78457.7734375,78792.0390625,78447.109375,78765.5,0
2026-09-09 01:00:00+00:00,78768.828125,78887.6875,78624.8828125,78879.703125,141301760
2026-09-09 02:00:00+00:00,78892.28125,78923.390625,78680.6484375,78730.15625,0
2026-09-09 03:00:00+00:00,78713.140625,78713.140625,78537.1171875,78619.7109375,0
2026-09-09 04:00:00+00:00,78629.0625,79200.0,78628.3828125,79159.109375,0
2026-09-09 05:00:00+00:00,79170.9609375,79353.7421875,78823.2734375,78914.359375,0
2026-09-09 06:00:00+00:00,78921.796875,79269.9609375,78844.84375,79150.25,0
2026-09-09 07:00:00+00:00,79140.53125,79355.0,79137.25,79258.7890625,0
2026-09-09 08:00:00+00:00,79281.6015625,79729.15625,79254.609375,79695.390625,0
2026-09-09 09:00:00+00:00,79711.4296875,79711.4296875,78879.6875,78940.0,0
2026-09-09 10:00:00+00:00,78950.8515625,79175.7890625,78855.359375,78901.7578125,50634752
2026-09-09 11:00:00+00:00,78905.609375,79351.640625,78720.5078125,79294.2578125,41531392
2026-09-09 12:00:00+00:00,79330.2265625,79648.4609375,79267.71875,79579.9921875,457316352
2026-09-09 13:00:00+00:00,79588.1484375,79661.7734375,79089.21875,79117.6484375,0
2026-09-09 14:00:00+00:00,79050.6796875,79398.6875,78851.7109375,78941.828125,0
2026-09-09 15:00:00+00:00,78941.828125,79404.4609375,78036.5703125,78576.40625,2125910016
2026-09-09 16:00:00+00:00,78582.578125,78897.4765625,78441.578125,78783.1796875,201500672
2026-09-09 17:00:00+00:00,78783.171875,78915.4609375,78655.0,78754.8828125,0
2026-09-09 18:00:00+00:00,78759.2109375,78773.4296875,78399.3515625,78399.3515625,0
2026-09-09 19:00:00+00:00,78399.34375,78569.859375,78133.0390625,78216.75,0
2026-09-09 20:00:00+00:00,78215.546875,78325.0,77994.7265625,78303.890625,382844928
2026-09-09 21:00:00+00:00,78300.796875,78323.3125,77981.1171875,78128.28125,29675520
2026-09-09 22:00:00+00:00,78159.0078125,78182.7109375,77756.75,77897.6015625,560357376
2026-09-09 23:00:00+00:00,77906.421875,78291.8984375,77906.421875,78291.15625,52363264
2026-09-10 00:00:00+00:00,78283.9765625,78353.078125,78060.078125,78151.71875,470894592
2026-09-10 01:00:00+00:00,78151.71875,78484.1875,77916.890625,78070.3984375,147806208
2026-09-10 02:00:00+00:00,78063.71875,78346.1875,77943.953125,78326.1015625,0
2026-09-10 03:00:00+00:00,78326.109375,78508.8984375,78245.609375,78297.1484375,244834304
2026-09-10 04:00:00+00:00,78290.203125,78407.03125,78272.046875,78368.71875,0
2026-09-10 05:00:00+00:00,78372.640625,78525.6015625,78241.78125,78499.0390625,0
2026-09-10 06:00:00+00:00,78505.5390625,78506.8671875,78133.7734375,78389.703125,196124672
2026-09-10 07:00:00+00:00,78394.4375,78394.4375,77884.4375,78079.5078125,155901952
2026-09-10 08:00:00+00:00,78078.0234375,78148.4921875,78008.3515625,78085.4609375,0
2026-09-10 09:00:00+00:00,78085.453125,78199.7265625,77893.75,77941.96875,0
2026-09-10 10:00:00+00:00,77956.7890625,78021.28125,77796.0625,77825.7265625,0
2026-09-10 11:00:00+00:00,77828.21875,78027.7578125,77663.59375,77820.75,0
2026-09-10 12:00:00+00:00,77809.328125,77915.7578125,76661.3515625,76867.2421875,2557632512
2026-09-10 13:00:00+00:00,76855.7109375,77206.046875,76709.828125,77145.0234375,1531029504
2026-09-10 14:00:00+00:00,77179.1484375,77403.671875,76920.8984375,77390.796875,10958848
2026-09-10 15:00:00+00:00,77390.8125,77390.8125,77057.421875,77218.7421875,0
2026-09-10 16:00:00+00:00,77220.546875,77275.0,76757.96875,77160.21875,38973440
2026-09-10 17:00:00+00:00,77153.5234375,77508.796875,77079.953125,77294.2578125,406906880
2026-09-10 18:00:00+00:00,77286.046875,77304.34375,76950.0078125,77222.53125,0
2026-09-10 19:00:00+00:00,77207.0078125,77252.90625,77048.7265625,77119.53125,0
2026-09-10 20:00:00+00:00,77128.15625,77325.53125,77088.21875,77239.0078125,0
2026-09-10 21:00:00+00:00,77247.34375,77274.2421875,77087.3828125,77110.0390625,821628928
2026-09-10 22:00:00+00:00,77125.9765625,77193.2890625,76786.453125,76807.109375,0
2026-09-10 23:00:00+00:00,76805.2578125,76845.3125,76491.21875,76531.953125,899115008
2026-09-11 00:00:00+00:00,76530.203125,76902.1328125,76513.25,76878.71875,0
2026-09-11 01:00:00+00:00,76880.1171875,76974.1171875,76657.28125,76948.2734375,0
2026-09-11 02:00:00+00:00,76956.1171875,76977.203125,76734.2265625,76813.6796875,80640000
2026-09-11 03:00:00+00:00,76802.203125,76871.3671875,76672.3203125,76863.65625,412854272
2026-09-11 04:00:00+00:00,76865.7421875,77160.0,76857.421875,77086.0,284207104
2026-09-11 05:00:00+00:00,77083.28125,77225.2890625,77036.7578125,77225.28125,0
2026-09-11 06:00:00+00:00,77225.28125,77405.9921875,77139.2890625,77265.1171875,0
2026-09-11 07:00:00+00:00,77256.9921875,77379.4609375,77168.6796875,77199.53125,0
2026-09-11 08:00:00+00:00,77192.6171875,77474.8515625,77107.2109375,77337.0703125,0
2026-09-11 09:00:00+00:00,77337.0703125,77348.1875,76833.5390625,77021.9765625,72151040
2026-09-11 10:00:00+00:00,77004.4296875,77129.640625,76928.890625,76966.640625,0
2026-09-11 11:00:00+00:00,76955.6796875,77014.8828125,76726.78125,77014.8828125,0
2026-09-11 12:00:00+00:00,76994.6875,78090.0,76173.28125,77990.859375,0
2026-09-11 13:00:00+00:00,77968.3203125,79306.796875,77222.84375,79206.5625,1766649856
2026-09-11 14:00:00+00:00,79148.1015625,79748.3828125,78495.671875,78789.5078125,3101087744
2026-09-11 15:00:00+00:00,78830.0,78830.0,77363.21875,77703.3515625,201549824
2026-09-11 16:00:00+00:00,77664.2109375,78037.8671875,77375.8984375,77904.1171875,1710635008
2026-09-11 17:00:00+00:00,77899.7109375,77946.9921875,77466.671875,77505.1796875,0
2026-09-11 18:00:00+00:00,77505.1796875,77508.15625,76875.2265625,77017.671875,0
2026-09-11 19:00:00+00:00,77027.8671875,77355.140625,76980.1484375,77282.859375,1250598912
2026-09-11 20:00:00+00:00,77256.6171875,77461.921875,77175.1171875,77305.953125,90644480
2026-09-11 21:00:00+00:00,77311.4375,77411.2578125,77063.5078125,77104.1796875,0
2026-09-11 22:00:00+00:00,77104.6875,77215.53125,76962.5390625,77121.609375,715022336
2026-09-11 23:00:00+00:00,77121.609375,77210.8828125,77098.65625,77208.65625,0
2026-09-12 00:00:00+00:00,77207.0078125,77311.9921875,77202.09375,77271.109375,0
2026-09-12 01:00:00+00:00,77271.109375,77370.28125,77237.2734375,77250.0234375,0
2026-09-12 02:00:00+00:00,77250.0234375,77314.2578125,77206.75,77286.3515625,0
2026-09-12 03:00:00+00:00,77262.4609375,77333.859375,77221.9375,77259.2265625,0
2026-09-12 04:00:00+00:00,77263.671875,77309.84375,77206.75,77206.75,0
2026-09-12 05:00:00+00:00,77207.390625,77250.4921875,77152.5390625,77200.0,237608960
2026-09-12 06:00:00+00:00,77200.0078125,77347.6796875,77186.0078125,77279.046875,0
2026-09-12 07:00:00+00:00,77279.0625,77332.5703125,77242.6484375,77257.0078125,0
2026-09-12 08:00:00+00:00,77260.2734375,77356.5390625,77244.0390625,77340.7265625,0
2026-09-12 09:00:00+00:00,77340.7265625,77368.78125,77301.0,77336.0234375,0
2026-09-12 10:00:00+00:00,77336.0234375,77380.5390625,77289.9921875,77311.7109375,0
2026-09-12 11:00:00+00:00,77311.7109375,77342.03125,77268.0390625,77339.796875,0
2026-09-12 12:00:00+00:00,77338.2578125,77346.0703125,77261.921875,77318.0625,0
2026-09-12 13:00:00+00:00,77319.4765625,77376.6484375,77231.609375,77351.6015625,0
2026-09-12 14:00:00+00:00,77351.6015625,77483.28125,77349.0,77444.0078125,0
2026-09-12 15:00:00+00:00,77446.6171875,77461.7890625,77350.15625,77363.96875,0
2026-09-12 16:00:00+00:00,77363.96875,77403.6875,77318.6484375,77337.9609375,0
2026-09-12 17:00:00+00:00,77353.8984375,77379.859375,77157.0625,77191.40625,0
2026-09-12 18:00:00+00:00,77191.421875,77202.5625,77106.1171875,77126.28125,0
2026-09-12 19:00:00+00:00,77128.65625,77174.9921875,77049.5625,77105.4296875,153467904
2026-09-12 20:00:00+00:00,77110.859375,77206.59375,77110.859375,77152.6796875,0
2026-09-12 21:00:00+00:00,77152.6875,77261.9375,77136.65625,77240.7890625,280676352
2026-09-12 22:00:00+00:00,77240.7890625,77285.8203125,77165.546875,77219.859375,0
2026-09-12 23:00:00+00:00,77219.828125,77284.25,77214.1875,77266.421875,3088384
2026-09-13 00:00:00+00:00,77262.84375,77291.203125,77135.6328125,77252.9609375,0
2026-09-13 01:00:00+00:00,77252.953125,77314.296875,77222.0703125,77299.53125,170074112
2026-09-13 02:00:00+00:00,77299.3125,77299.3125,77215.6796875,77268.0234375,0
2026-09-13 03:00:00+00:00,77268.0234375,77297.5234375,77163.140625,77176.0703125,3024896
2026-09-13 04:00:00+00:00,77177.6171875,77237.296875,77173.7421875,77187.4296875,0
2026-09-13 05:00:00+00:00,77188.421875,77299.390625,77188.421875,77291.4296875,0
2026-09-13 06:00:00+00:00,77291.4296875,77298.75,77031.828125,77099.7421875,0
2026-09-13 07:00:00+00:00,77077.1484375,77154.7265625,77066.5390625,77100.1796875,284682240
2026-09-13 08:00:00+00:00,77093.25,77150.921875,76730.5625,76780.9765625,160171008
2026-09-13 09:00:00+00:00,76777.6796875,76863.703125,76532.4921875,76766.09375,515876864
2026-09-13 10:00:00+00:00,76758.359375,76781.8984375,76600.0,76623.9375,126042112
2026-09-13 11:00:00+00:00,76639.9921875,76773.53125,76497.5390625,76749.2578125,207486976
2026-09-13 12:00:00+00:00,76760.5390625,76828.2109375,76669.359375,76730.15625,214085632
2026-09-13 13:00:00+00:00,76727.0,76891.5,76521.421875,76818.1328125,0
2026-09-13 14:00:00+00:00,76821.0,77224.3203125,76815.140625,77177.8203125,353025024
2026-09-13 15:00:00+00:00,77182.09375,77182.09375,76991.359375,77105.2734375,54383616
2026-09-13 16:00:00+00:00,77110.203125,77332.171875,77106.2421875,77257.359375,115096576
2026-09-13 17:00:00+00:00,77258.84375,77393.703125,77215.0390625,77298.6015625,71178240
2026-09-13 18:00:00+00:00,77290.671875,77360.0,77273.2109375,77312.34375,0
2026-09-13 19:00:00+00:00,77312.328125,77386.25,77193.0703125,77253.71875,0
2026-09-13 20:00:00+00:00,77260.671875,77340.1328125,77227.3671875,77313.46875,0
2026-09-13 21:00:00+00:00,77323.296875,77419.046875,77276.5703125,77280.546875,0
2026-09-13 22:00:00+00:00,77259.1171875,77259.1171875,76623.34375,76680.171875,818782208
2026-09-13 23:00:00+00:00,76665.140625,76837.15625,76592.609375,76799.859375,539043840
2026-09-14 00:00:00+00:00,76815.1328125,77004.828125,76355.34375,76767.390625,706053120
2026-09-14 01:00:00+00:00,76767.390625,77126.6875,76606.828125,77076.828125,292373504
2026-09-14 02:00:00+00:00,77069.1796875,77672.46875,76983.953125,77568.8671875,1296845824
2026-09-14 03:00:00+00:00,77581.4765625,77828.7578125,77462.8125,77566.6171875,1051499520
2026-09-14 04:00:00+00:00,77566.5,77668.0,77494.1015625,77646.453125,416168960
2026-09-14 05:00:00+00:00,77648.96875,77650.0,77455.0,77576.640625,367206400
2026-09-14 06:00:00+00:00,77583.9921875,77862.40625,77337.9609375,77557.5390625,208156672
2026-09-14 07:00:00+00:00,77556.8984375,77855.5078125,77479.3828125,77855.5,220567552
2026-09-14 08:00:00+00:00,77859.1484375,77936.8671875,77627.3828125,77705.03125,244408320
2026-09-14 09:00:00+00:00,77705.0390625,78341.5078125,77567.2421875,78108.59375,47654912
2026-09-14 10:00:00+00:00,78130.0703125,78136.5390625,77859.5703125,77867.390625,582832128
2026-09-14 11:00:00+00:00,77867.4765625,77890.0703125,77654.703125,77738.7578125,237494272
2026-09-14 12:00:00+00:00,77741.2421875,78035.90625,77568.078125,77659.2421875,366112768
2026-09-14 13:00:00+00:00,77659.2421875,78441.4765625,77434.3984375,78139.7421875,1501734912
2026-09-14 14:00:00+00:00,78145.953125,78664.828125,78145.953125,78497.15625,1305475072
2026-09-14 15:00:00+00:00,78461.4765625,78662.1875,78271.6015625,78553.046875,1477193728
2026-09-14 16:00:00+00:00,78553.8125,78883.7109375,78402.21875,78752.828125,811405312
2026-09-14 17:00:00+00:00,78752.84375,79026.6796875,78701.90625,78941.796875,1079191552
2026-09-14 18:00:00+00:00,78941.796875,79323.296875,78838.578125,79219.7890625,1437233152
2026-09-14 19:00:00+00:00,79213.2265625,79241.2734375,78956.59375,78978.703125,880103424
2026-09-14 20:00:00+00:00,78985.0078125,79568.0390625,78968.8671875,79089.640625,1319630848
2026-09-14 21:00:00+00:00,79106.4921875,79106.4921875,78730.4296875,78744.140625,805912576
2026-09-14 22:00:00+00:00,78761.078125,78841.671875,78496.359375,78540.2578125,0
2026-09-14 23:00:00+00:00,78541.296875,78560.8203125,78113.046875,78192.453125,0
2026-09-15 00:00:00+00:00,78167.75,78242.75,77924.703125,77938.0625,0
2026-09-15 01:00:00+00:00,77938.0625,78059.8671875,77721.53125,77898.9765625,136802304
2026-09-15 02:00:00+00:00,77890.4765625,78001.0,77768.8203125,77890.6484375,0
2026-09-15 03:00:00+00:00,77886.78125,77886.78125,77631.25,77636.3984375,0
2026-09-15 04:00:00+00:00,77659.578125,77724.421875,77517.7109375,77547.75,421376000
2026-09-15 05:00:00+00:00,77547.7578125,77649.09375,77287.140625,77609.96875,136990720
2026-09-15 06:00:00+00:00,77620.84375,77711.59375,77165.109375,77247.9921875,0
2026-09-15 07:00:00+00:00,77261.890625,77294.1171875,76842.359375,76883.8984375,399644672
2026-09-15 08:00:00+00:00,76893.90625,76968.671875,76650.8984375,76955.0625,668942336
2026-09-15 09:00:00+00:00,76955.0625,77026.0,76816.25,76946.2734375,0
2026-09-15 10:00:00+00:00,76951.5234375,77134.2109375,76832.2109375,77014.578125,165881856
2026-09-15 11:00:00+00:00,77020.046875,77178.9765625,76802.28125,76895.1875,182851584
2026-09-15 12:00:00+00:00,76900.6875,77099.9921875,76818.296875,76924.9296875,0
2026-09-15 13:00:00+00:00,76916.25,77094.046875,76094.6796875,76571.359375,709855232
2026-09-15 14:00:00+00:00,76580.4921875,76642.890625,75546.34375,75853.1796875,1727789056
2026-09-15 15:00:00+00:00,75835.8828125,76556.5703125,75774.046875,76467.96875,829429760
2026-09-15 16:00:00+00:00,76493.5625,76529.9609375,76219.3671875,76330.4765625,0
2026-09-15 17:00:00+00:00,76329.9609375,77269.890625,76133.3203125,76917.3203125,0
2026-09-15 18:00:00+00:00,76896.0390625,77124.7578125,74931.0,75923.8984375,5061922816
2026-09-15 19:00:00+00:00,75902.546875,76250.03125,75765.578125,76129.5234375,1756332032
2026-09-15 20:00:00+00:00,76119.46875,76179.109375,75565.96875,75871.3984375,0
2026-09-15 21:00:00+00:00,75873.921875,75901.0078125,75347.65625,75414.7421875,0
2026-09-15 22:00:00+00:00,75404.1875,75690.21875,75110.0390625,75611.0,496640000
2026-09-15 23:00:00+00:00,75613.2578125,75890.4921875,75509.71875,75584.171875,102002688
2026-09-16 00:00:00+00:00,75594.453125,75860.7734375,75523.3515625,75712.2109375,0
2026-09-16 01:00:00+00:00,75715.4296875,75901.0078125,75403.0078125,75434.59375,0
2026-09-16 02:00:00+00:00,75431.46875,76030.2421875,75420.8671875,75824.8515625,279326720
2026-09-16 03:00:00+00:00,75831.2421875,76016.3671875,75694.5390625,75755.40625,17862656
2026-09-16 04:00:00+00:00,75769.6875,75962.0703125,75745.578125,75796.3515625,0
2026-09-16 05:00:00+00:00,75796.34375,75940.2421875,75610.34375,75905.8984375,0
2026-09-16 06:00:00+00:00,75929.15625,75972.75,75753.1875,75969.0,7962624
2026-09-16 07:00:00+00:00,75967.4921875,76025.15625,75665.671875,75695.03125,67428352
2026-09-16 08:00:00+00:00,75675.421875,75688.9921875,75284.3671875,75670.390625,0
2026-09-16 09:00:00+00:00,75670.3984375,75924.0390625,75664.5078125,75924.0390625,252047360
2026-09-16 10:00:00+00:00,75924.0390625,75980.4609375,75829.2578125,75885.5078125,0
2026-09-16 11:00:00+00:00,75953.8671875,76233.15625,75805.0234375,76182.140625,0
2026-09-16 12:00:00+00:00,76172.09375,76232.3828125,75725.8125,75901.21875,119656448
2026-09-16 13:00:00+00:00,75890.40625,75895.109375,75511.390625,75582.09375,0
2026-09-16 14:00:00+00:00,75584.3203125,75762.0,75351.5703125,75618.9765625,0
2026-09-16 15:00:00+00:00,75636.078125,75888.796875,75469.9609375,75729.3125,0
2026-09-16 16:00:00+00:00,75739.109375,75830.0,75579.421875,75701.6015625,0
2026-09-16 17:00:00+00:00,75701.546875,75847.0703125,75278.6171875,75778.4375,0
2026-09-16 18:00:00+00:00,75691.359375,76463.3828125,75006.3984375,75552.6171875,0
2026-09-16 19:00:00+00:00,75596.4765625,76108.2734375,75172.1484375,76010.2109375,22990848
2026-09-16 20:00:00+00:00,76000.0,76330.2265625,75941.7265625,76101.4609375,0
2026-09-16 21:00:00+00:00,76104.5078125,76148.7890625,75863.78125,75907.4609375,0
2026-09-16 22:00:00+00:00,75923.6875,75924.8125,75579.0625,75620.078125,0
2026-09-16 23:00:00+00:00,75617.25,76214.78125,75578.703125,76143.9609375,218112000
2026-09-17 00:00:00+00:00,76144.9921875,76445.671875,76115.1484375,76273.3203125,275181568
2026-09-17 01:00:00+00:00,76278.71875,76704.2578125,76148.796875,76296.8125,194291712
2026-09-17 02:00:00+00:00,76298.046875,76418.1796875,75991.7734375,76303.7421875,125186048
2026-09-17 03:00:00+00:00,76303.7421875,76461.84375,76300.953125,76364.5625,0
2026-09-17 04:00:00+00:00,76364.5703125,76512.2421875,76101.2265625,76460.828125,81168384
2026-09-17 05:00:00+00:00,76453.9765625,76560.46875,76234.9296875,76250.9765625,0
2026-09-17 06:00:00+00:00,76232.09375,76521.140625,76222.296875,76402.921875,0
2026-09-17 07:00:00+00:00,76392.6484375,76603.1484375,76342.3828125,76377.5703125,0
2026-09-17 08:00:00+00:00,76388.1328125,76514.921875,76311.4296875,76497.640625,0
2026-09-17 09:00:00+00:00,76499.859375,76695.0,76394.34375,76395.9375,53612544
2026-09-17 10:00:00+00:00,76394.34375,76400.9921875,76184.3828125,76329.953125,142053376
2026-09-17 11:00:00+00:00,76328.5234375,76400.9921875,76094.0234375,76400.9921875,0
2026-09-17 12:00:00+00:00,76398.6015625,77076.8984375,76329.6484375,76659.828125,783550464
2026-09-17 13:00:00+00:00,76646.7109375,76816.0625,75937.1015625,76612.2578125,316059648
2026-09-17 14:00:00+00:00,76633.578125,76966.75,76314.71875,76423.6171875,388628480
2026-09-17 15:00:00+00:00,76428.71875,76791.1015625,76193.75,76676.421875,0
2026-09-17 16:00:00+00:00,76704.34375,76740.2890625,76467.953125,76688.0078125,158914560
2026-09-17 17:00:00+00:00,76700.0,76900.65625,76506.296875,76606.828125,56334336
2026-09-17 18:00:00+00:00,76607.796875,76727.8671875,76401.0078125,76506.3984375,0
2026-09-17 19:00:00+00:00,76506.3984375,76623.109375,76430.9296875,76543.34375,0
2026-09-17 20:00:00+00:00,76524.546875,76672.4921875,76425.0078125,76498.5390625,0
2026-09-17 21:00:00+00:00,76498.5390625,76562.2265625,76343.2109375,76352.546875,0
2026-09-17 22:00:00+00:00,76343.2109375,76400.34375,76186.8828125,76359.8671875,0
2026-09-17 23:00:00+00:00,76359.8671875,76444.5,76320.96875,76348.7421875,0
2026-09-18 00:00:00+00:00,76342.5,76529.6171875,76217.109375,76526.1015625,0
2026-09-18 01:00:00+00:00,76529.6171875,76696.7421875,76445.171875,76659.3984375,0
2026-09-18 02:00:00+00:00,76664.6484375,76966.8671875,76568.4765625,76910.796875,96413696
2026-09-18 03:00:00+00:00,76909.34375,77516.7265625,76900.0078125,77297.703125,1096960000
2026-09-18 04:00:00+00:00,77312.1328125,77496.2578125,77143.09375,77496.2578125,582952960
2026-09-18 05:00:00+00:00,77508.4765625,77639.3125,77370.953125,77426.7734375,687865856
2026-09-18 06:00:00+00:00,77433.96875,77606.3671875,77332.0703125,77527.3828125,402487296
2026-09-18 07:00:00+00:00,77517.6796875,77774.0625,77500.7421875,77734.78125,1089269760
2026-09-18 08:00:00+00:00,77729.140625,78200.0,77586.9921875,78200.0,863432704
2026-09-18 09:00:00+00:00,78191.5625,78403.84375,77945.4296875,78148.140625,1184942080
2026-09-18 10:00:00+00:00,78138.46875,78296.390625,78045.59375,78221.4609375,247214080
2026-09-18 11:00:00+00:00,78212.3828125,78351.828125,77956.46875,77995.1875,389427200
2026-09-18 12:00:00+00:00,78011.3828125,78124.078125,77917.1875,77979.59375,0
2026-09-18 13:00:00+00:00,77977.6171875,80416.21875,77918.546875,80026.9921875,1623744512
2026-09-18 14:00:00+00:00,80114.609375,80947.546875,80086.3515625,80904.09375,4226422784
2026-09-18 15:00:00+00:00,80904.9921875,81090.640625,80504.1484375,80698.2421875,2262083584
2026-09-18 16:00:00+00:00,80737.59375,81236.7265625,80647.859375,80829.0,1480527872
2026-09-18 17:00:00+00:00,80833.5625,80996.890625,80554.0234375,80992.59375,0
2026-09-18 18:00:00+00:00,80982.2421875,81125.7109375,80787.3203125,80916.3828125,751058944
2026-09-18 19:00:00+00:00,80928.7109375,81385.5,80884.9609375,81180.0,1144340480
2026-09-18 20:00:00+00:00,81199.6171875,81226.7734375,80928.0390625,81096.1875,811798528
2026-09-18 21:00:00+00:00,81109.59375,81282.0078125,81081.0,81223.78125,576659456
2026-09-18 22:00:00+00:00,81223.78125,81364.4921875,81063.546875,81124.5234375,189632512
2026-09-18 23:00:00+00:00,81133.8828125,81192.8828125,80844.1171875,80875.1015625,332619776
2026-09-19 00:00:00+00:00,80891.4296875,81654.6328125,80827.4375,81654.6328125,420028416
2026-09-19 01:00:00+00:00,81637.5078125,81707.671875,81035.7421875,81262.5078125,457318400
2026-09-19 02:00:00+00:00,81267.7890625,81425.8125,81229.15625,81261.0078125,0
2026-09-19 03:00:00+00:00,81276.0625,81367.890625,81095.1328125,81105.03125,0
2026-09-19 04:00:00+00:00,81105.046875,81205.1796875,80893.6015625,81001.6796875,0
2026-09-19 05:00:00+00:00,80997.75,81126.0,80985.53125,81022.5,0
2026-09-19 06:00:00+00:00,81033.5,81077.03125,80900.0,81013.5625,0
2026-09-19 07:00:00+00:00,81023.6875,81217.5078125,80998.390625,81061.1484375,0
2026-09-19 08:00:00+00:00,81083.4296875,81374.96875,81039.0078125,81297.6484375,0
2026-09-19 09:00:00+00:00,81298.1796875,81493.2109375,81225.9765625,81298.84375,0
2026-09-19 10:00:00+00:00,81291.0,81308.9609375,81176.0625,81189.6015625,0
2026-09-19 11:00:00+00:00,81195.1875,81340.28125,81175.1171875,81280.0,0
2026-09-19 12:00:00+00:00,81280.0078125,81342.140625,81193.2109375,81309.9921875,0
2026-09-19 13:00:00+00:00,81291.0,81335.921875,81149.6015625,81325.0,0
2026-09-19 14:00:00+00:00,81324.890625,81606.0,81306.3203125,81554.890625,0
2026-09-19 15:00:00+00:00,81554.890625,81910.7890625,81539.96875,81610.8203125,0
2026-09-19 16:00:00+00:00,81639.3984375,81883.453125,81446.7734375,81813.3515625,0
2026-09-19 17:00:00+00:00,81806.0,81829.53125,81418.0078125,81437.1015625,0
2026-09-19 18:00:00+00:00,81435.3984375,81521.9921875,81311.15625,81412.2421875,0
2026-09-19 19:00:00+00:00,81427.3203125,81444.609375,81293.7578125,81344.0234375,0
2026-09-19 20:00:00+00:00,81339.03125,81414.0,81061.2890625,81129.9765625,0
2026-09-19 21:00:00+00:00,81129.9765625,81199.9921875,80872.46875,81063.7265625,75083776
2026-09-19 22:00:00+00:00,81063.71875,81240.2890625,80926.046875,81232.46875,0
2026-09-19 23:00:00+00:00,81232.46875,81340.7890625,81187.3828125,81233.53125,6336512
2026-09-20 00:00:00+00:00,81233.90625,81302.3515625,81176.15625,81277.4921875,0
2026-09-20 01:00:00+00:00,81261.96875,81278.2578125,81000.0,81071.7109375,0
2026-09-20 02:00:00+00:00,81066.8828125,81131.5,80230.03125,80312.4765625,0
2026-09-20 03:00:00+00:00,80295.8515625,80498.6015625,80085.0,80458.390625,2310117376
2026-09-20 04:00:00+00:00,80472.953125,80494.6171875,80283.0,80395.9375,147468288
2026-09-20 05:00:00+00:00,80404.8203125,80596.109375,80377.5078125,80456.0078125,813043712
2026-09-20 06:00:00+00:00,80456.0078125,80573.609375,80185.8203125,80272.5,292204544
2026-09-20 07:00:00+00:00,80272.5,80392.640625,80254.828125,80284.5625,0
2026-09-20 08:00:00+00:00,80284.5625,80428.84375,80139.640625,80228.203125,0
2026-09-20 09:00:00+00:00,80221.0,80541.59375,80219.9921875,80430.0078125,0
2026-09-20 10:00:00+00:00,80431.6171875,80483.28125,80283.0078125,80283.0078125,0
2026-09-20 11:00:00+00:00,80270.109375,80498.1875,80242.53125,80442.9765625,213172224
2026-09-20 12:00:00+00:00,80430.046875,80494.1484375,80285.78125,80451.140625,0
2026-09-20 13:00:00+00:00,80451.140625,80608.4765625,80392.3671875,80522.046875,0
2026-09-20 14:00:00+00:00,80522.046875,80737.359375,80379.109375,80639.5390625,0
2026-09-20 15:00:00+00:00,80639.59375,80930.9765625,80635.0703125,80874.203125,0
2026-09-20 16:00:00+00:00,80895.75,81472.0390625,80787.0,81311.9921875,608393216
2026-09-20 17:00:00+00:00,81320.421875,81437.9921875,81048.046875,81129.328125,340260864
2026-09-20 18:00:00+00:00,81124.1484375,81299.5390625,81000.046875,81021.21875,114518016
2026-09-20 19:00:00+00:00,81030.0,81279.5234375,81030.0,81162.4375,0
2026-09-20 20:00:00+00:00,81170.0390625,81208.65625,81052.6328125,81073.46875,0
2026-09-20 21:00:00+00:00,81073.4765625,81075.1015625,80605.421875,80916.046875,0
2026-09-20 22:00:00+00:00,80933.9921875,81275.5703125,80793.0,81196.4921875,244054016
2026-09-20 23:00:00+00:00,81187.78125,81312.03125,81100.53125,81159.5390625,67028992
2026-09-21 00:00:00+00:00,81149.25,81824.6875,81149.25,81604.8203125,900554752
2026-09-21 01:00:00+00:00,81588.09375,82070.25,80837.7578125,80981.78125,1371748352
2026-09-21 02:00:00+00:00,80976.9609375,81493.640625,80962.34375,81299.859375,0
2026-09-21 03:00:00+00:00,81318.3828125,81554.9921875,81218.5703125,81411.5,0
2026-09-21 04:00:00+00:00,81411.5078125,81488.6015625,81210.0,81374.25,0
2026-09-21 05:00:00+00:00,81365.609375,81772.71875,81285.3515625,81538.65625,0
2026-09-21 06:00:00+00:00,81541.953125,81845.90625,81386.3671875,81621.5390625,166074368
2026-09-21 07:00:00+00:00,81609.390625,81711.0,81450.4609375,81704.8828125,463757312
2026-09-21 08:00:00+00:00,81715.3828125,84094.2109375,81715.3828125,83749.140625,5294184448
2026-09-21 09:00:00+00:00,83763.046875,85134.140625,83667.453125,84640.5,5892583424
2026-09-21 10:00:00+00:00,84638.96875,84781.3984375,84113.609375,84412.7890625,3133603840
2026-09-21 11:00:00+00:00,84396.140625,84896.0,84388.5,84863.3984375,1124106240
2026-09-21 12:00:00+00:00,84873.796875,85396.546875,84800.0234375,85319.09375,2696433664
2026-09-21 13:00:00+00:00,85291.8984375,85811.3828125,84772.6796875,85413.59375,2517114880
2026-09-21 14:00:00+00:00,85432.46875,86113.671875,85025.7421875,85835.546875,4825866240
2026-09-21 15:00:00+00:00,85827.0,86348.9921875,85803.65625,85932.609375,2980499456
2026-09-21 16:00:00+00:00,85926.6796875,86136.4375,85619.1171875,85967.8828125,0
2026-09-21 17:00:00+00:00,85967.890625,86126.5234375,85683.4765625,85910.9921875,733741056
2026-09-21 18:00:00+00:00,85909.6484375,86076.6875,85814.1328125,86071.78125,705196032
2026-09-21 19:00:00+00:00,86076.703125,86894.9921875,85977.921875,86504.96875,2201419776
2026-09-21 20:00:00+00:00,86532.1484375,87394.0,86532.1484375,86989.90625,1811152896
2026-09-21 21:00:00+00:00,86980.0234375,86980.0234375,86528.34375,86557.3125,608829440
2026-09-21 22:00:00+00:00,86557.296875,86725.296875,86272.7109375,86423.1171875,631398400
2026-09-21 23:00:00+00:00,86410.4765625,86680.5625,86337.1015625,86594.9375,338550784
2026-09-22 00:00:00+00:00,86586.28125,86609.84375,85843.4765625,85895.9296875,149471232
2026-09-22 01:00:00+00:00,85903.5078125,85950.1484375,85414.453125,85598.671875,256626688
2026-09-22 02:00:00+00:00,85605.15625,85855.4375,85380.4296875,85700.0,277278720
2026-09-22 03:00:00+00:00,85700.0,85734.6484375,85288.1484375,85667.84375,559112192
2026-09-22 04:00:00+00:00,85678.6796875,85719.0078125,85402.5,85430.0,452214784
2026-09-22 05:00:00+00:00,85454.46875,85588.0078125,85085.28125,85392.796875,312401920
2026-09-22 06:00:00+00:00,85411.9609375,85559.03125,85230.0078125,85359.2265625,485023744
2026-09-22 07:00:00+00:00,85350.0,85485.2265625,85150.0234375,85333.5,351875072
2026-09-22 08:00:00+00:00,85364.9921875,86331.546875,85317.9609375,86198.7890625,0
2026-09-22 09:00:00+00:00,86172.859375,86259.0,85671.640625,86238.8203125,0
2026-09-22 10:00:00+00:00,86208.3671875,86245.7578125,85743.5390625,85875.0234375,0
2026-09-22 11:00:00+00:00,85867.8515625,86123.7109375,85763.5,85969.0703125,0
2026-09-22 12:00:00+00:00,85969.078125,86155.46875,85768.078125,86008.4296875,0
2026-09-22 13:00:00+00:00,86019.1796875,86358.2890625,85598.3515625,86328.7890625,0
2026-09-22 14:00:00+00:00,86338.2265625,86427.7734375,85452.9296875,86255.2578125,0
2026-09-22 15:00:00+00:00,86268.0625,86734.0,86113.6171875,86418.453125,0
2026-09-22 16:00:00+00:00,86416.5390625,86589.1328125,86062.671875,86451.609375,0
2026-09-22 17:00:00+00:00,86438.640625,86672.890625,86258.90625,86587.578125,464543744
2026-09-22 18:00:00+00:00,86608.1875,86665.3203125,86251.203125,86469.578125,268107776
2026-09-22 19:00:00+00:00,86474.453125,86606.28125,86157.328125,86236.921875,0
2026-09-22 20:00:00+00:00,86219.09375,86399.28125,86143.84375,86262.5703125,0
2026-09-22 21:00:00+00:00,86286.9765625,86360.5703125,86187.0234375,86187.0234375,0
2026-09-22 22:00:00+00:00,86194.421875,86304.8984375,86014.046875,86121.859375,0
2026-09-22 23:00:00+00:00,86129.46875,86503.390625,86086.5078125,86198.046875,0
2026-09-23 00:00:00+00:00,86189.21875,86584.2578125,86130.0,86451.9296875,0
2026-09-23 01:00:00+00:00,86470.3828125,86829.390625,86165.53125,86366.46875,0
2026-09-23 02:00:00+00:00,86379.7109375,86632.28125,86253.0,86544.2109375,0
2026-09-23 03:00:00+00:00,86533.4765625,86935.828125,86418.6484375,86696.40625,0
2026-09-23 04:00:00+00:00,86711.2890625,87280.828125,86623.78125,87164.8125,631566336
2026-09-23 05:00:00+00:00,87164.8125,87164.8125,86415.0078125,86487.4609375,0
2026-09-23 06:00:00+00:00,86499.9921875,86608.1875,86360.6171875,86456.5078125,0
2026-09-23 07:00:00+00:00,86456.5078125,86461.9921875,86001.6796875,86127.5625,0
2026-09-23 08:00:00+00:00,86128.203125,86273.1484375,85701.65625,85901.8125,0
2026-09-23 09:00:00+00:00,85901.8203125,86007.2265625,85720.0,85845.03125,685731840
2026-09-23 10:00:00+00:00,85858.796875,85915.453125,85638.390625,85906.7578125,0
2026-09-23 11:00:00+00:00,85906.671875,85947.75,85444.8671875,85634.9375,86364160
2026-09-23 12:00:00+00:00,85646.84375,85669.2734375,85247.859375,85482.1015625,122163200
2026-09-23 13:00:00+00:00,85471.1796875,85865.9296875,85265.0,85780.1796875,0
2026-09-23 14:00:00+00:00,85783.0,85921.21875,83855.78125,84521.3515625,7447764992
2026-09-23 15:00:00+00:00,84492.828125,84783.140625,83957.0,84006.1875,243994624
2026-09-23 16:00:00+00:00,84002.6328125,84347.3984375,83548.34375,84027.109375,3003740160
2026-09-23 17:00:00+00:00,84030.4375,84380.7109375,83723.640625,84316.15625,552783872
2026-09-23 18:00:00+00:00,84318.84375,84405.796875,84120.0,84313.0,0
2026-09-23 19:00:00+00:00,84313.0,84572.0,84211.4609375,84522.3515625,0
2026-09-23 20:00:00+00:00,84518.671875,84545.0,84208.46875,84235.609375,0
2026-09-23 21:00:00+00:00,84235.5,84500.0,84206.7578125,84399.3515625,91627520
2026-09-23 22:00:00+00:00,84408.5078125,84655.40625,84327.4296875,84546.96875,0
2026-09-23 23:00:00+00:00,84537.78125,84565.2890625,84332.046875,84378.3125,0
2026-09-24 00:00:00+00:00,84378.3125,84479.921875,84212.5390625,84301.2578125,136159232
2026-09-24 01:00:00+00:00,84308.796875,84463.171875,84050.0078125,84095.109375,0
2026-09-24 02:00:00+00:00,84103.6171875,84364.0,83727.4375,84349.8828125,249098240
2026-09-24 03:00:00+00:00,84354.0,84474.9921875,83831.171875,83928.15625,0
2026-09-24 04:00:00+00:00,83928.15625,84043.6171875,83766.5,84024.3671875,0
2026-09-24 05:00:00+00:00,84024.3671875,84379.6171875,83938.9609375,83962.328125,0
2026-09-24 06:00:00+00:00,83963.96875,84212.7734375,83905.421875,84095.609375,0
2026-09-24 07:00:00+00:00,84080.6875,84589.65625,83931.8125,84497.4609375,0
2026-09-24 08:00:00+00:00,84518.5390625,84606.0,83314.546875,83615.25,710762496
2026-09-24 09:00:00+00:00,83655.59375,83719.9921875,82851.7578125,83241.9765625,1564536832
2026-09-24 10:00:00+00:00,83226.046875,83529.4375,83126.90625,83496.9609375,687599616
2026-09-24 11:00:00+00:00,83512.640625,83589.9609375,83371.3203125,83461.34375,0
2026-09-24 12:00:00+00:00,83463.328125,83648.28125,83315.0390625,83578.9375,0
2026-09-24 13:00:00+00:00,83581.640625,84309.328125,83578.953125,84236.421875,220434432
2026-09-24 14:00:00+00:00,84234.3125,84890.6015625,83403.0234375,83657.21875,0
2026-09-24 15:00:00+00:00,83588.671875,84449.203125,83484.140625,84401.359375,0
2026-09-24 16:00:00+00:00,84408.890625,84897.0390625,84010.921875,84467.7421875,0
2026-09-24 17:00:00+00:00,84424.890625,84543.25,83990.9296875,84093.796875,0
2026-09-24 18:00:00+00:00,84085.9375,84519.0,83860.296875,84453.28125,0
2026-09-24 19:00:00+00:00,84454.7734375,84638.59375,84266.15625,84390.546875,0
2026-09-24 20:00:00+00:00,84365.28125,84471.890625,84145.09375,84354.078125,0
2026-09-24 21:00:00+00:00,84359.9921875,84488.5,84274.6015625,84332.0703125,1155616768
2026-09-24 22:00:00+00:00,84311.9609375,84361.46875,83945.359375,84263.421875,127971328
2026-09-24 23:00:00+00:00,84263.3984375,84454.8125,84239.0625,84385.4609375,0
2026-09-25 00:00:00+00:00,84388.4609375,84702.359375,84388.4609375,84577.6328125,0
2026-09-25 01:00:00+00:00,84573.5390625,84787.8203125,84334.3125,84597.0234375,0
2026-09-25 02:00:00+00:00,84596.1015625,84875.8984375,84153.0390625,84199.5234375,0
2026-09-25 03:00:00+00:00,84188.796875,84369.0390625,84058.0078125,84216.0,287506432
2026-09-25 04:00:00+00:00,84219.5078125,84285.8984375,84046.0,84191.3515625,14807040
2026-09-25 05:00:00+00:00,84180.4921875,84336.71875,84077.9921875,84181.75,0
2026-09-25 06:00:00+00:00,84178.28125,84280.3125,83924.9921875,84022.59375,0
2026-09-25 07:00:00+00:00,84006.1015625,84091.6875,83751.0,84023.5,12402688
2026-09-25 08:00:00+00:00,84028.6796875,84495.03125,84011.28125,84406.8515625,0
2026-09-25 09:00:00+00:00,84406.859375,84832.703125,84406.859375,84563.7265625,0
2026-09-25 10:00:00+00:00,84565.4296875,84860.96875,84374.6171875,84709.2578125,0
2026-09-25 11:00:00+00:00,84721.828125,85249.9921875,84564.4921875,84566.6796875,1235234816
2026-09-25 12:00:00+00:00,84580.0390625,84687.421875,83906.421875,84453.53125,1757843456
2026-09-25 13:00:00+00:00,84437.7734375,84556.1875,83559.75,83891.3828125,0
2026-09-25 14:00:00+00:00,83906.078125,84021.90625,83155.9921875,84002.578125,1402318848
2026-09-25 15:00:00+00:00,83976.3828125,84078.7265625,83347.0,83781.7109375,189284352
2026-09-25 16:00:00+00:00,83793.59375,84096.1171875,83700.0,83723.2265625,0
2026-09-25 17:00:00+00:00,83733.4609375,83970.5390625,83605.2265625,83761.828125,0
2026-09-25 18:00:00+00:00,83768.1328125,84058.7890625,83768.1328125,83949.9921875,661118976
2026-09-25 19:00:00+00:00,83961.3984375,84057.6015625,83909.7578125,84000.0234375,0
2026-09-25 20:00:00+00:00,84007.5625,84180.1015625,83831.5625,83870.859375,0
2026-09-25 21:00:00+00:00,83867.6328125,83909.9921875,83615.09375,83787.0625,0
2026-09-25 22:00:00+00:00,83782.2734375,84120.9375,83759.8671875,84069.3203125,0
2026-09-25 23:00:00+00:00,84058.71875,84100.0,84005.9921875,84093.1328125,91586560
2026-09-26 00:00:00+00:00,84089.0703125,84135.1015625,83777.7734375,83904.796875,0
2026-09-26 01:00:00+00:00,83893.96875,84078.2578125,83883.0703125,84072.828125,0
2026-09-26 02:00:00+00:00,84072.828125,84130.609375,83975.8828125,83999.75,0
2026-09-26 03:00:00+00:00,83999.75,84047.03125,83907.2578125,83931.1796875,0
2026-09-26 04:00:00+00:00,83931.3828125,84040.78125,83837.3828125,83975.53125,0
2026-09-26 05:00:00+00:00,83975.53125,83999.9921875,83878.359375,83918.3515625,0
2026-09-26 06:00:00+00:00,83918.3515625,83966.8125,83867.5234375,83882.6484375,0
2026-09-26 07:00:00+00:00,83887.359375,84124.8671875,83887.359375,84103.921875,0
2026-09-26 08:00:00+00:00,84105.8125,84323.703125,84009.78125,84194.90625,0
2026-09-26 09:00:00+00:00,84194.921875,84205.5625,83944.2890625,84003.0078125,0
2026-09-26 10:00:00+00:00,84013.28125,84175.46875,84013.28125,84171.5625,0
2026-09-26 11:00:00+00:00,84171.546875,84194.8671875,84115.0,84155.1328125,0
2026-09-26 12:00:00+00:00,84158.8203125,84190.46875,84030.7421875,84053.78125,0
2026-09-26 13:00:00+00:00,84035.328125,84115.2578125,83846.3984375,83935.1015625,0
2026-09-26 14:00:00+00:00,83932.25,84041.9296875,83894.140625,84014.5625,0
2026-09-26 15:00:00+00:00,84014.5625,84183.59375,83997.046875,84146.859375,0
2026-09-26 16:00:00+00:00,84150.3125,84150.3125,84077.0703125,84104.296875,0
2026-09-26 17:00:00+00:00,84104.3125,84130.5390625,84025.109375,84126.640625,0
2026-09-26 18:00:00+00:00,84126.640625,84156.4921875,83966.3828125,83994.609375,0
2026-09-26 19:00:00+00:00,83994.609375,84043.8203125,83946.703125,84000.65625,0
2026-09-26 20:00:00+00:00,84000.6484375,84080.3984375,83818.0078125,84016.328125,0
2026-09-26 21:00:00+00:00,84014.6484375,84232.0078125,84013.9921875,84137.6328125,19333120
2026-09-26 22:00:00+00:00,84137.6328125,84402.796875,84137.6171875,84266.359375,200155136
2026-09-26 23:00:00+00:00,84266.3671875,84443.9375,84266.3671875,84422.5,272494592
2026-09-27 00:00:00+00:00,84419.8828125,84433.90625,84233.71875,84291.2109375,0
2026-09-27 01:00:00+00:00,84291.2109375,84560.46875,84261.28125,84471.4765625,0
2026-09-27 02:00:00+00:00,84471.4765625,84522.8515625,84418.0,84435.3515625,0
2026-09-27 03:00:00+00:00,84432.8515625,84502.3515625,84352.921875,84375.3125,0
2026-09-27 04:00:00+00:00,84364.2109375,84482.59375,84274.0078125,84316.8125,0
2026-09-27 05:00:00+00:00,84316.796875,84626.828125,84300.4765625,84437.7578125,183984128
2026-09-27 06:00:00+00:00,84449.7109375,84613.8203125,84448.09375,84506.5234375,317073408
2026-09-27 07:00:00+00:00,84495.3828125,84779.7109375,84467.3984375,84773.2578125,18844672
2026-09-27 08:00:00+00:00,84786.671875,84882.3984375,84682.0,84775.6796875,992802816
2026-09-27 09:00:00+00:00,84779.8203125,84943.71875,84575.0390625,84942.0390625,1198971904
2026-09-27 10:00:00+00:00,84919.1484375,85110.9921875,84781.7890625,84872.6484375,0
2026-09-27 11:00:00+00:00,84854.8515625,84935.8125,84819.0703125,84877.0234375,97528832
2026-09-27 12:00:00+00:00,84876.9296875,85018.9921875,84778.75,84783.8828125,142131200
2026-09-27 13:00:00+00:00,84766.1796875,85133.453125,84616.2734375,85029.34375,416403456
2026-09-27 14:00:00+00:00,85011.703125,85042.1875,84437.7578125,84520.0,532604928
2026-09-27 15:00:00+00:00,84524.703125,84626.1015625,84346.1875,84449.4765625,372668416
2026-09-27 16:00:00+00:00,84446.09375,84648.640625,84361.0703125,84409.671875,120532992
2026-09-27 17:00:00+00:00,84410.3125,84564.2890625,84317.28125,84559.7421875,0
2026-09-27 18:00:00+00:00,84544.4765625,84809.6484375,84542.3515625,84798.7265625,720132096
2026-09-27 19:00:00+00:00,84802.9765625,84830.84375,84642.5,84717.8203125,0
2026-09-27 20:00:00+00:00,84719.7265625,84800.2109375,84521.0078125,84532.203125,0
2026-09-27 21:00:00+00:00,84538.9375,84709.0703125,84421.28125,84664.53125,0
2026-09-27 22:00:00+00:00,84676.40625,84736.921875,84120.0,84187.8828125,386004992
2026-09-27 23:00:00+00:00,84167.8515625,84525.703125,84115.0,84462.1328125,0
2026-09-28 00:00:00+00:00,84462.140625,84979.4375,84125.296875,84125.796875,1189986304
2026-09-28 01:00:00+00:00,84120.953125,84210.921875,83606.9921875,83686.7265625,1892151296
2026-09-28 02:00:00+00:00,83675.0,83772.46875,83370.640625,83405.0,1512824832
2026-09-28 03:00:00+00:00,83448.2578125,83515.171875,83190.3203125,83325.15625,979474432
2026-09-28 04:00:00+00:00,83338.75,83501.3125,83215.5390625,83482.46875,494530560
2026-09-28 05:00:00+00:00,83466.2421875,83514.671875,82713.296875,83162.296875,1711482880
2026-09-28 06:00:00+00:00,83160.2265625,83286.6015625,83013.171875,83134.0078125,690290688
2026-09-28 07:00:00+00:00,83138.8671875,83252.5,82875.0078125,82912.0390625,1185849344
2026-09-28 08:00:00+00:00,82898.2578125,83113.921875,82731.640625,82913.578125,1765523456
2026-09-28 09:00:00+00:00,82913.59375,82961.5703125,82561.203125,82624.1796875,292724736
2026-09-28 10:00:00+00:00,82636.21875,83000.25,82635.0625,82908.1328125,336623616
2026-09-28 11:00:00+00:00,82931.90625,83082.578125,82924.9296875,83058.9296875,864442368
2026-09-28 12:00:00+00:00,83031.6875,83615.96875,82979.15625,83539.0234375,1538537472
2026-09-28 13:00:00+00:00,83549.75,83803.34375,83281.078125,83629.890625,1524645888
2026-09-28 14:00:00+00:00,83600.0078125,83600.0078125,82566.0234375,82988.6328125,2028101632
2026-09-28 15:00:00+00:00,83002.5234375,83375.8203125,82773.7578125,83365.7890625,1865355264
2026-09-28 16:00:00+00:00,83343.6796875,84158.03125,83227.9296875,83677.390625,1578012672
2026-09-28 17:00:00+00:00,83698.2265625,84327.296875,83533.2890625,83846.953125,1482539008
2026-09-28 18:00:00+00:00,83846.953125,84030.5078125,83771.5390625,84017.421875,628916224
2026-09-28 19:00:00+00:00,84024.03125,84024.03125,83073.0234375,83364.84375,564469760
2026-09-28 20:00:00+00:00,83350.03125,83581.953125,83232.3515625,83501.4765625,261840896
2026-09-28 21:00:00+00:00,83516.203125,83629.4765625,83170.0,83181.03125,22646784
2026-09-28 22:00:00+00:00,83196.0,83513.2890625,83057.53125,83513.2890625,0
2026-09-28 23:00:00+00:00,83513.2890625,83602.8515625,83404.84375,83456.7421875,0
2026-09-29 00:00:00+00:00,83456.359375,83586.5078125,83136.8203125,83146.4765625,0
2026-09-29 01:00:00+00:00,83127.4765625,83205.9765625,82738.078125,83024.78125,0
2026-09-29 02:00:00+00:00,83024.796875,83130.15625,82859.0078125,82930.046875,0
2026-09-29 03:00:00+00:00,82941.328125,83182.8515625,82831.25,83038.3828125,0
2026-09-29 04:00:00+00:00,83038.3828125,83264.9375,82990.75,83170.5625,0
2026-09-29 05:00:00+00:00,83174.71875,83399.1171875,82926.4765625,83398.453125,0
2026-09-29 06:00:00+00:00,83401.4921875,83980.4765625,83377.0625,83976.0078125,0
2026-09-29 07:00:00+00:00,83951.40625,84165.9921875,83833.328125,83948.1328125,0
2026-09-29 08:00:00+00:00,83964.84375,84327.0,83762.078125,83845.921875,0
2026-09-29 09:00:00+00:00,83835.03125,84283.4921875,83729.6484375,84221.328125,0
2026-09-29 10:00:00+00:00,84221.328125,84312.9765625,83945.390625,84000.90625,0
2026-09-29 11:00:00+00:00,84000.90625,84460.078125,83900.0078125,84324.03125,0
2026-09-29 12:00:00+00:00,84325.9765625,84451.4609375,84100.9765625,84309.2109375,0
2026-09-29 13:00:00+00:00,84303.90625,84514.203125,83997.71875,84186.21875,0
2026-09-29 14:00:00+00:00,84192.421875,84265.7265625,83667.8828125,83717.421875,0
2026-09-29 15:00:00+00:00,83727.859375,83727.859375,82874.546875,83041.390625,14239744
2026-09-29 16:00:00+00:00,83064.09375,83275.4921875,82887.0,83034.9296875,0
2026-09-29 17:00:00+00:00,83026.6328125,83196.0703125,82952.5390625,83055.421875,0
2026-09-29 18:00:00+00:00,83099.9765625,83670.546875,83099.9765625,83609.9765625,76480512
2026-09-29 19:00:00+00:00,83609.2109375,83670.3203125,83379.8984375,83549.0078125,0
2026-09-29 20:00:00+00:00,83579.859375,83634.5390625,83472.546875,83582.671875,0
2026-09-29 21:00:00+00:00,83585.34375,83590.109375,83338.5703125,83473.8828125,215199744
2026-09-29 22:00:00+00:00,83473.9609375,83682.28125,83473.9609375,83578.828125,169230336
2026-09-29 23:00:00+00:00,83570.8125,83821.4921875,83570.8125,83638.40625,263245824
2026-09-30 00:00:00+00:00,83652.6875,83699.9921875,83307.0078125,83418.28125,0
2026-09-30 01:00:00+00:00,83417.0703125,83517.671875,83296.2578125,83404.7734375,0
2026-09-30 02:00:00+00:00,83415.828125,83584.0,83247.7109375,83347.671875,0
2026-09-30 03:00:00+00:00,83352.703125,83390.3515625,83129.34375,83269.15625,0
2026-09-30 04:00:00+00:00,83265.8515625,83386.65625,83164.6484375,83174.046875,0
2026-09-30 05:00:00+00:00,83179.7421875,83468.3671875,83149.9921875,83344.6875,0
2026-09-30 06:00:00+00:00,83351.6015625,83391.2734375,82929.9921875,83005.8828125,577761280
2026-09-30 07:00:00+00:00,83007.53125,83431.796875,82918.96875,83271.3828125,0
2026-09-30 08:00:00+00:00,83254.859375,83288.046875,82974.25,83023.1484375,654061568
2026-09-30 09:00:00+00:00,83023.15625,83758.5,83012.5234375,83598.1875,344741888
2026-09-30 10:00:00+00:00,83600.1171875,83928.0625,83600.1171875,83883.359375,10119168
2026-09-30 11:00:00+00:00,83874.171875,83951.1796875,83657.1015625,83879.0078125,0
2026-09-30 12:00:00+00:00,83890.8828125,85482.75,83716.4296875,85258.0703125,2520186880
2026-09-30 13:00:00+00:00,85300.1875,85599.921875,84019.5703125,84579.8203125,3775950848
2026-09-30 14:00:00+00:00,84612.25,84612.25,83327.5625,83754.46875,3683360768
2026-09-30 15:00:00+00:00,83709.34375,84233.8671875,83630.390625,84078.96875,0
2026-09-30 16:00:00+00:00,84094.2109375,84442.6328125,84069.5234375,84299.8515625,0
2026-09-30 17:00:00+00:00,84294.0,84390.171875,83871.2109375,84007.8125,375255040
2026-09-30 18:00:00+00:00,83977.640625,84040.171875,83755.0,83911.90625,0
2026-09-30 19:00:00+00:00,83930.0703125,83930.0703125,83446.6171875,83558.9765625,71274496
2026-09-30 20:00:00+00:00,83551.7890625,83711.3125,83473.203125,83617.7578125,455397376
2026-09-30 21:00:00+00:00,83648.6015625,83771.1875,83640.96875,83712.59375,60657664
2026-09-30 22:00:00+00:00,83725.9921875,83792.3984375,83543.3984375,83625.1484375,0
2026-09-30 23:00:00+00:00,83617.46875,83771.171875,83463.328125,83556.1484375,319528960
2026-10-01 00:00:00+00:00,83554.65625,83582.34375,83369.0625,83455.890625,354799616
2026-10-01 01:00:00+00:00,83464.6328125,83636.046875,83426.21875,83459.609375,0
2026-10-01 02:00:00+00:00,83459.609375,83614.9765625,83352.421875,83444.1328125,0
2026-10-01 03:00:00+00:00,83440.40625,83724.7109375,83368.3984375,83695.5390625,301826048
2026-10-01 04:00:00+00:00,83704.9375,84154.21875,83658.4296875,84049.59375,343584768
2026-10-01 05:00:00+00:00,84060.0703125,84320.0,83963.7578125,84252.0078125,40562688
2026-10-01 06:00:00+00:00,84252.0,84368.2578125,84068.2890625,84076.2578125,0
2026-10-01 07:00:00+00:00,84069.3671875,84176.09375,83291.0,83371.84375,1384382464
2026-10-01 08:00:00+00:00,83401.671875,83530.3671875,83130.7578125,83519.4609375,1016807424
2026-10-01 09:00:00+00:00,83510.0625,83863.84375,83503.4296875,83744.4765625,0
2026-10-01 10:00:00+00:00,83765.1171875,84047.7109375,83373.1484375,83922.0625,0
2026-10-01 11:00:00+00:00,83935.640625,84016.453125,83743.1171875,83882.0234375,114593792
2026-10-01 12:00:00+00:00,83896.453125,84030.7578125,83643.3984375,83706.4609375,0
2026-10-01 13:00:00+00:00,83717.546875,83996.0,83430.640625,83925.40625,0
2026-10-01 14:00:00+00:00,83896.6328125,84315.0078125,83559.6875,84022.7265625,0
2026-10-01 15:00:00+00:00,84007.7109375,84285.453125,83790.2265625,84130.0625,1168465920
2026-10-01 16:00:00+00:00,84135.7265625,84598.640625,84027.7890625,84164.703125,661303296
2026-10-01 17:00:00+00:00,84164.7109375,85051.5625,84157.03125,84872.046875,1067284480
2026-10-01 18:00:00+00:00,84863.40625,85233.9921875,84633.3984375,84767.8515625,868438016
2026-10-01 19:00:00+00:00,84769.9296875,84864.828125,84545.046875,84644.9296875,0
2026-10-01 20:00:00+00:00,84647.390625,84823.8203125,84530.1484375,84607.078125,812509184
2026-10-01 21:00:00+00:00,84605.78125,84664.953125,84462.53125,84529.21875,14882816
2026-10-01 22:00:00+00:00,84517.9296875,84771.65625,84517.9296875,84719.21875,191475712
2026-10-01 23:00:00+00:00,84696.921875,84882.0,84616.8671875,84848.7265625,0
2026-10-02 00:00:00+00:00,84847.796875,84920.4765625,84675.4765625,84762.75,244121600
2026-10-02 01:00:00+00:00,84770.1484375,84962.109375,84489.453125,84883.75,0
2026-10-02 02:00:00+00:00,84878.1328125,85187.03125,84827.328125,85165.7421875,370382848
2026-10-02 03:00:00+00:00,85155.921875,85532.1015625,85155.921875,85485.8125,931540992
2026-10-02 04:00:00+00:00,85487.453125,86842.5234375,85434.3515625,86641.6875,2862069760
2026-10-02 05:00:00+00:00,86633.328125,86649.9921875,85868.0234375,85979.953125,915300352
2026-10-02 06:00:00+00:00,85990.7109375,86084.34375,85859.0625,85964.3671875,911933440
2026-10-02 07:00:00+00:00,85959.90625,86152.84375,85748.1484375,86088.5078125,0
2026-10-02 08:00:00+00:00,86095.6796875,86611.453125,86054.078125,86235.6484375,0
2026-10-02 09:00:00+00:00,86235.6484375,86423.453125,86100.0,86352.2734375,265228288
2026-10-02 10:00:00+00:00,86362.390625,86486.8203125,86158.0,86281.0,115396608
2026-10-02 11:00:00+00:00,86291.4609375,86564.0625,86259.6796875,86412.2109375,174661632
2026-10-02 12:00:00+00:00,86374.4921875,87237.3984375,86294.953125,86811.28125,2316148736
2026-10-02 13:00:00+00:00,86794.9921875,87136.0078125,86460.0078125,86579.0078125,506990592
2026-10-02 14:00:00+00:00,86566.21875,86841.0390625,85406.0078125,85671.828125,1005092864
2026-10-02 15:00:00+00:00,85717.0078125,85737.8984375,85156.609375,85316.3515625,0
2026-10-02 16:00:00+00:00,85315.9765625,85497.0625,85001.578125,85143.5,0
2026-10-02 17:00:00+00:00,85149.9921875,85247.75,84493.4296875,84776.09375,1287077888
2026-10-02 18:00:00+00:00,84760.0,84889.9921875,83852.296875,84240.84375,996163584
2026-10-02 19:00:00+00:00,84240.8125,84318.9765625,83962.703125,84291.4921875,1134174208
2026-10-02 20:00:00+00:00,84309.3828125,84528.0234375,84200.0,84430.546875,659849216
2026-10-02 21:00:00+00:00,84413.578125,84535.4296875,84400.0625,84512.6015625,51146752
2026-10-02 22:00:00+00:00,84514.0234375,84557.0,84440.0234375,84549.578125,172670976
2026-10-02 23:00:00+00:00,84549.59375,84560.796875,84463.6875,84504.8828125,12939264
2026-10-03 00:00:00+00:00,84508.421875,84673.6484375,84433.1875,84638.71875,0
2026-10-03 01:00:00+00:00,84648.390625,84705.25,84576.328125,84628.1484375,406138880
2026-10-03 02:00:00+00:00,84628.1484375,84684.328125,84585.0234375,84585.03125,0
2026-10-03 03:00:00+00:00,84585.0234375,84681.0,84512.96875,84681.0,0
2026-10-03 04:00:00+00:00,84688.7421875,84718.25,84504.4609375,84573.84375,0
2026-10-03 05:00:00+00:00,84573.84375,84649.8203125,84538.0078125,84629.21875,0
2026-10-03 06:00:00+00:00,84629.21875,84665.859375,84540.7734375,84572.2734375,0
2026-10-03 07:00:00+00:00,84572.2890625,84643.0,84552.0,84552.1484375,0
2026-10-03 08:00:00+00:00,84540.2109375,84637.921875,84539.6484375,84606.65625,0
2026-10-03 09:00:00+00:00,84598.9921875,84654.1484375,84565.0,84583.3203125,0
2026-10-03 10:00:00+00:00,84580.5234375,84629.3828125,84549.9921875,84621.046875,0
2026-10-03 11:00:00+00:00,84621.046875,84676.203125,84604.3828125,84661.8515625,0
2026-10-03 12:00:00+00:00,84661.859375,84915.453125,84660.0390625,84864.7734375,0
2026-10-03 13:00:00+00:00,84882.6484375,84954.9921875,84764.2421875,84857.4375,0
2026-10-03 14:00:00+00:00,84857.4375,84857.453125,84736.6171875,84843.0,0
2026-10-03 15:00:00+00:00,84842.9921875,84867.9609375,84760.8203125,84862.15625,0
2026-10-03 16:00:00+00:00,84862.15625,84863.9921875,84773.0,84853.1328125,0
2026-10-03 17:00:00+00:00,84860.28125,85000.0,84825.0390625,84990.96875,0
2026-10-03 18:00:00+00:00,84990.96875,85020.0,84903.0625,84933.65625,0
2026-10-03 19:00:00+00:00,84933.6484375,84933.65625,84706.7734375,84836.9921875,0
2026-10-03 20:00:00+00:00,84836.9921875,84904.7421875,84698.3671875,84739.203125,0
2026-10-03 21:00:00+00:00,84737.59375,84768.078125,84552.5,84708.5703125,0
2026-10-03 22:00:00+00:00,84708.578125,84798.9921875,84693.9296875,84755.953125,0
2026-10-03 23:00:00+00:00,84755.9375,84798.1328125,84708.0,84742.21875,142897152
2026-10-04 00:00:00+00:00,84742.2265625,84861.9765625,84742.2265625,84786.46875,0
2026-10-04 01:00:00+00:00,84789.0078125,84807.0625,84702.421875,84794.703125,116631552
2026-10-04 02:00:00+00:00,84794.703125,84851.6015625,84763.5078125,84790.0625,0
2026-10-04 03:00:00+00:00,84790.0625,84874.2109375,84780.296875,84824.359375,0
2026-10-04 04:00:00+00:00,84828.4921875,84838.3125,84799.0,84805.0078125,28364800
2026-10-04 05:00:00+00:00,84805.0078125,84919.296875,84805.0078125,84896.546875,181683200
2026-10-04 06:00:00+00:00,84896.546875,85064.6875,84857.171875,85013.2109375,75116544
2026-10-04 07:00:00+00:00,85013.2109375,85102.4296875,84916.546875,85098.59375,0
2026-10-04 08:00:00+00:00,85116.9765625,85186.6171875,85027.6875,85093.7890625,111959040
2026-10-04 09:00:00+00:00,85092.09375,85324.6796875,85041.8515625,85219.3984375,213340160
2026-10-04 10:00:00+00:00,85230.46875,85422.859375,85207.3671875,85260.25,59327488
2026-10-04 11:00:00+00:00,85260.25,85322.5,85200.0,85304.171875,146966528
2026-10-04 12:00:00+00:00,85304.15625,85383.96875,85093.0078125,85107.890625,0
2026-10-04 13:00:00+00:00,85109.703125,85310.3515625,85109.671875,85233.8671875,0
2026-10-04 14:00:00+00:00,85233.8671875,85276.3671875,85090.8203125,85276.359375,0
2026-10-04 15:00:00+00:00,85276.359375,85468.421875,85231.1328125,85244.9765625,0
2026-10-04 16:00:00+00:00,85244.8828125,85431.84375,85168.0625,85358.3125,32685056
2026-10-04 17:00:00+00:00,85360.28125,85449.4609375,85298.84375,85302.890625,0
2026-10-04 18:00:00+00:00,85302.890625,85353.203125,85295.546875,85325.0703125,0
2026-10-04 19:00:00+00:00,85328.2734375,85552.2578125,85325.0703125,85417.46875,98938880
2026-10-04 20:00:00+00:00,85418.09375,85863.796875,85382.0,85812.03125,234905600
2026-10-04 21:00:00+00:00,85839.9921875,86051.59375,85770.1875,85851.9921875,502091776
2026-10-04 22:00:00+00:00,85882.8203125,86675.40625,85882.8203125,86423.90625,1506705408
2026-10-04 23:00:00+00:00,86438.0,86776.9921875,86380.78125,86512.9765625,664264704
2026-10-05 00:00:00+00:00,86471.703125,86702.0078125,86172.0625,86632.0,607217664
2026-10-05 01:00:00+00:00,86636.21875,86991.1484375,86458.2890625,86605.1015625,1244311552
2026-10-05 02:00:00+00:00,86600.3671875,86727.3125,86397.546875,86509.640625,568357888
2026-10-05 03:00:00+00:00,86509.65625,86512.5234375,85982.953125,86051.2421875,451784704
2026-10-05 04:00:00+00:00,86089.59375,86113.953125,85464.21875,85505.4375,1214771200
2026-10-05 05:00:00+00:00,85534.171875,85755.90625,85388.0078125,85740.203125,701267968
2026-10-05 06:00:00+00:00,85739.5390625,86331.859375,85739.5390625,86230.1171875,502077440
2026-10-05 07:00:00+00:00,86212.53125,86451.046875,86107.5078125,86235.28125,1371832320
2026-10-05 08:00:00+00:00,86230.9765625,86473.609375,86041.6796875,86190.65625,699176960
2026-10-05 09:00:00+00:00,86194.5078125,86199.7578125,85748.453125,85961.328125,905011200
2026-10-05 10:00:00+00:00,85961.2890625,86196.2421875,85928.3515625,86102.6171875,168534016
2026-10-05 11:00:00+00:00,86088.5390625,86254.6796875,85898.25,86197.921875,442132480
2026-10-05 12:00:00+00:00,86191.5625,86191.5625,85822.640625,85870.2734375,166045696
2026-10-05 13:00:00+00:00,85874.8828125,86471.359375,85812.890625,86435.953125,1189167104
2026-10-05 14:00:00+00:00,86408.1875,86713.90625,85446.6171875,85623.03125,2001108992
2026-10-05 15:00:00+00:00,85636.2265625,85647.6484375,85186.0,85251.546875,2223241216
2026-10-05 16:00:00+00:00,85254.171875,85322.34375,84972.859375,85296.046875,1053855744
2026-10-05 17:00:00+00:00,85288.7421875,85434.8203125,85201.6328125,85428.1875,350177280
2026-10-05 18:00:00+00:00,85430.890625,85661.75,85343.4296875,85658.3203125,610783232
2026-10-05 19:00:00+00:00,85665.2890625,85799.9921875,85552.7421875,85724.546875,260255744
2026-10-05 20:00:00+00:00,85732.25,85861.9921875,85640.5703125,85772.078125,0
2026-10-05 21:00:00+00:00,85777.0078125,85986.421875,85693.09375,85941.2734375,689895424
2026-10-05 22:00:00+00:00,85942.4921875,86018.703125,85840.4609375,85929.3984375,0
2026-10-05 23:00:00+00:00,85929.3984375,86061.7109375,85717.078125,85748.953125,0
2026-10-06 00:00:00+00:00,85766.7734375,85968.5703125,85762.3203125,85901.96875,0
2026-10-06 01:00:00+00:00,85950.453125,86131.46875,85594.7578125,85613.328125,0
2026-10-06 02:00:00+00:00,85656.53125,85745.640625,85448.28125,85525.109375,0
2026-10-06 03:00:00+00:00,85529.4296875,85581.9765625,85304.671875,85476.140625,0
2026-10-06 04:00:00+00:00,85497.7421875,85616.9375,85493.9375,85605.59375,0
2026-10-06 05:00:00+00:00,85605.59375,85735.40625,85489.359375,85496.5234375,0
2026-10-06 06:00:00+00:00,85496.53125,85496.53125,85102.296875,85282.9296875,0
2026-10-06 07:00:00+00:00,85289.328125,85613.4296875,85251.53125,85539.5390625,0
2026-10-06 08:00:00+00:00,85530.7265625,86040.2265625,85530.7265625,86003.5703125,168632320
2026-10-06 09:00:00+00:00,86003.578125,86162.7890625,85651.6796875,85970.671875,0
2026-10-06 10:00:00+00:00,85957.6796875,86247.953125,85935.5625,86133.8671875,302094336
2026-10-06 11:00:00+00:00,86150.421875,86357.90625,86053.8515625,86236.1875,480665600
2026-10-06 12:00:00+00:00,86236.1875,86394.0,86113.1171875,86193.7578125,83949568
2026-10-06 13:00:00+00:00,86183.96875,86479.8984375,85969.703125,86303.390625,0
2026-10-06 14:00:00+00:00,86310.2265625,86638.5390625,85939.546875,86605.921875,0
2026-10-06 15:00:00+00:00,86623.8125,86691.1875,85711.09375,85731.15625,238837760
2026-10-06 16:00:00+00:00,85721.7265625,85839.59375,85559.546875,85576.09375,123271168
2026-10-06 17:00:00+00:00,85592.5703125,85742.2734375,85469.2890625,85719.3671875,212365312
2026-10-06 18:00:00+00:00,85742.71875,85799.9921875,85494.0078125,85494.0078125,61319168
2026-10-06 19:00:00+00:00,85492.828125,85685.4765625,85405.1796875,85616.7890625,18577408
2026-10-06 20:00:00+00:00,85618.796875,85668.328125,85564.5703125,85607.5703125,175251456
2026-10-06 21:00:00+00:00,85619.078125,85619.078125,85482.84375,85614.6484375,0
2026-10-06 22:00:00+00:00,85614.6484375,85653.5625,85468.9375,85527.2265625,0
2026-10-06 23:00:00+00:00,85527.21875,85610.0078125,85346.3515625,85547.7734375,75644928
2026-10-07 00:00:00+00:00,85538.046875,85596.796875,85391.28125,85533.0,0
2026-10-07 01:00:00+00:00,85522.6796875,85532.53125,84385.3515625,84385.3515625,182249472
2026-10-07 02:00:00+00:00,84352.3203125,84444.203125,83581.546875,83828.2890625,4876763136
2026-10-07 03:00:00+00:00,83841.09375,84218.5,83841.09375,84122.5234375,692426752
2026-10-07 04:00:00+00:00,84122.53125,84190.3203125,84007.09375,84075.8125,544921600
2026-10-07 05:00:00+00:00,84075.8125,84323.0703125,84061.03125,84303.78125,311119872
2026-10-07 06:00:00+00:00,84303.7734375,84358.3828125,84114.6796875,84200.0078125,175638528
2026-10-07 07:00:00+00:00,84190.890625,84286.2265625,84070.0,84100.078125,528517120
2026-10-07 08:00:00+00:00,84108.5703125,84147.328125,83913.0234375,83924.0234375,1433628672
2026-10-07 09:00:00+00:00,83937.8125,83984.9921875,83621.296875,83784.28125,1181593600
2026-10-07 10:00:00+00:00,83783.03125,83911.5625,83478.2421875,83719.71875,467386368
2026-10-07 11:00:00+00:00,83718.890625,83806.8984375,83508.4296875,83709.53125,315936768
2026-10-07 12:00:00+00:00,83700.390625,83734.296875,83382.203125,83464.0078125,535306240
2026-10-07 13:00:00+00:00,83464.1015625,83523.1328125,82733.296875,83139.7109375,1586176000
2026-10-07 14:00:00+00:00,83162.28125,83254.046875,82877.4921875,82970.8828125,467955712
2026-10-07 15:00:00+00:00,82907.2890625,83420.59375,82764.7734375,83417.3984375,0
2026-10-07 16:00:00+00:00,83405.859375,83644.84375,83316.890625,83346.78125,155459584
2026-10-07 17:00:00+00:00,83340.4921875,83581.390625,82999.4765625,83116.1015625,291176448
2026-10-07 18:00:00+00:00,83099.15625,83434.1171875,83099.15625,83372.7890625,0
2026-10-07 19:00:00+00:00,83391.9765625,83481.8671875,83253.6171875,83392.0390625,133046272
2026-10-07 20:00:00+00:00,83397.5625,83567.5703125,83280.046875,83379.1875,114831360
2026-10-07 21:00:00+00:00,83384.3203125,83410.03125,83071.0625,83109.6484375,138854400
2026-10-07 22:00:00+00:00,83118.2421875,83287.5625,83088.3125,83196.6328125,239226880
2026-10-07 23:00:00+00:00,83188.140625,83371.0,83081.71875,83275.0625,0
2026-10-08 00:00:00+00:00,83275.546875,83390.8984375,83164.0,83323.75,426221568
2026-10-08 01:00:00+00:00,83318.7734375,83470.65625,83042.09375,83056.9765625,232607744
2026-10-08 02:00:00+00:00,83064.3203125,83233.96875,82876.0703125,83116.078125,0
2026-10-08 03:00:00+00:00,83116.09375,83153.796875,82592.6171875,82695.5625,49041408
2026-10-08 04:00:00+00:00,82710.703125,82873.9921875,82214.5390625,82593.1171875,1865801728
2026-10-08 05:00:00+00:00,82594.1328125,82971.4609375,82522.453125,82624.8984375,410177536
2026-10-08 06:00:00+00:00,82617.9296875,82903.0,82439.2109375,82813.6015625,0
2026-10-08 07:00:00+00:00,82813.609375,83229.890625,82654.296875,82938.671875,0
2026-10-08 08:00:00+00:00,82934.90625,82998.6328125,82725.796875,82811.96875,0
2026-10-08 09:00:00+00:00,82819.90625,83113.0703125,82766.0625,83059.8671875,0
2026-10-08 10:00:00+00:00,83059.8671875,83118.921875,82531.6328125,82662.0,0
2026-10-08 11:00:00+00:00,82658.0625,82678.3671875,82273.84375,82429.1171875,412825600
2026-10-08 12:00:00+00:00,82429.1171875,82440.2421875,81957.78125,82249.4375,0
2026-10-08 13:00:00+00:00,82256.828125,82579.9609375,81709.9921875,82112.1015625,0
2026-10-08 14:00:00+00:00,82099.40625,82722.171875,82066.8125,82638.890625,318015488
2026-10-08 15:00:00+00:00,82617.4765625,82632.140625,82001.046875,82030.28125,0
