timestamp,news_sentiment_1h,news_count_1h,dominant_source
2025-09-29 01:00:00+00:00,0.17384995355393143,2,Decrypt
2025-09-29 02:00:00+00:00,-0.04710144392104138,6,CoinDesk
2025-09-29 03:00:00+00:00,0.22927308740184887,3,Decrypt
2025-09-29 04:00:00+00:00,0.5369335385653116,0,Reuters
2025-09-29 05:00:00+00:00,-0.07678967430641719,6,CoinTelegraph
2025-09-29 06:00:00+00:00,-0.07549310570134653,3,Bloomberg Crypto
2025-09-29 07:00:00+00:00,0.5604700174957269,6,Decrypt
2025-09-29 08:00:00+00:00,0.2776382466575905,1,Reuters
2025-09-29 09:00:00+00:00,-0.1539895515904095,5,Bloomberg Crypto
2025-09-29 10:00:00+00:00,0.20151269952273995,4,Reuters
2025-09-29 11:00:00+00:00,-0.14928952258300265,4,CoinDesk
2025-09-29 12:00:00+00:00,-0.14880899725286037,4,CoinDesk
2025-09-29 13:00:00+00:00,0.10017269521508806,1,CoinDesk
2025-09-29 14:00:00+00:00,-0.6528729886000483,1,Bloomberg Crypto
2025-09-29 15:00:00+00:00,-0.5856572581698235,9,Bloomberg Crypto
2025-09-29 16:00:00+00:00,-0.17744810039954556,6,CoinDesk
2025-09-29 17:00:00+00:00,-0.3338501640763524,4,Bloomberg Crypto
2025-09-29 18:00:00+00:00,0.13191510537776913,2,CoinDesk
2025-09-29 19:00:00+00:00,-0.29459248266238486,3,Decrypt
2025-09-29 20:00:00+00:00,-0.4698033768682252,4,CoinDesk
2025-09-29 21:00:00+00:00,0.5387665087437778,4,CoinTelegraph
2025-09-29 22:00:00+00:00,-0.05194622216097518,2,Decrypt
2025-09-29 23:00:00+00:00,0.05199589658593312,1,CoinDesk
2025-09-30 00:00:00+00:00,-0.4690158235548484,4,CoinTelegraph
2025-09-30 01:00:00+00:00,-0.15960344434958346,1,CoinDesk
2025-09-30 02:00:00+00:00,0.07103731039770203,4,Decrypt
2025-09-30 03:00:00+00:00,-0.3693500499612976,5,CoinDesk
2025-09-30 04:00:00+00:00,0.16627468629963532,2,Bloomberg Crypto
2025-09-30 05:00:00+00:00,-0.1741611280017759,4,CoinDesk
2025-09-30 06:00:00+00:00,-0.0647490332616101,2,Decrypt
2025-09-30 07:00:00+00:00,-0.17197286104451467,3,Reuters
2025-09-30 08:00:00+00:00,0.6882017765383869,4,CoinDesk
2025-09-30 09:00:00+00:00,0.036459602975702554,4,Bloomberg Crypto
2025-09-30 10:00:00+00:00,-0.3277367365694521,3,Decrypt
2025-09-30 11:00:00+00:00,0.33163047831207854,5,CoinTelegraph
2025-09-30 12:00:00+00:00,-0.38227865798646193,3,Reuters
2025-09-30 13:00:00+00:00,0.11939490445094872,2,CoinDesk
2025-09-30 14:00:00+00:00,-0.638316727826981,1,Decrypt
2025-09-30 15:00:00+00:00,-0.41602301323289564,4,Bloomberg Crypto
2025-09-30 16:00:00+00:00,0.11901692020482899,2,Bloomberg Crypto
2025-09-30 17:00:00+00:00,0.30985124625283694,4,Decrypt
2025-09-30 18:00:00+00:00,0.1126383455429181,5,Bloomberg Crypto
2025-09-30 19:00:00+00:00,0.013453076881784438,0,Reuters
2025-09-30 20:00:00+00:00,-0.05018678795894705,2,CoinTelegraph
2025-09-30 21:00:00+00:00,-0.4610146836756263,2,Bloomberg Crypto
2025-09-30 22:00:00+00:00,-0.19420999834689903,2,Bloomberg Crypto
2025-09-30 23:00:00+00:00,-0.10222170289785273,1,CoinTelegraph
2025-10-01 00:00:00+00:00,0.43025994571581105,2,Reuters
2025-10-01 01:00:00+00:00,0.18179775130954723,2,Reuters
2025-10-01 02:00:00+00:00,-0.5542696605880424,7,Reuters
2025-10-01 03:00:00+00:00,0.17748566392011705,2,Bloomberg Crypto
2025-10-01 04:00:00+00:00,-0.06946182902675126,3,Bloomberg Crypto
2025-10-01 05:00:00+00:00,-0.1703462462058359,1,Reuters
2025-10-01 06:00:00+00:00,0.2819214067467902,4,Bloomberg Crypto
2025-10-01 07:00:00+00:00,0.42994153394276646,2,CoinDesk
2025-10-01 08:00:00+00:00,0.3962954585617924,3,Bloomberg Crypto
2025-10-01 09:00:00+00:00,-0.22212430332613842,5,Reuters
2025-10-01 10:00:00+00:00,-0.035369414919144415,3,Decrypt
2025-10-01 11:00:00+00:00,0.19004885513552805,3,Reuters
2025-10-01 12:00:00+00:00,0.4167978136582715,3,Decrypt
2025-10-01 13:00:00+00:00,-0.0911049947109954,4,Bloomberg Crypto
2025-10-01 14:00:00+00:00,0.01287289728860394,6,Bloomberg Crypto
2025-10-01 15:00:00+00:00,-0.3081175930837077,5,Decrypt
2025-10-01 16:00:00+00:00,-0.3383280268795825,1,Reuters
2025-10-01 17:00:00+00:00,0.36597148509820093,4,CoinTelegraph
2025-10-01 18:00:00+00:00,0.5575131019290286,1,CoinTelegraph
2025-10-01 19:00:00+00:00,0.058865660006647995,3,Reuters
2025-10-01 20:00:00+00:00,0.43654427044650945,4,Bloomberg Crypto
2025-10-01 21:00:00+00:00,0.21311733863085464,4,Decrypt
2025-10-01 22:00:00+00:00,-0.13801181342178895,5,Decrypt
2025-10-01 23:00:00+00:00,0.2155023077099919,3,Reuters
2025-10-02 00:00:00+00:00,0.6285587405537895,1,Reuters
2025-10-02 01:00:00+00:00,0.07893725370840367,1,CoinDesk
2025-10-02 02:00:00+00:00,0.6403303778473863,4,Decrypt
2025-10-02 03:00:00+00:00,-0.8229786741506625,5,CoinDesk
2025-10-02 04:00:00+00:00,0.3828232631080601,2,Bloomberg Crypto
2025-10-02 05:00:00+00:00,0.12684737239106925,4,Decrypt
2025-10-02 06:00:00+00:00,-0.007049947249459579,6,Reuters
2025-10-02 07:00:00+00:00,0.13093881645478483,3,Reuters
2025-10-02 08:00:00+00:00,-0.5956084864348564,3,Bloomberg Crypto
2025-10-02 09:00:00+00:00,0.024371709135104794,3,CoinTelegraph
2025-10-02 10:00:00+00:00,0.22746063077946788,2,CoinDesk
2025-10-02 11:00:00+00:00,0.6209466094607506,4,Reuters
2025-10-02 12:00:00+00:00,-0.07650033982040803,2,Decrypt
2025-10-02 13:00:00+00:00,-0.17686992435970417,1,Decrypt
2025-10-02 14:00:00+00:00,-0.06830549360465014,2,Decrypt
2025-10-02 15:00:00+00:00,0.42890486041465614,2,Bloomberg Crypto
2025-10-02 16:00:00+00:00,0.22477964543007029,4,CoinTelegraph
2025-10-02 17:00:00+00:00,-0.07449870845126164,4,CoinDesk
2025-10-02 18:00:00+00:00,0.29175951602681527,3,Decrypt
2025-10-02 19:00:00+00:00,0.14728953183300358,4,Decrypt
2025-10-02 20:00:00+00:00,0.45353251276650886,4,Reuters
2025-10-02 21:00:00+00:00,-0.1300195609839912,1,CoinTelegraph
2025-10-02 22:00:00+00:00,0.002207383550017497,5,Reuters
2025-10-02 23:00:00+00:00,-0.019160770599315147,4,Bloomberg Crypto
2025-10-03 00:00:00+00:00,-0.39296738756147476,1,Bloomberg Crypto
2025-10-03 01:00:00+00:00,0.2240884937343935,5,CoinDesk
2025-10-03 02:00:00+00:00,0.2129970637709604,4,Bloomberg Crypto
2025-10-03 03:00:00+00:00,0.12459649746954772,1,CoinDesk
2025-10-03 04:00:00+00:00,0.04187808565356982,2,Reuters
2025-10-03 05:00:00+00:00,-0.37022167893394997,4,Decrypt
2025-10-03 06:00:00+00:00,-0.020895601729048807,2,Decrypt
2025-10-03 07:00:00+00:00,0.007550021206496865,6,CoinTelegraph
2025-10-03 08:00:00+00:00,-0.1521294628538215,4,Bloomberg Crypto
2025-10-03 09:00:00+00:00,0.07338267868202614,6,CoinTelegraph
2025-10-03 10:00:00+00:00,0.2724131694719076,4,CoinTelegraph
2025-10-03 11:00:00+00:00,0.792320700728834,4,Decrypt
2025-10-03 12:00:00+00:00,0.1944156879225276,2,Bloomberg Crypto
2025-10-03 13:00:00+00:00,0.2246114392750907,1,Decrypt
2025-10-03 14:00:00+00:00,0.10956559066153271,3,CoinTelegraph
2025-10-03 15:00:00+00:00,-0.5347979173021269,2,Bloomberg Crypto
2025-10-03 16:00:00+00:00,0.12863996542840536,4,Decrypt
2025-10-03 17:00:00+00:00,0.16014565475021453,5,CoinDesk
2025-10-03 18:00:00+00:00,1.0,0,CoinDesk
2025-10-03 19:00:00+00:00,0.07402151462876624,5,Reuters
2025-10-03 20:00:00+00:00,0.24802689143687942,3,Reuters
2025-10-03 21:00:00+00:00,0.13147103263790136,3,Bloomberg Crypto
2025-10-03 22:00:00+00:00,-0.26428499063847066,5,Reuters
2025-10-03 23:00:00+00:00,0.5458697972128642,0,Bloomberg Crypto
2025-10-04 00:00:00+00:00,0.41018516136908867,3,CoinTelegraph
2025-10-04 01:00:00+00:00,0.42499384651305955,1,CoinDesk
2025-10-04 02:00:00+00:00,-0.16903162250600445,2,Bloomberg Crypto
2025-10-04 03:00:00+00:00,0.6413505528613673,3,CoinTelegraph
2025-10-04 04:00:00+00:00,-0.3391595555608421,1,CoinDesk
2025-10-04 05:00:00+00:00,0.3580012659857259,1,Decrypt
2025-10-04 06:00:00+00:00,0.9203708926720195,4,CoinTelegraph
2025-10-04 07:00:00+00:00,-0.19186899649098513,5,Decrypt
2025-10-04 08:00:00+00:00,-0.042281061714315504,5,Reuters
2025-10-04 09:00:00+00:00,0.19190265999033948,2,Bloomberg Crypto
2025-10-04 10:00:00+00:00,-0.01809316634795813,2,CoinDesk
2025-10-04 11:00:00+00:00,-0.38351318642456644,3,Reuters
2025-10-04 12:00:00+00:00,0.18430880866640326,5,CoinTelegraph
2025-10-04 13:00:00+00:00,-0.21040474834264683,6,Reuters
2025-10-04 14:00:00+00:00,0.32824569691910793,3,Decrypt
2025-10-04 15:00:00+00:00,-0.15822635041963581,1,Decrypt
2025-10-04 16:00:00+00:00,0.7071299292415545,2,Bloomberg Crypto
2025-10-04 17:00:00+00:00,-0.10840805836739709,2,Reuters
2025-10-04 18:00:00+00:00,0.054083700325126896,2,CoinDesk
2025-10-04 19:00:00+00:00,0.45260780480243734,2,Decrypt
2025-10-04 20:00:00+00:00,-0.2618572934694088,2,CoinTelegraph
2025-10-04 21:00:00+00:00,0.24962150399878055,3,Reuters
2025-10-04 22:00:00+00:00,0.6285726518063859,4,CoinDesk
2025-10-04 23:00:00+00:00,-0.3904874517251321,3,CoinDesk
2025-10-05 00:00:00+00:00,0.23780933545182464,2,CoinDesk
2025-10-05 01:00:00+00:00,0.26519906002308846,2,CoinDesk
2025-10-05 02:00:00+00:00,0.4489274572105691,5,Decrypt
2025-10-05 03:00:00+00:00,-0.25659717311958674,3,Bloomberg Crypto
2025-10-05 04:00:00+00:00,-0.28478138112042317,2,Reuters
2025-10-05 05:00:00+00:00,0.3610975540541431,1,Decrypt
2025-10-05 06:00:00+00:00,0.28339890995339,5,Bloomberg Crypto
2025-10-05 07:00:00+00:00,0.26815971658853355,2,CoinDesk
2025-10-05 08:00:00+00:00,0.3027736942185962,2,CoinTelegraph
2025-10-05 09:00:00+00:00,-0.055465591517933954,5,CoinDesk
2025-10-05 10:00:00+00:00,0.2648547143869685,2,Bloomberg Crypto
2025-10-05 11:00:00+00:00,0.2871607456435367,3,Bloomberg Crypto
2025-10-05 12:00:00+00:00,-0.06442157533047768,0,CoinTelegraph
2025-10-05 13:00:00+00:00,0.839635103432925,0,Decrypt
2025-10-05 14:00:00+00:00,0.3534646942146995,1,CoinTelegraph
2025-10-05 15:00:00+00:00,-0.22832737964217667,4,CoinDesk
2025-10-05 16:00:00+00:00,0.4194247863780449,6,Reuters
2025-10-05 17:00:00+00:00,-0.15050889431250927,3,Decrypt
2025-10-05 18:00:00+00:00,0.4671044379253163,1,Reuters
2025-10-05 19:00:00+00:00,0.5981248666235605,0,Reuters
2025-10-05 20:00:00+00:00,-0.09363437745423359,0,Decrypt
2025-10-05 21:00:00+00:00,0.531770513546007,0,CoinDesk
2025-10-05 22:00:00+00:00,0.3400430231913881,1,Bloomberg Crypto
2025-10-05 23:00:00+00:00,0.484267963160797,3,CoinDesk
2025-10-06 00:00:00+00:00,0.8613980193382962,5,Bloomberg Crypto
2025-10-06 01:00:00+00:00,0.11260454487167883,7,Bloomberg Crypto
2025-10-06 02:00:00+00:00,-0.0643510381358354,0,Decrypt
2025-10-06 03:00:00+00:00,-0.1109108911048731,4,Decrypt
2025-10-06 04:00:00+00:00,-0.08415561246764391,2,CoinTelegraph
2025-10-06 05:00:00+00:00,0.17534748735494718,2,Reuters
2025-10-06 06:00:00+00:00,0.32268762789983196,4,Reuters
2025-10-06 07:00:00+00:00,0.3010738026086115,0,Reuters
2025-10-06 08:00:00+00:00,0.4946899636499915,3,Reuters
2025-10-06 09:00:00+00:00,0.21066649232436757,1,CoinTelegraph
2025-10-06 10:00:00+00:00,0.7157889434779525,3,Bloomberg Crypto
2025-10-06 11:00:00+00:00,0.11535447643280862,6,CoinTelegraph
2025-10-06 12:00:00+00:00,1.0,3,Decrypt
2025-10-06 13:00:00+00:00,0.4288210698332463,5,CoinDesk
2025-10-06 14:00:00+00:00,-0.08924690249495182,2,Bloomberg Crypto
2025-10-06 15:00:00+00:00,-0.16313729128923599,1,Bloomberg Crypto
2025-10-06 16:00:00+00:00,0.3814533488144527,4,CoinTelegraph
2025-10-06 17:00:00+00:00,0.13528501182048458,7,Decrypt
2025-10-06 18:00:00+00:00,0.46430218874512047,2,Decrypt
2025-10-06 19:00:00+00:00,0.3809362427035292,4,Bloomberg Crypto
2025-10-06 20:00:00+00:00,0.19071002543625284,4,CoinTelegraph
2025-10-06 21:00:00+00:00,-0.07928458983516803,0,Reuters
2025-10-06 22:00:00+00:00,-0.312214271209483,5,Bloomberg Crypto
2025-10-06 23:00:00+00:00,0.06258703300248888,7,Reuters
2025-10-07 00:00:00+00:00,0.5194877994972888,1,CoinDesk
2025-10-07 01:00:00+00:00,0.29555791733476705,2,Decrypt
2025-10-07 02:00:00+00:00,-0.21451066634826385,3,Bloomberg Crypto
2025-10-07 03:00:00+00:00,0.2829799273024924,1,CoinDesk
2025-10-07 04:00:00+00:00,0.35809226486650103,2,Reuters
2025-10-07 05:00:00+00:00,-0.08525847636142997,2,Bloomberg Crypto
2025-10-07 06:00:00+00:00,0.2787517074423053,1,CoinDesk
2025-10-07 07:00:00+00:00,0.24617309971570242,7,Bloomberg Crypto
2025-10-07 08:00:00+00:00,-0.17339161001891398,0,CoinDesk
2025-10-07 09:00:00+00:00,0.35271731866546785,8,CoinDesk
2025-10-07 10:00:00+00:00,0.42460586182711435,3,Reuters
2025-10-07 11:00:00+00:00,0.6082345189485097,3,Decrypt
2025-10-07 12:00:00+00:00,0.5988283640022638,0,CoinTelegraph
2025-10-07 13:00:00+00:00,-0.2513598307198005,3,CoinDesk
2025-10-07 14:00:00+00:00,-0.09659178862054368,1,Decrypt
2025-10-07 15:00:00+00:00,0.4127275559331431,3,CoinTelegraph
2025-10-07 16:00:00+00:00,0.41310422691136106,1,Reuters
2025-10-07 17:00:00+00:00,0.41435544552834935,1,Bloomberg Crypto
2025-10-07 18:00:00+00:00,1.0,5,Decrypt
2025-10-07 19:00:00+00:00,0.4355066352662227,4,Bloomberg Crypto
2025-10-07 20:00:00+00:00,0.6339394908123672,9,Bloomberg Crypto
2025-10-07 21:00:00+00:00,0.5711843142496539,2,CoinTelegraph
2025-10-07 22:00:00+00:00,0.46605842064267344,2,Decrypt
2025-10-07 23:00:00+00:00,0.1285106235106637,2,CoinDesk
2025-10-08 00:00:00+00:00,0.505273039038553,2,CoinTelegraph
2025-10-08 01:00:00+00:00,-0.030080498635747133,4,Decrypt
2025-10-08 02:00:00+00:00,0.15829187619084326,1,CoinDesk
2025-10-08 03:00:00+00:00,0.07206674215609715,2,Bloomberg Crypto
2025-10-08 04:00:00+00:00,0.2713610470976971,2,Reuters
2025-10-08 05:00:00+00:00,1.0,3,Reuters
2025-10-08 06:00:00+00:00,-0.4093289893546464,1,CoinTelegraph
2025-10-08 07:00:00+00:00,0.4851524820648545,1,CoinDesk
2025-10-08 08:00:00+00:00,-0.31874608891595413,5,CoinDesk
2025-10-08 09:00:00+00:00,0.08126681296442254,4,Reuters
2025-10-08 10:00:00+00:00,0.6283096106658443,7,CoinDesk
2025-10-08 11:00:00+00:00,0.2704042663005848,1,Decrypt
2025-10-08 12:00:00+00:00,-0.12857964612290604,2,Decrypt
2025-10-08 13:00:00+00:00,-0.0010051103312465337,5,Reuters
2025-10-08 14:00:00+00:00,0.48792594367870745,4,Bloomberg Crypto
2025-10-08 15:00:00+00:00,-0.004850677275406778,5,Bloomberg Crypto
2025-10-08 16:00:00+00:00,0.3272444179190235,4,Bloomberg Crypto
2025-10-08 17:00:00+00:00,0.26813566565667823,3,Reuters
2025-10-08 18:00:00+00:00,0.024822339544398858,4,CoinTelegraph
2025-10-08 19:00:00+00:00,1.0,6,CoinDesk
2025-10-08 20:00:00+00:00,0.4761339346791532,4,Decrypt
2025-10-08 21:00:00+00:00,-0.45385477787190415,6,Decrypt
2025-10-08 22:00:00+00:00,0.3208822664996925,2,CoinTelegraph
2025-10-08 23:00:00+00:00,0.02467138825601231,4,CoinDesk
2025-10-09 00:00:00+00:00,0.5553169659489794,0,Bloomberg Crypto
2025-10-09 01:00:00+00:00,-0.019753070968704378,3,Decrypt
2025-10-09 02:00:00+00:00,0.21813055025328362,1,Bloomberg Crypto
2025-10-09 03:00:00+00:00,0.4356881860581334,4,Bloomberg Crypto
2025-10-09 04:00:00+00:00,0.5626064942685043,2,Reuters
2025-10-09 05:00:00+00:00,-0.1598668360506426,3,Reuters
2025-10-09 06:00:00+00:00,0.14380138425965136,4,CoinDesk
2025-10-09 07:00:00+00:00,0.09528103670646187,5,Decrypt
2025-10-09 08:00:00+00:00,0.033476899682525096,2,Reuters
2025-10-09 09:00:00+00:00,0.8806764956416567,4,CoinDesk
2025-10-09 10:00:00+00:00,0.4051316242466009,5,CoinTelegraph
2025-10-09 11:00:00+00:00,-0.17730572282520513,4,Bloomberg Crypto
2025-10-09 12:00:00+00:00,0.5858660889559277,5,Decrypt
2025-10-09 13:00:00+00:00,1.0,1,Decrypt
2025-10-09 14:00:00+00:00,0.6271840276531426,3,CoinDesk
2025-10-09 15:00:00+00:00,-0.26536229129505673,5,Reuters
2025-10-09 16:00:00+00:00,0.097526347427215,1,Bloomberg Crypto
2025-10-09 17:00:00+00:00,0.7110133061531825,0,Bloomberg Crypto
2025-10-09 18:00:00+00:00,0.02049126598920384,1,Decrypt
2025-10-09 19:00:00+00:00,0.42408858707165253,2,Decrypt
2025-10-09 20:00:00+00:00,0.540444936760538,3,Bloomberg Crypto
2025-10-09 21:00:00+00:00,-0.05453640415665606,1,CoinTelegraph
2025-10-09 22:00:00+00:00,0.24961663061793513,2,CoinDesk
2025-10-09 23:00:00+00:00,-0.8634368283267702,2,CoinTelegraph
2025-10-10 00:00:00+00:00,-0.08697771749958222,5,Reuters
2025-10-10 01:00:00+00:00,0.1837052908531847,1,CoinTelegraph
2025-10-10 02:00:00+00:00,-0.1640788224858465,3,CoinTelegraph
2025-10-10 03:00:00+00:00,0.8445253454043371,2,Reuters
2025-10-10 04:00:00+00:00,-0.22683705489500322,4,CoinDesk
2025-10-10 05:00:00+00:00,0.1202228261116558,5,Bloomberg Crypto
2025-10-10 06:00:00+00:00,0.3205184885303181,3,CoinTelegraph
2025-10-10 07:00:00+00:00,0.7797207389909585,3,CoinDesk
2025-10-10 08:00:00+00:00,-0.2267659619972206,3,Reuters
2025-10-10 09:00:00+00:00,0.6833986995692263,2,CoinDesk
2025-10-10 10:00:00+00:00,0.28037343600900166,3,CoinTelegraph
2025-10-10 11:00:00+00:00,-0.06624081120885489,6,Bloomberg Crypto
2025-10-10 12:00:00+00:00,0.43951364915029967,2,Reuters
2025-10-10 13:00:00+00:00,0.34793339852447347,1,Reuters
2025-10-10 14:00:00+00:00,0.06866651641537416,3,CoinTelegraph
2025-10-10 15:00:00+00:00,0.3036479090579004,1,CoinDesk
2025-10-10 16:00:00+00:00,0.14482700505073792,4,Bloomberg Crypto
2025-10-10 17:00:00+00:00,0.3198822394848143,5,Reuters
2025-10-10 18:00:00+00:00,0.5123561208763108,2,CoinTelegraph
2025-10-10 19:00:00+00:00,0.8361702895395026,3,CoinTelegraph
2025-10-10 20:00:00+00:00,-0.1517222070671379,0,Decrypt
2025-10-10 21:00:00+00:00,1.0,1,Decrypt
2025-10-10 22:00:00+00:00,-0.4008355345790215,7,CoinDesk
2025-10-10 23:00:00+00:00,0.22970355975467208,6,CoinTelegraph
2025-10-11 00:00:00+00:00,0.4891672749198616,2,CoinDesk
2025-10-11 01:00:00+00:00,0.38202606993540417,2,CoinDesk
2025-10-11 02:00:00+00:00,0.0661514939856147,3,Bloomberg Crypto
2025-10-11 03:00:00+00:00,0.2116656863786051,4,Decrypt
2025-10-11 04:00:00+00:00,0.11236502570683798,3,CoinDesk
2025-10-11 05:00:00+00:00,0.079039289958072,4,Bloomberg Crypto
2025-10-11 06:00:00+00:00,0.5830740066764779,1,Bloomberg Crypto
2025-10-11 07:00:00+00:00,0.4110597190769002,4,Decrypt
2025-10-11 08:00:00+00:00,0.04397166811534761,3,Decrypt
2025-10-11 09:00:00+00:00,0.6017304043792093,4,CoinTelegraph
2025-10-11 10:00:00+00:00,0.394800388813325,4,CoinDesk
2025-10-11 11:00:00+00:00,0.5721170866898249,4,Bloomberg Crypto
2025-10-11 12:00:00+00:00,0.5083499015711876,3,CoinTelegraph
2025-10-11 13:00:00+00:00,-0.0018093186610350642,0,CoinDesk
2025-10-11 14:00:00+00:00,0.09262935916730522,4,CoinDesk
2025-10-11 15:00:00+00:00,0.5505939263623862,3,CoinTelegraph
2025-10-11 16:00:00+00:00,0.5030138456090857,6,Bloomberg Crypto
2025-10-11 17:00:00+00:00,0.28240642340900457,1,CoinTelegraph
2025-10-11 18:00:00+00:00,0.33111892823965694,3,CoinDesk
2025-10-11 19:00:00+00:00,0.7375640484331679,3,CoinTelegraph
2025-10-11 20:00:00+00:00,0.08365296162478139,3,CoinTelegraph
2025-10-11 21:00:00+00:00,0.48250325996496535,3,CoinDesk
2025-10-11 22:00:00+00:00,0.22056258721302216,2,Decrypt
2025-10-11 23:00:00+00:00,0.2154470378591913,3,Bloomberg Crypto
2025-10-12 00:00:00+00:00,0.6765073993654951,3,CoinDesk
2025-10-12 01:00:00+00:00,0.5811258586975365,3,Decrypt
2025-10-12 02:00:00+00:00,0.5772477322773819,2,CoinTelegraph
2025-10-12 03:00:00+00:00,0.7497207476937257,2,Decrypt
2025-10-12 04:00:00+00:00,0.3004328924046202,2,CoinDesk
2025-10-12 05:00:00+00:00,0.5320380424049344,5,CoinDesk
2025-10-12 06:00:00+00:00,0.18502865918236494,2,CoinTelegraph
2025-10-12 07:00:00+00:00,0.4073423308646017,6,CoinDesk
2025-10-12 08:00:00+00:00,0.2485906790798,4,Reuters
2025-10-12 09:00:00+00:00,0.32834052882893416,3,Decrypt
2025-10-12 10:00:00+00:00,0.5029426406633198,3,Reuters
2025-10-12 11:00:00+00:00,0.008500726462279284,0,Reuters
2025-10-12 12:00:00+00:00,1.0,5,Decrypt
2025-10-12 13:00:00+00:00,-0.05676393849926803,2,CoinDesk
2025-10-12 14:00:00+00:00,-0.12939998244888806,3,Decrypt
2025-10-12 15:00:00+00:00,0.7011232507141728,3,CoinTelegraph
2025-10-12 16:00:00+00:00,0.5730793227545246,4,Reuters
2025-10-12 17:00:00+00:00,0.5146467686864502,2,Reuters
2025-10-12 18:00:00+00:00,0.5163277279416072,5,CoinDesk
2025-10-12 19:00:00+00:00,0.29231690657328196,1,Decrypt
2025-10-12 20:00:00+00:00,-0.017244768828931167,4,Bloomberg Crypto
2025-10-12 21:00:00+00:00,0.3235113438940101,0,CoinDesk
2025-10-12 22:00:00+00:00,0.06015313661042779,6,CoinDesk
2025-10-12 23:00:00+00:00,0.6386261258942493,2,CoinDesk
2025-10-13 00:00:00+00:00,0.24603311244403844,2,Decrypt
2025-10-13 01:00:00+00:00,0.008742643948000672,1,CoinDesk
2025-10-13 02:00:00+00:00,0.18533957215877433,4,CoinTelegraph
2025-10-13 03:00:00+00:00,0.4425030637766928,1,CoinTelegraph
2025-10-13 04:00:00+00:00,0.10082038064946225,4,Reuters
2025-10-13 05:00:00+00:00,0.010488233619934617,3,Reuters
2025-10-13 06:00:00+00:00,0.3836917699956256,2,Decrypt
2025-10-13 07:00:00+00:00,0.3842698932182622,3,Bloomberg Crypto
2025-10-13 08:00:00+00:00,0.12122630034444715,3,Reuters
2025-10-13 09:00:00+00:00,0.13391229187774076,3,Reuters
2025-10-13 10:00:00+00:00,0.38010693055555506,1,Reuters
2025-10-13 11:00:00+00:00,-0.20783184899781237,2,Reuters
2025-10-13 12:00:00+00:00,-0.19351197005428977,4,CoinDesk
2025-10-13 13:00:00+00:00,0.04774201449409404,2,Reuters
2025-10-13 14:00:00+00:00,0.22458258849282917,5,Decrypt
2025-10-13 15:00:00+00:00,0.40819279621891924,4,CoinDesk
2025-10-13 16:00:00+00:00,0.8158303362739008,4,CoinDesk
2025-10-13 17:00:00+00:00,0.599711494467376,3,Decrypt
2025-10-13 18:00:00+00:00,0.24362155939934327,1,Bloomberg Crypto
2025-10-13 19:00:00+00:00,0.293008241909569,0,Reuters
2025-10-13 20:00:00+00:00,-0.05116304309256409,2,CoinTelegraph
2025-10-13 21:00:00+00:00,0.2932954057745686,1,Bloomberg Crypto
2025-10-13 22:00:00+00:00,0.198791696599863,1,Reuters
2025-10-13 23:00:00+00:00,0.4128153803245385,4,CoinTelegraph
2025-10-14 00:00:00+00:00,0.010369164309840362,1,CoinDesk
2025-10-14 01:00:00+00:00,0.4817018305783775,3,CoinDesk
2025-10-14 02:00:00+00:00,0.836414171313637,5,CoinDesk
2025-10-14 03:00:00+00:00,0.26190894563652123,4,Reuters
2025-10-14 04:00:00+00:00,0.44058799046950914,5,Decrypt
2025-10-14 05:00:00+00:00,0.5415476190197464,4,CoinDesk
2025-10-14 06:00:00+00:00,0.1595728348399573,4,CoinDesk
2025-10-14 07:00:00+00:00,0.37842959055450287,2,CoinDesk
2025-10-14 08:00:00+00:00,0.30439622800850785,0,Reuters
2025-10-14 09:00:00+00:00,0.33416163208851246,2,CoinTelegraph
2025-10-14 10:00:00+00:00,0.0294021274133216,5,Bloomberg Crypto
2025-10-14 11:00:00+00:00,0.30850911158459715,6,CoinDesk
2025-10-14 12:00:00+00:00,0.47419939648906073,1,Bloomberg Crypto
2025-10-14 13:00:00+00:00,0.8077641469344718,0,Decrypt
2025-10-14 14:00:00+00:00,0.6355670093517338,4,Decrypt
2025-10-14 15:00:00+00:00,1.0,4,Decrypt
2025-10-14 16:00:00+00:00,0.03115058751985167,5,CoinDesk
2025-10-14 17:00:00+00:00,0.6049761375277474,3,Bloomberg Crypto
2025-10-14 18:00:00+00:00,0.3637697468949659,1,CoinTelegraph
2025-10-14 19:00:00+00:00,1.0,5,Reuters
2025-10-14 20:00:00+00:00,0.01655126046725458,2,Bloomberg Crypto
2025-10-14 21:00:00+00:00,0.005472503496346037,4,Reuters
2025-10-14 22:00:00+00:00,0.08950166568656795,1,Bloomberg Crypto
2025-10-14 23:00:00+00:00,-0.44416601157598573,4,CoinDesk
2025-10-15 00:00:00+00:00,0.11508609338923817,6,CoinTelegraph
2025-10-15 01:00:00+00:00,0.03330123898245679,1,CoinDesk
2025-10-15 02:00:00+00:00,0.351527277747055,3,Decrypt
2025-10-15 03:00:00+00:00,0.4183902903661595,2,CoinTelegraph
2025-10-15 04:00:00+00:00,0.9553162054499027,2,Bloomberg Crypto
2025-10-15 05:00:00+00:00,0.6311799366953268,4,CoinDesk
2025-10-15 06:00:00+00:00,0.09648496649161523,5,Reuters
2025-10-15 07:00:00+00:00,-0.01617976290373968,1,CoinDesk
2025-10-15 08:00:00+00:00,0.47029568415813044,2,CoinDesk
2025-10-15 09:00:00+00:00,-0.16410456767700043,4,Bloomberg Crypto
2025-10-15 10:00:00+00:00,0.9388351847863459,4,Bloomberg Crypto
2025-10-15 11:00:00+00:00,0.7104707050778301,4,Decrypt
2025-10-15 12:00:00+00:00,0.1332917177331403,6,CoinTelegraph
2025-10-15 13:00:00+00:00,-0.3022628659837707,3,CoinDesk
2025-10-15 14:00:00+00:00,0.7710150665975612,4,Reuters
2025-10-15 15:00:00+00:00,0.25689080268778963,4,Bloomberg Crypto
2025-10-15 16:00:00+00:00,0.7300299703818215,1,Bloomberg Crypto
2025-10-15 17:00:00+00:00,-0.26144640350832626,2,Decrypt
2025-10-15 18:00:00+00:00,0.08662554166528877,1,CoinTelegraph
2025-10-15 19:00:00+00:00,0.29804012761956,2,Decrypt
2025-10-15 20:00:00+00:00,0.3124405876851568,1,Bloomberg Crypto
2025-10-15 21:00:00+00:00,0.13826152997141386,8,Reuters
2025-10-15 22:00:00+00:00,0.5135635083484428,2,Decrypt
2025-10-15 23:00:00+00:00,-0.07832500525828034,2,CoinDesk
2025-10-16 00:00:00+00:00,0.2452799683746302,6,Bloomberg Crypto
2025-10-16 01:00:00+00:00,0.3369814366931593,2,Bloomberg Crypto
2025-10-16 02:00:00+00:00,0.4746912736809623,2,Decrypt
2025-10-16 03:00:00+00:00,0.5434571484125942,0,Reuters
2025-10-16 04:00:00+00:00,-0.0994839840347646,1,Decrypt
2025-10-16 05:00:00+00:00,-0.24305585226382076,1,Reuters
2025-10-16 06:00:00+00:00,0.7408089116545526,4,Bloomberg Crypto
2025-10-16 07:00:00+00:00,0.40966440664455417,2,Decrypt
2025-10-16 08:00:00+00:00,0.031111260038360733,5,CoinTelegraph
2025-10-16 09:00:00+00:00,0.8357063566225935,3,Decrypt
2025-10-16 10:00:00+00:00,0.33300548167965893,3,Decrypt
2025-10-16 11:00:00+00:00,0.7049841509740654,5,CoinTelegraph
2025-10-16 12:00:00+00:00,0.3155669696635167,3,CoinTelegraph
2025-10-16 13:00:00+00:00,1.0,3,CoinDesk
2025-10-16 14:00:00+00:00,0.9056993104200066,5,CoinTelegraph
2025-10-16 15:00:00+00:00,0.2038817245877764,4,Reuters
2025-10-16 16:00:00+00:00,0.6307527805513462,1,CoinDesk
2025-10-16 17:00:00+00:00,0.5162629172620209,4,Reuters
2025-10-16 18:00:00+00:00,0.7690753892179052,3,CoinDesk
2025-10-16 19:00:00+00:00,-0.04800122990658007,1,CoinDesk
2025-10-16 20:00:00+00:00,0.5295022637068267,3,Reuters
2025-10-16 21:00:00+00:00,0.6594897349666002,2,Bloomberg Crypto
2025-10-16 22:00:00+00:00,-0.3268660970118453,3,Bloomberg Crypto
2025-10-16 23:00:00+00:00,-0.125801544271331,1,Decrypt
2025-10-17 00:00:00+00:00,-0.4257514553181117,1,Bloomberg Crypto
2025-10-17 01:00:00+00:00,0.19332295304059371,2,Decrypt
2025-10-17 02:00:00+00:00,0.5383853460350986,4,Bloomberg Crypto
2025-10-17 03:00:00+00:00,0.8126954162111815,2,Decrypt
2025-10-17 04:00:00+00:00,0.31242319960349785,2,Decrypt
2025-10-17 05:00:00+00:00,0.8561197399390859,4,CoinTelegraph
2025-10-17 06:00:00+00:00,-0.19732223765609275,2,Decrypt
2025-10-17 07:00:00+00:00,-0.31086689888575797,3,Reuters
2025-10-17 08:00:00+00:00,0.26547365822361296,4,Reuters
2025-10-17 09:00:00+00:00,0.418931381132409,5,Decrypt
2025-10-17 10:00:00+00:00,0.27265316408989,3,Reuters
2025-10-17 11:00:00+00:00,-0.43992581878581394,2,Bloomberg Crypto
2025-10-17 12:00:00+00:00,0.2520642388207839,5,Reuters
2025-10-17 13:00:00+00:00,-0.17373598215957237,4,CoinTelegraph
2025-10-17 14:00:00+00:00,0.5167805873443676,1,Reuters
2025-10-17 15:00:00+00:00,0.4102662035164656,5,Bloomberg Crypto
2025-10-17 16:00:00+00:00,-0.04744470769231507,2,Bloomberg Crypto
2025-10-17 17:00:00+00:00,0.10121098282078675,3,Decrypt
2025-10-17 18:00:00+00:00,-0.09011434786718853,2,CoinDesk
2025-10-17 19:00:00+00:00,0.2582134846012674,10,Bloomberg Crypto
2025-10-17 20:00:00+00:00,0.6139865761277874,4,Decrypt
2025-10-17 21:00:00+00:00,-0.06578693690604642,3,Decrypt
2025-10-17 22:00:00+00:00,0.4551587038521978,4,Reuters
2025-10-17 23:00:00+00:00,0.09267233864340474,5,Reuters
2025-10-18 00:00:00+00:00,0.0002719418663345019,3,Decrypt
2025-10-18 01:00:00+00:00,0.23982659067383275,1,CoinTelegraph
2025-10-18 02:00:00+00:00,-0.08554294819463465,2,Decrypt
2025-10-18 03:00:00+00:00,0.08251412944347669,3,Reuters
2025-10-18 04:00:00+00:00,-0.1434714714905138,2,Bloomberg Crypto
2025-10-18 05:00:00+00:00,0.9629288843385544,4,CoinTelegraph
2025-10-18 06:00:00+00:00,0.2871015296702912,5,CoinDesk
2025-10-18 07:00:00+00:00,0.029334468658195223,0,Bloomberg Crypto
2025-10-18 08:00:00+00:00,0.3486053961481959,2,Reuters
2025-10-18 09:00:00+00:00,0.23386657163647445,3,Bloomberg Crypto
2025-10-18 10:00:00+00:00,0.19530593136522284,4,Bloomberg Crypto
2025-10-18 11:00:00+00:00,0.4870624888559896,2,Reuters
2025-10-18 12:00:00+00:00,0.5366856554839761,0,Bloomberg Crypto
2025-10-18 13:00:00+00:00,0.08533133903372073,2,Decrypt
2025-10-18 14:00:00+00:00,0.06891412101392722,1,CoinTelegraph
2025-10-18 15:00:00+00:00,0.17362116689259766,4,Reuters
2025-10-18 16:00:00+00:00,-0.5363493895971845,1,CoinTelegraph
2025-10-18 17:00:00+00:00,-0.2615650845490206,2,Decrypt
2025-10-18 18:00:00+00:00,0.7465815725613607,1,Reuters
2025-10-18 19:00:00+00:00,0.8433331036633138,4,Decrypt
2025-10-18 20:00:00+00:00,0.17984565908567063,1,CoinDesk
2025-10-18 21:00:00+00:00,0.4682121338583662,2,CoinDesk
2025-10-18 22:00:00+00:00,0.3747587405504791,4,CoinDesk
2025-10-18 23:00:00+00:00,1.0,3,CoinTelegraph
2025-10-19 00:00:00+00:00,0.656465626488858,9,CoinDesk
2025-10-19 01:00:00+00:00,0.21923250417379242,1,CoinDesk
2025-10-19 02:00:00+00:00,-0.07105112879988251,0,Decrypt
2025-10-19 03:00:00+00:00,-0.2994887005468774,1,Bloomberg Crypto
2025-10-19 04:00:00+00:00,0.33335440363685237,2,Bloomberg Crypto
2025-10-19 05:00:00+00:00,-0.003210865236709548,1,CoinDesk
2025-10-19 06:00:00+00:00,-0.23691198155520266,0,Bloomberg Crypto
2025-10-19 07:00:00+00:00,0.033936396933994806,5,CoinDesk
2025-10-19 08:00:00+00:00,-0.11894962495607636,5,CoinDesk
2025-10-19 09:00:00+00:00,0.849442210690371,7,CoinTelegraph
2025-10-19 10:00:00+00:00,0.5668622196990061,2,Reuters
2025-10-19 11:00:00+00:00,0.2548387630219249,4,Bloomberg Crypto
2025-10-19 12:00:00+00:00,0.7749457473818102,6,CoinDesk
2025-10-19 13:00:00+00:00,0.2833755586016145,3,Bloomberg Crypto
2025-10-19 14:00:00+00:00,-0.0458262141344995,7,CoinTelegraph
2025-10-19 15:00:00+00:00,0.7880385545026384,3,CoinTelegraph
2025-10-19 16:00:00+00:00,0.4428807921574799,4,CoinDesk
2025-10-19 17:00:00+00:00,-0.1094614368083407,2,Bloomberg Crypto
2025-10-19 18:00:00+00:00,0.18626392387717206,3,Bloomberg Crypto
2025-10-19 19:00:00+00:00,-0.0542808669943215,2,Bloomberg Crypto
2025-10-19 20:00:00+00:00,-0.2324959942721853,2,CoinTelegraph
2025-10-19 21:00:00+00:00,0.5749397854616656,5,Decrypt
2025-10-19 22:00:00+00:00,0.9183625557161166,2,Decrypt
2025-10-19 23:00:00+00:00,-0.240147462926957,3,Bloomberg Crypto
2025-10-20 00:00:00+00:00,0.44567025899405094,4,Bloomberg Crypto
2025-10-20 01:00:00+00:00,0.020181360424533445,1,Reuters
2025-10-20 02:00:00+00:00,0.07668301740962266,1,CoinDesk
2025-10-20 03:00:00+00:00,0.03910509250712013,3,CoinTelegraph
2025-10-20 04:00:00+00:00,-0.05669230338751152,3,Reuters
2025-10-20 05:00:00+00:00,0.26194398521446427,3,Bloomberg Crypto
2025-10-20 06:00:00+00:00,-0.046618712691397834,3,Decrypt
2025-10-20 07:00:00+00:00,0.33812160672515196,1,Decrypt
2025-10-20 08:00:00+00:00,0.22512176000528628,3,Reuters
2025-10-20 09:00:00+00:00,0.15831216749304,3,Decrypt
2025-10-20 10:00:00+00:00,-0.07646889316471278,0,Decrypt
2025-10-20 11:00:00+00:00,0.03853836075348652,2,CoinDesk
2025-10-20 12:00:00+00:00,0.504020740904924,1,Bloomberg Crypto
2025-10-20 13:00:00+00:00,0.41417587480331797,3,Reuters
2025-10-20 14:00:00+00:00,-0.10407285299384866,2,CoinTelegraph
2025-10-20 15:00:00+00:00,0.2720500039272622,1,CoinTelegraph
2025-10-20 16:00:00+00:00,0.4994770099292838,3,Bloomberg Crypto
2025-10-20 17:00:00+00:00,-0.34859689186886567,3,CoinTelegraph
2025-10-20 18:00:00+00:00,0.4250700984360961,4,Decrypt
2025-10-20 19:00:00+00:00,0.0021704396901863765,1,CoinDesk
2025-10-20 20:00:00+00:00,0.4329886780996939,1,Reuters
2025-10-20 21:00:00+00:00,-0.03467549237976869,7,Reuters
2025-10-20 22:00:00+00:00,-0.4000617598828323,1,Decrypt
2025-10-20 23:00:00+00:00,-0.3388154051939255,5,Bloomberg Crypto
2025-10-21 00:00:00+00:00,0.2468273771215314,0,CoinDesk
2025-10-21 01:00:00+00:00,0.32006945943968146,7,CoinTelegraph
2025-10-21 02:00:00+00:00,-0.08817954118831053,3,Reuters
2025-10-21 03:00:00+00:00,0.45099910311564967,1,Reuters
2025-10-21 04:00:00+00:00,-0.3548840275723318,4,Bloomberg Crypto
2025-10-21 05:00:00+00:00,0.20267211873304172,5,CoinDesk
2025-10-21 06:00:00+00:00,-0.19890774955548918,2,CoinTelegraph
2025-10-21 07:00:00+00:00,-0.004051011421789097,1,Reuters
2025-10-21 08:00:00+00:00,0.23982071692215312,2,Reuters
2025-10-21 09:00:00+00:00,-0.07877807459480454,6,CoinTelegraph
2025-10-21 10:00:00+00:00,0.0869034657204931,1,CoinDesk
2025-10-21 11:00:00+00:00,0.5728275901142499,4,CoinDesk
2025-10-21 12:00:00+00:00,0.017836067150971663,4,CoinDesk
2025-10-21 13:00:00+00:00,0.511359505448746,2,Reuters
2025-10-21 14:00:00+00:00,-0.17741514169959663,1,Decrypt
2025-10-21 15:00:00+00:00,0.4025246737591227,0,Reuters
2025-10-21 16:00:00+00:00,0.7207491620964235,2,Bloomberg Crypto
2025-10-21 17:00:00+00:00,-0.6497725009417626,4,Bloomberg Crypto
2025-10-21 18:00:00+00:00,-0.06451132360177853,4,Reuters
2025-10-21 19:00:00+00:00,0.4154722311977215,3,Reuters
2025-10-21 20:00:00+00:00,0.14152211836429046,5,CoinTelegraph
2025-10-21 21:00:00+00:00,0.34157613871211145,5,CoinDesk
2025-10-21 22:00:00+00:00,-0.0006365730997900387,2,CoinTelegraph
2025-10-21 23:00:00+00:00,0.24014392373100918,2,Bloomberg Crypto
2025-10-22 00:00:00+00:00,0.15442583529183385,4,Bloomberg Crypto
2025-10-22 01:00:00+00:00,0.6167080896470258,1,Decrypt
2025-10-22 02:00:00+00:00,0.29609931162831626,4,CoinDesk
2025-10-22 03:00:00+00:00,0.3242767618934209,5,CoinDesk
2025-10-22 04:00:00+00:00,0.061018888344519656,3,Bloomberg Crypto
2025-10-22 05:00:00+00:00,0.0335698444177322,3,CoinTelegraph
2025-10-22 06:00:00+00:00,0.05188907097713935,4,Reuters
2025-10-22 07:00:00+00:00,0.3403913354822876,1,CoinDesk
2025-10-22 08:00:00+00:00,0.05403341898316749,3,Reuters
2025-10-22 09:00:00+00:00,0.30184035917780466,4,Bloomberg Crypto
2025-10-22 10:00:00+00:00,0.9258468989151895,3,Decrypt
2025-10-22 11:00:00+00:00,0.5033840316737759,1,Bloomberg Crypto
2025-10-22 12:00:00+00:00,0.08341223915067036,4,Reuters
2025-10-22 13:00:00+00:00,0.6169717799201062,2,Bloomberg Crypto
2025-10-22 14:00:00+00:00,0.05274331820607081,4,CoinDesk
2025-10-22 15:00:00+00:00,-0.5187547190017543,1,Reuters
2025-10-22 16:00:00+00:00,-0.1592257748522263,4,Reuters
2025-10-22 17:00:00+00:00,-0.46216075838808035,2,Decrypt
2025-10-22 18:00:00+00:00,0.06859510720100019,4,CoinDesk
2025-10-22 19:00:00+00:00,0.1970761229833964,2,CoinTelegraph
2025-10-22 20:00:00+00:00,0.7763840826525535,7,Decrypt
2025-10-22 21:00:00+00:00,0.3030534251962073,3,CoinDesk
2025-10-22 22:00:00+00:00,0.1109379868124715,2,CoinTelegraph
2025-10-22 23:00:00+00:00,0.4769059779464815,2,Reuters
2025-10-23 00:00:00+00:00,-0.5882959371740086,3,Decrypt
2025-10-23 01:00:00+00:00,0.26705047532699644,2,Reuters
2025-10-23 02:00:00+00:00,0.45336873824105567,0,Reuters
2025-10-23 03:00:00+00:00,-0.3349621249884066,0,Reuters
2025-10-23 04:00:00+00:00,0.5818307360170799,4,CoinDesk
2025-10-23 05:00:00+00:00,0.29896096159052177,3,CoinTelegraph
2025-10-23 06:00:00+00:00,0.03410350445649449,2,CoinDesk
2025-10-23 07:00:00+00:00,0.3998916592254288,0,Reuters
2025-10-23 08:00:00+00:00,0.972120933690612,3,Decrypt
2025-10-23 09:00:00+00:00,0.23998876495821525,9,Reuters
2025-10-23 10:00:00+00:00,0.2621666572936282,3,CoinTelegraph
2025-10-23 11:00:00+00:00,0.013463767197054916,5,CoinDesk
2025-10-23 12:00:00+00:00,-0.1242580443471589,7,CoinTelegraph
2025-10-23 13:00:00+00:00,0.46274921616178344,4,CoinDesk
2025-10-23 14:00:00+00:00,-0.12855665126056734,4,CoinTelegraph
2025-10-23 15:00:00+00:00,0.19505870991412275,1,CoinTelegraph
2025-10-23 16:00:00+00:00,0.0017651109146847865,2,CoinDesk
2025-10-23 17:00:00+00:00,0.33551971773429023,3,CoinDesk
2025-10-23 18:00:00+00:00,0.28358696784754533,4,CoinDesk
2025-10-23 19:00:00+00:00,0.5288695744405506,2,Bloomberg Crypto
2025-10-23 20:00:00+00:00,-0.013852852113745623,2,CoinTelegraph
2025-10-23 21:00:00+00:00,0.06911590420951545,0,Bloomberg Crypto
2025-10-23 22:00:00+00:00,-0.18007895432701318,2,Bloomberg Crypto
2025-10-23 23:00:00+00:00,0.0058989104348509125,2,Reuters
2025-10-24 00:00:00+00:00,0.292366940049992,2,Bloomberg Crypto
2025-10-24 01:00:00+00:00,0.42416503027445324,4,Bloomberg Crypto
2025-10-24 02:00:00+00:00,-0.16463455086945722,2,CoinDesk
2025-10-24 03:00:00+00:00,0.4613867542466462,4,CoinDesk
2025-10-24 04:00:00+00:00,0.6303963942283876,3,Decrypt
2025-10-24 05:00:00+00:00,0.29952093343305114,1,CoinTelegraph
2025-10-24 06:00:00+00:00,0.8105899580338501,3,Bloomberg Crypto
2025-10-24 07:00:00+00:00,-0.11822493653061908,6,Bloomberg Crypto
2025-10-24 08:00:00+00:00,-0.2841408297425398,4,CoinTelegraph
2025-10-24 09:00:00+00:00,-0.4721795430827647,2,CoinDesk
2025-10-24 10:00:00+00:00,0.6728694956933683,6,CoinDesk
2025-10-24 11:00:00+00:00,0.37716064477191347,3,CoinTelegraph
2025-10-24 12:00:00+00:00,0.1275539651100585,2,CoinTelegraph
2025-10-24 13:00:00+00:00,0.2438708313445442,5,CoinDesk
2025-10-24 14:00:00+00:00,-0.24916884402606618,4,CoinTelegraph
2025-10-24 15:00:00+00:00,0.9996333449006257,2,CoinDesk
2025-10-24 16:00:00+00:00,0.18771273531144478,4,CoinTelegraph
2025-10-24 17:00:00+00:00,0.17963603041387174,2,CoinDesk
2025-10-24 18:00:00+00:00,0.3942260835119429,1,Decrypt
2025-10-24 19:00:00+00:00,0.3074183123787049,3,CoinDesk
2025-10-24 20:00:00+00:00,0.2162792303333273,2,CoinDesk
2025-10-24 21:00:00+00:00,-0.1398940513533214,3,Bloomberg Crypto
2025-10-24 22:00:00+00:00,0.3006355861772898,5,CoinDesk
2025-10-24 23:00:00+00:00,0.793177376288385,3,CoinTelegraph
2025-10-25 00:00:00+00:00,0.6042104695856263,2,Reuters
2025-10-25 01:00:00+00:00,0.6897709546289374,0,CoinTelegraph
2025-10-25 02:00:00+00:00,-0.047930117164095565,2,Bloomberg Crypto
2025-10-25 03:00:00+00:00,-0.21652900932537383,2,CoinTelegraph
2025-10-25 04:00:00+00:00,0.08464215933886825,5,Decrypt
2025-10-25 05:00:00+00:00,0.14700382129190936,1,Reuters
2025-10-25 06:00:00+00:00,0.5092972927036589,1,Reuters
2025-10-25 07:00:00+00:00,-0.46720453961649155,2,Bloomberg Crypto
2025-10-25 08:00:00+00:00,0.6593261941460861,2,Reuters
2025-10-25 09:00:00+00:00,0.06750402314204024,3,CoinDesk
2025-10-25 10:00:00+00:00,-0.02778065597359773,1,Bloomberg Crypto
2025-10-25 11:00:00+00:00,-0.23379013457926665,2,Decrypt
2025-10-25 12:00:00+00:00,-0.45993699086825235,1,Reuters
2025-10-25 13:00:00+00:00,0.4061867873836102,0,Reuters
2025-10-25 14:00:00+00:00,0.14255042337517776,4,Bloomberg Crypto
2025-10-25 15:00:00+00:00,-0.3357872930362866,2,Reuters
2025-10-25 16:00:00+00:00,-0.3387708041422678,3,Reuters
2025-10-25 17:00:00+00:00,-0.004212255190355271,4,Decrypt
2025-10-25 18:00:00+00:00,0.6962734482884283,4,Decrypt
2025-10-25 19:00:00+00:00,0.02006038988994037,6,Bloomberg Crypto
2025-10-25 20:00:00+00:00,-0.4163832765421563,3,Reuters
2025-10-25 21:00:00+00:00,0.02250404678884979,4,CoinTelegraph
2025-10-25 22:00:00+00:00,0.011856222238253056,1,Bloomberg Crypto
2025-10-25 23:00:00+00:00,-0.8378074883766384,4,Decrypt
2025-10-26 00:00:00+00:00,0.0858910332941343,5,CoinTelegraph
2025-10-26 01:00:00+00:00,0.022856608228182765,0,Reuters
2025-10-26 02:00:00+00:00,0.3461434584350531,1,Bloomberg Crypto
2025-10-26 03:00:00+00:00,0.7483915031091047,5,Bloomberg Crypto
2025-10-26 04:00:00+00:00,0.49433839401717117,5,Decrypt
2025-10-26 05:00:00+00:00,0.004711502973168427,5,CoinDesk
2025-10-26 06:00:00+00:00,-0.2896814426459904,3,CoinDesk
2025-10-26 07:00:00+00:00,0.9970568296451604,3,CoinDesk
2025-10-26 08:00:00+00:00,0.11588383848180277,5,Bloomberg Crypto
2025-10-26 09:00:00+00:00,0.09880736445027924,4,Decrypt
2025-10-26 10:00:00+00:00,0.0842613178239831,2,Decrypt
2025-10-26 11:00:00+00:00,0.160806033665636,1,CoinDesk
2025-10-26 12:00:00+00:00,0.03971979811732053,3,CoinTelegraph
2025-10-26 13:00:00+00:00,-0.1117678566260356,3,CoinDesk
2025-10-26 14:00:00+00:00,-0.10362052874413265,5,Bloomberg Crypto
2025-10-26 15:00:00+00:00,0.07508108528858336,5,CoinTelegraph
2025-10-26 16:00:00+00:00,-0.10489091371251652,4,Decrypt
2025-10-26 17:00:00+00:00,-0.16542682137724263,2,Reuters
2025-10-26 18:00:00+00:00,0.12007967162140462,1,CoinTelegraph
2025-10-26 19:00:00+00:00,-0.007654578837067549,4,Decrypt
2025-10-26 20:00:00+00:00,0.6067418375525933,2,CoinTelegraph
2025-10-26 21:00:00+00:00,-0.8487397851191518,2,CoinDesk
2025-10-26 22:00:00+00:00,0.45988093729380164,3,CoinTelegraph
2025-10-26 23:00:00+00:00,0.5127358059090263,1,CoinTelegraph
2025-10-27 00:00:00+00:00,-0.6503295621774063,3,CoinTelegraph
2025-10-27 01:00:00+00:00,-0.04583400378384128,3,Bloomberg Crypto
2025-10-27 02:00:00+00:00,-0.05714938646974618,10,Bloomberg Crypto
2025-10-27 03:00:00+00:00,-0.4210272633494523,2,CoinDesk
2025-10-27 04:00:00+00:00,-0.20188842378568334,2,Reuters
2025-10-27 05:00:00+00:00,-0.3196098448438563,3,Bloomberg Crypto
2025-10-27 06:00:00+00:00,0.6811293608507544,9,Reuters
2025-10-27 07:00:00+00:00,0.3940638915028611,3,Bloomberg Crypto
2025-10-27 08:00:00+00:00,0.5103612523669152,2,Decrypt
2025-10-27 09:00:00+00:00,0.3166414970470711,2,Decrypt
2025-10-27 10:00:00+00:00,-0.3323737261371156,2,CoinTelegraph
2025-10-27 11:00:00+00:00,-0.12205074323733489,2,Reuters
2025-10-27 12:00:00+00:00,0.23154826296896203,2,CoinTelegraph
2025-10-27 13:00:00+00:00,-0.3687428661741079,4,CoinTelegraph
2025-10-27 14:00:00+00:00,0.3072849251515849,1,Bloomberg Crypto
2025-10-27 15:00:00+00:00,-0.027645876402373856,0,Bloomberg Crypto
2025-10-27 16:00:00+00:00,-0.07598777714505506,2,CoinTelegraph
2025-10-27 17:00:00+00:00,0.3027659645888907,7,Bloomberg Crypto
2025-10-27 18:00:00+00:00,0.20815160614654243,2,Decrypt
2025-10-27 19:00:00+00:00,-0.07495021478223468,2,Decrypt
2025-10-27 20:00:00+00:00,0.45588091882812265,3,Reuters
2025-10-27 21:00:00+00:00,-0.3295300607784089,3,Decrypt
2025-10-27 22:00:00+00:00,0.26314527796143283,2,CoinTelegraph
2025-10-27 23:00:00+00:00,0.2538780864882187,4,CoinDesk
2025-10-28 00:00:00+00:00,-0.0633246342565007,5,Bloomberg Crypto
2025-10-28 01:00:00+00:00,0.1578863168607038,4,CoinTelegraph
2025-10-28 02:00:00+00:00,-0.395427663169743,2,Bloomberg Crypto
2025-10-28 03:00:00+00:00,0.36459308835639487,5,Reuters
2025-10-28 04:00:00+00:00,-0.024811335794787275,2,CoinTelegraph
2025-10-28 05:00:00+00:00,-0.14432860394588956,2,CoinTelegraph
2025-10-28 06:00:00+00:00,0.404497008208948,4,CoinTelegraph
2025-10-28 07:00:00+00:00,-0.21045787822015982,4,Reuters
2025-10-28 08:00:00+00:00,-0.4581810738485956,2,CoinTelegraph
2025-10-28 09:00:00+00:00,-0.5113225085968579,6,Bloomberg Crypto
2025-10-28 10:00:00+00:00,0.2443178869702229,3,CoinDesk
2025-10-28 11:00:00+00:00,-0.4172197641394685,7,CoinTelegraph
2025-10-28 12:00:00+00:00,0.6438240053143891,1,Reuters
2025-10-28 13:00:00+00:00,-0.7003142678141427,1,Reuters
2025-10-28 14:00:00+00:00,0.6208352119108257,2,CoinTelegraph
2025-10-28 15:00:00+00:00,0.09964555314215041,0,Reuters
2025-10-28 16:00:00+00:00,-0.009346670555510486,4,Decrypt
2025-10-28 17:00:00+00:00,-0.16750573661309337,5,Reuters
2025-10-28 18:00:00+00:00,0.16162617899264822,2,CoinDesk
2025-10-28 19:00:00+00:00,0.007468582191999093,1,Decrypt
2025-10-28 20:00:00+00:00,0.4055081935405775,2,Bloomberg Crypto
2025-10-28 21:00:00+00:00,0.05804366024145191,9,Decrypt
2025-10-28 22:00:00+00:00,0.06938071354183815,3,CoinDesk
2025-10-28 23:00:00+00:00,-0.11177837410787332,2,Decrypt
2025-10-29 00:00:00+00:00,-0.005734551805643931,6,CoinTelegraph
2025-10-29 01:00:00+00:00,0.12063728901357988,5,Reuters
2025-10-29 02:00:00+00:00,-0.5869422531621665,1,CoinTelegraph
2025-10-29 03:00:00+00:00,-0.46153841425017567,1,CoinTelegraph
2025-10-29 04:00:00+00:00,0.2691785243620229,4,CoinTelegraph
2025-10-29 05:00:00+00:00,0.06754843541291958,0,Decrypt
2025-10-29 06:00:00+00:00,-0.05793933849257093,1,Bloomberg Crypto
2025-10-29 07:00:00+00:00,0.011615883419638153,1,Reuters
2025-10-29 08:00:00+00:00,0.12552668569908762,2,Decrypt
2025-10-29 09:00:00+00:00,-0.1863337890416699,6,CoinTelegraph
2025-10-29 10:00:00+00:00,-0.27111559240193606,2,CoinDesk
2025-10-29 11:00:00+00:00,0.06854583928418859,8,CoinDesk
2025-10-29 12:00:00+00:00,-0.3437215336541343,2,CoinTelegraph
2025-10-29 13:00:00+00:00,0.14030636543345873,1,Bloomberg Crypto
2025-10-29 14:00:00+00:00,-0.5997773503057466,3,Reuters
2025-10-29 15:00:00+00:00,0.3550404662172249,2,Decrypt
2025-10-29 16:00:00+00:00,0.1589542896136985,2,Bloomberg Crypto
2025-10-29 17:00:00+00:00,0.08186487494171676,1,CoinDesk
2025-10-29 18:00:00+00:00,0.3349057529268574,4,CoinTelegraph
2025-10-29 19:00:00+00:00,0.5725895720750781,3,Decrypt
2025-10-29 20:00:00+00:00,0.3434128384886934,1,Bloomberg Crypto
2025-10-29 21:00:00+00:00,-0.657212650867435,2,Bloomberg Crypto
2025-10-29 22:00:00+00:00,-0.46204835485422496,2,Bloomberg Crypto
2025-10-29 23:00:00+00:00,-0.2341724023604636,2,Decrypt
2025-10-30 00:00:00+00:00,-0.007643229456388966,4,Reuters
2025-10-30 01:00:00+00:00,0.16311667395445523,8,Decrypt
2025-10-30 02:00:00+00:00,-0.2733628694385077,5,CoinTelegraph
2025-10-30 03:00:00+00:00,0.04472763952628159,2,Decrypt
2025-10-30 04:00:00+00:00,-0.2863125652930861,4,Bloomberg Crypto
2025-10-30 05:00:00+00:00,-0.2372471748172207,2,Reuters
2025-10-30 06:00:00+00:00,-0.5168343024960044,3,Reuters
2025-10-30 07:00:00+00:00,-0.3489210757600504,3,CoinTelegraph
2025-10-30 08:00:00+00:00,-0.5001650949750289,6,CoinTelegraph
2025-10-30 09:00:00+00:00,-0.3699166634872261,7,CoinDesk
2025-10-30 10:00:00+00:00,0.3391285871928825,3,CoinDesk
2025-10-30 11:00:00+00:00,-0.36322012032541046,3,CoinDesk
2025-10-30 12:00:00+00:00,0.8891193186938379,2,Decrypt
2025-10-30 13:00:00+00:00,0.139163563171803,2,Reuters
2025-10-30 14:00:00+00:00,0.029912263414555752,1,CoinTelegraph
2025-10-30 15:00:00+00:00,-0.33648763653323044,4,CoinDesk
2025-10-30 16:00:00+00:00,0.20776467862711034,3,CoinTelegraph
2025-10-30 17:00:00+00:00,-0.24009769241899503,1,CoinDesk
2025-10-30 18:00:00+00:00,0.0027990231656178158,4,Decrypt
2025-10-30 19:00:00+00:00,0.8548459567600988,1,Decrypt
2025-10-30 20:00:00+00:00,-0.07608305346874024,5,Bloomberg Crypto
2025-10-30 21:00:00+00:00,0.3585059051240242,4,CoinTelegraph
2025-10-30 22:00:00+00:00,-0.29112836829745625,3,Bloomberg Crypto
2025-10-30 23:00:00+00:00,-0.05853861787322079,5,Decrypt
2025-10-31 00:00:00+00:00,0.5722124069414882,0,Decrypt
2025-10-31 01:00:00+00:00,-0.2682805741072735,1,CoinTelegraph
2025-10-31 02:00:00+00:00,0.5842415076482893,1,Bloomberg Crypto
2025-10-31 03:00:00+00:00,0.19632523415497316,4,Bloomberg Crypto
2025-10-31 04:00:00+00:00,-0.249522818689422,2,Bloomberg Crypto
2025-10-31 05:00:00+00:00,0.16741273295176382,6,CoinTelegraph
2025-10-31 06:00:00+00:00,0.28519455187205145,1,CoinTelegraph
2025-10-31 07:00:00+00:00,0.16116547382304552,4,CoinTelegraph
2025-10-31 08:00:00+00:00,-0.6073141265529085,4,Reuters
2025-10-31 09:00:00+00:00,-0.31349987847677674,1,Decrypt
2025-10-31 10:00:00+00:00,-0.14689868898221714,2,Reuters
2025-10-31 11:00:00+00:00,-0.08758305014560186,3,Reuters
2025-10-31 12:00:00+00:00,0.15444084035382288,8,Decrypt
2025-10-31 13:00:00+00:00,-0.0018609243052999241,0,CoinDesk
2025-10-31 14:00:00+00:00,-0.5326874946674949,1,CoinDesk
2025-10-31 15:00:00+00:00,0.06649279395083761,3,CoinDesk
2025-10-31 16:00:00+00:00,0.14587030519685168,1,CoinTelegraph
2025-10-31 17:00:00+00:00,0.12683495570668035,4,CoinTelegraph
2025-10-31 18:00:00+00:00,0.3079258370729948,4,Bloomberg Crypto
2025-10-31 19:00:00+00:00,0.2202709242903315,0,Bloomberg Crypto
2025-10-31 20:00:00+00:00,0.08785811110117221,1,Reuters
2025-10-31 21:00:00+00:00,-0.09866465315480705,6,Bloomberg Crypto
2025-10-31 22:00:00+00:00,-0.6566933458960427,5,CoinTelegraph
2025-10-31 23:00:00+00:00,0.07376038816154898,2,Reuters
2025-11-01 00:00:00+00:00,-0.00516284861385094,3,Bloomberg Crypto
2025-11-01 01:00:00+00:00,0.015952945199978655,7,Bloomberg Crypto
2025-11-01 02:00:00+00:00,-0.5272062930857605,1,CoinDesk
2025-11-01 03:00:00+00:00,-0.4599572364031234,4,CoinTelegraph
2025-11-01 04:00:00+00:00,0.28577440673727567,3,Reuters
2025-11-01 05:00:00+00:00,-0.09791350640959395,2,Decrypt
2025-11-01 06:00:00+00:00,0.15321748789611753,2,Bloomberg Crypto
2025-11-01 07:00:00+00:00,-0.07663329821852118,3,CoinTelegraph
2025-11-01 08:00:00+00:00,-0.07736545186649357,6,Reuters
2025-11-01 09:00:00+00:00,0.23938548630955214,4,CoinTelegraph
2025-11-01 10:00:00+00:00,-0.27086159716678104,1,CoinTelegraph
2025-11-01 11:00:00+00:00,-0.05783409546754241,3,Reuters
2025-11-01 12:00:00+00:00,-0.254501449359249,3,CoinDesk
2025-11-01 13:00:00+00:00,-0.2460057918820583,1,CoinDesk
2025-11-01 14:00:00+00:00,-0.20336762979075546,2,Bloomberg Crypto
2025-11-01 15:00:00+00:00,-0.018634078435909696,1,CoinDesk
2025-11-01 16:00:00+00:00,-0.26516464299581105,2,Bloomberg Crypto
2025-11-01 17:00:00+00:00,0.3406920992833733,4,Bloomberg Crypto
2025-11-01 18:00:00+00:00,-0.41315318945228224,0,Reuters
2025-11-01 19:00:00+00:00,-0.1666619453347096,2,CoinTelegraph
2025-11-01 20:00:00+00:00,-0.2563771011463178,0,Decrypt
2025-11-01 21:00:00+00:00,0.40275856572258667,5,Decrypt
2025-11-01 22:00:00+00:00,-0.03610006479631739,1,CoinDesk
2025-11-01 23:00:00+00:00,0.25504275216111083,1,Reuters
2025-11-02 00:00:00+00:00,-0.6272556022128777,1,Decrypt
2025-11-02 01:00:00+00:00,-0.015046526164689503,5,CoinTelegraph
2025-11-02 02:00:00+00:00,0.20165402141902228,2,Bloomberg Crypto
2025-11-02 03:00:00+00:00,-0.0821179666208034,2,Bloomberg Crypto
2025-11-02 04:00:00+00:00,0.26080221683573235,2,Reuters
2025-11-02 05:00:00+00:00,-0.2943633470963196,1,CoinDesk
2025-11-02 06:00:00+00:00,0.3787648379849553,2,CoinTelegraph
2025-11-02 07:00:00+00:00,0.6889153213936555,1,CoinDesk
2025-11-02 08:00:00+00:00,-0.243882631013117,8,CoinDesk
2025-11-02 09:00:00+00:00,-0.27400296548721004,10,Reuters
2025-11-02 10:00:00+00:00,0.3894217227064286,3,Bloomberg Crypto
2025-11-02 11:00:00+00:00,0.4324038542439575,3,CoinDesk
2025-11-02 12:00:00+00:00,-0.304628728011643,5,CoinDesk
2025-11-02 13:00:00+00:00,-0.26987217362823634,0,CoinTelegraph
2025-11-02 14:00:00+00:00,-0.22260819543604865,2,Bloomberg Crypto
2025-11-02 15:00:00+00:00,-0.5957157596456919,3,CoinDesk
2025-11-02 16:00:00+00:00,-0.4478584425082961,1,Decrypt
2025-11-02 17:00:00+00:00,-0.47894937035408974,0,Decrypt
2025-11-02 18:00:00+00:00,-0.3973967291601899,1,Bloomberg Crypto
2025-11-02 19:00:00+00:00,-0.1419723883505027,2,Bloomberg Crypto
2025-11-02 20:00:00+00:00,-0.04902021319903678,0,Reuters
2025-11-02 21:00:00+00:00,0.4105195371797786,6,CoinDesk
2025-11-02 22:00:00+00:00,-0.4827373676899608,5,Decrypt
2025-11-02 23:00:00+00:00,0.21004403694468118,3,Decrypt
2025-11-03 00:00:00+00:00,-0.21051775665861927,3,Bloomberg Crypto
2025-11-03 01:00:00+00:00,-0.15408430643088908,1,Bloomberg Crypto
2025-11-03 02:00:00+00:00,0.09826700042268013,2,CoinTelegraph
2025-11-03 03:00:00+00:00,-0.5320177888176596,6,CoinTelegraph
2025-11-03 04:00:00+00:00,-0.006364353982982934,2,Bloomberg Crypto
2025-11-03 05:00:00+00:00,-0.08308957942758945,5,CoinTelegraph
2025-11-03 06:00:00+00:00,0.029872620782737225,5,Bloomberg Crypto
2025-11-03 07:00:00+00:00,-0.042411126667000046,2,Bloomberg Crypto
2025-11-03 08:00:00+00:00,0.7146027264404475,5,Reuters
2025-11-03 09:00:00+00:00,-0.3690908066205675,5,CoinTelegraph
2025-11-03 10:00:00+00:00,-0.3328575341793538,4,CoinDesk
2025-11-03 11:00:00+00:00,-0.36623184929666064,4,CoinDesk
2025-11-03 12:00:00+00:00,-0.34367097837824323,1,Reuters
2025-11-03 13:00:00+00:00,-0.37345803859101373,0,CoinDesk
2025-11-03 14:00:00+00:00,0.264667469471187,1,CoinDesk
2025-11-03 15:00:00+00:00,0.3445752036408179,1,Reuters
2025-11-03 16:00:00+00:00,-0.35347262645084365,4,Decrypt
2025-11-03 17:00:00+00:00,-0.44614316789123576,1,Reuters
2025-11-03 18:00:00+00:00,0.00907230108858681,4,Reuters
2025-11-03 19:00:00+00:00,-0.3503027477080049,3,CoinTelegraph
2025-11-03 20:00:00+00:00,0.06340282362171726,1,CoinDesk
2025-11-03 21:00:00+00:00,-0.08819595715062505,7,CoinDesk
2025-11-03 22:00:00+00:00,-0.6908222077333247,2,Decrypt
2025-11-03 23:00:00+00:00,0.38022526900403175,7,Reuters
2025-11-04 00:00:00+00:00,0.4660688393866382,3,Bloomberg Crypto
2025-11-04 01:00:00+00:00,-0.37804817323173034,4,Decrypt
2025-11-04 02:00:00+00:00,-0.3003484334630101,3,Decrypt
2025-11-04 03:00:00+00:00,-0.06567770719656901,3,CoinDesk
2025-11-04 04:00:00+00:00,-0.04974535450165454,2,CoinDesk
2025-11-04 05:00:00+00:00,0.06261371671243776,3,CoinDesk
2025-11-04 06:00:00+00:00,0.5346263712857469,3,CoinDesk
2025-11-04 07:00:00+00:00,-0.23194205651025251,4,Decrypt
2025-11-04 08:00:00+00:00,-0.45047672339599476,2,Reuters
2025-11-04 09:00:00+00:00,-0.6548934101763818,1,CoinDesk
2025-11-04 10:00:00+00:00,-0.42901299894518985,3,CoinTelegraph
2025-11-04 11:00:00+00:00,-0.18583452254196917,5,Decrypt
2025-11-04 12:00:00+00:00,0.4528058001427152,5,Bloomberg Crypto
2025-11-04 13:00:00+00:00,-0.35749953035040183,1,Bloomberg Crypto
2025-11-04 14:00:00+00:00,-0.09905265038545892,1,Reuters
2025-11-04 15:00:00+00:00,-0.18416601971369215,5,Decrypt
2025-11-04 16:00:00+00:00,0.23648337138505462,2,Decrypt
2025-11-04 17:00:00+00:00,0.7039391300882909,9,Decrypt
2025-11-04 18:00:00+00:00,-0.3673208914167668,1,CoinTelegraph
2025-11-04 19:00:00+00:00,-0.3538468659159154,5,CoinTelegraph
2025-11-04 20:00:00+00:00,0.18189038659355794,7,CoinDesk
2025-11-04 21:00:00+00:00,0.05407664138021076,4,Bloomberg Crypto
2025-11-04 22:00:00+00:00,0.46074614302886086,4,CoinTelegraph
2025-11-04 23:00:00+00:00,0.017760840331827232,2,Bloomberg Crypto
2025-11-05 00:00:00+00:00,-0.31337540367104466,5,Decrypt
2025-11-05 01:00:00+00:00,0.018100346363558006,4,CoinTelegraph
2025-11-05 02:00:00+00:00,0.19841522984781323,7,Bloomberg Crypto
2025-11-05 03:00:00+00:00,0.09653907315202417,3,CoinTelegraph
2025-11-05 04:00:00+00:00,-0.014078915727903846,5,Decrypt
2025-11-05 05:00:00+00:00,0.18071972738523487,5,Decrypt
2025-11-05 06:00:00+00:00,0.2156490226871204,2,Decrypt
2025-11-05 07:00:00+00:00,0.28916677855264017,4,CoinDesk
2025-11-05 08:00:00+00:00,0.031478761892761276,2,Bloomberg Crypto
2025-11-05 09:00:00+00:00,-0.25503823527362457,4,CoinDesk
2025-11-05 10:00:00+00:00,-0.1461706851577516,0,Reuters
2025-11-05 11:00:00+00:00,0.2237877528052415,3,Reuters
2025-11-05 12:00:00+00:00,-0.48538410423481837,5,CoinTelegraph
2025-11-05 13:00:00+00:00,-0.07138350115854458,3,CoinTelegraph
2025-11-05 14:00:00+00:00,-0.33904657158483564,2,CoinTelegraph
2025-11-05 15:00:00+00:00,-0.1922723976226974,2,CoinDesk
2025-11-05 16:00:00+00:00,0.24417371519854789,5,Decrypt
2025-11-05 17:00:00+00:00,-0.13734734903613863,1,CoinTelegraph
2025-11-05 18:00:00+00:00,-0.188923034632731,1,CoinTelegraph
2025-11-05 19:00:00+00:00,-0.6820654795100718,3,Reuters
2025-11-05 20:00:00+00:00,0.05413673163663574,4,Decrypt
2025-11-05 21:00:00+00:00,0.017935095333283246,1,CoinDesk
2025-11-05 22:00:00+00:00,0.5482262854778495,7,Decrypt
2025-11-05 23:00:00+00:00,-0.31755988034904437,1,Reuters
2025-11-06 00:00:00+00:00,-0.13405562756836836,2,CoinDesk
2025-11-06 01:00:00+00:00,-0.12439079373338888,2,Bloomberg Crypto
2025-11-06 02:00:00+00:00,0.33952064443787816,5,CoinTelegraph
2025-11-06 03:00:00+00:00,-0.24685042301996554,3,CoinDesk
2025-11-06 04:00:00+00:00,-0.11674448179326945,2,Reuters
2025-11-06 05:00:00+00:00,-0.0025392957019998164,4,Decrypt
2025-11-06 06:00:00+00:00,-0.15088695176143294,2,CoinDesk
2025-11-06 07:00:00+00:00,-0.3733449765814585,2,Reuters
2025-11-06 08:00:00+00:00,-0.1500507599161619,5,CoinDesk
2025-11-06 09:00:00+00:00,0.156903846224974,2,CoinTelegraph
2025-11-06 10:00:00+00:00,-0.5790285762779446,4,Decrypt
2025-11-06 11:00:00+00:00,-0.17408572093778896,0,Decrypt
2025-11-06 12:00:00+00:00,-0.4665401914296425,8,CoinDesk
2025-11-06 13:00:00+00:00,0.1958997168691162,1,Reuters
2025-11-06 14:00:00+00:00,-0.7563465986357293,5,CoinTelegraph
2025-11-06 15:00:00+00:00,-0.41971427285402246,2,CoinTelegraph
2025-11-06 16:00:00+00:00,-0.09292376408878819,5,CoinDesk
2025-11-06 17:00:00+00:00,0.32213336197241677,1,Bloomberg Crypto
2025-11-06 18:00:00+00:00,-0.24966058559734972,4,CoinDesk
2025-11-06 19:00:00+00:00,-0.4218115768861881,3,CoinTelegraph
2025-11-06 20:00:00+00:00,0.43007369670597423,3,Decrypt
2025-11-06 21:00:00+00:00,-0.735971448982848,2,CoinDesk
2025-11-06 22:00:00+00:00,-0.9995797306070762,2,CoinDesk
2025-11-06 23:00:00+00:00,-0.07681939054651488,2,Decrypt
2025-11-07 00:00:00+00:00,-0.40736595387316316,5,CoinDesk
2025-11-07 01:00:00+00:00,-0.5898966984058618,4,Reuters
2025-11-07 02:00:00+00:00,0.014645612462685642,2,Decrypt
2025-11-07 03:00:00+00:00,-0.14875850550131298,4,Decrypt
2025-11-07 04:00:00+00:00,-0.43232155186097365,6,Decrypt
2025-11-07 05:00:00+00:00,-0.6838014960584271,6,CoinTelegraph
2025-11-07 06:00:00+00:00,0.06886854814889298,2,CoinDesk
2025-11-07 07:00:00+00:00,-0.00971328474150182,1,Bloomberg Crypto
2025-11-07 08:00:00+00:00,-0.27278303500842815,2,CoinDesk
2025-11-07 09:00:00+00:00,0.40746808948189844,2,CoinDesk
2025-11-07 10:00:00+00:00,-0.6141634800800628,4,CoinTelegraph
2025-11-07 11:00:00+00:00,-0.7743421362760614,2,Reuters
2025-11-07 12:00:00+00:00,-0.4833462130082818,3,Reuters
2025-11-07 13:00:00+00:00,-0.2578990896207076,3,CoinTelegraph
2025-11-07 14:00:00+00:00,-0.15753629104954203,4,CoinTelegraph
2025-11-07 15:00:00+00:00,-0.3278943379519237,2,CoinTelegraph
2025-11-07 16:00:00+00:00,-0.12099443927246138,2,CoinDesk
2025-11-07 17:00:00+00:00,-0.6830002139004301,2,CoinTelegraph
2025-11-07 18:00:00+00:00,0.25961314542521696,1,Bloomberg Crypto
2025-11-07 19:00:00+00:00,-0.2751958784281232,4,Decrypt
2025-11-07 20:00:00+00:00,0.14387663932857842,1,Reuters
2025-11-07 21:00:00+00:00,-0.12795238838497636,4,Bloomberg Crypto
2025-11-07 22:00:00+00:00,-0.08876739944852668,7,Reuters
2025-11-07 23:00:00+00:00,-0.04993263982847093,4,CoinDesk
2025-11-08 00:00:00+00:00,-0.09336873554551062,2,CoinDesk
2025-11-08 01:00:00+00:00,-0.025824677871950585,2,CoinTelegraph
2025-11-08 02:00:00+00:00,0.21371947398101865,6,Reuters
2025-11-08 03:00:00+00:00,-0.18340311229482886,1,CoinDesk
2025-11-08 04:00:00+00:00,-0.00473114605045552,2,CoinDesk
2025-11-08 05:00:00+00:00,-0.2849822102064482,3,Reuters
2025-11-08 06:00:00+00:00,0.2497787485394662,2,CoinDesk
2025-11-08 07:00:00+00:00,-0.4916824331790026,6,CoinTelegraph
2025-11-08 08:00:00+00:00,0.3747058951883928,3,CoinDesk
2025-11-08 09:00:00+00:00,-0.2703519336504683,3,Bloomberg Crypto
2025-11-08 10:00:00+00:00,-0.7577365845116178,4,Bloomberg Crypto
2025-11-08 11:00:00+00:00,-0.21279264226396458,0,CoinTelegraph
2025-11-08 12:00:00+00:00,-0.49665638488290653,3,Bloomberg Crypto
2025-11-08 13:00:00+00:00,0.03528260373108005,4,CoinDesk
2025-11-08 14:00:00+00:00,-0.4880105690647985,8,Bloomberg Crypto
2025-11-08 15:00:00+00:00,-0.41640110804405184,3,Bloomberg Crypto
2025-11-08 16:00:00+00:00,-0.9222160726349191,1,CoinDesk
2025-11-08 17:00:00+00:00,-0.4198191073499733,4,Reuters
2025-11-08 18:00:00+00:00,-1.0,1,CoinTelegraph
2025-11-08 19:00:00+00:00,-0.817133499763276,3,Reuters
2025-11-08 20:00:00+00:00,0.002757104240237729,1,Reuters
2025-11-08 21:00:00+00:00,0.011026394335730716,6,Bloomberg Crypto
2025-11-08 22:00:00+00:00,-0.11570426086201843,3,Decrypt
2025-11-08 23:00:00+00:00,-0.6036619030782335,3,Reuters
2025-11-09 00:00:00+00:00,-0.2825201611099343,5,CoinDesk
2025-11-09 01:00:00+00:00,-0.26767808547054683,6,CoinDesk
2025-11-09 02:00:00+00:00,-0.6724359141477929,1,CoinDesk
2025-11-09 03:00:00+00:00,0.25859500168063826,3,Decrypt
2025-11-09 04:00:00+00:00,0.03890122274570801,2,Decrypt
2025-11-09 05:00:00+00:00,-0.34608924806085506,3,CoinTelegraph
2025-11-09 06:00:00+00:00,-0.2599129744121843,3,Decrypt
2025-11-09 07:00:00+00:00,-0.19695527811402957,3,CoinTelegraph
2025-11-09 08:00:00+00:00,-0.9850577091880668,1,CoinDesk
2025-11-09 09:00:00+00:00,-0.35751882457961415,1,Decrypt
2025-11-09 10:00:00+00:00,-0.5102524437666486,1,Bloomberg Crypto
2025-11-09 11:00:00+00:00,-0.6226711473040111,4,Bloomberg Crypto
2025-11-09 12:00:00+00:00,-0.3710303937119351,1,Bloomberg Crypto
2025-11-09 13:00:00+00:00,0.356008895369068,2,Decrypt
2025-11-09 14:00:00+00:00,-0.049417425947764715,1,Decrypt
2025-11-09 15:00:00+00:00,-0.47415104287957893,3,Decrypt
2025-11-09 16:00:00+00:00,-0.07435531300553055,1,Bloomberg Crypto
2025-11-09 17:00:00+00:00,0.2144993149872827,2,CoinDesk
2025-11-09 18:00:00+00:00,0.047835998103885946,2,Reuters
2025-11-09 19:00:00+00:00,-0.2554207568429294,4,CoinDesk
2025-11-09 20:00:00+00:00,-0.503219736849097,3,Decrypt
2025-11-09 21:00:00+00:00,-0.03290905689317142,1,Reuters
2025-11-09 22:00:00+00:00,-0.14005754826054248,4,Reuters
2025-11-09 23:00:00+00:00,0.03505512193594734,2,CoinDesk
2025-11-10 00:00:00+00:00,-0.056432292832262865,3,Bloomberg Crypto
2025-11-10 01:00:00+00:00,0.08812627105037352,4,CoinTelegraph
2025-11-10 02:00:00+00:00,-0.46701908799855274,2,Bloomberg Crypto
2025-11-10 03:00:00+00:00,0.18093675432513645,3,Bloomberg Crypto
2025-11-10 04:00:00+00:00,-0.2114505231516045,4,Reuters
2025-11-10 05:00:00+00:00,0.44527690153021354,2,Decrypt
2025-11-10 06:00:00+00:00,-0.522728953853608,2,Decrypt
2025-11-10 07:00:00+00:00,0.3256305137252687,3,Reuters
2025-11-10 08:00:00+00:00,-0.21312642104192736,8,Bloomberg Crypto
2025-11-10 09:00:00+00:00,-0.5108246442821831,5,CoinDesk
2025-11-10 10:00:00+00:00,-0.4526162945692723,2,CoinTelegraph
2025-11-10 11:00:00+00:00,-0.3958004740961547,3,Bloomberg Crypto
2025-11-10 12:00:00+00:00,-0.1356382446821518,2,Bloomberg Crypto
2025-11-10 13:00:00+00:00,-0.1015160531912265,0,CoinTelegraph
2025-11-10 14:00:00+00:00,-0.4857103542159321,3,CoinDesk
2025-11-10 15:00:00+00:00,-0.29384106217989003,2,CoinTelegraph
2025-11-10 16:00:00+00:00,0.464081352795033,4,Reuters
2025-11-10 17:00:00+00:00,0.3185358105461153,1,CoinTelegraph
2025-11-10 18:00:00+00:00,-0.13377674207066528,3,CoinTelegraph
2025-11-10 19:00:00+00:00,-0.27356923061870153,3,Bloomberg Crypto
2025-11-10 20:00:00+00:00,-0.24523459215512022,2,Bloomberg Crypto
2025-11-10 21:00:00+00:00,-0.0728840546405431,2,Decrypt
2025-11-10 22:00:00+00:00,-0.6459572047173652,4,CoinTelegraph
2025-11-10 23:00:00+00:00,-0.378420723259861,3,Reuters
2025-11-11 00:00:00+00:00,-0.8726971490934008,4,Decrypt
2025-11-11 01:00:00+00:00,-0.14931307165739682,2,CoinTelegraph
2025-11-11 02:00:00+00:00,-0.06286567381141367,2,Bloomberg Crypto
2025-11-11 03:00:00+00:00,-0.4588372431012373,2,Reuters
2025-11-11 04:00:00+00:00,0.2608410230699282,6,CoinDesk
2025-11-11 05:00:00+00:00,-0.7193993169580386,0,Decrypt
2025-11-11 06:00:00+00:00,-0.8032341557907587,2,Bloomberg Crypto
2025-11-11 07:00:00+00:00,-0.21246104005946187,4,CoinDesk
2025-11-11 08:00:00+00:00,0.075154390349369,1,CoinTelegraph
2025-11-11 09:00:00+00:00,0.2977392330215357,3,Reuters
2025-11-11 10:00:00+00:00,-0.45254499317410757,4,Bloomberg Crypto
2025-11-11 11:00:00+00:00,0.0853081551492273,2,Bloomberg Crypto
2025-11-11 12:00:00+00:00,-0.3059973240024059,2,Reuters
2025-11-11 13:00:00+00:00,-0.3532227201689973,3,Bloomberg Crypto
2025-11-11 14:00:00+00:00,0.01619943028718085,5,Bloomberg Crypto
2025-11-11 15:00:00+00:00,-0.06504149500700013,4,CoinTelegraph
2025-11-11 16:00:00+00:00,-0.8453592789345616,2,Decrypt
2025-11-11 17:00:00+00:00,0.22290501491041648,1,CoinDesk
2025-11-11 18:00:00+00:00,0.1888912258431184,4,Reuters
2025-11-11 19:00:00+00:00,-0.5133388866098181,7,CoinDesk
2025-11-11 20:00:00+00:00,-0.15610644505730698,8,Reuters
2025-11-11 21:00:00+00:00,-0.12196740039503606,4,Reuters
2025-11-11 22:00:00+00:00,-0.20387697009371536,4,Bloomberg Crypto
2025-11-11 23:00:00+00:00,-0.48794894887152473,2,CoinTelegraph
2025-11-12 00:00:00+00:00,-0.5306342108051363,3,Reuters
2025-11-12 01:00:00+00:00,-0.3047283698361549,3,CoinDesk
2025-11-12 02:00:00+00:00,0.11445777687328051,2,Decrypt
2025-11-12 03:00:00+00:00,-0.10594477861014462,5,CoinDesk
2025-11-12 04:00:00+00:00,-0.42612181592924625,4,CoinTelegraph
2025-11-12 05:00:00+00:00,-0.02650872834278145,2,Decrypt
2025-11-12 06:00:00+00:00,-1.0,5,Bloomberg Crypto
2025-11-12 07:00:00+00:00,0.10508824660403027,2,CoinDesk
2025-11-12 08:00:00+00:00,-0.9060595582120017,3,CoinDesk
2025-11-12 09:00:00+00:00,-0.4241885486891326,4,Reuters
2025-11-12 10:00:00+00:00,-0.6893876590889373,1,Reuters
2025-11-12 11:00:00+00:00,-0.7508051793276966,6,Decrypt
2025-11-12 12:00:00+00:00,0.10846475884515977,3,Bloomberg Crypto
2025-11-12 13:00:00+00:00,-0.46167247523938626,1,Reuters
2025-11-12 14:00:00+00:00,-0.17684761552510286,1,CoinDesk
2025-11-12 15:00:00+00:00,-0.3146875746759,2,Decrypt
2025-11-12 16:00:00+00:00,-0.1314369564453638,2,Reuters
2025-11-12 17:00:00+00:00,-0.27164393145911986,2,Reuters
2025-11-12 18:00:00+00:00,-0.7477036901903419,6,CoinTelegraph
2025-11-12 19:00:00+00:00,0.04991768796234525,0,Decrypt
2025-11-12 20:00:00+00:00,-0.4717042565868417,4,Decrypt
2025-11-12 21:00:00+00:00,-0.8438013350571638,4,Bloomberg Crypto
2025-11-12 22:00:00+00:00,-0.44894065731557387,5,Reuters
2025-11-12 23:00:00+00:00,0.22606843478956212,4,Decrypt
2025-11-13 00:00:00+00:00,-0.0017114818522532271,3,Bloomberg Crypto
2025-11-13 01:00:00+00:00,-0.42140339530236837,3,Reuters
2025-11-13 02:00:00+00:00,-0.42169585685300764,4,CoinDesk
2025-11-13 03:00:00+00:00,-0.41210289427275315,3,CoinTelegraph
2025-11-13 04:00:00+00:00,0.42726174935975153,5,Bloomberg Crypto
2025-11-13 05:00:00+00:00,-0.1659865063944664,2,CoinTelegraph
2025-11-13 06:00:00+00:00,-0.14920765801379463,5,CoinDesk
2025-11-13 07:00:00+00:00,0.06082420553923967,1,Decrypt
2025-11-13 08:00:00+00:00,-0.21624601456263168,1,Reuters
2025-11-13 09:00:00+00:00,-0.39052863524345327,3,Decrypt
2025-11-13 10:00:00+00:00,-0.36862244173289577,3,CoinTelegraph
2025-11-13 11:00:00+00:00,-0.3249909913888896,3,Decrypt
2025-11-13 12:00:00+00:00,-0.31298333454117944,3,Decrypt
2025-11-13 13:00:00+00:00,-0.04530465732347844,1,Bloomberg Crypto
2025-11-13 14:00:00+00:00,-0.2818078277023248,4,Bloomberg Crypto
2025-11-13 15:00:00+00:00,-0.043573194895404344,7,CoinDesk
2025-11-13 16:00:00+00:00,-0.3282508030380038,2,Bloomberg Crypto
2025-11-13 17:00:00+00:00,-0.27247490531022533,1,Bloomberg Crypto
2025-11-13 18:00:00+00:00,-0.9993591273211173,4,Bloomberg Crypto
2025-11-13 19:00:00+00:00,0.020739688549447133,5,Bloomberg Crypto
2025-11-13 20:00:00+00:00,-0.17868458519843744,1,CoinDesk
2025-11-13 21:00:00+00:00,0.04937298785691102,3,Bloomberg Crypto
2025-11-13 22:00:00+00:00,-1.0,4,Bloomberg Crypto
2025-11-13 23:00:00+00:00,0.43106726246704735,1,CoinTelegraph
2025-11-14 00:00:00+00:00,-0.3486785900762222,7,Bloomberg Crypto
2025-11-14 01:00:00+00:00,0.08808898248622571,2,CoinDesk
2025-11-14 02:00:00+00:00,-0.6636893090246048,4,CoinDesk
2025-11-14 03:00:00+00:00,-0.08519304790361068,1,Decrypt
2025-11-14 04:00:00+00:00,-0.6682954919973224,2,Bloomberg Crypto
2025-11-14 05:00:00+00:00,-0.517849762590201,4,Reuters
2025-11-14 06:00:00+00:00,0.3704553135118175,4,Decrypt
2025-11-14 07:00:00+00:00,-0.36611398852678895,3,CoinDesk
2025-11-14 08:00:00+00:00,-0.22318758597907268,5,Decrypt
2025-11-14 09:00:00+00:00,0.005326213808617308,1,Reuters
2025-11-14 10:00:00+00:00,-0.12561169018709292,5,CoinTelegraph
2025-11-14 11:00:00+00:00,-0.2463510537259993,3,Reuters
2025-11-14 12:00:00+00:00,-0.17115310161720346,1,Decrypt
2025-11-14 13:00:00+00:00,0.5424197559892425,8,Bloomberg Crypto
2025-11-14 14:00:00+00:00,-0.31882299068609743,2,CoinTelegraph
2025-11-14 15:00:00+00:00,-0.2281469269799706,1,Reuters
2025-11-14 16:00:00+00:00,0.06932779262920785,4,Bloomberg Crypto
2025-11-14 17:00:00+00:00,0.08866870446710873,2,Reuters
2025-11-14 18:00:00+00:00,0.11733663281527956,5,CoinDesk
2025-11-14 19:00:00+00:00,-0.0744214770700097,2,Bloomberg Crypto
2025-11-14 20:00:00+00:00,-0.6978763361929913,2,CoinDesk
2025-11-14 21:00:00+00:00,0.2740343734800038,0,CoinTelegraph
2025-11-14 22:00:00+00:00,-0.6987240835263278,4,CoinTelegraph
2025-11-14 23:00:00+00:00,-0.19141180636437483,1,CoinTelegraph
2025-11-15 00:00:00+00:00,-0.5611562831464421,3,CoinTelegraph
2025-11-15 01:00:00+00:00,-0.3194281698337533,4,CoinDesk
2025-11-15 02:00:00+00:00,-0.18172741758489178,6,CoinDesk
2025-11-15 03:00:00+00:00,-0.18412825166210656,4,Decrypt
2025-11-15 04:00:00+00:00,-0.14873453571675962,6,Decrypt
2025-11-15 05:00:00+00:00,0.26859411145233053,4,CoinDesk
2025-11-15 06:00:00+00:00,-0.1372603743376042,5,CoinTelegraph
2025-11-15 07:00:00+00:00,-0.38123926734087615,2,Decrypt
2025-11-15 08:00:00+00:00,0.041864476874106826,4,Bloomberg Crypto
2025-11-15 09:00:00+00:00,0.12097252609799652,4,CoinDesk
2025-11-15 10:00:00+00:00,-0.7247755234300303,1,Bloomberg Crypto
2025-11-15 11:00:00+00:00,-0.0857879411465444,2,CoinTelegraph
2025-11-15 12:00:00+00:00,-0.04922722195158577,4,CoinDesk
2025-11-15 13:00:00+00:00,-0.39853916725748006,2,Decrypt
2025-11-15 14:00:00+00:00,0.18735663655057716,5,Decrypt
2025-11-15 15:00:00+00:00,-0.3464035629550314,1,Bloomberg Crypto
2025-11-15 16:00:00+00:00,-0.2496702652750348,6,CoinDesk
2025-11-15 17:00:00+00:00,-0.35392964095105145,4,CoinTelegraph
2025-11-15 18:00:00+00:00,-0.2876288811796409,0,Reuters
2025-11-15 19:00:00+00:00,-0.6764994456030311,5,Reuters
2025-11-15 20:00:00+00:00,-0.7965371685851614,4,CoinTelegraph
2025-11-15 21:00:00+00:00,0.265846635577014,5,Decrypt
2025-11-15 22:00:00+00:00,-0.5883719730813932,1,Reuters
2025-11-15 23:00:00+00:00,-0.6386227812984259,1,CoinTelegraph
2025-11-16 00:00:00+00:00,-1.0,2,Bloomberg Crypto
2025-11-16 01:00:00+00:00,-0.5146557882467779,0,Decrypt
2025-11-16 02:00:00+00:00,-0.7537843754099463,2,CoinTelegraph
2025-11-16 03:00:00+00:00,0.28432397114050995,3,Bloomberg Crypto
2025-11-16 04:00:00+00:00,0.06338163718833867,1,CoinDesk
2025-11-16 05:00:00+00:00,-0.5305746021086598,4,Reuters
2025-11-16 06:00:00+00:00,0.49896827916313496,3,Reuters
2025-11-16 07:00:00+00:00,0.0545767558778133,3,Reuters
2025-11-16 08:00:00+00:00,-0.40238370746426244,5,CoinTelegraph
2025-11-16 09:00:00+00:00,-1.0,3,CoinDesk
2025-11-16 10:00:00+00:00,0.5138500935088363,6,CoinTelegraph
2025-11-16 11:00:00+00:00,-0.7739657084634475,1,CoinTelegraph
2025-11-16 12:00:00+00:00,-0.863135117941424,0,CoinDesk
2025-11-16 13:00:00+00:00,0.07102920322580236,3,Bloomberg Crypto
2025-11-16 14:00:00+00:00,0.5674233157621689,4,Decrypt
2025-11-16 15:00:00+00:00,0.1983911874895476,0,Reuters
2025-11-16 16:00:00+00:00,-0.08834508070079339,1,CoinDesk
2025-11-16 17:00:00+00:00,-0.077152935305696,1,Bloomberg Crypto
2025-11-16 18:00:00+00:00,0.013780092735678096,1,CoinDesk
2025-11-16 19:00:00+00:00,-0.01888346757828374,4,Decrypt
2025-11-16 20:00:00+00:00,-0.1856793275335411,1,CoinDesk
2025-11-16 21:00:00+00:00,-0.24720852984498623,5,CoinDesk
2025-11-16 22:00:00+00:00,-0.3051638474150927,3,Bloomberg Crypto
2025-11-16 23:00:00+00:00,-0.546715949120463,3,Reuters
2025-11-17 00:00:00+00:00,-0.38063147215722504,4,Reuters
2025-11-17 01:00:00+00:00,-0.8744917023509535,2,Bloomberg Crypto
2025-11-17 02:00:00+00:00,-0.31593208690042174,3,Bloomberg Crypto
2025-11-17 03:00:00+00:00,-0.6270712913914507,2,CoinTelegraph
2025-11-17 04:00:00+00:00,-0.6668666458194643,3,CoinTelegraph
2025-11-17 05:00:00+00:00,-0.21718821574316022,3,Decrypt
2025-11-17 06:00:00+00:00,0.2075140362682557,1,CoinTelegraph
2025-11-17 07:00:00+00:00,0.04219363278941568,6,CoinTelegraph
2025-11-17 08:00:00+00:00,-0.8284176346890642,1,CoinDesk
2025-11-17 09:00:00+00:00,-0.6246323528733772,3,CoinDesk
2025-11-17 10:00:00+00:00,0.05149248263772055,2,Bloomberg Crypto
2025-11-17 11:00:00+00:00,-0.6211578043963364,1,Reuters
2025-11-17 12:00:00+00:00,-0.3554134671511049,3,Decrypt
2025-11-17 13:00:00+00:00,-0.08377315165639726,8,CoinTelegraph
2025-11-17 14:00:00+00:00,-0.6147063501178555,1,CoinDesk
2025-11-17 15:00:00+00:00,-0.2383936606667322,3,Reuters
2025-11-17 16:00:00+00:00,-0.7416682097015577,3,CoinTelegraph
2025-11-17 17:00:00+00:00,-0.48471707183852497,4,Reuters
2025-11-17 18:00:00+00:00,-0.16178875044133034,0,CoinDesk
2025-11-17 19:00:00+00:00,-0.830729195764349,1,Bloomberg Crypto
2025-11-17 20:00:00+00:00,-0.11847913291571124,4,CoinTelegraph
2025-11-17 21:00:00+00:00,-0.2789773734651293,5,CoinTelegraph
2025-11-17 22:00:00+00:00,-0.07818647292141759,4,Decrypt
2025-11-17 23:00:00+00:00,-0.19263679377477388,0,CoinTelegraph
2025-11-18 00:00:00+00:00,0.20699864525128014,1,CoinDesk
2025-11-18 01:00:00+00:00,-0.22606068496890558,0,Reuters
2025-11-18 02:00:00+00:00,-0.4196149574541087,2,Reuters
2025-11-18 03:00:00+00:00,-0.22594766115917334,3,Bloomberg Crypto
2025-11-18 04:00:00+00:00,-0.07802126879304139,2,Bloomberg Crypto
2025-11-18 05:00:00+00:00,-0.25049337932386806,4,CoinDesk
2025-11-18 06:00:00+00:00,-0.25280118100904425,2,Reuters
2025-11-18 07:00:00+00:00,-0.5121142875212125,1,Bloomberg Crypto
2025-11-18 08:00:00+00:00,-0.4978365076030732,2,Bloomberg Crypto
2025-11-18 09:00:00+00:00,-0.7561320981129018,1,Decrypt
2025-11-18 10:00:00+00:00,0.3477374526286726,2,Decrypt
2025-11-18 11:00:00+00:00,-0.6993557935790105,4,CoinDesk
2025-11-18 12:00:00+00:00,-0.5059048446388341,4,CoinDesk
2025-11-18 13:00:00+00:00,-0.5142100544924921,5,CoinDesk
2025-11-18 14:00:00+00:00,0.05108140084723006,3,CoinDesk
2025-11-18 15:00:00+00:00,-0.3647442830150063,1,Reuters
2025-11-18 16:00:00+00:00,0.1758329086318235,2,CoinTelegraph
2025-11-18 17:00:00+00:00,-0.49595862490423315,1,CoinDesk
2025-11-18 18:00:00+00:00,-0.16194421953063123,2,Decrypt
2025-11-18 19:00:00+00:00,-0.5513141070558886,4,CoinTelegraph
2025-11-18 20:00:00+00:00,0.4925138899539875,2,CoinTelegraph
2025-11-18 21:00:00+00:00,-0.6732886341430705,4,Reuters
2025-11-18 22:00:00+00:00,-0.14852805019084148,2,Bloomberg Crypto
2025-11-18 23:00:00+00:00,-0.034474742598713665,4,CoinTelegraph
2025-11-19 00:00:00+00:00,-0.11079357222236846,4,Reuters
2025-11-19 01:00:00+00:00,-0.3197958080654563,3,Reuters
2025-11-19 02:00:00+00:00,-0.2996995217745486,2,Reuters
2025-11-19 03:00:00+00:00,-0.23824070201323072,6,CoinDesk
2025-11-19 04:00:00+00:00,-0.3043331617764059,5,Bloomberg Crypto
2025-11-19 05:00:00+00:00,0.0851721691878749,4,CoinDesk
2025-11-19 06:00:00+00:00,0.5221991389916406,5,Decrypt
2025-11-19 07:00:00+00:00,-0.4458997685783329,4,Bloomberg Crypto
2025-11-19 08:00:00+00:00,-0.7294977744042482,0,CoinDesk
2025-11-19 09:00:00+00:00,-0.2802499048326817,1,Bloomberg Crypto
2025-11-19 10:00:00+00:00,0.6542672420266602,3,Decrypt
2025-11-19 11:00:00+00:00,-0.5291923584065786,2,CoinDesk
2025-11-19 12:00:00+00:00,0.3265139801781573,3,Bloomberg Crypto
2025-11-19 13:00:00+00:00,0.34075231893602986,7,Decrypt
2025-11-19 14:00:00+00:00,-0.4394603505982222,5,Reuters
2025-11-19 15:00:00+00:00,-0.04581733771892857,4,Bloomberg Crypto
2025-11-19 16:00:00+00:00,0.32572499004252276,5,Decrypt
2025-11-19 17:00:00+00:00,-0.3761564270478289,2,Reuters
2025-11-19 18:00:00+00:00,-0.3139582243483109,4,Decrypt
2025-11-19 19:00:00+00:00,-0.44553230377830877,8,CoinTelegraph
2025-11-19 20:00:00+00:00,-0.5963432442923499,2,Decrypt
2025-11-19 21:00:00+00:00,-0.46765546722550555,1,CoinDesk
2025-11-19 22:00:00+00:00,-0.6680129052326993,1,CoinDesk
2025-11-19 23:00:00+00:00,-0.2269256452440557,1,CoinDesk
2025-11-20 00:00:00+00:00,-0.5075621135561688,1,CoinDesk
2025-11-20 01:00:00+00:00,-0.15545862790027154,1,CoinTelegraph
2025-11-20 02:00:00+00:00,-0.7810549929204272,5,CoinTelegraph
2025-11-20 03:00:00+00:00,-0.11988687524855442,1,CoinTelegraph
2025-11-20 04:00:00+00:00,0.05684110546000465,2,Reuters
2025-11-20 05:00:00+00:00,-0.9318962302212421,3,Bloomberg Crypto
2025-11-20 06:00:00+00:00,-0.10235934464543797,6,CoinDesk
2025-11-20 07:00:00+00:00,0.19721893495554002,5,Bloomberg Crypto
2025-11-20 08:00:00+00:00,-0.6550213318916712,3,CoinDesk
2025-11-20 09:00:00+00:00,0.3545758873280147,1,CoinDesk
2025-11-20 10:00:00+00:00,-0.08334099251193203,4,CoinDesk
2025-11-20 11:00:00+00:00,-0.475920733352606,2,CoinTelegraph
2025-11-20 12:00:00+00:00,-0.24785045477842962,6,Reuters
2025-11-20 13:00:00+00:00,-0.03207732316096609,3,CoinDesk
2025-11-20 14:00:00+00:00,-0.20004610722746013,4,CoinDesk
2025-11-20 15:00:00+00:00,-0.037235450903373324,5,CoinDesk
2025-11-20 16:00:00+00:00,-0.5471836779391488,2,Decrypt
2025-11-20 17:00:00+00:00,-0.1648153378963394,3,CoinDesk
2025-11-20 18:00:00+00:00,-0.7180312558781514,4,CoinTelegraph
2025-11-20 19:00:00+00:00,-0.261295724726624,7,CoinTelegraph
2025-11-20 20:00:00+00:00,-0.5378655807136083,3,Bloomberg Crypto
2025-11-20 21:00:00+00:00,-0.47806058679561403,2,CoinTelegraph
2025-11-20 22:00:00+00:00,0.2128843898395793,5,Bloomberg Crypto
2025-11-20 23:00:00+00:00,0.16309127598204776,3,Reuters
2025-11-21 00:00:00+00:00,-0.004783915113057868,6,Decrypt
2025-11-21 01:00:00+00:00,-0.5994026791241766,4,CoinTelegraph
2025-11-21 02:00:00+00:00,-0.3269431022593392,1,CoinDesk
2025-11-21 03:00:00+00:00,0.20928112088992554,5,Reuters
2025-11-21 04:00:00+00:00,-0.16480109603892168,0,CoinDesk
2025-11-21 05:00:00+00:00,0.5982683523090604,5,Bloomberg Crypto
2025-11-21 06:00:00+00:00,-0.07492675969130788,7,Bloomberg Crypto
2025-11-21 07:00:00+00:00,-0.14445789226064243,5,Decrypt
2025-11-21 08:00:00+00:00,-0.3189490047216227,3,Reuters
2025-11-21 09:00:00+00:00,-0.16309818144169552,5,Bloomberg Crypto
2025-11-21 10:00:00+00:00,-0.2622773104122521,2,CoinDesk
2025-11-21 11:00:00+00:00,0.03985366877491331,3,CoinTelegraph
2025-11-21 12:00:00+00:00,0.12779379440521269,2,CoinTelegraph
2025-11-21 13:00:00+00:00,-0.48121214134488255,4,Reuters
2025-11-21 14:00:00+00:00,-0.6711073602326056,5,Reuters
2025-11-21 15:00:00+00:00,-0.8469039034292588,2,Bloomberg Crypto
2025-11-21 16:00:00+00:00,-0.025487472294616426,3,CoinTelegraph
2025-11-21 17:00:00+00:00,-0.5885113978107395,2,Decrypt
2025-11-21 18:00:00+00:00,-0.9548896948036285,1,Decrypt
2025-11-21 19:00:00+00:00,-0.06441664767822275,3,Decrypt
2025-11-21 20:00:00+00:00,0.6730932117121906,5,Decrypt
2025-11-21 21:00:00+00:00,-0.20061520451164636,5,Bloomberg Crypto
2025-11-21 22:00:00+00:00,0.09595129564865976,5,CoinDesk
2025-11-21 23:00:00+00:00,-0.16790663167107786,3,Decrypt
2025-11-22 00:00:00+00:00,-0.23018107738051374,4,Bloomberg Crypto
2025-11-22 01:00:00+00:00,0.1270879007352244,2,Decrypt
2025-11-22 02:00:00+00:00,-0.2952005244348932,0,Decrypt
2025-11-22 03:00:00+00:00,-0.09902910404580322,3,CoinDesk
2025-11-22 04:00:00+00:00,-0.07903059444685359,2,Decrypt
2025-11-22 05:00:00+00:00,-0.4244613490421203,5,Bloomberg Crypto
2025-11-22 06:00:00+00:00,0.1575837989815783,3,Bloomberg Crypto
2025-11-22 07:00:00+00:00,-0.24986475922214346,2,CoinTelegraph
2025-11-22 08:00:00+00:00,-0.4521339777180696,2,Reuters
2025-11-22 09:00:00+00:00,0.0011644207173808208,1,Decrypt
2025-11-22 10:00:00+00:00,-0.5000652146056142,3,Decrypt
2025-11-22 11:00:00+00:00,-0.17472197490980362,7,Bloomberg Crypto
2025-11-22 12:00:00+00:00,-0.18675756920608858,0,Decrypt
2025-11-22 13:00:00+00:00,0.1975203870065144,6,Bloomberg Crypto
2025-11-22 14:00:00+00:00,-0.01537243938667135,4,CoinTelegraph
2025-11-22 15:00:00+00:00,-0.18924665452827727,0,Decrypt
2025-11-22 16:00:00+00:00,0.10676393039832538,5,CoinTelegraph
2025-11-22 17:00:00+00:00,0.30815463606783045,0,CoinTelegraph
2025-11-22 18:00:00+00:00,0.01785517376407808,2,Reuters
2025-11-22 19:00:00+00:00,-0.1727121587425588,1,Bloomberg Crypto
2025-11-22 20:00:00+00:00,-0.6344321334110664,3,CoinTelegraph
2025-11-22 21:00:00+00:00,-0.5470298641125207,4,Bloomberg Crypto
2025-11-22 22:00:00+00:00,-0.28001613148965204,2,Reuters
2025-11-22 23:00:00+00:00,-0.3854609511270467,3,Bloomberg Crypto
2025-11-23 00:00:00+00:00,-0.23651264385244244,1,Reuters
2025-11-23 01:00:00+00:00,-0.1501830531733478,3,Decrypt
2025-11-23 02:00:00+00:00,0.0164472467423801,1,Reuters
2025-11-23 03:00:00+00:00,-0.19255135104373503,3,Reuters
2025-11-23 04:00:00+00:00,0.003470344342057202,4,Reuters
2025-11-23 05:00:00+00:00,-0.143164548766744,0,CoinDesk
2025-11-23 06:00:00+00:00,-0.8560661857092708,2,CoinTelegraph
2025-11-23 07:00:00+00:00,-0.49233951939875953,2,Bloomberg Crypto
2025-11-23 08:00:00+00:00,-0.21291899069935985,2,Bloomberg Crypto
2025-11-23 09:00:00+00:00,-0.5847947114558776,2,CoinDesk
2025-11-23 10:00:00+00:00,0.04966328801437778,7,Decrypt
2025-11-23 11:00:00+00:00,0.3765437768717139,3,CoinTelegraph
2025-11-23 12:00:00+00:00,0.268443335501349,6,CoinTelegraph
2025-11-23 13:00:00+00:00,-0.2317296870352381,3,CoinTelegraph
2025-11-23 14:00:00+00:00,0.36583100425082826,4,CoinTelegraph
2025-11-23 15:00:00+00:00,-0.10278510728401684,3,CoinDesk
2025-11-23 16:00:00+00:00,-0.2716915135298409,3,Bloomberg Crypto
2025-11-23 17:00:00+00:00,-0.3672922153949604,5,Decrypt
2025-11-23 18:00:00+00:00,-0.2573527066873012,1,Decrypt
2025-11-23 19:00:00+00:00,-0.28623443052316294,4,Decrypt
2025-11-23 20:00:00+00:00,-0.08960830884073373,3,CoinDesk
2025-11-23 21:00:00+00:00,-0.09193177168054062,0,CoinDesk
2025-11-23 22:00:00+00:00,-0.14594249287502278,3,Reuters
2025-11-23 23:00:00+00:00,0.007046547278615284,3,CoinDesk
2025-11-24 00:00:00+00:00,0.27197387364685377,3,CoinTelegraph
2025-11-24 01:00:00+00:00,0.18872379536972655,1,Bloomberg Crypto
2025-11-24 02:00:00+00:00,-0.6621996105775815,2,Decrypt
2025-11-24 03:00:00+00:00,-1.0,3,CoinDesk
2025-11-24 04:00:00+00:00,0.18680420378634507,2,Bloomberg Crypto
2025-11-24 05:00:00+00:00,-0.6174726257162527,3,CoinTelegraph
2025-11-24 06:00:00+00:00,-0.21658771249807063,1,CoinDesk
2025-11-24 07:00:00+00:00,-0.5463115671733136,6,CoinDesk
2025-11-24 08:00:00+00:00,-0.7663148143326983,0,Bloomberg Crypto
2025-11-24 09:00:00+00:00,0.05504315234955237,2,CoinTelegraph
2025-11-24 10:00:00+00:00,0.1323908526745421,1,CoinDesk
2025-11-24 11:00:00+00:00,-0.33393427555950034,1,Bloomberg Crypto
2025-11-24 12:00:00+00:00,-1.0,4,CoinTelegraph
2025-11-24 13:00:00+00:00,-0.32101823465349844,2,CoinDesk
2025-11-24 14:00:00+00:00,0.008463820517146031,2,CoinDesk
2025-11-24 15:00:00+00:00,-0.6451191510618114,2,Decrypt
2025-11-24 16:00:00+00:00,-0.06215428931612263,6,Reuters
2025-11-24 17:00:00+00:00,-0.13051652799424354,1,CoinTelegraph
2025-11-24 18:00:00+00:00,0.0787684425255096,6,Bloomberg Crypto
2025-11-24 19:00:00+00:00,-0.08095365869973292,3,Decrypt
2025-11-24 20:00:00+00:00,-0.4622018478165437,2,CoinDesk
2025-11-24 21:00:00+00:00,0.29835362882077987,5,Bloomberg Crypto
2025-11-24 22:00:00+00:00,-0.1747481948442065,6,Decrypt
2025-11-24 23:00:00+00:00,-0.12763367182541643,1,Decrypt
2025-11-25 00:00:00+00:00,-0.44353292053485505,2,Reuters
2025-11-25 01:00:00+00:00,-0.2708478097901108,7,Decrypt
2025-11-25 02:00:00+00:00,-0.4241877159894131,8,CoinTelegraph
2025-11-25 03:00:00+00:00,-0.17384351053438768,3,Reuters
2025-11-25 04:00:00+00:00,0.4869820536126793,4,Reuters
2025-11-25 05:00:00+00:00,-0.5910827628931768,5,CoinDesk
2025-11-25 06:00:00+00:00,-0.6744632463060404,2,CoinDesk
2025-11-25 07:00:00+00:00,0.40639549540383263,0,CoinTelegraph
2025-11-25 08:00:00+00:00,-0.1805727586530909,4,Bloomberg Crypto
2025-11-25 09:00:00+00:00,-0.3402782951838824,1,CoinTelegraph
2025-11-25 10:00:00+00:00,0.259072404013258,4,Reuters
2025-11-25 11:00:00+00:00,-0.31564913270912265,5,CoinDesk
2025-11-25 12:00:00+00:00,0.5366321689910707,3,CoinTelegraph
2025-11-25 13:00:00+00:00,0.1360171850905101,2,CoinDesk
2025-11-25 14:00:00+00:00,-0.2708096265264521,2,CoinTelegraph
2025-11-25 15:00:00+00:00,0.656235329975567,1,CoinTelegraph
2025-11-25 16:00:00+00:00,-0.3096028484647626,6,Decrypt
2025-11-25 17:00:00+00:00,0.1633524816955479,4,CoinTelegraph
2025-11-25 18:00:00+00:00,0.009595016565540126,2,CoinDesk
2025-11-25 19:00:00+00:00,0.36167733900883103,3,CoinTelegraph
2025-11-25 20:00:00+00:00,0.45382382054191406,4,Bloomberg Crypto
2025-11-25 21:00:00+00:00,-0.0802749152238685,5,Decrypt
2025-11-25 22:00:00+00:00,-0.3539421969118646,1,CoinTelegraph
2025-11-25 23:00:00+00:00,0.07197640424664349,0,Bloomberg Crypto
2025-11-26 00:00:00+00:00,-0.3249804801032419,5,CoinDesk
2025-11-26 01:00:00+00:00,0.618140806770135,1,Bloomberg Crypto
2025-11-26 02:00:00+00:00,-0.03752039030534325,4,Decrypt
2025-11-26 03:00:00+00:00,-0.21193174551900296,4,CoinDesk
2025-11-26 04:00:00+00:00,-0.01819098487652282,5,CoinTelegraph
2025-11-26 05:00:00+00:00,-0.5530816485956256,2,CoinTelegraph
2025-11-26 06:00:00+00:00,-0.4204092050273805,3,Bloomberg Crypto
2025-11-26 07:00:00+00:00,0.3410452199621465,3,CoinTelegraph
2025-11-26 08:00:00+00:00,-0.3077665367609287,4,CoinDesk
2025-11-26 09:00:00+00:00,-0.443024832473535,4,CoinDesk
2025-11-26 10:00:00+00:00,0.11247144421910425,2,CoinTelegraph
2025-11-26 11:00:00+00:00,0.3408897999877681,1,Bloomberg Crypto
2025-11-26 12:00:00+00:00,0.17877874210399247,3,CoinTelegraph
2025-11-26 13:00:00+00:00,0.27701486023025046,6,Reuters
2025-11-26 14:00:00+00:00,-0.33522569787043444,4,CoinTelegraph
2025-11-26 15:00:00+00:00,-0.5667254344288293,2,Decrypt
2025-11-26 16:00:00+00:00,0.45763207253193383,5,CoinTelegraph
2025-11-26 17:00:00+00:00,-0.17951439749599726,0,Reuters
2025-11-26 18:00:00+00:00,-0.15310852487822627,3,Decrypt
2025-11-26 19:00:00+00:00,0.4008116750152313,5,Bloomberg Crypto
2025-11-26 20:00:00+00:00,0.13188610950131618,6,Decrypt
2025-11-26 21:00:00+00:00,0.09802937026797662,2,CoinDesk
2025-11-26 22:00:00+00:00,0.6974836541761887,4,Reuters
2025-11-26 23:00:00+00:00,-0.284233247571123,5,CoinDesk
2025-11-27 00:00:00+00:00,0.2670085702371839,1,CoinDesk
2025-11-27 01:00:00+00:00,-0.03651341923899386,4,Decrypt
2025-11-27 02:00:00+00:00,0.03880779210483568,4,Decrypt
2025-11-27 03:00:00+00:00,0.4810339735267172,7,CoinDesk
2025-11-27 04:00:00+00:00,0.1250830675749396,3,Bloomberg Crypto
2025-11-27 05:00:00+00:00,0.13701568441292816,4,CoinTelegraph
2025-11-27 06:00:00+00:00,0.3252620804077949,3,CoinTelegraph
2025-11-27 07:00:00+00:00,-0.17657555922156504,3,Reuters
2025-11-27 08:00:00+00:00,-0.3412911990995927,1,Decrypt
2025-11-27 09:00:00+00:00,-0.41197586410664633,0,CoinTelegraph
2025-11-27 10:00:00+00:00,-0.7332414257849966,10,Bloomberg Crypto
2025-11-27 11:00:00+00:00,0.67593273640315,5,Reuters
2025-11-27 12:00:00+00:00,-0.4285850165677021,1,Decrypt
2025-11-27 13:00:00+00:00,-0.11862239988899974,3,CoinTelegraph
2025-11-27 14:00:00+00:00,-0.13678906692138115,1,CoinDesk
2025-11-27 15:00:00+00:00,0.06896789099741082,1,Bloomberg Crypto
2025-11-27 16:00:00+00:00,0.24816424522271685,1,Bloomberg Crypto
2025-11-27 17:00:00+00:00,0.2651033074561048,2,Decrypt
2025-11-27 18:00:00+00:00,-0.23885748337777865,0,Bloomberg Crypto
2025-11-27 19:00:00+00:00,-0.09199030196175245,3,Decrypt
2025-11-27 20:00:00+00:00,0.06668857867165583,2,Bloomberg Crypto
2025-11-27 21:00:00+00:00,-0.1179724033984721,9,CoinTelegraph
2025-11-27 22:00:00+00:00,0.5329249099871357,2,Decrypt
2025-11-27 23:00:00+00:00,0.1434802081282279,5,Bloomberg Crypto
2025-11-28 00:00:00+00:00,0.23013174210812348,3,CoinTelegraph
2025-11-28 01:00:00+00:00,0.20621900441236043,2,CoinTelegraph
2025-11-28 02:00:00+00:00,0.3862129315207368,3,CoinTelegraph
2025-11-28 03:00:00+00:00,0.04014160177625835,3,Decrypt
2025-11-28 04:00:00+00:00,-0.47581972075396967,3,Decrypt
2025-11-28 05:00:00+00:00,0.11925005507272834,2,Bloomberg Crypto
2025-11-28 06:00:00+00:00,-0.2473274476619353,5,CoinDesk
2025-11-28 07:00:00+00:00,-0.2030798218221531,3,CoinDesk
2025-11-28 08:00:00+00:00,0.18845230953410158,2,Reuters
2025-11-28 09:00:00+00:00,0.41791317483479623,3,CoinDesk
2025-11-28 10:00:00+00:00,-0.006751364639108136,4,CoinDesk
2025-11-28 11:00:00+00:00,0.09518488450827797,4,Bloomberg Crypto
2025-11-28 12:00:00+00:00,0.5841585463546807,2,Decrypt
2025-11-28 13:00:00+00:00,0.07393712933417489,4,CoinDesk
2025-11-28 14:00:00+00:00,0.9015529985090656,5,Reuters
2025-11-28 15:00:00+00:00,0.19018284390290047,3,Bloomberg Crypto
2025-11-28 16:00:00+00:00,-0.622721794935403,2,CoinTelegraph
2025-11-28 17:00:00+00:00,0.2585055605398358,2,CoinTelegraph
2025-11-28 18:00:00+00:00,0.12953234588646928,2,Reuters
2025-11-28 19:00:00+00:00,0.44883136486235414,2,Decrypt
2025-11-28 20:00:00+00:00,0.2343224114556119,4,CoinTelegraph
2025-11-28 21:00:00+00:00,-0.04845959439432091,2,Decrypt
2025-11-28 22:00:00+00:00,-0.42721332121240485,3,CoinDesk
2025-11-28 23:00:00+00:00,-0.07057604098350248,2,CoinDesk
2025-11-29 00:00:00+00:00,-0.29380907015075247,4,CoinDesk
2025-11-29 01:00:00+00:00,-0.19801920058490277,6,CoinTelegraph
2025-11-29 02:00:00+00:00,0.21245727077807972,5,CoinTelegraph
2025-11-29 03:00:00+00:00,0.5922121085911317,4,Decrypt
2025-11-29 04:00:00+00:00,0.14717112689211576,3,Decrypt
2025-11-29 05:00:00+00:00,-0.4082325882254909,5,Reuters
2025-11-29 06:00:00+00:00,0.1672276181447014,0,CoinDesk
2025-11-29 07:00:00+00:00,0.43172769022733676,4,Bloomberg Crypto
2025-11-29 08:00:00+00:00,-0.19922760001505446,2,Bloomberg Crypto
2025-11-29 09:00:00+00:00,-0.031420108168545346,3,CoinDesk
2025-11-29 10:00:00+00:00,0.021915965185399868,4,Reuters
2025-11-29 11:00:00+00:00,-0.25665042636904617,6,Decrypt
2025-11-29 12:00:00+00:00,0.24625068668014538,4,CoinTelegraph
2025-11-29 13:00:00+00:00,-0.021691123972027767,2,Reuters
2025-11-29 14:00:00+00:00,0.16876489433688274,3,Reuters
2025-11-29 15:00:00+00:00,-0.28740631846069636,1,CoinDesk
2025-11-29 16:00:00+00:00,-0.12860748651406717,5,Decrypt
2025-11-29 17:00:00+00:00,0.2786229148609538,4,Bloomberg Crypto
2025-11-29 18:00:00+00:00,-0.10341612022280626,2,Bloomberg Crypto
2025-11-29 19:00:00+00:00,0.6327983728768514,4,Bloomberg Crypto
2025-11-29 20:00:00+00:00,-0.11022662334524956,2,Reuters
2025-11-29 21:00:00+00:00,0.10957016324739027,3,CoinTelegraph
2025-11-29 22:00:00+00:00,0.3586211951548301,2,Decrypt
2025-11-29 23:00:00+00:00,-0.462930304390053,0,CoinTelegraph
2025-11-30 00:00:00+00:00,-0.5815027043146215,1,Bloomberg Crypto
2025-11-30 01:00:00+00:00,-0.4979172966297275,3,CoinTelegraph
2025-11-30 02:00:00+00:00,0.4792482153655503,3,Reuters
2025-11-30 03:00:00+00:00,-0.15452589782658233,7,CoinDesk
2025-11-30 04:00:00+00:00,0.9352741619441467,3,CoinTelegraph
2025-11-30 05:00:00+00:00,-0.15630302789610687,2,CoinTelegraph
2025-11-30 06:00:00+00:00,0.10705504468407581,3,CoinTelegraph
2025-11-30 07:00:00+00:00,0.5834782424747187,5,Bloomberg Crypto
2025-11-30 08:00:00+00:00,0.7471491303590886,4,CoinTelegraph
2025-11-30 09:00:00+00:00,0.7678188980220234,4,Decrypt
2025-11-30 10:00:00+00:00,0.47049599623853994,0,Reuters
2025-11-30 11:00:00+00:00,0.4072639879155666,4,Decrypt
2025-11-30 12:00:00+00:00,0.25749991987104953,9,Decrypt
2025-11-30 13:00:00+00:00,0.3238143199127664,1,Bloomberg Crypto
2025-11-30 14:00:00+00:00,-0.14025555358855837,2,CoinTelegraph
2025-11-30 15:00:00+00:00,-0.23243963348013905,2,Reuters
2025-11-30 16:00:00+00:00,0.054018445403470616,3,Reuters
2025-11-30 17:00:00+00:00,-0.003096604930751916,4,Reuters
2025-11-30 18:00:00+00:00,-0.10089434267329761,6,CoinTelegraph
2025-11-30 19:00:00+00:00,0.3027374735479229,8,Reuters
2025-11-30 20:00:00+00:00,0.3946239895388692,2,Reuters
2025-11-30 21:00:00+00:00,0.0924737601627322,6,CoinDesk
2025-11-30 22:00:00+00:00,0.579929922158256,4,CoinDesk
2025-11-30 23:00:00+00:00,-0.3355349153147882,8,Reuters
2025-12-01 00:00:00+00:00,-0.0024638416289420595,0,Decrypt
2025-12-01 01:00:00+00:00,-0.18431135830973236,1,CoinTelegraph
2025-12-01 02:00:00+00:00,-0.5854531103230846,6,Decrypt
2025-12-01 03:00:00+00:00,0.04015346102423882,2,Decrypt
2025-12-01 04:00:00+00:00,0.02773578893697353,3,CoinTelegraph
2025-12-01 05:00:00+00:00,0.6013092399365306,1,CoinTelegraph
2025-12-01 06:00:00+00:00,0.2936390062229526,3,Bloomberg Crypto
2025-12-01 07:00:00+00:00,-0.2843587343709413,1,Bloomberg Crypto
2025-12-01 08:00:00+00:00,0.7242894173824114,2,Bloomberg Crypto
2025-12-01 09:00:00+00:00,0.5039677819687295,4,Reuters
2025-12-01 10:00:00+00:00,0.2815877353349553,6,Reuters
2025-12-01 11:00:00+00:00,-0.00016978677903915773,2,Reuters
2025-12-01 12:00:00+00:00,-0.2554594413045658,2,Bloomberg Crypto
2025-12-01 13:00:00+00:00,-0.04868492436463713,2,CoinTelegraph
2025-12-01 14:00:00+00:00,0.46389110882570544,4,Reuters
2025-12-01 15:00:00+00:00,0.7436744096368777,3,CoinTelegraph
2025-12-01 16:00:00+00:00,0.6254429910795671,6,Bloomberg Crypto
2025-12-01 17:00:00+00:00,-0.08455256776101337,3,CoinTelegraph
2025-12-01 18:00:00+00:00,-0.3040860009611495,2,Reuters
2025-12-01 19:00:00+00:00,0.13832403220096823,2,CoinTelegraph
2025-12-01 20:00:00+00:00,-0.528707835656298,5,Bloomberg Crypto
2025-12-01 21:00:00+00:00,0.2045850673615599,3,Reuters
2025-12-01 22:00:00+00:00,0.041044193107950114,7,Reuters
2025-12-01 23:00:00+00:00,-0.06918066337313693,2,Bloomberg Crypto
2025-12-02 00:00:00+00:00,-0.46298868696664675,4,Decrypt
2025-12-02 01:00:00+00:00,0.27614093580710997,2,CoinDesk
2025-12-02 02:00:00+00:00,-0.08884266846807513,2,Bloomberg Crypto
2025-12-02 03:00:00+00:00,-0.31064834783124207,2,CoinTelegraph
2025-12-02 04:00:00+00:00,-0.9052511409731214,4,Decrypt
2025-12-02 05:00:00+00:00,0.0916266531105112,3,Bloomberg Crypto
2025-12-02 06:00:00+00:00,0.722759289584767,6,CoinDesk
2025-12-02 07:00:00+00:00,0.6851244188929743,4,Reuters
2025-12-02 08:00:00+00:00,-0.05508945322982679,2,CoinDesk
2025-12-02 09:00:00+00:00,-0.10467138447371194,2,CoinDesk
2025-12-02 10:00:00+00:00,0.27138046127619564,4,Bloomberg Crypto
2025-12-02 11:00:00+00:00,-0.24092078449697185,5,Reuters
2025-12-02 12:00:00+00:00,0.21534392198599372,1,Reuters
2025-12-02 13:00:00+00:00,0.3790454603018434,1,CoinDesk
2025-12-02 14:00:00+00:00,0.5415425427966482,4,Bloomberg Crypto
2025-12-02 15:00:00+00:00,0.07825846279320578,3,Reuters
2025-12-02 16:00:00+00:00,0.04322095351805939,3,Reuters
2025-12-02 17:00:00+00:00,-0.1915948834917145,2,CoinTelegraph
2025-12-02 18:00:00+00:00,-0.1725189890547147,4,CoinDesk
2025-12-02 19:00:00+00:00,0.038809470831405526,4,Decrypt
2025-12-02 20:00:00+00:00,0.24784077167042892,4,CoinDesk
2025-12-02 21:00:00+00:00,0.440201015943429,2,Bloomberg Crypto
2025-12-02 22:00:00+00:00,-0.15948491423012173,5,Reuters
2025-12-02 23:00:00+00:00,0.6452477867805186,6,Reuters
2025-12-03 00:00:00+00:00,0.029090321969971897,1,CoinTelegraph
2025-12-03 01:00:00+00:00,0.11767952776174229,4,Reuters
2025-12-03 02:00:00+00:00,-0.13519382646291145,4,Reuters
2025-12-03 03:00:00+00:00,-0.7209839891046634,4,Decrypt
2025-12-03 04:00:00+00:00,0.4380834701001123,6,CoinDesk
2025-12-03 05:00:00+00:00,0.38772804174748077,3,Reuters
2025-12-03 06:00:00+00:00,0.03253072459544422,3,Bloomberg Crypto
2025-12-03 07:00:00+00:00,0.15560238633385357,5,Decrypt
2025-12-03 08:00:00+00:00,0.3138921796278187,2,Decrypt
2025-12-03 09:00:00+00:00,-0.4124222473881669,1,CoinTelegraph
2025-12-03 10:00:00+00:00,-0.049546775891512074,2,Bloomberg Crypto
2025-12-03 11:00:00+00:00,0.41476464592017687,4,Decrypt
2025-12-03 12:00:00+00:00,-0.30108147627360626,3,CoinDesk
2025-12-03 13:00:00+00:00,0.24181035752917523,1,Bloomberg Crypto
2025-12-03 14:00:00+00:00,-0.3345958664707911,5,CoinDesk
2025-12-03 15:00:00+00:00,0.30459834615389325,1,CoinTelegraph
2025-12-03 16:00:00+00:00,0.1300108028159957,5,CoinTelegraph
2025-12-03 17:00:00+00:00,-0.42167598353219193,2,Reuters
2025-12-03 18:00:00+00:00,0.5524110965883752,1,CoinDesk
2025-12-03 19:00:00+00:00,-0.11122523974671042,4,CoinDesk
2025-12-03 20:00:00+00:00,-0.13657975302631584,2,CoinTelegraph
2025-12-03 21:00:00+00:00,0.2183318840788231,3,CoinDesk
2025-12-03 22:00:00+00:00,0.5512770589722044,2,Bloomberg Crypto
2025-12-03 23:00:00+00:00,-0.20516509260870644,1,Reuters
2025-12-04 00:00:00+00:00,0.17307626386324604,3,Reuters
2025-12-04 01:00:00+00:00,0.30268705827133163,4,Bloomberg Crypto
2025-12-04 02:00:00+00:00,0.39629838618062724,2,Decrypt
2025-12-04 03:00:00+00:00,0.21657326165178456,3,CoinDesk
2025-12-04 04:00:00+00:00,0.02746339996749178,4,Decrypt
2025-12-04 05:00:00+00:00,-0.1326318950173869,6,Decrypt
2025-12-04 06:00:00+00:00,0.18827367165894265,2,CoinDesk
2025-12-04 07:00:00+00:00,-0.2160296397463826,5,CoinTelegraph
2025-12-04 08:00:00+00:00,-0.8621609017388191,2,CoinDesk
2025-12-04 09:00:00+00:00,0.3141974829166734,4,CoinTelegraph
2025-12-04 10:00:00+00:00,0.4788655405769626,2,Bloomberg Crypto
2025-12-04 11:00:00+00:00,-0.6634542208774482,1,CoinTelegraph
2025-12-04 12:00:00+00:00,-0.1887528591630625,7,Decrypt
2025-12-04 13:00:00+00:00,0.38243458530210495,3,Decrypt
2025-12-04 14:00:00+00:00,0.8869286453962077,6,Decrypt
2025-12-04 15:00:00+00:00,0.17515457640944548,6,CoinTelegraph
2025-12-04 16:00:00+00:00,-0.08585581214772173,7,Decrypt
2025-12-04 17:00:00+00:00,0.10599677250064111,3,Reuters
2025-12-04 18:00:00+00:00,0.6522794345094006,4,CoinDesk
2025-12-04 19:00:00+00:00,-0.05395578232229009,4,Decrypt
2025-12-04 20:00:00+00:00,-0.10652971736207073,1,CoinTelegraph
2025-12-04 21:00:00+00:00,0.005279849272428694,9,Decrypt
2025-12-04 22:00:00+00:00,-0.15837556080203902,2,CoinTelegraph
2025-12-04 23:00:00+00:00,0.2192701862859203,1,CoinDesk
2025-12-05 00:00:00+00:00,0.7460158939234195,3,CoinTelegraph
2025-12-05 01:00:00+00:00,0.291495751678839,3,CoinDesk
2025-12-05 02:00:00+00:00,0.09113054857757409,3,Decrypt
2025-12-05 03:00:00+00:00,0.07835327484703615,2,Reuters
2025-12-05 04:00:00+00:00,-0.36559996214917545,3,Decrypt
2025-12-05 05:00:00+00:00,0.4916314830360432,4,CoinDesk
2025-12-05 06:00:00+00:00,0.15632290142613653,1,Bloomberg Crypto
2025-12-05 07:00:00+00:00,0.12141741023227921,1,Bloomberg Crypto
2025-12-05 08:00:00+00:00,1.0,3,Bloomberg Crypto
2025-12-05 09:00:00+00:00,0.2911775424602503,4,Decrypt
2025-12-05 10:00:00+00:00,-0.07550369563774081,3,CoinTelegraph
2025-12-05 11:00:00+00:00,0.039403685706809966,0,Reuters
2025-12-05 12:00:00+00:00,0.5915870215750685,6,Reuters
2025-12-05 13:00:00+00:00,0.2302743339552707,6,Decrypt
2025-12-05 14:00:00+00:00,-0.31177246579562035,1,CoinDesk
2025-12-05 15:00:00+00:00,0.5143465410722902,3,Decrypt
2025-12-05 16:00:00+00:00,-0.04024599596978298,2,Bloomberg Crypto
2025-12-05 17:00:00+00:00,0.8502430899866351,3,CoinDesk
2025-12-05 18:00:00+00:00,0.5735865217637405,3,Reuters
2025-12-05 19:00:00+00:00,0.03998424368216255,4,Decrypt
2025-12-05 20:00:00+00:00,0.645876202016704,3,CoinTelegraph
2025-12-05 21:00:00+00:00,0.22223981415727453,4,CoinTelegraph
2025-12-05 22:00:00+00:00,0.49792740568206256,4,Reuters
2025-12-05 23:00:00+00:00,0.370075645317126,3,CoinDesk
2025-12-06 00:00:00+00:00,-0.09484684197654644,2,Bloomberg Crypto
2025-12-06 01:00:00+00:00,-0.022909355661228287,4,CoinTelegraph
2025-12-06 02:00:00+00:00,0.563770722867413,3,CoinTelegraph
2025-12-06 03:00:00+00:00,0.08706065660581547,4,Decrypt
2025-12-06 04:00:00+00:00,0.06389886435268421,2,Reuters
2025-12-06 05:00:00+00:00,-0.12817707260517358,3,CoinTelegraph
2025-12-06 06:00:00+00:00,0.35531168943060276,3,Decrypt
2025-12-06 07:00:00+00:00,0.9298680898011937,4,CoinDesk
2025-12-06 08:00:00+00:00,-0.16472365230993408,2,CoinTelegraph
2025-12-06 09:00:00+00:00,0.21831430795095935,4,Reuters
2025-12-06 10:00:00+00:00,0.7050354366461472,2,Decrypt
2025-12-06 11:00:00+00:00,0.1838005960961529,3,CoinDesk
2025-12-06 12:00:00+00:00,0.3709181321667446,4,Decrypt
2025-12-06 13:00:00+00:00,-0.15834074816687566,4,Bloomberg Crypto
2025-12-06 14:00:00+00:00,0.36430949983556504,4,Reuters
2025-12-06 15:00:00+00:00,0.14980258135119645,2,Reuters
2025-12-06 16:00:00+00:00,0.5612056433541103,0,CoinTelegraph
2025-12-06 17:00:00+00:00,0.6326783295364364,3,Decrypt
2025-12-06 18:00:00+00:00,1.0,2,CoinDesk
2025-12-06 19:00:00+00:00,0.42173887685069755,3,CoinTelegraph
2025-12-06 20:00:00+00:00,0.3337769322878317,1,Reuters
2025-12-06 21:00:00+00:00,0.28865961244126304,3,Decrypt
2025-12-06 22:00:00+00:00,0.09788970371719094,3,CoinDesk
2025-12-06 23:00:00+00:00,0.3408359484661705,2,Reuters
2025-12-07 00:00:00+00:00,0.11984068841274777,0,CoinDesk
2025-12-07 01:00:00+00:00,0.2830529680033314,5,Decrypt
2025-12-07 02:00:00+00:00,0.6861070578241563,4,CoinDesk
2025-12-07 03:00:00+00:00,-0.1264898495882721,2,CoinTelegraph
2025-12-07 04:00:00+00:00,0.6256054906169697,2,CoinTelegraph
2025-12-07 05:00:00+00:00,0.6884820161125215,2,Decrypt
2025-12-07 06:00:00+00:00,0.18700729315135473,2,Reuters
2025-12-07 07:00:00+00:00,-0.5134826308158453,5,Bloomberg Crypto
2025-12-07 08:00:00+00:00,0.01725995030699623,6,Bloomberg Crypto
2025-12-07 09:00:00+00:00,0.6847725393615693,3,Bloomberg Crypto
2025-12-07 10:00:00+00:00,0.22364315354514033,3,Reuters
2025-12-07 11:00:00+00:00,-0.11729056889310663,1,CoinTelegraph
2025-12-07 12:00:00+00:00,0.056607921662211874,2,CoinTelegraph
2025-12-07 13:00:00+00:00,0.5283057645978261,4,CoinTelegraph
2025-12-07 14:00:00+00:00,0.42625077997360145,3,Decrypt
2025-12-07 15:00:00+00:00,0.15206872181422115,2,CoinTelegraph
2025-12-07 16:00:00+00:00,0.10810297261401677,3,CoinTelegraph
2025-12-07 17:00:00+00:00,0.10016834486169529,0,CoinTelegraph
2025-12-07 18:00:00+00:00,-0.08477208188883173,2,Bloomberg Crypto
2025-12-07 19:00:00+00:00,0.8042363504490893,1,CoinDesk
2025-12-07 20:00:00+00:00,0.12682164764194043,3,CoinTelegraph
2025-12-07 21:00:00+00:00,0.6664138087413266,4,CoinDesk
2025-12-07 22:00:00+00:00,0.7736390067227041,5,CoinTelegraph
2025-12-07 23:00:00+00:00,0.5913527982480693,1,Bloomberg Crypto
2025-12-08 00:00:00+00:00,0.09163798886116722,6,Bloomberg Crypto
2025-12-08 01:00:00+00:00,0.3847672493200215,1,CoinDesk
2025-12-08 02:00:00+00:00,0.23574536581564456,1,Bloomberg Crypto
2025-12-08 03:00:00+00:00,-0.07133423582177015,1,Decrypt
2025-12-08 04:00:00+00:00,0.3592302146029849,2,Reuters
2025-12-08 05:00:00+00:00,-0.16622096091520672,5,Reuters
2025-12-08 06:00:00+00:00,0.6628646876888133,3,CoinTelegraph
2025-12-08 07:00:00+00:00,0.08529020556273523,3,Bloomberg Crypto
2025-12-08 08:00:00+00:00,0.31903690570784476,5,Reuters
2025-12-08 09:00:00+00:00,0.34850194295089204,4,CoinDesk
2025-12-08 10:00:00+00:00,0.15944999075514377,2,CoinDesk
2025-12-08 11:00:00+00:00,0.45612047434193703,1,CoinDesk
2025-12-08 12:00:00+00:00,0.08526763174744859,2,CoinTelegraph
2025-12-08 13:00:00+00:00,0.5571395758003788,4,Reuters
2025-12-08 14:00:00+00:00,-0.2182104268799272,2,Reuters
2025-12-08 15:00:00+00:00,0.29780757004716296,3,Reuters
2025-12-08 16:00:00+00:00,0.932887426538249,4,CoinDesk
2025-12-08 17:00:00+00:00,-0.09517083615369287,5,CoinDesk
2025-12-08 18:00:00+00:00,0.018412516646694604,0,CoinTelegraph
2025-12-08 19:00:00+00:00,0.4361643983055682,5,Decrypt
2025-12-08 20:00:00+00:00,0.3198189224491603,7,Reuters
2025-12-08 21:00:00+00:00,0.3803497222284865,3,CoinTelegraph
2025-12-08 22:00:00+00:00,0.4295038003183804,3,CoinDesk
2025-12-08 23:00:00+00:00,0.48109515241159273,2,Decrypt
2025-12-09 00:00:00+00:00,0.6479871209936399,5,Bloomberg Crypto
2025-12-09 01:00:00+00:00,0.4036734363438583,2,Decrypt
2025-12-09 02:00:00+00:00,0.17643663768749326,5,CoinTelegraph
2025-12-09 03:00:00+00:00,0.4969126910337524,2,Decrypt
2025-12-09 04:00:00+00:00,0.9271008082966496,1,CoinDesk
2025-12-09 05:00:00+00:00,0.21634570030937203,3,Decrypt
2025-12-09 06:00:00+00:00,-0.07769723122445815,3,CoinDesk
2025-12-09 07:00:00+00:00,0.651481895442501,2,Decrypt
2025-12-09 08:00:00+00:00,0.2224810001029966,5,CoinTelegraph
2025-12-09 09:00:00+00:00,-0.4952140881219037,2,Bloomberg Crypto
2025-12-09 10:00:00+00:00,0.5624187734628889,8,Reuters
2025-12-09 11:00:00+00:00,0.07905233170497489,4,Decrypt
2025-12-09 12:00:00+00:00,0.23532162412394664,6,Bloomberg Crypto
2025-12-09 13:00:00+00:00,0.3837875196370195,4,Decrypt
2025-12-09 14:00:00+00:00,0.33485046687845016,1,Bloomberg Crypto
2025-12-09 15:00:00+00:00,0.5170599232191363,6,CoinDesk
2025-12-09 16:00:00+00:00,0.11690278836082493,5,Bloomberg Crypto
2025-12-09 17:00:00+00:00,0.44947629025730185,8,Reuters
2025-12-09 18:00:00+00:00,0.17960916808519414,2,Bloomberg Crypto
2025-12-09 19:00:00+00:00,0.5295904090080312,2,Reuters
2025-12-09 20:00:00+00:00,0.48693657637198784,5,Reuters
2025-12-09 21:00:00+00:00,-0.055299401874817744,4,Bloomberg Crypto
2025-12-09 22:00:00+00:00,0.652739031863112,4,Reuters
2025-12-09 23:00:00+00:00,0.08559418323834803,5,Reuters
2025-12-10 00:00:00+00:00,0.5565326567896189,3,CoinDesk
2025-12-10 01:00:00+00:00,0.40278895614606924,3,CoinTelegraph
2025-12-10 02:00:00+00:00,0.9181235733584789,6,CoinDesk
2025-12-10 03:00:00+00:00,0.19706199398766977,2,CoinTelegraph
2025-12-10 04:00:00+00:00,0.15352491227421391,3,CoinTelegraph
2025-12-10 05:00:00+00:00,0.26949452425428383,3,CoinDesk
2025-12-10 06:00:00+00:00,0.17067894066014982,2,Reuters
2025-12-10 07:00:00+00:00,0.5572668823376454,1,CoinDesk
2025-12-10 08:00:00+00:00,-0.28793127979465094,1,Reuters
2025-12-10 09:00:00+00:00,-0.09052634162746503,2,CoinDesk
2025-12-10 10:00:00+00:00,-0.09498859913176538,2,CoinDesk
2025-12-10 11:00:00+00:00,0.6118248365021451,1,Decrypt
2025-12-10 12:00:00+00:00,0.8784014443560277,0,Bloomberg Crypto
2025-12-10 13:00:00+00:00,0.24359394215876248,2,CoinDesk
2025-12-10 14:00:00+00:00,0.2215227816774407,8,Bloomberg Crypto
2025-12-10 15:00:00+00:00,0.3055826609782428,4,Reuters
2025-12-10 16:00:00+00:00,0.6881706234351258,3,Decrypt
2025-12-10 17:00:00+00:00,-0.0426167795841324,4,Decrypt
2025-12-10 18:00:00+00:00,0.36582433921102875,4,CoinTelegraph
2025-12-10 19:00:00+00:00,0.6241475134409766,1,Bloomberg Crypto
2025-12-10 20:00:00+00:00,0.4586392121292056,6,Decrypt
2025-12-10 21:00:00+00:00,0.3500324820377029,2,Reuters
2025-12-10 22:00:00+00:00,0.6344624583213219,1,CoinTelegraph
2025-12-10 23:00:00+00:00,-0.6616228285460817,7,Decrypt
2025-12-11 00:00:00+00:00,0.5221717146732471,3,Reuters
2025-12-11 01:00:00+00:00,0.05639046579394766,3,Bloomberg Crypto
2025-12-11 02:00:00+00:00,-0.35500824118064067,5,Reuters
2025-12-11 03:00:00+00:00,0.4650252088228768,2,Reuters
2025-12-11 04:00:00+00:00,0.7672705172636116,2,Reuters
2025-12-11 05:00:00+00:00,0.23876346785787944,1,CoinDesk
2025-12-11 06:00:00+00:00,0.6207516480275402,3,Decrypt
2025-12-11 07:00:00+00:00,0.8519127353922147,2,Reuters
2025-12-11 08:00:00+00:00,0.7481998656523399,8,CoinTelegraph
2025-12-11 09:00:00+00:00,0.8623265204416777,0,CoinDesk
2025-12-11 10:00:00+00:00,0.5484373451114068,5,Reuters
2025-12-11 11:00:00+00:00,0.315442938184802,1,Reuters
2025-12-11 12:00:00+00:00,-0.2713037814566359,4,Decrypt
2025-12-11 13:00:00+00:00,0.20360011045097437,2,CoinDesk
2025-12-11 14:00:00+00:00,-0.005081964279083917,4,Reuters
2025-12-11 15:00:00+00:00,1.0,4,Reuters
2025-12-11 16:00:00+00:00,0.229142913366004,3,Bloomberg Crypto
2025-12-11 17:00:00+00:00,0.33414085893002204,2,CoinTelegraph
2025-12-11 18:00:00+00:00,0.48434989717904875,1,CoinTelegraph
2025-12-11 19:00:00+00:00,0.30689631521907706,2,Decrypt
2025-12-11 20:00:00+00:00,0.8852033653207421,1,CoinDesk
2025-12-11 21:00:00+00:00,0.0743028599446679,2,Reuters
2025-12-11 22:00:00+00:00,0.36063196901019334,1,CoinDesk
2025-12-11 23:00:00+00:00,0.03293846019539359,1,Decrypt
2025-12-12 00:00:00+00:00,-0.16892633109409255,3,Bloomberg Crypto
2025-12-12 01:00:00+00:00,0.07923532063484709,1,Decrypt
2025-12-12 02:00:00+00:00,0.2806591450231303,3,CoinTelegraph
2025-12-12 03:00:00+00:00,0.143628328912606,2,Bloomberg Crypto
2025-12-12 04:00:00+00:00,0.051793405152640026,3,Reuters
2025-12-12 05:00:00+00:00,-0.19781917120365905,2,Decrypt
2025-12-12 06:00:00+00:00,0.26555073134035695,4,CoinDesk
2025-12-12 07:00:00+00:00,-0.23177416531685607,1,CoinDesk
2025-12-12 08:00:00+00:00,0.5611323754234437,3,CoinTelegraph
2025-12-12 09:00:00+00:00,0.3241960585527038,3,CoinTelegraph
2025-12-12 10:00:00+00:00,-0.21457699278590753,4,CoinTelegraph
2025-12-12 11:00:00+00:00,0.18756126802169687,4,CoinTelegraph
2025-12-12 12:00:00+00:00,0.032742637910793015,4,Reuters
2025-12-12 13:00:00+00:00,0.407915911364909,3,Bloomberg Crypto
2025-12-12 14:00:00+00:00,0.7655644558072098,4,CoinTelegraph
2025-12-12 15:00:00+00:00,-0.35970708730630846,5,Decrypt
2025-12-12 16:00:00+00:00,0.33705338889270586,3,Reuters
2025-12-12 17:00:00+00:00,0.24093327007788176,3,Bloomberg Crypto
2025-12-12 18:00:00+00:00,0.5321287623973298,2,Reuters
2025-12-12 19:00:00+00:00,0.37195303908122757,3,CoinDesk
2025-12-12 20:00:00+00:00,0.0343139298612003,4,Reuters
2025-12-12 21:00:00+00:00,0.1859977853420633,2,Reuters
2025-12-12 22:00:00+00:00,0.019215566856100874,7,CoinDesk
2025-12-12 23:00:00+00:00,0.6745795532897336,4,CoinDesk
2025-12-13 00:00:00+00:00,0.3055830511660332,2,CoinDesk
2025-12-13 01:00:00+00:00,0.963682112081738,2,Reuters
2025-12-13 02:00:00+00:00,0.277169961138339,1,CoinDesk
2025-12-13 03:00:00+00:00,0.05058922491154727,2,CoinTelegraph
2025-12-13 04:00:00+00:00,-0.2311436256901469,3,Decrypt
2025-12-13 05:00:00+00:00,-0.332323187845427,6,Decrypt
2025-12-13 06:00:00+00:00,-0.2555581275715391,5,CoinDesk
2025-12-13 07:00:00+00:00,0.39249199838027016,3,Bloomberg Crypto
2025-12-13 08:00:00+00:00,0.4771541091079814,2,Reuters
2025-12-13 09:00:00+00:00,-0.2542192537788,4,Decrypt
2025-12-13 10:00:00+00:00,0.6125525015186161,2,CoinTelegraph
2025-12-13 11:00:00+00:00,0.13030378017041377,3,Bloomberg Crypto
2025-12-13 12:00:00+00:00,0.35083321453649985,4,Bloomberg Crypto
2025-12-13 13:00:00+00:00,0.8638078462360678,1,CoinTelegraph
2025-12-13 14:00:00+00:00,0.613493805439479,9,Reuters
2025-12-13 15:00:00+00:00,0.20567818790846876,4,Reuters
2025-12-13 16:00:00+00:00,-0.012195044364681606,3,CoinDesk
2025-12-13 17:00:00+00:00,-0.45336038709335164,3,CoinTelegraph
2025-12-13 18:00:00+00:00,0.04811855848706437,2,CoinTelegraph
2025-12-13 19:00:00+00:00,0.22596830061651413,2,CoinTelegraph
2025-12-13 20:00:00+00:00,-0.04561283994976101,4,CoinDesk
2025-12-13 21:00:00+00:00,0.2539906121116606,2,Decrypt
2025-12-13 22:00:00+00:00,0.3268537107983037,2,Reuters
2025-12-13 23:00:00+00:00,0.22127540396359388,2,CoinDesk
2025-12-14 00:00:00+00:00,0.07248798444666874,3,CoinDesk
2025-12-14 01:00:00+00:00,0.3590263571092117,2,CoinDesk
2025-12-14 02:00:00+00:00,0.4546792273492931,3,CoinTelegraph
2025-12-14 03:00:00+00:00,-0.08164245518413904,3,CoinDesk
2025-12-14 04:00:00+00:00,0.7938152206460741,3,Decrypt
2025-12-14 05:00:00+00:00,0.2654691512969298,3,Bloomberg Crypto
2025-12-14 06:00:00+00:00,0.3065529197934315,4,CoinDesk
2025-12-14 07:00:00+00:00,0.5478055987337622,6,Decrypt
2025-12-14 08:00:00+00:00,0.38152564049537896,2,CoinTelegraph
2025-12-14 09:00:00+00:00,0.633461706075843,3,Bloomberg Crypto
2025-12-14 10:00:00+00:00,0.40031567804254986,5,Reuters
2025-12-14 11:00:00+00:00,0.0854219222477518,1,Reuters
2025-12-14 12:00:00+00:00,0.42624846835280455,4,CoinTelegraph
2025-12-14 13:00:00+00:00,-0.10064025788672154,3,CoinTelegraph
2025-12-14 14:00:00+00:00,0.33759594190832587,6,Reuters
2025-12-14 15:00:00+00:00,0.28790012962110806,3,CoinTelegraph
2025-12-14 16:00:00+00:00,0.22661476029616867,1,Reuters
2025-12-14 17:00:00+00:00,0.2543870192559919,4,CoinTelegraph
2025-12-14 18:00:00+00:00,-0.35935807433219785,3,Reuters
2025-12-14 19:00:00+00:00,0.10714377422311014,2,Decrypt
2025-12-14 20:00:00+00:00,0.3315960663768947,4,CoinTelegraph
2025-12-14 21:00:00+00:00,0.35494740772534117,6,Reuters
2025-12-14 22:00:00+00:00,-0.060796846843702956,3,CoinTelegraph
2025-12-14 23:00:00+00:00,0.7417734431467989,6,Reuters
2025-12-15 00:00:00+00:00,-0.004504785150732715,5,Reuters
2025-12-15 01:00:00+00:00,0.6378416135145671,2,Bloomberg Crypto
2025-12-15 02:00:00+00:00,0.44791927262854603,4,CoinTelegraph
2025-12-15 03:00:00+00:00,0.07208581362285454,1,Decrypt
2025-12-15 04:00:00+00:00,0.9194827865441826,4,CoinDesk
2025-12-15 05:00:00+00:00,-0.11979583633454371,1,CoinDesk
2025-12-15 06:00:00+00:00,0.6195285775008226,2,CoinTelegraph
2025-12-15 07:00:00+00:00,0.647870474140422,5,Reuters
2025-12-15 08:00:00+00:00,0.06278612279296134,1,Reuters
2025-12-15 09:00:00+00:00,0.7846970742205515,4,Decrypt
2025-12-15 10:00:00+00:00,0.20964345553003338,1,CoinTelegraph
2025-12-15 11:00:00+00:00,0.3980225187741559,3,CoinDesk
2025-12-15 12:00:00+00:00,0.38790690476103723,2,Decrypt
2025-12-15 13:00:00+00:00,0.2495952175550104,4,CoinTelegraph
2025-12-15 14:00:00+00:00,0.5801896953050331,3,CoinTelegraph
2025-12-15 15:00:00+00:00,0.5739258849114706,5,CoinTelegraph
2025-12-15 16:00:00+00:00,-0.31598881076586616,6,Bloomberg Crypto
2025-12-15 17:00:00+00:00,0.7523035299965024,4,Decrypt
2025-12-15 18:00:00+00:00,-0.28630616378566776,5,CoinTelegraph
2025-12-15 19:00:00+00:00,0.6567333165452078,7,Decrypt
2025-12-15 20:00:00+00:00,0.6894595860217372,2,CoinDesk
2025-12-15 21:00:00+00:00,-0.08696028498132463,4,CoinTelegraph
2025-12-15 22:00:00+00:00,0.1508526809762955,6,Reuters
2025-12-15 23:00:00+00:00,-0.09260469288859469,3,CoinTelegraph
2025-12-16 00:00:00+00:00,0.2189183875074323,7,CoinTelegraph
2025-12-16 01:00:00+00:00,0.1860721080286376,6,Decrypt
2025-12-16 02:00:00+00:00,0.5665032102843436,3,Decrypt
2025-12-16 03:00:00+00:00,0.75196256359356,1,Bloomberg Crypto
2025-12-16 04:00:00+00:00,0.7815708816096392,2,CoinTelegraph
2025-12-16 05:00:00+00:00,0.09604435588730484,4,CoinDesk
2025-12-16 06:00:00+00:00,0.2192917038665737,4,Decrypt
2025-12-16 07:00:00+00:00,-0.29697323072560633,5,Bloomberg Crypto
2025-12-16 08:00:00+00:00,0.009880977896312537,4,Reuters
2025-12-16 09:00:00+00:00,0.6293335305728286,4,Reuters
2025-12-16 10:00:00+00:00,0.8567840038067662,2,Bloomberg Crypto
2025-12-16 11:00:00+00:00,-0.14100292860252056,6,Reuters
2025-12-16 12:00:00+00:00,0.08334045701380893,1,CoinTelegraph
2025-12-16 13:00:00+00:00,0.2811393199715948,1,Decrypt
2025-12-16 14:00:00+00:00,0.3881107496684457,7,CoinDesk
2025-12-16 15:00:00+00:00,0.006360749323880366,3,Reuters
2025-12-16 16:00:00+00:00,0.4378056182698046,3,CoinTelegraph
2025-12-16 17:00:00+00:00,0.1231973930944241,1,Decrypt
2025-12-16 18:00:00+00:00,0.2836344284288469,2,CoinTelegraph
2025-12-16 19:00:00+00:00,0.47953842196298513,1,CoinTelegraph
2025-12-16 20:00:00+00:00,0.29022760133175163,1,Decrypt
2025-12-16 21:00:00+00:00,0.13488028341189,2,Reuters
2025-12-16 22:00:00+00:00,0.248882125132471,3,Reuters
2025-12-16 23:00:00+00:00,0.2559434122557045,2,CoinTelegraph
2025-12-17 00:00:00+00:00,0.15698616599783194,7,Bloomberg Crypto
2025-12-17 01:00:00+00:00,0.19552567705564783,4,Reuters
2025-12-17 02:00:00+00:00,0.8452397823957701,4,CoinTelegraph
2025-12-17 03:00:00+00:00,0.4816387616679796,3,CoinDesk
2025-12-17 04:00:00+00:00,0.18149724152722352,4,CoinDesk
2025-12-17 05:00:00+00:00,0.528442515582409,4,Bloomberg Crypto
2025-12-17 06:00:00+00:00,0.16725950450821922,7,CoinTelegraph
2025-12-17 07:00:00+00:00,0.6942725393834672,4,CoinDesk
2025-12-17 08:00:00+00:00,0.4126310199195927,4,Reuters
2025-12-17 09:00:00+00:00,0.24527259261564618,1,CoinTelegraph
2025-12-17 10:00:00+00:00,0.4390961192874513,1,Bloomberg Crypto
2025-12-17 11:00:00+00:00,-0.2678498358414059,1,Bloomberg Crypto
2025-12-17 12:00:00+00:00,-0.1128553965961725,5,Reuters
2025-12-17 13:00:00+00:00,-0.13680934835103975,6,CoinDesk
2025-12-17 14:00:00+00:00,0.3306404679612419,3,CoinDesk
2025-12-17 15:00:00+00:00,0.8865314184666597,6,Bloomberg Crypto
2025-12-17 16:00:00+00:00,1.0,7,Decrypt
2025-12-17 17:00:00+00:00,0.5025350648156588,2,Bloomberg Crypto
2025-12-17 18:00:00+00:00,0.4540379896515124,3,Bloomberg Crypto
2025-12-17 19:00:00+00:00,-0.35210770187969953,3,CoinTelegraph
2025-12-17 20:00:00+00:00,0.08784160325124751,2,Reuters
2025-12-17 21:00:00+00:00,0.0015629034900444538,2,CoinTelegraph
2025-12-17 22:00:00+00:00,0.059495205264255696,1,Bloomberg Crypto
2025-12-17 23:00:00+00:00,0.21744104981031415,2,CoinTelegraph
2025-12-18 00:00:00+00:00,0.11055408872158862,4,CoinDesk
2025-12-18 01:00:00+00:00,-0.41747984581370734,1,Bloomberg Crypto
2025-12-18 02:00:00+00:00,0.536527876121323,5,CoinDesk
2025-12-18 03:00:00+00:00,-0.10122166255333215,3,CoinDesk
2025-12-18 04:00:00+00:00,0.35744882983012066,3,Reuters
2025-12-18 05:00:00+00:00,0.9991103234407555,3,CoinDesk
2025-12-18 06:00:00+00:00,-0.04913931585339709,4,CoinTelegraph
2025-12-18 07:00:00+00:00,-0.6134964891204245,0,CoinTelegraph
2025-12-18 08:00:00+00:00,0.17145647930938063,4,Decrypt
2025-12-18 09:00:00+00:00,0.6563426129469052,6,Reuters
2025-12-18 10:00:00+00:00,0.955872114216773,4,Decrypt
2025-12-18 11:00:00+00:00,-0.16045309716267275,1,CoinDesk
2025-12-18 12:00:00+00:00,0.44316774619305277,3,Bloomberg Crypto
2025-12-18 13:00:00+00:00,0.10589312734745418,0,CoinTelegraph
2025-12-18 14:00:00+00:00,0.23109365494932968,5,Bloomberg Crypto
2025-12-18 15:00:00+00:00,1.0,3,Decrypt
2025-12-18 16:00:00+00:00,-0.25903134200790046,2,Decrypt
2025-12-18 17:00:00+00:00,0.35522607831194863,4,CoinTelegraph
2025-12-18 18:00:00+00:00,0.42951379657814315,4,Decrypt
2025-12-18 19:00:00+00:00,0.6452454667117806,6,Bloomberg Crypto
2025-12-18 20:00:00+00:00,0.2989085112015697,3,Decrypt
2025-12-18 21:00:00+00:00,0.3718213500184966,2,Bloomberg Crypto
2025-12-18 22:00:00+00:00,0.1263110268126398,0,CoinDesk
2025-12-18 23:00:00+00:00,0.35696194097906053,3,Reuters
2025-12-19 00:00:00+00:00,0.14202483465923058,3,CoinTelegraph
2025-12-19 01:00:00+00:00,0.47906205706241456,4,Decrypt
2025-12-19 02:00:00+00:00,0.13151319918871146,3,CoinTelegraph
2025-12-19 03:00:00+00:00,0.3922220442846445,4,Decrypt
2025-12-19 04:00:00+00:00,0.2493501915192195,1,CoinDesk
2025-12-19 05:00:00+00:00,0.6530602261852325,0,Bloomberg Crypto
2025-12-19 06:00:00+00:00,0.2403005015107282,3,CoinTelegraph
2025-12-19 07:00:00+00:00,-0.3629321763896675,2,CoinDesk
2025-12-19 08:00:00+00:00,0.6986378240201983,3,CoinDesk
2025-12-19 09:00:00+00:00,-0.06070965437696846,2,Reuters
2025-12-19 10:00:00+00:00,0.026805037803306092,3,CoinDesk
2025-12-19 11:00:00+00:00,0.046463674543036265,3,Reuters
2025-12-19 12:00:00+00:00,0.7353156094776354,0,CoinDesk
2025-12-19 13:00:00+00:00,-0.49391125768662436,1,Bloomberg Crypto
2025-12-19 14:00:00+00:00,1.0,2,CoinDesk
2025-12-19 15:00:00+00:00,0.6218054048634618,4,Bloomberg Crypto
2025-12-19 16:00:00+00:00,0.3296175315105383,3,Decrypt
2025-12-19 17:00:00+00:00,0.23156474360989107,0,CoinDesk
2025-12-19 18:00:00+00:00,0.350010657751751,5,CoinDesk
2025-12-19 19:00:00+00:00,0.43174403784251075,3,Decrypt
2025-12-19 20:00:00+00:00,0.4744564812348712,2,Reuters
2025-12-19 21:00:00+00:00,0.4423678227183798,2,Bloomberg Crypto
2025-12-19 22:00:00+00:00,0.27853014016660355,2,Decrypt
2025-12-19 23:00:00+00:00,0.17737451888316022,1,Decrypt
2025-12-20 00:00:00+00:00,0.19275881672169515,0,CoinTelegraph
2025-12-20 01:00:00+00:00,0.1767435173103366,5,Decrypt
2025-12-20 02:00:00+00:00,0.641033361955938,5,Reuters
2025-12-20 03:00:00+00:00,0.45120657050051016,0,Reuters
2025-12-20 04:00:00+00:00,-0.7864309238200138,1,Reuters
2025-12-20 05:00:00+00:00,0.4715092556817,2,Bloomberg Crypto
2025-12-20 06:00:00+00:00,0.30933605670141767,2,Bloomberg Crypto
2025-12-20 07:00:00+00:00,0.23386026169633917,4,CoinDesk
2025-12-20 08:00:00+00:00,0.1036523532847996,2,Decrypt
2025-12-20 09:00:00+00:00,0.6322943111298894,5,Reuters
2025-12-20 10:00:00+00:00,0.5697057444286446,3,Decrypt
2025-12-20 11:00:00+00:00,-0.03322348671122993,2,CoinDesk
2025-12-20 12:00:00+00:00,0.3789598172427452,4,CoinDesk
2025-12-20 13:00:00+00:00,-0.10438490056583569,4,Reuters
2025-12-20 14:00:00+00:00,-0.24797232657300644,2,Decrypt
2025-12-20 15:00:00+00:00,0.014737726714745047,0,CoinDesk
2025-12-20 16:00:00+00:00,0.5351168594260536,5,CoinTelegraph
2025-12-20 17:00:00+00:00,0.5660589782917427,2,Bloomberg Crypto
2025-12-20 18:00:00+00:00,0.41122687238380184,3,Decrypt
2025-12-20 19:00:00+00:00,0.4846079734619806,0,Reuters
2025-12-20 20:00:00+00:00,0.4106600462802833,5,CoinDesk
2025-12-20 21:00:00+00:00,0.0046480255091298495,3,CoinDesk
2025-12-20 22:00:00+00:00,0.3795041682341118,3,CoinDesk
2025-12-20 23:00:00+00:00,0.5076350763732576,1,Bloomberg Crypto
2025-12-21 00:00:00+00:00,0.49064995965655533,6,Decrypt
2025-12-21 01:00:00+00:00,0.6419197282757276,2,CoinDesk
2025-12-21 02:00:00+00:00,0.47285426688174315,4,Bloomberg Crypto
2025-12-21 03:00:00+00:00,0.34709849894852074,3,CoinTelegraph
2025-12-21 04:00:00+00:00,0.5977837653721578,1,Decrypt
2025-12-21 05:00:00+00:00,0.2130841625174079,3,Reuters
2025-12-21 06:00:00+00:00,-0.08715822172876922,3,Decrypt
2025-12-21 07:00:00+00:00,0.16355166950887856,1,CoinDesk
2025-12-21 08:00:00+00:00,-0.04096770419818341,5,Reuters
2025-12-21 09:00:00+00:00,-0.017445130015086963,2,Decrypt
2025-12-21 10:00:00+00:00,0.1674007226801386,8,Reuters
2025-12-21 11:00:00+00:00,-0.06025376086121273,5,Decrypt
2025-12-21 12:00:00+00:00,0.10841360949249448,3,CoinTelegraph
2025-12-21 13:00:00+00:00,-0.4474620593310363,2,CoinTelegraph
2025-12-21 14:00:00+00:00,0.28905481339341704,0,CoinTelegraph
2025-12-21 15:00:00+00:00,0.213918903061311,2,Decrypt
2025-12-21 16:00:00+00:00,-0.07339301739452844,6,Reuters
2025-12-21 17:00:00+00:00,0.4424110669834953,4,CoinTelegraph
2025-12-21 18:00:00+00:00,0.5389077904200426,3,Bloomberg Crypto
2025-12-21 19:00:00+00:00,-0.3528084544136466,4,Bloomberg Crypto
2025-12-21 20:00:00+00:00,-0.05804080481911322,2,CoinTelegraph
2025-12-21 21:00:00+00:00,-0.061215454359460825,2,CoinTelegraph
2025-12-21 22:00:00+00:00,-0.12191406891521092,2,CoinDesk
2025-12-21 23:00:00+00:00,0.49643202484321247,3,Bloomberg Crypto
2025-12-22 00:00:00+00:00,0.13733667791690216,3,Bloomberg Crypto
2025-12-22 01:00:00+00:00,0.11165182838439114,5,CoinTelegraph
2025-12-22 02:00:00+00:00,-0.4980673908283567,5,CoinDesk
2025-12-22 03:00:00+00:00,0.42472939622311295,2,Reuters
2025-12-22 04:00:00+00:00,-0.2323624509284556,0,CoinDesk
2025-12-22 05:00:00+00:00,0.22139557985727507,1,CoinDesk
2025-12-22 06:00:00+00:00,0.2965385476746534,3,Bloomberg Crypto
2025-12-22 07:00:00+00:00,0.6747208940162115,2,CoinTelegraph
2025-12-22 08:00:00+00:00,-0.2605666642822745,5,CoinTelegraph
2025-12-22 09:00:00+00:00,-0.860282347374563,2,CoinTelegraph
2025-12-22 10:00:00+00:00,0.25991703942740707,2,CoinDesk
2025-12-22 11:00:00+00:00,0.8247677818392936,5,CoinDesk
2025-12-22 12:00:00+00:00,0.6272356574976683,7,Decrypt
2025-12-22 13:00:00+00:00,0.2659972093170885,4,Reuters
2025-12-22 14:00:00+00:00,0.01955216164424181,5,Decrypt
2025-12-22 15:00:00+00:00,0.4731225990901119,3,Reuters
2025-12-22 16:00:00+00:00,-0.1511101465403591,5,Decrypt
2025-12-22 17:00:00+00:00,0.3553540636534272,2,Decrypt
2025-12-22 18:00:00+00:00,0.3645377276038936,6,Decrypt
2025-12-22 19:00:00+00:00,0.5576874921568684,2,Decrypt
2025-12-22 20:00:00+00:00,1.0,1,CoinDesk
2025-12-22 21:00:00+00:00,0.321930968501567,1,Reuters
2025-12-22 22:00:00+00:00,0.0054286513829928384,8,Decrypt
2025-12-22 23:00:00+00:00,0.1735920517673401,5,Decrypt
2025-12-23 00:00:00+00:00,-0.43765974581653655,4,CoinTelegraph
2025-12-23 01:00:00+00:00,-0.06266237691369322,1,CoinDesk
2025-12-23 02:00:00+00:00,0.03620542098218871,6,Bloomberg Crypto
2025-12-23 03:00:00+00:00,-0.005012933188878355,1,CoinTelegraph
2025-12-23 04:00:00+00:00,0.23070263867087643,5,Bloomberg Crypto
2025-12-23 05:00:00+00:00,-0.11151140064602816,2,Decrypt
2025-12-23 06:00:00+00:00,0.5676501856520758,6,Reuters
2025-12-23 07:00:00+00:00,0.1743125547575094,3,Bloomberg Crypto
2025-12-23 08:00:00+00:00,0.16993237256700353,6,Bloomberg Crypto
2025-12-23 09:00:00+00:00,0.05736852959177641,3,Bloomberg Crypto
2025-12-23 10:00:00+00:00,0.22538942715817883,6,Reuters
2025-12-23 11:00:00+00:00,0.4587949195210077,5,CoinTelegraph
2025-12-23 12:00:00+00:00,-0.13455035821633943,1,CoinDesk
2025-12-23 13:00:00+00:00,-0.06246399245328646,3,Reuters
2025-12-23 14:00:00+00:00,0.06050112092528087,3,CoinTelegraph
2025-12-23 15:00:00+00:00,-0.30532422926533886,2,Decrypt
2025-12-23 16:00:00+00:00,-0.12208736341710821,4,CoinTelegraph
2025-12-23 17:00:00+00:00,-0.0031051741784352827,2,Bloomberg Crypto
2025-12-23 18:00:00+00:00,0.4685245594462493,4,CoinTelegraph
2025-12-23 19:00:00+00:00,0.2532980166121638,4,CoinTelegraph
2025-12-23 20:00:00+00:00,0.22806823646293456,0,Decrypt
2025-12-23 21:00:00+00:00,0.4570333012073704,4,Decrypt
2025-12-23 22:00:00+00:00,0.11004318665292323,2,CoinTelegraph
2025-12-23 23:00:00+00:00,0.29368737968477665,3,Reuters
2025-12-24 00:00:00+00:00,0.11979553012028107,3,Decrypt
2025-12-24 01:00:00+00:00,0.2476955395946261,2,Bloomberg Crypto
2025-12-24 02:00:00+00:00,-0.05025410652552653,0,Reuters
2025-12-24 03:00:00+00:00,-0.7009847222411184,1,CoinTelegraph
2025-12-24 04:00:00+00:00,0.10449060965124987,5,Bloomberg Crypto
2025-12-24 05:00:00+00:00,0.6483343916687117,4,Bloomberg Crypto
2025-12-24 06:00:00+00:00,0.47342937745671176,2,Reuters
2025-12-24 07:00:00+00:00,0.486021784654903,1,CoinTelegraph
2025-12-24 08:00:00+00:00,0.5796543525608944,1,Bloomberg Crypto
2025-12-24 09:00:00+00:00,0.17691196896911027,3,Decrypt
2025-12-24 10:00:00+00:00,0.21381282012032435,3,Decrypt
2025-12-24 11:00:00+00:00,-0.07255801136728582,3,Reuters
2025-12-24 12:00:00+00:00,0.03185982201064769,5,Decrypt
2025-12-24 13:00:00+00:00,0.356867754722059,4,CoinDesk
2025-12-24 14:00:00+00:00,0.5615673181564864,3,CoinTelegraph
2025-12-24 15:00:00+00:00,0.0902588847825058,0,Bloomberg Crypto
2025-12-24 16:00:00+00:00,-0.019646420862362624,7,Bloomberg Crypto
2025-12-24 17:00:00+00:00,0.13695679365234711,3,Reuters
2025-12-24 18:00:00+00:00,0.3460440233048817,4,Reuters
2025-12-24 19:00:00+00:00,-0.37088038312461635,4,Bloomberg Crypto
2025-12-24 20:00:00+00:00,-0.670349880166649,4,Decrypt
2025-12-24 21:00:00+00:00,-0.060532262016905675,1,Reuters
2025-12-24 22:00:00+00:00,-0.2962539794831359,4,CoinDesk
2025-12-24 23:00:00+00:00,-0.04801639141142927,3,Reuters
2025-12-25 00:00:00+00:00,0.07694446978763048,4,Decrypt
2025-12-25 01:00:00+00:00,-0.03113684116718826,2,CoinTelegraph
2025-12-25 02:00:00+00:00,0.6346938983035877,5,CoinDesk
2025-12-25 03:00:00+00:00,0.23951874839450737,3,Reuters
2025-12-25 04:00:00+00:00,0.22914960819866131,1,CoinTelegraph
2025-12-25 05:00:00+00:00,0.34057928805987747,4,CoinTelegraph
2025-12-25 06:00:00+00:00,-0.2769638727152698,6,Bloomberg Crypto
2025-12-25 07:00:00+00:00,0.48413552235888635,1,Decrypt
2025-12-25 08:00:00+00:00,0.09274534399735607,3,Bloomberg Crypto
2025-12-25 09:00:00+00:00,0.3527452990313644,2,Decrypt
2025-12-25 10:00:00+00:00,-0.25826089670481767,6,CoinTelegraph
2025-12-25 11:00:00+00:00,-0.42811654623254025,1,Reuters
2025-12-25 12:00:00+00:00,0.40076814638875813,4,Decrypt
2025-12-25 13:00:00+00:00,0.24505572369532047,2,Decrypt
2025-12-25 14:00:00+00:00,-0.20360212958798743,5,CoinTelegraph
2025-12-25 15:00:00+00:00,-0.1934647155789408,2,CoinDesk
2025-12-25 16:00:00+00:00,0.5036189315943501,1,CoinTelegraph
2025-12-25 17:00:00+00:00,-0.3077800432846341,2,CoinTelegraph
2025-12-25 18:00:00+00:00,0.6822450052895249,5,Decrypt
2025-12-25 19:00:00+00:00,-0.2091144204738421,2,CoinTelegraph
2025-12-25 20:00:00+00:00,0.3283314105383028,2,Bloomberg Crypto
2025-12-25 21:00:00+00:00,-0.011332772710924602,3,CoinTelegraph
2025-12-25 22:00:00+00:00,0.313586831629177,4,Reuters
2025-12-25 23:00:00+00:00,-0.08918303086173332,2,CoinTelegraph
2025-12-26 00:00:00+00:00,0.04306311655015346,4,CoinTelegraph
2025-12-26 01:00:00+00:00,0.11314425605586159,4,Reuters
2025-12-26 02:00:00+00:00,-0.25316298410992094,3,CoinDesk
2025-12-26 03:00:00+00:00,0.3556694194047536,7,CoinDesk
2025-12-26 04:00:00+00:00,-0.08446736168832299,0,CoinDesk
2025-12-26 05:00:00+00:00,0.013922141911741764,4,Bloomberg Crypto
2025-12-26 06:00:00+00:00,-0.255317182800495,5,Reuters
2025-12-26 07:00:00+00:00,-0.8053404131814714,3,Bloomberg Crypto
2025-12-26 08:00:00+00:00,0.023386225380641293,0,Bloomberg Crypto
2025-12-26 09:00:00+00:00,0.9334292433465681,5,Bloomberg Crypto
2025-12-26 10:00:00+00:00,0.36239160145431315,4,Reuters
2025-12-26 11:00:00+00:00,0.0798035969571446,1,Decrypt
2025-12-26 12:00:00+00:00,-0.00670403403859228,0,Decrypt
2025-12-26 13:00:00+00:00,0.09193226504398118,3,CoinDesk
2025-12-26 14:00:00+00:00,0.27432078224056455,4,Bloomberg Crypto
2025-12-26 15:00:00+00:00,-0.3316970380978638,4,CoinDesk
2025-12-26 16:00:00+00:00,0.47035688468275794,1,Bloomberg Crypto
2025-12-26 17:00:00+00:00,0.3294831082228379,2,CoinDesk
2025-12-26 18:00:00+00:00,0.329218543118717,1,CoinTelegraph
2025-12-26 19:00:00+00:00,0.230072497118261,1,Reuters
2025-12-26 20:00:00+00:00,0.08222284935834238,0,Bloomberg Crypto
2025-12-26 21:00:00+00:00,0.30960808673266804,4,Bloomberg Crypto
2025-12-26 22:00:00+00:00,0.2799898634382632,3,Bloomberg Crypto
2025-12-26 23:00:00+00:00,-0.052312419027572776,1,Reuters
2025-12-27 00:00:00+00:00,-0.13041320364279213,5,CoinTelegraph
2025-12-27 01:00:00+00:00,0.10474140441087908,5,Decrypt
2025-12-27 02:00:00+00:00,0.6099917586758024,3,Reuters
2025-12-27 03:00:00+00:00,-0.3671110225776155,7,CoinTelegraph
2025-12-27 04:00:00+00:00,-0.448316873894394,1,CoinDesk
2025-12-27 05:00:00+00:00,0.1217225690647199,3,Bloomberg Crypto
2025-12-27 06:00:00+00:00,0.0806050894385214,5,Bloomberg Crypto
2025-12-27 07:00:00+00:00,0.12220093249022895,2,Decrypt
2025-12-27 08:00:00+00:00,0.14565078580716573,2,CoinDesk
2025-12-27 09:00:00+00:00,-0.019118922184108517,2,CoinTelegraph
2025-12-27 10:00:00+00:00,0.5791876781019779,5,CoinDesk
2025-12-27 11:00:00+00:00,-0.5038483795138067,2,CoinDesk
2025-12-27 12:00:00+00:00,-0.2347744531757818,1,Decrypt
2025-12-27 13:00:00+00:00,0.017790809665502075,3,CoinTelegraph
2025-12-27 14:00:00+00:00,-0.5224566367775297,3,Decrypt
2025-12-27 15:00:00+00:00,-0.01016109829678153,1,CoinTelegraph
2025-12-27 16:00:00+00:00,0.6316300456554425,5,Reuters
2025-12-27 17:00:00+00:00,0.05615237478514183,2,Reuters
2025-12-27 18:00:00+00:00,0.12831313253248006,4,Bloomberg Crypto
2025-12-27 19:00:00+00:00,-0.3947650216111185,5,Decrypt
2025-12-27 20:00:00+00:00,-0.17070987331042128,4,Reuters
2025-12-27 21:00:00+00:00,-0.08757897403741521,5,CoinDesk
2025-12-27 22:00:00+00:00,-0.06873819529956884,4,CoinDesk
2025-12-27 23:00:00+00:00,0.4897589598852989,4,Reuters
2025-12-28 00:00:00+00:00,0.23509628321405254,2,Decrypt
2025-12-28 01:00:00+00:00,-0.35038583169218646,6,Bloomberg Crypto
2025-12-28 02:00:00+00:00,0.12362045161723872,0,CoinDesk
2025-12-28 03:00:00+00:00,0.21044002544368062,1,Bloomberg Crypto
2025-12-28 04:00:00+00:00,0.4338325433610938,0,CoinDesk
2025-12-28 05:00:00+00:00,0.5866869424354392,2,CoinTelegraph
2025-12-28 06:00:00+00:00,-0.32306856314050464,1,Reuters
2025-12-28 07:00:00+00:00,-0.25286961968938765,2,Decrypt
2025-12-28 08:00:00+00:00,-0.4105062090002537,8,CoinDesk
2025-12-28 09:00:00+00:00,-0.053545925742283396,5,Reuters
2025-12-28 10:00:00+00:00,0.19030091406552943,2,Bloomberg Crypto
2025-12-28 11:00:00+00:00,0.37135652042741996,1,Decrypt
2025-12-28 12:00:00+00:00,-0.0020799396757560477,2,Decrypt
2025-12-28 13:00:00+00:00,-0.08873068936915599,5,Reuters
2025-12-28 14:00:00+00:00,0.07504383625648262,5,Reuters
2025-12-28 15:00:00+00:00,-0.27165928752981156,2,Reuters
2025-12-28 16:00:00+00:00,0.7506910874279658,4,CoinTelegraph
2025-12-28 17:00:00+00:00,-0.5446173762815825,1,CoinTelegraph
2025-12-28 18:00:00+00:00,0.08143429964368488,1,Decrypt
2025-12-28 19:00:00+00:00,0.72374807689735,1,Reuters
2025-12-28 20:00:00+00:00,0.016576362092729235,5,CoinTelegraph
2025-12-28 21:00:00+00:00,-0.053606992349163676,2,Decrypt
2025-12-28 22:00:00+00:00,-0.11348921371599716,4,CoinDesk
2025-12-28 23:00:00+00:00,-0.052810605130018694,4,Reuters
2025-12-29 00:00:00+00:00,0.4895330575908581,5,CoinTelegraph
2025-12-29 01:00:00+00:00,-0.7664061368971872,4,Decrypt
2025-12-29 02:00:00+00:00,0.5431566246845807,3,Reuters
2025-12-29 03:00:00+00:00,-0.49322099651079987,3,Decrypt
2025-12-29 04:00:00+00:00,-0.08945522640954219,3,CoinDesk
2025-12-29 05:00:00+00:00,-0.14765344803792507,5,Decrypt
2025-12-29 06:00:00+00:00,0.2072847059086255,4,Decrypt
2025-12-29 07:00:00+00:00,-0.5593435231593115,3,CoinDesk
2025-12-29 08:00:00+00:00,0.16046937163980718,2,Bloomberg Crypto
2025-12-29 09:00:00+00:00,0.705926269083792,4,Reuters
2025-12-29 10:00:00+00:00,-0.48098399042998585,5,CoinDesk
2025-12-29 11:00:00+00:00,0.06123315181688834,1,CoinDesk
2025-12-29 12:00:00+00:00,-0.2381485914596798,5,Reuters
2025-12-29 13:00:00+00:00,0.141314990099423,5,Decrypt
2025-12-29 14:00:00+00:00,-0.002334369358559122,2,CoinTelegraph
2025-12-29 15:00:00+00:00,-0.23484690165233166,2,Reuters
2025-12-29 16:00:00+00:00,0.15913861543722374,2,CoinDesk
2025-12-29 17:00:00+00:00,0.6186151685240014,2,Decrypt
2025-12-29 18:00:00+00:00,-0.0810127436012838,4,Bloomberg Crypto
2025-12-29 19:00:00+00:00,0.2364293795848876,3,Decrypt
2025-12-29 20:00:00+00:00,-0.46942063228508785,1,CoinTelegraph
2025-12-29 21:00:00+00:00,-0.3528167150960408,5,Decrypt
2025-12-29 22:00:00+00:00,0.14598966242333763,2,CoinTelegraph
2025-12-29 23:00:00+00:00,0.49879988194689195,3,Bloomberg Crypto
2025-12-30 00:00:00+00:00,0.10253613310555823,0,Bloomberg Crypto
2025-12-30 01:00:00+00:00,-0.13278625445314263,1,Decrypt
2025-12-30 02:00:00+00:00,-0.024750926700952768,3,Reuters
2025-12-30 03:00:00+00:00,-0.4634321465106347,2,Reuters
2025-12-30 04:00:00+00:00,0.1845048812150662,2,Reuters
2025-12-30 05:00:00+00:00,0.28045554686803387,3,Bloomberg Crypto
2025-12-30 06:00:00+00:00,-0.18787765811143933,2,CoinTelegraph
2025-12-30 07:00:00+00:00,-0.1954452609500554,3,CoinDesk
2025-12-30 08:00:00+00:00,0.06084297637896837,5,Decrypt
2025-12-30 09:00:00+00:00,-0.18634960975071668,3,CoinTelegraph
2025-12-30 10:00:00+00:00,-0.05792679499768763,5,CoinDesk
2025-12-30 11:00:00+00:00,0.6988402127384747,4,Bloomberg Crypto
2025-12-30 12:00:00+00:00,-0.12380277442713511,4,CoinDesk
2025-12-30 13:00:00+00:00,-0.16404350644320176,4,Bloomberg Crypto
2025-12-30 14:00:00+00:00,-0.2665440439325644,2,Bloomberg Crypto
2025-12-30 15:00:00+00:00,0.21928355839099875,2,CoinTelegraph
2025-12-30 16:00:00+00:00,-0.10589054919144889,5,Reuters
2025-12-30 17:00:00+00:00,-0.2710203224884611,5,Reuters
2025-12-30 18:00:00+00:00,0.41743979179215857,1,CoinTelegraph
2025-12-30 19:00:00+00:00,0.45056840538048915,3,Decrypt
2025-12-30 20:00:00+00:00,-0.2577160635394869,8,Bloomberg Crypto
2025-12-30 21:00:00+00:00,-0.7021310868577706,3,Decrypt
2025-12-30 22:00:00+00:00,0.3025143037922873,6,Bloomberg Crypto
2025-12-30 23:00:00+00:00,-0.29100838227044457,1,Bloomberg Crypto
2025-12-31 00:00:00+00:00,0.22405951258054102,3,Reuters
2025-12-31 01:00:00+00:00,-0.7434663119168108,2,Reuters
2025-12-31 02:00:00+00:00,0.25720956290745467,1,Bloomberg Crypto
2025-12-31 03:00:00+00:00,-0.4803781882012464,2,Reuters
2025-12-31 04:00:00+00:00,0.19803196708203466,3,Reuters
2025-12-31 05:00:00+00:00,-0.05400629319532059,4,CoinDesk
2025-12-31 06:00:00+00:00,-0.3941459633280161,2,CoinDesk
2025-12-31 07:00:00+00:00,-0.20399405948495852,2,Bloomberg Crypto
2025-12-31 08:00:00+00:00,0.17741706614593095,3,Reuters
2025-12-31 09:00:00+00:00,-0.026993216041606323,5,CoinDesk
2025-12-31 10:00:00+00:00,0.13922757404641023,3,Decrypt
2025-12-31 11:00:00+00:00,0.6251777506791704,3,Bloomberg Crypto
2025-12-31 12:00:00+00:00,-0.615319269751354,2,Bloomberg Crypto
2025-12-31 13:00:00+00:00,0.4969327001698348,1,Decrypt
2025-12-31 14:00:00+00:00,-0.033822838737997955,3,Bloomberg Crypto
2025-12-31 15:00:00+00:00,-0.38617624671487966,4,Reuters
2025-12-31 16:00:00+00:00,-0.5384646856374266,2,CoinDesk
2025-12-31 17:00:00+00:00,-0.1402987909162421,1,CoinTelegraph
2025-12-31 18:00:00+00:00,0.247220520008115,5,CoinDesk
2025-12-31 19:00:00+00:00,-0.1212481806669927,2,Decrypt
2025-12-31 20:00:00+00:00,0.4510506864656318,2,CoinTelegraph
2025-12-31 21:00:00+00:00,-0.5870111393364473,5,Reuters
2025-12-31 22:00:00+00:00,-0.08457542329477113,1,Reuters
2025-12-31 23:00:00+00:00,-0.5199251528048228,3,CoinDesk
2026-01-01 00:00:00+00:00,0.044442066989498416,6,Bloomberg Crypto
2026-01-01 01:00:00+00:00,0.22634138397429038,4,Bloomberg Crypto
2026-01-01 02:00:00+00:00,-0.2325743839726693,6,Decrypt
2026-01-01 03:00:00+00:00,-0.9980195796836794,0,Bloomberg Crypto
2026-01-01 04:00:00+00:00,-0.018148249311230977,3,Reuters
2026-01-01 05:00:00+00:00,0.06384464732468148,5,CoinTelegraph
2026-01-01 06:00:00+00:00,0.05125722194589394,3,CoinDesk
2026-01-01 07:00:00+00:00,0.3410473997408675,4,CoinDesk
2026-01-01 08:00:00+00:00,-0.46757388618965123,1,CoinDesk
2026-01-01 09:00:00+00:00,0.1441435246269097,7,Bloomberg Crypto
2026-01-01 10:00:00+00:00,0.3222202427905596,2,CoinTelegraph
2026-01-01 11:00:00+00:00,-0.7188865529099897,4,Bloomberg Crypto
2026-01-01 12:00:00+00:00,0.014275513658048244,4,Bloomberg Crypto
2026-01-01 13:00:00+00:00,-0.275285485520044,1,Reuters
2026-01-01 14:00:00+00:00,-0.12857356926103178,3,Reuters
2026-01-01 15:00:00+00:00,0.020429899360183856,3,Bloomberg Crypto
2026-01-01 16:00:00+00:00,-0.27300122819009953,6,Decrypt
2026-01-01 17:00:00+00:00,-0.3401815215077839,4,Decrypt
2026-01-01 18:00:00+00:00,-0.09294089045455947,3,Decrypt
2026-01-01 19:00:00+00:00,-0.4866389152548921,3,Bloomberg Crypto
2026-01-01 20:00:00+00:00,-0.48734826675975246,3,CoinTelegraph
2026-01-01 21:00:00+00:00,0.12926652981584624,3,Decrypt
2026-01-01 22:00:00+00:00,-0.5117946693547102,4,Reuters
2026-01-01 23:00:00+00:00,0.1222920124510226,3,CoinDesk
2026-01-02 00:00:00+00:00,0.04979103806174244,1,CoinDesk
2026-01-02 01:00:00+00:00,-0.7173447446378978,4,Bloomberg Crypto
2026-01-02 02:00:00+00:00,-0.3516543943974767,5,CoinDesk
2026-01-02 03:00:00+00:00,0.30223926919349825,5,Bloomberg Crypto
2026-01-02 04:00:00+00:00,-0.4602970707581246,3,CoinDesk
2026-01-02 05:00:00+00:00,-0.28061857480522556,3,CoinTelegraph
2026-01-02 06:00:00+00:00,0.04245846835339742,5,CoinTelegraph
2026-01-02 07:00:00+00:00,0.15374028148711671,3,CoinTelegraph
2026-01-02 08:00:00+00:00,-0.20966632862357215,2,CoinTelegraph
2026-01-02 09:00:00+00:00,-0.3319353557867607,3,Decrypt
2026-01-02 10:00:00+00:00,0.3738458692596065,1,Reuters
2026-01-02 11:00:00+00:00,0.4834568015454579,4,CoinTelegraph
2026-01-02 12:00:00+00:00,0.2162700565348017,5,Decrypt
2026-01-02 13:00:00+00:00,-0.09763875209310734,3,Bloomberg Crypto
2026-01-02 14:00:00+00:00,-0.41156058394806905,3,CoinDesk
2026-01-02 15:00:00+00:00,-0.4204882200599267,1,CoinDesk
2026-01-02 16:00:00+00:00,0.05188456725619625,2,Decrypt
2026-01-02 17:00:00+00:00,0.014283742005890915,2,CoinDesk
2026-01-02 18:00:00+00:00,0.35724605409986665,6,CoinTelegraph
2026-01-02 19:00:00+00:00,0.09318872986552568,5,CoinDesk
2026-01-02 20:00:00+00:00,-0.661699766795627,4,CoinTelegraph
2026-01-02 21:00:00+00:00,0.23140965815048406,6,CoinTelegraph
2026-01-02 22:00:00+00:00,-0.48724104139567576,4,CoinDesk
2026-01-02 23:00:00+00:00,-0.27345502645417796,1,Decrypt
2026-01-03 00:00:00+00:00,-0.05263769295930748,6,Bloomberg Crypto
2026-01-03 01:00:00+00:00,0.5571357691222287,2,Decrypt
2026-01-03 02:00:00+00:00,0.9459861729817614,2,Reuters
2026-01-03 03:00:00+00:00,0.06873291866292788,3,Reuters
2026-01-03 04:00:00+00:00,-0.20887113908050098,5,CoinTelegraph
2026-01-03 05:00:00+00:00,0.04119516483558561,3,CoinTelegraph
2026-01-03 06:00:00+00:00,0.16367079912712512,3,Decrypt
2026-01-03 07:00:00+00:00,-0.2603663339930101,1,Decrypt
2026-01-03 08:00:00+00:00,0.479069987897159,2,CoinTelegraph
2026-01-03 09:00:00+00:00,-0.06984777831674174,3,Bloomberg Crypto
2026-01-03 10:00:00+00:00,0.022721764765532282,1,Bloomberg Crypto
2026-01-03 11:00:00+00:00,0.08047220506343036,1,Reuters
2026-01-03 12:00:00+00:00,-0.006156109923467518,4,Bloomberg Crypto
2026-01-03 13:00:00+00:00,0.1388104578596088,2,CoinDesk
2026-01-03 14:00:00+00:00,-0.3719617589380776,4,CoinTelegraph
2026-01-03 15:00:00+00:00,-0.35243029609077536,4,Decrypt
2026-01-03 16:00:00+00:00,-0.5431772941328046,1,CoinTelegraph
2026-01-03 17:00:00+00:00,-0.005393583731500312,3,CoinDesk
2026-01-03 18:00:00+00:00,0.11231600874494649,3,Bloomberg Crypto
2026-01-03 19:00:00+00:00,-0.0011810483083297962,1,CoinTelegraph
2026-01-03 20:00:00+00:00,0.42358400547484387,3,CoinDesk
2026-01-03 21:00:00+00:00,-0.16553073815236147,2,Bloomberg Crypto
2026-01-03 22:00:00+00:00,0.06940669197196403,5,Reuters
2026-01-03 23:00:00+00:00,-0.5478259005990457,5,Reuters
2026-01-04 00:00:00+00:00,-0.30229012686315326,6,Reuters
2026-01-04 01:00:00+00:00,0.0755614364249694,3,CoinDesk
2026-01-04 02:00:00+00:00,0.1282405214776249,2,CoinDesk
2026-01-04 03:00:00+00:00,-0.27289895856979873,1,Decrypt
2026-01-04 04:00:00+00:00,-0.19613242595785937,2,Decrypt
2026-01-04 05:00:00+00:00,-0.7033874917095803,1,Reuters
2026-01-04 06:00:00+00:00,-0.29814770524783124,3,CoinTelegraph
2026-01-04 07:00:00+00:00,0.1373940251957849,4,Bloomberg Crypto
2026-01-04 08:00:00+00:00,0.02603230354878791,4,Decrypt
2026-01-04 09:00:00+00:00,-0.0011025732043184466,1,Bloomberg Crypto
2026-01-04 10:00:00+00:00,-0.1599576429457371,1,CoinTelegraph
2026-01-04 11:00:00+00:00,-0.17594590056836706,5,Reuters
2026-01-04 12:00:00+00:00,-0.41056667313748096,3,Bloomberg Crypto
2026-01-04 13:00:00+00:00,0.06410272810341064,0,Reuters
2026-01-04 14:00:00+00:00,-0.03417629035836825,8,Bloomberg Crypto
2026-01-04 15:00:00+00:00,-0.010336464237057807,2,CoinTelegraph
2026-01-04 16:00:00+00:00,-0.3676781153142703,5,Decrypt
2026-01-04 17:00:00+00:00,-0.9382554019439334,3,CoinDesk
2026-01-04 18:00:00+00:00,0.1984020281350426,2,Reuters
2026-01-04 19:00:00+00:00,-0.3542071341352013,7,Decrypt
2026-01-04 20:00:00+00:00,-0.48959468931066585,0,Bloomberg Crypto
2026-01-04 21:00:00+00:00,0.054088774791147515,3,Decrypt
2026-01-04 22:00:00+00:00,-0.32683544732789965,4,CoinDesk
2026-01-04 23:00:00+00:00,0.18034804414926447,4,Reuters
2026-01-05 00:00:00+00:00,0.024327255736386333,4,Reuters
2026-01-05 01:00:00+00:00,0.04663284914919824,8,Decrypt
2026-01-05 02:00:00+00:00,-0.6716889328890516,4,CoinTelegraph
2026-01-05 03:00:00+00:00,0.2295915265747459,2,Bloomberg Crypto
2026-01-05 04:00:00+00:00,-0.1041320128317641,1,Decrypt
2026-01-05 05:00:00+00:00,-0.32579390589889634,2,CoinTelegraph
2026-01-05 06:00:00+00:00,-0.14733451183962665,0,Reuters
2026-01-05 07:00:00+00:00,-0.8201727169870952,4,Bloomberg Crypto
2026-01-05 08:00:00+00:00,-0.05642813537105096,3,Reuters
2026-01-05 09:00:00+00:00,-0.5606991871277847,1,CoinDesk
2026-01-05 10:00:00+00:00,-0.6748125873154962,3,CoinTelegraph
2026-01-05 11:00:00+00:00,-0.7351588008261454,6,CoinDesk
2026-01-05 12:00:00+00:00,0.18615649453246746,4,CoinDesk
2026-01-05 13:00:00+00:00,-0.4244742106355808,1,CoinDesk
2026-01-05 14:00:00+00:00,0.3316288719833919,1,CoinTelegraph
2026-01-05 15:00:00+00:00,-0.3936463422354042,3,Bloomberg Crypto
2026-01-05 16:00:00+00:00,-0.8046273016304225,3,Reuters
2026-01-05 17:00:00+00:00,-0.5987679220481237,7,Bloomberg Crypto
2026-01-05 18:00:00+00:00,0.22362119932336694,5,Bloomberg Crypto
2026-01-05 19:00:00+00:00,-0.26440186039332747,7,Bloomberg Crypto
2026-01-05 20:00:00+00:00,-0.40265879602245724,3,Reuters
2026-01-05 21:00:00+00:00,-0.1556687039836773,2,Reuters
2026-01-05 22:00:00+00:00,-0.036964045820696984,4,CoinTelegraph
2026-01-05 23:00:00+00:00,0.1775925988813289,2,Decrypt
2026-01-06 00:00:00+00:00,0.29257271464963613,6,Reuters
2026-01-06 01:00:00+00:00,-0.3412221001289685,3,Reuters
2026-01-06 02:00:00+00:00,-0.6803168349948714,1,Decrypt
2026-01-06 03:00:00+00:00,-0.3618060178819202,2,Reuters
2026-01-06 04:00:00+00:00,-0.12688408012655916,6,Bloomberg Crypto
2026-01-06 05:00:00+00:00,-0.5561828903996598,4,Reuters
2026-01-06 06:00:00+00:00,-0.5547510416973386,3,CoinTelegraph
2026-01-06 07:00:00+00:00,-0.10029934834673551,4,Reuters
2026-01-06 08:00:00+00:00,-0.23852622925058975,3,Decrypt
2026-01-06 09:00:00+00:00,-0.21088765486052313,4,Bloomberg Crypto
2026-01-06 10:00:00+00:00,-0.48870454910643235,2,Decrypt
2026-01-06 11:00:00+00:00,-0.3047318762809848,7,Reuters
2026-01-06 12:00:00+00:00,-0.5484295208552769,3,Reuters
2026-01-06 13:00:00+00:00,0.0857693956340729,4,CoinTelegraph
2026-01-06 14:00:00+00:00,0.13568927293150954,6,Bloomberg Crypto
2026-01-06 15:00:00+00:00,-0.8736574943269014,4,Reuters
2026-01-06 16:00:00+00:00,-0.5536600786655755,2,CoinTelegraph
2026-01-06 17:00:00+00:00,-0.7529518231186902,6,CoinTelegraph
2026-01-06 18:00:00+00:00,-0.4575060228324618,2,Decrypt
2026-01-06 19:00:00+00:00,-0.2600277374918074,3,Bloomberg Crypto
2026-01-06 20:00:00+00:00,-0.7390228022442347,2,CoinDesk
2026-01-06 21:00:00+00:00,-0.5551161470039715,4,CoinTelegraph
2026-01-06 22:00:00+00:00,-0.5846642243206124,6,CoinDesk
2026-01-06 23:00:00+00:00,-0.16154519003160195,2,Decrypt
2026-01-07 00:00:00+00:00,-0.21062351314043107,2,CoinTelegraph
2026-01-07 01:00:00+00:00,-0.4883031001916526,6,Bloomberg Crypto
2026-01-07 02:00:00+00:00,-0.17460421150036812,2,CoinDesk
2026-01-07 03:00:00+00:00,-0.4286217266325759,1,Bloomberg Crypto
2026-01-07 04:00:00+00:00,-0.33315077129976256,6,CoinDesk
2026-01-07 05:00:00+00:00,0.3468533724697034,4,Decrypt
2026-01-07 06:00:00+00:00,0.22952755626071258,4,CoinTelegraph
2026-01-07 07:00:00+00:00,-0.6952617593770619,2,CoinTelegraph
2026-01-07 08:00:00+00:00,0.049227957707865005,1,Decrypt
2026-01-07 09:00:00+00:00,0.04204481017577405,4,Reuters
2026-01-07 10:00:00+00:00,-0.6445972493759005,5,CoinDesk
2026-01-07 11:00:00+00:00,0.04311045761199314,5,CoinDesk
2026-01-07 12:00:00+00:00,0.2940623433919282,2,Reuters
2026-01-07 13:00:00+00:00,-0.6378520976193194,2,Decrypt
2026-01-07 14:00:00+00:00,-0.566830453355416,3,Bloomberg Crypto
2026-01-07 15:00:00+00:00,0.10973854740450162,7,Bloomberg Crypto
2026-01-07 16:00:00+00:00,-0.15215354293828925,3,Decrypt
2026-01-07 17:00:00+00:00,-0.05488956328333966,5,Bloomberg Crypto
2026-01-07 18:00:00+00:00,-0.12942480041217697,4,Decrypt
2026-01-07 19:00:00+00:00,-0.11260761558489182,2,CoinDesk
2026-01-07 20:00:00+00:00,-0.7143319764604497,0,CoinDesk
2026-01-07 21:00:00+00:00,0.11578355349191594,4,Reuters
2026-01-07 22:00:00+00:00,0.15787258578438845,0,Decrypt
2026-01-07 23:00:00+00:00,-0.332472282114153,1,Bloomberg Crypto
2026-01-08 00:00:00+00:00,-0.2680993936412866,1,Decrypt
2026-01-08 01:00:00+00:00,-0.7894623431004213,6,CoinTelegraph
2026-01-08 02:00:00+00:00,-0.07427311226160699,2,Reuters
2026-01-08 03:00:00+00:00,-0.05472502285830769,7,CoinTelegraph
2026-01-08 04:00:00+00:00,-0.2773901122801515,4,Reuters
2026-01-08 05:00:00+00:00,0.1372270250297279,6,Reuters
2026-01-08 06:00:00+00:00,-0.37389232961328006,5,Reuters
2026-01-08 07:00:00+00:00,-0.060017113419980755,1,CoinTelegraph
2026-01-08 08:00:00+00:00,-0.6151708233089386,4,Reuters
2026-01-08 09:00:00+00:00,-0.2671858912209566,3,Decrypt
2026-01-08 10:00:00+00:00,-0.32061616657495406,5,Decrypt
2026-01-08 11:00:00+00:00,-0.1813791337045494,1,CoinTelegraph
2026-01-08 12:00:00+00:00,-0.3902112418956587,3,CoinDesk
2026-01-08 13:00:00+00:00,-0.30752730409788004,5,CoinDesk
2026-01-08 14:00:00+00:00,0.02697437892120308,3,CoinTelegraph
2026-01-08 15:00:00+00:00,-0.41563499457664876,0,Reuters
2026-01-08 16:00:00+00:00,-0.825690010668804,2,Reuters
2026-01-08 17:00:00+00:00,0.3483507052798368,2,Reuters
2026-01-08 18:00:00+00:00,0.21889452005491433,3,CoinTelegraph
2026-01-08 19:00:00+00:00,-0.7175121962699755,4,Reuters
2026-01-08 20:00:00+00:00,-0.024423454624423163,4,Decrypt
2026-01-08 21:00:00+00:00,-0.4424583664818179,3,Reuters
2026-01-08 22:00:00+00:00,-0.17478774756453191,0,CoinTelegraph
2026-01-08 23:00:00+00:00,-0.16461595878314164,2,Reuters
2026-01-09 00:00:00+00:00,-0.35021830906648976,2,Decrypt
2026-01-09 01:00:00+00:00,-0.5430697701757112,9,CoinTelegraph
2026-01-09 02:00:00+00:00,-0.5110123863709608,3,CoinDesk
2026-01-09 03:00:00+00:00,-0.5905564313141076,5,CoinTelegraph
2026-01-09 04:00:00+00:00,-0.5615882781202207,3,Bloomberg Crypto
2026-01-09 05:00:00+00:00,-0.29451914221467945,4,CoinDesk
2026-01-09 06:00:00+00:00,-0.5220739531561822,2,CoinDesk
2026-01-09 07:00:00+00:00,-0.03338592084137379,0,CoinTelegraph
2026-01-09 08:00:00+00:00,0.24789086316572378,1,Bloomberg Crypto
2026-01-09 09:00:00+00:00,-0.4762000235077799,0,CoinDesk
2026-01-09 10:00:00+00:00,-0.18992085220383603,2,Reuters
2026-01-09 11:00:00+00:00,-0.09934860784957322,5,Bloomberg Crypto
2026-01-09 12:00:00+00:00,-0.10955849165843987,3,Bloomberg Crypto
2026-01-09 13:00:00+00:00,-0.2486907440471874,3,CoinTelegraph
2026-01-09 14:00:00+00:00,-0.01584694448968027,2,CoinTelegraph
2026-01-09 15:00:00+00:00,-0.10750425287676021,1,CoinTelegraph
2026-01-09 16:00:00+00:00,-0.7099737124667005,3,Bloomberg Crypto
2026-01-09 17:00:00+00:00,0.026917405878317813,2,Decrypt
2026-01-09 18:00:00+00:00,0.032774359885204885,2,CoinTelegraph
2026-01-09 19:00:00+00:00,-0.5454126415362623,3,Decrypt
2026-01-09 20:00:00+00:00,-0.2654641810142914,1,CoinDesk
2026-01-09 21:00:00+00:00,-0.04005203182751951,0,Reuters
2026-01-09 22:00:00+00:00,-0.3529466008051304,3,Reuters
2026-01-09 23:00:00+00:00,0.09539114807122662,3,Decrypt
2026-01-10 00:00:00+00:00,0.5467449883228319,5,Bloomberg Crypto
2026-01-10 01:00:00+00:00,-0.5561595153108732,2,Reuters
2026-01-10 02:00:00+00:00,-0.7648788286260801,3,Decrypt
2026-01-10 03:00:00+00:00,-0.175620308920862,3,CoinTelegraph
2026-01-10 04:00:00+00:00,-0.02984831845970387,2,Decrypt
2026-01-10 05:00:00+00:00,-0.3636315738627952,6,CoinDesk
2026-01-10 06:00:00+00:00,0.22538497951210223,5,Decrypt
2026-01-10 07:00:00+00:00,-0.7521909461312797,3,CoinTelegraph
2026-01-10 08:00:00+00:00,-0.0415748078617586,1,Decrypt
2026-01-10 09:00:00+00:00,-0.49655976126926393,3,CoinTelegraph
2026-01-10 10:00:00+00:00,0.31686691433512437,4,CoinTelegraph
2026-01-10 11:00:00+00:00,0.4120634187202954,2,CoinDesk
2026-01-10 12:00:00+00:00,-0.5540430784432908,2,CoinDesk
2026-01-10 13:00:00+00:00,-0.47844929655713664,3,Reuters
2026-01-10 14:00:00+00:00,0.014365733986354268,2,CoinTelegraph
2026-01-10 15:00:00+00:00,-0.4223661754039017,1,CoinTelegraph
2026-01-10 16:00:00+00:00,-0.3031394827827951,1,CoinTelegraph
2026-01-10 17:00:00+00:00,-0.2787293979063452,3,Reuters
2026-01-10 18:00:00+00:00,-0.959865411567103,3,Bloomberg Crypto
2026-01-10 19:00:00+00:00,-0.2931821462946731,3,CoinDesk
2026-01-10 20:00:00+00:00,-0.5300974441587053,0,CoinDesk
2026-01-10 21:00:00+00:00,-0.4616341524091647,4,CoinTelegraph
2026-01-10 22:00:00+00:00,0.21588694850671203,3,Reuters
2026-01-10 23:00:00+00:00,-0.7294993942941961,5,CoinTelegraph
2026-01-11 00:00:00+00:00,-0.005432528719791108,8,CoinDesk
2026-01-11 01:00:00+00:00,-0.3880183605233522,3,Reuters
2026-01-11 02:00:00+00:00,-0.3886190066908638,2,Decrypt
2026-01-11 03:00:00+00:00,-0.014389012937353118,5,CoinDesk
2026-01-11 04:00:00+00:00,-0.17231206246577332,3,Decrypt
2026-01-11 05:00:00+00:00,-0.09192090996188246,0,Bloomberg Crypto
2026-01-11 06:00:00+00:00,0.046929130016522824,4,Decrypt
2026-01-11 07:00:00+00:00,-0.408188070665889,1,Reuters
2026-01-11 08:00:00+00:00,-0.5068022167548709,1,Decrypt
2026-01-11 09:00:00+00:00,-0.6726058494849396,2,Bloomberg Crypto
2026-01-11 10:00:00+00:00,-0.5819752333257887,1,CoinDesk
2026-01-11 11:00:00+00:00,0.7388285464063568,3,Bloomberg Crypto
2026-01-11 12:00:00+00:00,0.14201582926780087,5,Reuters
2026-01-11 13:00:00+00:00,-0.7667601356664544,4,Decrypt
2026-01-11 14:00:00+00:00,-0.757001032968739,3,Decrypt
2026-01-11 15:00:00+00:00,-0.12573881948001073,3,Reuters
2026-01-11 16:00:00+00:00,-0.10309500267811164,4,CoinTelegraph
2026-01-11 17:00:00+00:00,-0.10276862323291708,3,Reuters
2026-01-11 18:00:00+00:00,-0.3843473158758771,3,Reuters
2026-01-11 19:00:00+00:00,-0.3392511360266427,2,Bloomberg Crypto
2026-01-11 20:00:00+00:00,-0.18080819857104308,3,Bloomberg Crypto
2026-01-11 21:00:00+00:00,-0.2657218927864834,4,Reuters
2026-01-11 22:00:00+00:00,-1.0,2,CoinDesk
2026-01-11 23:00:00+00:00,-0.37663470341951366,8,Decrypt
2026-01-12 00:00:00+00:00,-0.5943990516902189,2,Reuters
2026-01-12 01:00:00+00:00,-0.2352792804517228,1,CoinTelegraph
2026-01-12 02:00:00+00:00,0.7480463897200835,8,Decrypt
2026-01-12 03:00:00+00:00,-0.16836116561019937,2,CoinDesk
2026-01-12 04:00:00+00:00,-0.4068951258000061,3,Reuters
2026-01-12 05:00:00+00:00,0.025296306494001886,1,CoinDesk
2026-01-12 06:00:00+00:00,-0.12856243544656248,3,Decrypt
2026-01-12 07:00:00+00:00,-0.15063359116723518,6,CoinTelegraph
2026-01-12 08:00:00+00:00,-0.08542690911183717,3,Decrypt
2026-01-12 09:00:00+00:00,0.42181319291011515,2,Decrypt
2026-01-12 10:00:00+00:00,-0.6939349264949238,2,Reuters
2026-01-12 11:00:00+00:00,-0.13249414518417643,2,Decrypt
2026-01-12 12:00:00+00:00,-0.6226346414669948,4,Reuters
2026-01-12 13:00:00+00:00,-0.10410216711042228,3,Reuters
2026-01-12 14:00:00+00:00,-0.6201966907444756,1,CoinDesk
2026-01-12 15:00:00+00:00,-0.44485408360593326,5,CoinTelegraph
2026-01-12 16:00:00+00:00,-0.4021709224636495,2,Reuters
2026-01-12 17:00:00+00:00,0.04253818124439718,3,Bloomberg Crypto
2026-01-12 18:00:00+00:00,0.022358704402340335,3,CoinDesk
2026-01-12 19:00:00+00:00,-0.7351985736886812,5,Reuters
2026-01-12 20:00:00+00:00,-0.2800621527420286,4,Reuters
2026-01-12 21:00:00+00:00,-0.5477280974218279,6,CoinDesk
2026-01-12 22:00:00+00:00,-0.7399323790779246,4,Decrypt
2026-01-12 23:00:00+00:00,-0.3754865939951989,1,Reuters
2026-01-13 00:00:00+00:00,-0.40756902084607965,4,CoinTelegraph
2026-01-13 01:00:00+00:00,0.5496868555454226,2,Reuters
2026-01-13 02:00:00+00:00,-0.14818629565442534,2,CoinDesk
2026-01-13 03:00:00+00:00,-0.7819411286358879,5,Bloomberg Crypto
2026-01-13 04:00:00+00:00,-0.4974931216817412,2,CoinDesk
2026-01-13 05:00:00+00:00,0.05762026919408225,2,CoinDesk
2026-01-13 06:00:00+00:00,0.4310549759513205,1,CoinTelegraph
2026-01-13 07:00:00+00:00,-0.8550247098772525,4,Decrypt
2026-01-13 08:00:00+00:00,-0.9579290865614005,2,CoinTelegraph
2026-01-13 09:00:00+00:00,0.3548628137837024,4,CoinTelegraph
2026-01-13 10:00:00+00:00,-0.16362392565506328,0,Reuters
2026-01-13 11:00:00+00:00,-0.6038996780775853,3,Bloomberg Crypto
2026-01-13 12:00:00+00:00,-0.11287981985714765,6,CoinDesk
2026-01-13 13:00:00+00:00,-1.0,3,CoinTelegraph
2026-01-13 14:00:00+00:00,-0.2988074604258733,1,CoinTelegraph
2026-01-13 15:00:00+00:00,-0.18523758710134153,4,Decrypt
2026-01-13 16:00:00+00:00,0.023538997075505552,0,Decrypt
2026-01-13 17:00:00+00:00,-0.6547941338963554,2,Bloomberg Crypto
2026-01-13 18:00:00+00:00,-0.2699094880619777,4,CoinDesk
2026-01-13 19:00:00+00:00,-0.6237625033270627,1,CoinTelegraph
2026-01-13 20:00:00+00:00,-0.21043790573590043,3,Reuters
2026-01-13 21:00:00+00:00,-0.6131462161989635,5,Decrypt
2026-01-13 22:00:00+00:00,-0.4425575282367462,2,CoinTelegraph
2026-01-13 23:00:00+00:00,-0.6481993028520903,1,Reuters
2026-01-14 00:00:00+00:00,-0.07170236024826285,5,CoinTelegraph
2026-01-14 01:00:00+00:00,0.0009272644831634924,1,Bloomberg Crypto
2026-01-14 02:00:00+00:00,-0.3815728598266524,2,Bloomberg Crypto
2026-01-14 03:00:00+00:00,-0.2859918500236078,2,Reuters
2026-01-14 04:00:00+00:00,-0.8062960867137161,2,Decrypt
2026-01-14 05:00:00+00:00,-0.4040843187348222,2,Bloomberg Crypto
2026-01-14 06:00:00+00:00,-0.3166719669421152,1,Decrypt
2026-01-14 07:00:00+00:00,0.6182799113342402,2,Reuters
2026-01-14 08:00:00+00:00,-0.6880779115013396,3,Reuters
2026-01-14 09:00:00+00:00,0.21368633471919934,3,CoinTelegraph
2026-01-14 10:00:00+00:00,0.05024415898869017,0,Reuters
2026-01-14 11:00:00+00:00,-0.20030885175866156,5,CoinTelegraph
2026-01-14 12:00:00+00:00,0.31711592349484025,7,Decrypt
2026-01-14 13:00:00+00:00,-0.1680284566557836,3,CoinTelegraph
2026-01-14 14:00:00+00:00,-0.1619182556470784,1,Decrypt
2026-01-14 15:00:00+00:00,-0.31656928333636514,3,Bloomberg Crypto
2026-01-14 16:00:00+00:00,0.13042449210919754,1,Decrypt
2026-01-14 17:00:00+00:00,0.08609756900842952,3,CoinDesk
2026-01-14 18:00:00+00:00,-0.5164902465934613,3,CoinTelegraph
2026-01-14 19:00:00+00:00,-0.7590707373076051,1,Bloomberg Crypto
2026-01-14 20:00:00+00:00,-0.36820295872814685,5,Decrypt
2026-01-14 21:00:00+00:00,-0.5769932460653822,4,Reuters
2026-01-14 22:00:00+00:00,-0.3190278623064843,0,CoinTelegraph
2026-01-14 23:00:00+00:00,0.13650007006974657,3,Decrypt
2026-01-15 00:00:00+00:00,-0.4564623789794858,1,Bloomberg Crypto
2026-01-15 01:00:00+00:00,-0.3111930161772472,11,Reuters
2026-01-15 02:00:00+00:00,-0.27568942268455887,0,CoinTelegraph
2026-01-15 03:00:00+00:00,0.0011663637827004636,4,Bloomberg Crypto
2026-01-15 04:00:00+00:00,-1.0,3,Reuters
2026-01-15 05:00:00+00:00,-0.5076872481934817,3,CoinDesk
2026-01-15 06:00:00+00:00,-0.22116349583426753,0,Reuters
2026-01-15 07:00:00+00:00,0.12514966915540665,1,CoinTelegraph
2026-01-15 08:00:00+00:00,-0.46680353838757194,4,CoinDesk
2026-01-15 09:00:00+00:00,-0.9511853881961387,7,Decrypt
2026-01-15 10:00:00+00:00,-0.07724174202034198,1,CoinDesk
2026-01-15 11:00:00+00:00,-0.5162609435826173,0,CoinDesk
2026-01-15 12:00:00+00:00,-0.7100053546717011,2,CoinDesk
2026-01-15 13:00:00+00:00,-0.5118753888513254,4,Reuters
2026-01-15 14:00:00+00:00,-0.35766542301270193,2,CoinDesk
2026-01-15 15:00:00+00:00,-0.504463797778085,3,CoinDesk
2026-01-15 16:00:00+00:00,-1.0,3,Decrypt
2026-01-15 17:00:00+00:00,0.02174303235877001,1,CoinDesk
2026-01-15 18:00:00+00:00,0.15427076327757416,3,Reuters
2026-01-15 19:00:00+00:00,-0.06360276201989151,2,Bloomberg Crypto
2026-01-15 20:00:00+00:00,-0.6895200002135708,4,Bloomberg Crypto
2026-01-15 21:00:00+00:00,-0.36154121343708356,4,Reuters
2026-01-15 22:00:00+00:00,-0.29298540804763223,2,Reuters
2026-01-15 23:00:00+00:00,-0.08080329856055071,1,CoinDesk
2026-01-16 00:00:00+00:00,-0.05613517303025503,3,Reuters
2026-01-16 01:00:00+00:00,-0.5466828108689301,2,CoinDesk
2026-01-16 02:00:00+00:00,-0.260685807962627,5,CoinTelegraph
2026-01-16 03:00:00+00:00,-0.12899302295391035,3,Decrypt
2026-01-16 04:00:00+00:00,0.2208450895151235,3,Decrypt
2026-01-16 05:00:00+00:00,-0.04176164622303721,7,Decrypt
2026-01-16 06:00:00+00:00,-0.011809966316491782,4,CoinTelegraph
2026-01-16 07:00:00+00:00,-0.2582760253209127,2,Decrypt
2026-01-16 08:00:00+00:00,0.20641514431471453,4,CoinDesk
2026-01-16 09:00:00+00:00,-0.14345346939174775,3,Bloomberg Crypto
2026-01-16 10:00:00+00:00,-0.5878707950173263,3,Decrypt
2026-01-16 11:00:00+00:00,0.20507519055468293,6,Decrypt
2026-01-16 12:00:00+00:00,-0.04144712733045969,2,CoinDesk
2026-01-16 13:00:00+00:00,-0.4403823622835149,0,CoinDesk
2026-01-16 14:00:00+00:00,-0.4527378914271648,3,Decrypt
2026-01-16 15:00:00+00:00,-0.18070703320438491,3,Reuters
2026-01-16 16:00:00+00:00,-0.1219816475791681,1,CoinTelegraph
2026-01-16 17:00:00+00:00,-0.2146266232572206,3,Bloomberg Crypto
2026-01-16 18:00:00+00:00,-0.1742982169452503,0,Bloomberg Crypto
2026-01-16 19:00:00+00:00,0.31215673808460676,2,CoinTelegraph
2026-01-16 20:00:00+00:00,0.09264490802835584,4,Decrypt
2026-01-16 21:00:00+00:00,-0.21523436043981026,6,Decrypt
2026-01-16 22:00:00+00:00,0.04794548574635982,3,Decrypt
2026-01-16 23:00:00+00:00,-0.6424477701232685,3,Decrypt
2026-01-17 00:00:00+00:00,-0.14133591731256145,0,Decrypt
2026-01-17 01:00:00+00:00,0.353106053759711,7,Bloomberg Crypto
2026-01-17 02:00:00+00:00,-0.35600282733968497,3,Decrypt
2026-01-17 03:00:00+00:00,-0.5758890543280735,4,CoinDesk
2026-01-17 04:00:00+00:00,-0.5069735344285237,5,Reuters
2026-01-17 05:00:00+00:00,-0.659634068143595,2,Decrypt
2026-01-17 06:00:00+00:00,-0.5524441010028514,0,CoinDesk
2026-01-17 07:00:00+00:00,-0.40696505116443815,1,Bloomberg Crypto
2026-01-17 08:00:00+00:00,-0.768740321364671,1,CoinDesk
2026-01-17 09:00:00+00:00,-0.27082496943262946,2,CoinTelegraph
2026-01-17 10:00:00+00:00,0.04001121990974332,2,CoinTelegraph
2026-01-17 11:00:00+00:00,-0.5929897508692403,3,CoinDesk
2026-01-17 12:00:00+00:00,0.2569900867944328,2,Decrypt
2026-01-17 13:00:00+00:00,-0.09546116547094224,3,Decrypt
2026-01-17 14:00:00+00:00,0.0869907775772017,3,Decrypt
2026-01-17 15:00:00+00:00,-0.503423482876513,6,CoinDesk
2026-01-17 16:00:00+00:00,0.026438538271464418,4,CoinTelegraph
2026-01-17 17:00:00+00:00,-0.6542810089791504,4,CoinTelegraph
2026-01-17 18:00:00+00:00,0.04002866832535856,1,Bloomberg Crypto
2026-01-17 19:00:00+00:00,-0.2108629717696695,0,CoinTelegraph
2026-01-17 20:00:00+00:00,-0.07681257824489116,4,CoinTelegraph
2026-01-17 21:00:00+00:00,-0.6813473728643712,2,Reuters
2026-01-17 22:00:00+00:00,-0.5825974628570818,7,CoinTelegraph
2026-01-17 23:00:00+00:00,-0.059721910831788155,3,CoinDesk
2026-01-18 00:00:00+00:00,-0.6000973804342474,1,Decrypt
2026-01-18 01:00:00+00:00,-0.1054722017031717,1,CoinDesk
2026-01-18 02:00:00+00:00,-0.7455065051914891,4,Decrypt
2026-01-18 03:00:00+00:00,0.030443777644485637,3,Decrypt
2026-01-18 04:00:00+00:00,-0.6972043466292197,4,Bloomberg Crypto
2026-01-18 05:00:00+00:00,-0.07191527479517598,3,CoinTelegraph
2026-01-18 06:00:00+00:00,-0.04564358071065602,2,Bloomberg Crypto
2026-01-18 07:00:00+00:00,-0.5078737976424119,0,Decrypt
2026-01-18 08:00:00+00:00,-0.05967872693061227,1,Reuters
2026-01-18 09:00:00+00:00,-0.1716127193765284,3,Reuters
2026-01-18 10:00:00+00:00,-0.45073678075078294,3,Bloomberg Crypto
2026-01-18 11:00:00+00:00,-0.6145060350394695,3,Bloomberg Crypto
2026-01-18 12:00:00+00:00,-0.947795808889386,1,CoinTelegraph
2026-01-18 13:00:00+00:00,-0.13785938986398655,6,Bloomberg Crypto
2026-01-18 14:00:00+00:00,-0.8072731462856813,2,Bloomberg Crypto
2026-01-18 15:00:00+00:00,-0.2255721686105158,2,CoinDesk
2026-01-18 16:00:00+00:00,-0.35049518039548566,5,Bloomberg Crypto
2026-01-18 17:00:00+00:00,-0.019929216079372536,4,Bloomberg Crypto
2026-01-18 18:00:00+00:00,-0.36268122359175375,4,CoinDesk
2026-01-18 19:00:00+00:00,-0.37160337614643013,2,Decrypt
2026-01-18 20:00:00+00:00,0.0005314901705104069,8,Decrypt
2026-01-18 21:00:00+00:00,-0.13767481727881736,5,CoinDesk
2026-01-18 22:00:00+00:00,-0.14360769185387723,5,CoinTelegraph
2026-01-18 23:00:00+00:00,-0.0893310607729349,7,Bloomberg Crypto
2026-01-19 00:00:00+00:00,-0.7903327043289219,2,CoinTelegraph
2026-01-19 01:00:00+00:00,0.012690516305100041,2,Reuters
2026-01-19 02:00:00+00:00,-0.03711983366057159,3,CoinTelegraph
2026-01-19 03:00:00+00:00,-0.6066167388273653,6,Bloomberg Crypto
2026-01-19 04:00:00+00:00,-0.33549489733754156,2,Decrypt
2026-01-19 05:00:00+00:00,-0.2631087385794136,6,Bloomberg Crypto
2026-01-19 06:00:00+00:00,-0.29570490069295774,6,Bloomberg Crypto
2026-01-19 07:00:00+00:00,-0.1310552713181858,4,Bloomberg Crypto
2026-01-19 08:00:00+00:00,0.25380147191364777,5,CoinTelegraph
2026-01-19 09:00:00+00:00,0.1321753886947656,4,Decrypt
2026-01-19 10:00:00+00:00,-0.7049811837014164,2,Decrypt
2026-01-19 11:00:00+00:00,-0.027236918826657935,2,CoinTelegraph
2026-01-19 12:00:00+00:00,0.22091283378492763,6,CoinTelegraph
2026-01-19 13:00:00+00:00,-0.10807873546098762,5,CoinTelegraph
2026-01-19 14:00:00+00:00,0.1391380505026041,2,Reuters
2026-01-19 15:00:00+00:00,0.46235067209898406,2,Reuters
2026-01-19 16:00:00+00:00,0.11711995258759694,4,Bloomberg Crypto
2026-01-19 17:00:00+00:00,-0.1531503179777982,3,Reuters
2026-01-19 18:00:00+00:00,0.12614715406375407,3,CoinTelegraph
2026-01-19 19:00:00+00:00,-0.18814411755087312,6,CoinTelegraph
2026-01-19 20:00:00+00:00,-0.22970541753591,3,CoinTelegraph
2026-01-19 21:00:00+00:00,-0.3602786795268396,4,Decrypt
2026-01-19 22:00:00+00:00,0.3107031588420799,4,Decrypt
2026-01-19 23:00:00+00:00,-0.5221449896033149,4,Reuters
2026-01-20 00:00:00+00:00,0.30143467253422135,4,CoinDesk
2026-01-20 01:00:00+00:00,-0.05913631201210287,5,CoinDesk
2026-01-20 02:00:00+00:00,-0.7230363052727676,0,CoinTelegraph
2026-01-20 03:00:00+00:00,-0.10378795986311487,3,Decrypt
2026-01-20 04:00:00+00:00,-0.9666562530278178,1,Bloomberg Crypto
2026-01-20 05:00:00+00:00,-0.011896642174319128,3,Reuters
2026-01-20 06:00:00+00:00,0.07983337325609896,10,Decrypt
2026-01-20 07:00:00+00:00,-0.4364911683153819,3,CoinTelegraph
2026-01-20 08:00:00+00:00,-0.18508958401377876,3,CoinTelegraph
2026-01-20 09:00:00+00:00,0.45646335926903125,2,CoinDesk
2026-01-20 10:00:00+00:00,-0.4036593407134822,2,CoinTelegraph
2026-01-20 11:00:00+00:00,-0.5964177037294127,1,CoinTelegraph
2026-01-20 12:00:00+00:00,0.2936342705005386,4,Bloomberg Crypto
2026-01-20 13:00:00+00:00,0.4628138903768114,4,Reuters
2026-01-20 14:00:00+00:00,-0.221937696814662,5,Bloomberg Crypto
2026-01-20 15:00:00+00:00,0.13164545913834572,6,CoinDesk
2026-01-20 16:00:00+00:00,0.24801866423487634,2,Decrypt
2026-01-20 17:00:00+00:00,-0.48049458827763036,2,CoinDesk
2026-01-20 18:00:00+00:00,-0.3896052638628277,2,CoinTelegraph
2026-01-20 19:00:00+00:00,0.21193881337821063,2,Reuters
2026-01-20 20:00:00+00:00,0.37177274011740835,1,CoinTelegraph
2026-01-20 21:00:00+00:00,-0.020084910427749958,2,Reuters
2026-01-20 22:00:00+00:00,-0.5241351685918776,4,Reuters
2026-01-20 23:00:00+00:00,0.4801683149920158,4,Reuters
2026-01-21 00:00:00+00:00,-0.40024183004707614,3,Decrypt
2026-01-21 01:00:00+00:00,-0.33079521009454066,2,CoinDesk
2026-01-21 02:00:00+00:00,-0.09276976140797076,2,Decrypt
2026-01-21 03:00:00+00:00,0.3322810642180174,2,Decrypt
2026-01-21 04:00:00+00:00,0.08813334954253077,1,Decrypt
2026-01-21 05:00:00+00:00,-0.06463457298882574,2,Bloomberg Crypto
2026-01-21 06:00:00+00:00,-0.046761882137724614,3,Bloomberg Crypto
2026-01-21 07:00:00+00:00,-0.19275423404088046,2,Bloomberg Crypto
2026-01-21 08:00:00+00:00,-0.011703186391414544,3,Decrypt
2026-01-21 09:00:00+00:00,-1.0,5,CoinTelegraph
2026-01-21 10:00:00+00:00,-0.3089884371618128,5,Bloomberg Crypto
2026-01-21 11:00:00+00:00,-0.11976934562223195,1,Bloomberg Crypto
2026-01-21 12:00:00+00:00,-0.6061393659808344,3,Decrypt
2026-01-21 13:00:00+00:00,-0.06711992441583778,6,CoinDesk
2026-01-21 14:00:00+00:00,-0.2729429146154023,3,CoinTelegraph
2026-01-21 15:00:00+00:00,0.4139973351463613,3,Reuters
2026-01-21 16:00:00+00:00,0.35110028443591335,1,Reuters
2026-01-21 17:00:00+00:00,-0.3615223346640407,2,CoinTelegraph
2026-01-21 18:00:00+00:00,-0.2503136744577581,0,Decrypt
2026-01-21 19:00:00+00:00,-0.22242855512566326,2,CoinDesk
2026-01-21 20:00:00+00:00,-0.35365051541948184,4,CoinDesk
2026-01-21 21:00:00+00:00,-0.12633012390065046,5,Reuters
2026-01-21 22:00:00+00:00,-0.45900315807952186,6,CoinDesk
2026-01-21 23:00:00+00:00,-0.5883317811991037,6,Reuters
2026-01-22 00:00:00+00:00,0.02632410174963562,6,Bloomberg Crypto
2026-01-22 01:00:00+00:00,0.029705664210580462,3,Decrypt
2026-01-22 02:00:00+00:00,-0.47114153923720226,3,CoinDesk
2026-01-22 03:00:00+00:00,0.1247455563881594,5,Decrypt
2026-01-22 04:00:00+00:00,-0.40867537710344026,2,Bloomberg Crypto
2026-01-22 05:00:00+00:00,-0.09800619121896703,4,CoinTelegraph
2026-01-22 06:00:00+00:00,0.10151898343560814,4,CoinTelegraph
2026-01-22 07:00:00+00:00,-0.19634977763529812,4,CoinTelegraph
2026-01-22 08:00:00+00:00,-0.024406601131220368,5,Reuters
2026-01-22 09:00:00+00:00,-0.3632934363951883,4,Reuters
2026-01-22 10:00:00+00:00,-0.2502801250944889,6,CoinTelegraph
2026-01-22 11:00:00+00:00,-0.2525380197755963,3,Bloomberg Crypto
2026-01-22 12:00:00+00:00,-0.44075669561085873,0,Reuters
2026-01-22 13:00:00+00:00,-0.2402889631787532,2,CoinTelegraph
2026-01-22 14:00:00+00:00,-0.719394838061385,5,Decrypt
2026-01-22 15:00:00+00:00,-0.34823938718747866,1,CoinTelegraph
2026-01-22 16:00:00+00:00,-0.27499587476789566,2,CoinTelegraph
2026-01-22 17:00:00+00:00,-0.26390299540952344,7,Decrypt
2026-01-22 18:00:00+00:00,-0.25771159102029123,2,Reuters
2026-01-22 19:00:00+00:00,-0.1937491503223428,5,Decrypt
2026-01-22 20:00:00+00:00,-0.003268156477414269,4,Reuters
2026-01-22 21:00:00+00:00,0.1360704490590473,2,Bloomberg Crypto
2026-01-22 22:00:00+00:00,-0.39636304667936917,2,Reuters
2026-01-22 23:00:00+00:00,-0.588997078109254,1,CoinDesk
2026-01-23 00:00:00+00:00,-0.5315207752821995,0,Reuters
2026-01-23 01:00:00+00:00,-0.33625161636851086,2,CoinDesk
2026-01-23 02:00:00+00:00,-0.2878253487211942,3,Reuters
2026-01-23 03:00:00+00:00,-0.43307075473130585,3,Decrypt
2026-01-23 04:00:00+00:00,-0.6161291786842578,2,Reuters
2026-01-23 05:00:00+00:00,-0.32104384107745587,3,CoinTelegraph
2026-01-23 06:00:00+00:00,-0.09681245044440409,2,Reuters
2026-01-23 07:00:00+00:00,0.04904129859386744,5,Decrypt
2026-01-23 08:00:00+00:00,-0.3532213811806245,2,Decrypt
2026-01-23 09:00:00+00:00,-0.30157391995986726,3,Reuters
2026-01-23 10:00:00+00:00,-0.4802675517432135,1,Reuters
2026-01-23 11:00:00+00:00,-0.16582242693592794,4,Reuters
2026-01-23 12:00:00+00:00,-0.4506614456053123,0,Bloomberg Crypto
2026-01-23 13:00:00+00:00,0.04799345147878825,1,CoinDesk
2026-01-23 14:00:00+00:00,-0.7765415885933952,6,Reuters
2026-01-23 15:00:00+00:00,-0.276242929392095,3,Reuters
2026-01-23 16:00:00+00:00,-0.04386641795504474,4,CoinDesk
2026-01-23 17:00:00+00:00,-0.08379058433511676,5,CoinTelegraph
2026-01-23 18:00:00+00:00,0.7955531824644557,8,Bloomberg Crypto
2026-01-23 19:00:00+00:00,-0.023451803533839577,7,Bloomberg Crypto
2026-01-23 20:00:00+00:00,-0.4961714314230695,3,CoinTelegraph
2026-01-23 21:00:00+00:00,-0.17703263851591233,3,CoinDesk
2026-01-23 22:00:00+00:00,-0.7641715383333737,1,CoinDesk
2026-01-23 23:00:00+00:00,-0.16955776455602578,7,Decrypt
2026-01-24 00:00:00+00:00,-0.4317773850976663,8,CoinDesk
2026-01-24 01:00:00+00:00,0.18132151517520095,1,Bloomberg Crypto
2026-01-24 02:00:00+00:00,-0.33025891794406864,5,Decrypt
2026-01-24 03:00:00+00:00,-0.17764007858087444,3,Reuters
2026-01-24 04:00:00+00:00,-0.3580669056712327,5,Reuters
2026-01-24 05:00:00+00:00,0.47412917062654225,2,Reuters
2026-01-24 06:00:00+00:00,-0.24574842157265342,3,Decrypt
2026-01-24 07:00:00+00:00,0.5092393299125719,4,Bloomberg Crypto
2026-01-24 08:00:00+00:00,0.15395774715457372,6,CoinDesk
2026-01-24 09:00:00+00:00,0.03889067680225555,1,Decrypt
2026-01-24 10:00:00+00:00,0.0003890201873863186,7,Bloomberg Crypto
2026-01-24 11:00:00+00:00,0.010328952384821566,3,CoinDesk
2026-01-24 12:00:00+00:00,-0.8010156640097909,4,CoinTelegraph
2026-01-24 13:00:00+00:00,-0.2227672687364602,6,Bloomberg Crypto
2026-01-24 14:00:00+00:00,0.17182170757964116,2,CoinTelegraph
2026-01-24 15:00:00+00:00,-0.1399208018606238,0,Reuters
2026-01-24 16:00:00+00:00,-0.6134441648892506,1,Reuters
2026-01-24 17:00:00+00:00,-0.13878795446390674,4,Bloomberg Crypto
2026-01-24 18:00:00+00:00,0.47717408640465486,3,CoinTelegraph
2026-01-24 19:00:00+00:00,0.31833501744021164,3,Decrypt
2026-01-24 20:00:00+00:00,-0.13859053813734784,4,CoinDesk
2026-01-24 21:00:00+00:00,0.217308225097248,5,Reuters
2026-01-24 22:00:00+00:00,-0.2427842232088163,1,Reuters
2026-01-24 23:00:00+00:00,-0.7096674449505413,7,Reuters
2026-01-25 00:00:00+00:00,-0.43567901028248524,6,Reuters
2026-01-25 01:00:00+00:00,0.43609370611066695,2,Bloomberg Crypto
2026-01-25 02:00:00+00:00,-0.20561433568943732,3,Bloomberg Crypto
2026-01-25 03:00:00+00:00,-0.19369851200018695,4,CoinTelegraph
2026-01-25 04:00:00+00:00,-0.212252840346146,1,Decrypt
2026-01-25 05:00:00+00:00,0.5603449696976404,4,CoinTelegraph
2026-01-25 06:00:00+00:00,0.4641913838013533,7,Decrypt
2026-01-25 07:00:00+00:00,0.6728893879056262,1,Bloomberg Crypto
2026-01-25 08:00:00+00:00,-0.15813705439037493,3,Reuters
2026-01-25 09:00:00+00:00,0.0022117011832491623,1,CoinTelegraph
2026-01-25 10:00:00+00:00,-0.6308655259727333,4,Decrypt
2026-01-25 11:00:00+00:00,0.41810450447403674,4,CoinDesk
2026-01-25 12:00:00+00:00,-0.5063254683573717,2,Decrypt
2026-01-25 13:00:00+00:00,-0.020509451190789424,6,CoinTelegraph
2026-01-25 14:00:00+00:00,-0.47921327124822777,3,Bloomberg Crypto
2026-01-25 15:00:00+00:00,-0.30003550163929193,4,Reuters
2026-01-25 16:00:00+00:00,-0.38574694917987945,2,CoinDesk
2026-01-25 17:00:00+00:00,-0.3042327086334234,5,CoinTelegraph
2026-01-25 18:00:00+00:00,-0.278938888392843,3,Bloomberg Crypto
2026-01-25 19:00:00+00:00,-0.28090792400582454,4,Decrypt
2026-01-25 20:00:00+00:00,0.20388676843310266,3,Bloomberg Crypto
2026-01-25 21:00:00+00:00,-0.4732467074360653,3,Bloomberg Crypto
2026-01-25 22:00:00+00:00,-0.008118256729448034,6,Reuters
2026-01-25 23:00:00+00:00,0.3422165007471804,1,CoinTelegraph
2026-01-26 00:00:00+00:00,-0.2624478195089297,4,Bloomberg Crypto
2026-01-26 01:00:00+00:00,-0.3328590590218925,1,Decrypt
2026-01-26 02:00:00+00:00,-0.16102791036174058,1,Decrypt
2026-01-26 03:00:00+00:00,0.3338041751078461,4,Reuters
2026-01-26 04:00:00+00:00,-0.009915868287265331,3,Bloomberg Crypto
2026-01-26 05:00:00+00:00,-0.262530991647516,1,Decrypt
2026-01-26 06:00:00+00:00,0.09399980875036794,2,Decrypt
2026-01-26 07:00:00+00:00,-0.45990890658702926,2,Reuters
2026-01-26 08:00:00+00:00,0.16562091202625084,2,Bloomberg Crypto
2026-01-26 09:00:00+00:00,0.07141072789383308,3,Reuters
2026-01-26 10:00:00+00:00,-0.17808038176973268,4,Bloomberg Crypto
2026-01-26 11:00:00+00:00,-0.3625967305257146,7,Decrypt
2026-01-26 12:00:00+00:00,-0.37817302845169687,2,CoinTelegraph
2026-01-26 13:00:00+00:00,0.12060961381981875,7,Decrypt
2026-01-26 14:00:00+00:00,0.3648262067522116,0,CoinTelegraph
2026-01-26 15:00:00+00:00,-0.2871139860920172,3,Bloomberg Crypto
2026-01-26 16:00:00+00:00,0.09764095245410435,6,Bloomberg Crypto
2026-01-26 17:00:00+00:00,-0.79199080647131,2,CoinDesk
2026-01-26 18:00:00+00:00,-0.26488337226921055,1,Bloomberg Crypto
2026-01-26 19:00:00+00:00,-0.06987249344288898,2,Bloomberg Crypto
2026-01-26 20:00:00+00:00,-0.3761246705348909,6,CoinDesk
2026-01-26 21:00:00+00:00,-0.38424524412933236,3,CoinTelegraph
2026-01-26 22:00:00+00:00,-0.28892235026141444,2,Bloomberg Crypto
2026-01-26 23:00:00+00:00,0.04833747919656139,6,Reuters
2026-01-27 00:00:00+00:00,-0.11822460356865994,3,Bloomberg Crypto
2026-01-27 01:00:00+00:00,-0.8347688749181836,1,Bloomberg Crypto
2026-01-27 02:00:00+00:00,-0.7923605410729093,3,Decrypt
2026-01-27 03:00:00+00:00,-0.26124491613156664,4,Bloomberg Crypto
2026-01-27 04:00:00+00:00,0.11262248958780233,5,Bloomberg Crypto
2026-01-27 05:00:00+00:00,-1.0,5,Reuters
2026-01-27 06:00:00+00:00,-0.2199221811564671,1,CoinDesk
2026-01-27 07:00:00+00:00,-0.22792650885706017,2,CoinDesk
2026-01-27 08:00:00+00:00,0.44345613380784366,7,CoinDesk
2026-01-27 09:00:00+00:00,-0.17594126573348215,3,Decrypt
2026-01-27 10:00:00+00:00,0.09414173269906596,3,Bloomberg Crypto
2026-01-27 11:00:00+00:00,0.010815545794837358,2,CoinTelegraph
2026-01-27 12:00:00+00:00,-0.7830420470985572,2,CoinTelegraph
2026-01-27 13:00:00+00:00,0.2328101123513016,2,Reuters
2026-01-27 14:00:00+00:00,0.04060839703105023,4,Decrypt
2026-01-27 15:00:00+00:00,0.14439632174959782,6,Decrypt
2026-01-27 16:00:00+00:00,1.0,10,Bloomberg Crypto
2026-01-27 17:00:00+00:00,-0.7603700380587366,3,CoinTelegraph
2026-01-27 18:00:00+00:00,0.5739977857965259,3,Decrypt
2026-01-27 19:00:00+00:00,-0.12896765673528454,2,Reuters
2026-01-27 20:00:00+00:00,0.0734896335317403,2,CoinTelegraph
2026-01-27 21:00:00+00:00,-0.041718725476669105,6,Decrypt
2026-01-27 22:00:00+00:00,-0.17298563528844219,1,Bloomberg Crypto
2026-01-27 23:00:00+00:00,-0.22265746865360497,4,Bloomberg Crypto
2026-01-28 00:00:00+00:00,0.09339951848112966,6,Bloomberg Crypto
2026-01-28 01:00:00+00:00,-0.5516515218757841,2,Bloomberg Crypto
2026-01-28 02:00:00+00:00,0.24335017379782267,3,CoinTelegraph
2026-01-28 03:00:00+00:00,-0.1637320249195769,1,CoinTelegraph
2026-01-28 04:00:00+00:00,-0.4122993656943066,5,Decrypt
2026-01-28 05:00:00+00:00,-0.1729904004655111,1,Reuters
2026-01-28 06:00:00+00:00,0.42580580940517043,3,CoinDesk
2026-01-28 07:00:00+00:00,-0.2002739503570375,3,CoinDesk
2026-01-28 08:00:00+00:00,0.11384208210571416,4,Bloomberg Crypto
2026-01-28 09:00:00+00:00,-0.2661611799872397,2,Decrypt
2026-01-28 10:00:00+00:00,0.25623655601919426,2,CoinDesk
2026-01-28 11:00:00+00:00,0.23218217650843112,4,CoinDesk
2026-01-28 12:00:00+00:00,0.6405582624228772,0,CoinDesk
2026-01-28 13:00:00+00:00,-0.06661138777147635,3,CoinDesk
2026-01-28 14:00:00+00:00,0.23015609284276428,3,CoinDesk
2026-01-28 15:00:00+00:00,0.03174153977202347,7,Decrypt
2026-01-28 16:00:00+00:00,0.4522640621631814,3,CoinDesk
2026-01-28 17:00:00+00:00,-0.2515913356630558,2,CoinDesk
2026-01-28 18:00:00+00:00,0.2620429209959212,2,Decrypt
2026-01-28 19:00:00+00:00,-0.06556195457423229,1,CoinTelegraph
2026-01-28 20:00:00+00:00,-0.01859277316547203,1,CoinTelegraph
2026-01-28 21:00:00+00:00,0.0372773764036806,3,CoinTelegraph
2026-01-28 22:00:00+00:00,0.09473896798020312,2,CoinDesk
2026-01-28 23:00:00+00:00,-0.032934633024545884,3,Decrypt
2026-01-29 00:00:00+00:00,0.08418570556375651,6,CoinTelegraph
2026-01-29 01:00:00+00:00,0.5626678036335878,2,Bloomberg Crypto
2026-01-29 02:00:00+00:00,0.35652407423297855,3,Bloomberg Crypto
2026-01-29 03:00:00+00:00,0.31711077727527237,2,Decrypt
2026-01-29 04:00:00+00:00,-0.1452424176116255,3,CoinDesk
2026-01-29 05:00:00+00:00,-0.295748389712938,1,CoinTelegraph
2026-01-29 06:00:00+00:00,0.351130292413394,1,CoinDesk
2026-01-29 07:00:00+00:00,0.3246803605951657,1,CoinTelegraph
2026-01-29 08:00:00+00:00,0.534787271347638,1,Reuters
2026-01-29 09:00:00+00:00,-0.19075249104853462,3,Reuters
2026-01-29 10:00:00+00:00,-0.05841349040669877,6,CoinDesk
2026-01-29 11:00:00+00:00,-0.5506035131138634,5,Bloomberg Crypto
2026-01-29 12:00:00+00:00,-0.11286196852217938,3,CoinDesk
2026-01-29 13:00:00+00:00,0.37458911832404007,3,CoinTelegraph
2026-01-29 14:00:00+00:00,-0.13619789972055715,4,CoinDesk
2026-01-29 15:00:00+00:00,0.2525289532654476,2,CoinDesk
2026-01-29 16:00:00+00:00,-0.037030045479372796,3,CoinTelegraph
2026-01-29 17:00:00+00:00,0.1443504691117761,5,Bloomberg Crypto
2026-01-29 18:00:00+00:00,-0.36947758243623496,6,Reuters
2026-01-29 19:00:00+00:00,0.06332100950837359,1,CoinTelegraph
2026-01-29 20:00:00+00:00,-1.0,4,CoinDesk
2026-01-29 21:00:00+00:00,-0.029351241886889083,3,Decrypt
2026-01-29 22:00:00+00:00,-0.5333218561342628,4,CoinDesk
2026-01-29 23:00:00+00:00,0.4607225340271595,2,CoinDesk
2026-01-30 00:00:00+00:00,0.3119969854278371,5,Decrypt
2026-01-30 01:00:00+00:00,0.2045184753221074,1,CoinDesk
2026-01-30 02:00:00+00:00,0.5748142680708958,4,Decrypt
2026-01-30 03:00:00+00:00,-0.28838102321273107,5,CoinDesk
2026-01-30 04:00:00+00:00,0.656593738773841,1,Bloomberg Crypto
2026-01-30 05:00:00+00:00,0.37255969369041847,1,Reuters
2026-01-30 06:00:00+00:00,-0.03522653499569104,4,Bloomberg Crypto
2026-01-30 07:00:00+00:00,0.4463091553955849,1,CoinTelegraph
2026-01-30 08:00:00+00:00,-0.33708724169343657,4,CoinTelegraph
2026-01-30 09:00:00+00:00,-0.2371920132802426,3,CoinDesk
2026-01-30 10:00:00+00:00,-0.16034695600746715,4,CoinTelegraph
2026-01-30 11:00:00+00:00,-0.13121222210473693,5,CoinTelegraph
2026-01-30 12:00:00+00:00,-0.3145956694687849,4,CoinDesk
2026-01-30 13:00:00+00:00,0.48454708643633665,3,CoinDesk
2026-01-30 14:00:00+00:00,-0.03286356553819271,5,Reuters
2026-01-30 15:00:00+00:00,0.18237860586298033,6,Decrypt
2026-01-30 16:00:00+00:00,-0.1393558117055978,4,CoinDesk
2026-01-30 17:00:00+00:00,-0.5756798052313957,2,Reuters
2026-01-30 18:00:00+00:00,0.15731446922591202,1,Bloomberg Crypto
2026-01-30 19:00:00+00:00,-0.6052329667649835,1,CoinTelegraph
2026-01-30 20:00:00+00:00,0.04129505298904519,1,Decrypt
2026-01-30 21:00:00+00:00,-0.4123338096902346,2,Bloomberg Crypto
2026-01-30 22:00:00+00:00,0.7633813053832689,2,CoinDesk
2026-01-30 23:00:00+00:00,0.38806865383033606,3,Bloomberg Crypto
2026-01-31 00:00:00+00:00,0.10736124381614058,5,Reuters
2026-01-31 01:00:00+00:00,0.5138991669809188,4,CoinDesk
2026-01-31 02:00:00+00:00,-0.2233556754842274,2,CoinDesk
2026-01-31 03:00:00+00:00,0.2643244366788129,4,Decrypt
2026-01-31 04:00:00+00:00,0.14529067096699538,3,Reuters
2026-01-31 05:00:00+00:00,0.16901301700164018,1,CoinTelegraph
2026-01-31 06:00:00+00:00,0.5231772641583085,2,Bloomberg Crypto
2026-01-31 07:00:00+00:00,0.33547188379133247,1,Decrypt
2026-01-31 08:00:00+00:00,0.18139757353741015,3,Decrypt
2026-01-31 09:00:00+00:00,-0.49762315541967256,4,CoinDesk
2026-01-31 10:00:00+00:00,-0.253187111418572,7,Bloomberg Crypto
2026-01-31 11:00:00+00:00,0.041121075801261266,4,Decrypt
2026-01-31 12:00:00+00:00,0.11798808718112856,2,CoinDesk
2026-01-31 13:00:00+00:00,-0.30902657377169085,2,CoinDesk
2026-01-31 14:00:00+00:00,0.9318669371424513,3,Reuters
2026-01-31 15:00:00+00:00,0.6197517651207972,3,CoinDesk
2026-01-31 16:00:00+00:00,0.3009873544280689,1,CoinTelegraph
2026-01-31 17:00:00+00:00,0.11668926884619701,3,Reuters
2026-01-31 18:00:00+00:00,0.018431958847081,3,Reuters
2026-01-31 19:00:00+00:00,-0.23923934872703492,3,CoinTelegraph
2026-01-31 20:00:00+00:00,0.12227556805833346,3,CoinTelegraph
2026-01-31 21:00:00+00:00,0.18659428755767155,3,Decrypt
2026-01-31 22:00:00+00:00,-0.3370135760049747,5,Decrypt
2026-01-31 23:00:00+00:00,0.21578429070307253,3,CoinTelegraph
2026-02-01 00:00:00+00:00,0.04569996658679362,2,Decrypt
2026-02-01 01:00:00+00:00,-0.566475775378853,4,CoinTelegraph
2026-02-01 02:00:00+00:00,-0.19866352302246945,3,CoinTelegraph
2026-02-01 03:00:00+00:00,-0.04107824289635573,1,CoinDesk
2026-02-01 04:00:00+00:00,0.7655849166444346,1,Decrypt
2026-02-01 05:00:00+00:00,0.3008964302397265,4,Reuters
2026-02-01 06:00:00+00:00,-0.3601090775350249,3,Reuters
2026-02-01 07:00:00+00:00,0.2786268205151028,2,Decrypt
2026-02-01 08:00:00+00:00,-0.4318396390792473,5,Decrypt
2026-02-01 09:00:00+00:00,0.48985923172767715,7,Decrypt
2026-02-01 10:00:00+00:00,-0.05277771369911706,1,Decrypt
2026-02-01 11:00:00+00:00,0.08053972350247914,4,CoinDesk
2026-02-01 12:00:00+00:00,0.5785355927197638,2,CoinTelegraph
2026-02-01 13:00:00+00:00,-0.3348082271314059,3,Decrypt
2026-02-01 14:00:00+00:00,-0.37210222993031095,2,Decrypt
2026-02-01 15:00:00+00:00,-0.08618268122416187,0,CoinTelegraph
2026-02-01 16:00:00+00:00,0.4826954421415271,3,CoinTelegraph
2026-02-01 17:00:00+00:00,-0.41132472965510314,4,CoinTelegraph
2026-02-01 18:00:00+00:00,-0.8696267408307005,0,Bloomberg Crypto
2026-02-01 19:00:00+00:00,-0.03509881279846344,0,Reuters
2026-02-01 20:00:00+00:00,0.31709286230369327,1,Decrypt
2026-02-01 21:00:00+00:00,0.5452496931922849,3,CoinDesk
2026-02-01 22:00:00+00:00,-0.035776215491062996,1,CoinDesk
2026-02-01 23:00:00+00:00,-0.01649921049973513,2,CoinTelegraph
2026-02-02 00:00:00+00:00,0.5325328383632564,5,CoinDesk
2026-02-02 01:00:00+00:00,-0.5245769171282683,3,Reuters
2026-02-02 02:00:00+00:00,-0.004986901727234427,5,Decrypt
2026-02-02 03:00:00+00:00,0.19880399677891855,3,CoinDesk
2026-02-02 04:00:00+00:00,0.2905400058811456,5,Reuters
2026-02-02 05:00:00+00:00,-0.04396354009468589,4,Reuters
2026-02-02 06:00:00+00:00,0.14767601527673527,7,Bloomberg Crypto
2026-02-02 07:00:00+00:00,-0.7341425656420089,2,Bloomberg Crypto
2026-02-02 08:00:00+00:00,-0.09246712248121616,4,CoinDesk
2026-02-02 09:00:00+00:00,0.2977931306649185,2,Reuters
2026-02-02 10:00:00+00:00,-0.2035951468417373,3,CoinTelegraph
2026-02-02 11:00:00+00:00,0.1619923298585178,2,Bloomberg Crypto
2026-02-02 12:00:00+00:00,0.2988906969010592,1,Reuters
2026-02-02 13:00:00+00:00,0.023727931734518315,8,Bloomberg Crypto
2026-02-02 14:00:00+00:00,0.204414642377165,2,Decrypt
2026-02-02 15:00:00+00:00,-0.1910745857170078,1,Reuters
2026-02-02 16:00:00+00:00,0.0746946520351011,5,Reuters
2026-02-02 17:00:00+00:00,0.3617083244042209,3,Decrypt
2026-02-02 18:00:00+00:00,0.20419452301110572,1,Bloomberg Crypto
2026-02-02 19:00:00+00:00,-0.05491340031364497,1,Decrypt
2026-02-02 20:00:00+00:00,0.2299640579182332,3,CoinDesk
2026-02-02 21:00:00+00:00,0.4027147098784474,5,CoinTelegraph
2026-02-02 22:00:00+00:00,-0.5637680238635907,1,Bloomberg Crypto
2026-02-02 23:00:00+00:00,0.5604946400393196,1,Reuters
2026-02-03 00:00:00+00:00,0.038233985108279314,4,CoinDesk
2026-02-03 01:00:00+00:00,0.3059461588437452,5,Bloomberg Crypto
2026-02-03 02:00:00+00:00,0.5771597358685412,5,CoinTelegraph
2026-02-03 03:00:00+00:00,-0.32086677958208354,6,Reuters
2026-02-03 04:00:00+00:00,-0.0879925833653479,4,Decrypt
2026-02-03 05:00:00+00:00,0.06040950790499268,0,CoinTelegraph
2026-02-03 06:00:00+00:00,-0.11182538619675586,2,Bloomberg Crypto
2026-02-03 07:00:00+00:00,0.770799933105078,3,Reuters
2026-02-03 08:00:00+00:00,-0.13521734535396213,5,Bloomberg Crypto
2026-02-03 09:00:00+00:00,-0.028710778870117665,1,CoinTelegraph
2026-02-03 10:00:00+00:00,0.2383413920581547,4,Reuters
2026-02-03 11:00:00+00:00,-0.25287555540357837,3,CoinTelegraph
2026-02-03 12:00:00+00:00,0.03045696816778315,3,Bloomberg Crypto
2026-02-03 13:00:00+00:00,0.2811191683248962,7,Reuters
2026-02-03 14:00:00+00:00,0.054571546273657026,5,Reuters
2026-02-03 15:00:00+00:00,0.1394462797563151,1,Reuters
2026-02-03 16:00:00+00:00,-0.012078754391411817,3,Bloomberg Crypto
2026-02-03 17:00:00+00:00,-0.3558245261771286,5,CoinDesk
2026-02-03 18:00:00+00:00,0.28784707605724374,5,Bloomberg Crypto
2026-02-03 19:00:00+00:00,0.7905621507642764,6,Decrypt
2026-02-03 20:00:00+00:00,0.18381900423327643,2,CoinDesk
2026-02-03 21:00:00+00:00,0.2572604471248711,4,Bloomberg Crypto
2026-02-03 22:00:00+00:00,0.42190723861267526,6,Decrypt
2026-02-03 23:00:00+00:00,-0.2637784548238682,1,CoinTelegraph
2026-02-04 00:00:00+00:00,0.7773969512400161,1,Decrypt
2026-02-04 01:00:00+00:00,0.2533581397825182,1,Reuters
2026-02-04 02:00:00+00:00,0.7547158350618052,3,CoinDesk
2026-02-04 03:00:00+00:00,-0.07197616844439839,4,Bloomberg Crypto
2026-02-04 04:00:00+00:00,0.8219230938739895,2,Bloomberg Crypto
2026-02-04 05:00:00+00:00,0.4579184474444339,2,Reuters
2026-02-04 06:00:00+00:00,0.3811872019438991,3,CoinDesk
2026-02-04 07:00:00+00:00,0.27053740340235166,5,CoinDesk
2026-02-04 08:00:00+00:00,0.102646007030147,5,Reuters
2026-02-04 09:00:00+00:00,0.6108157707329085,2,CoinDesk
2026-02-04 10:00:00+00:00,0.24075078106227418,5,Reuters
2026-02-04 11:00:00+00:00,-0.49585798228453437,1,Decrypt
2026-02-04 12:00:00+00:00,-0.1974108276285862,1,Reuters
2026-02-04 13:00:00+00:00,0.12954285504303265,4,Bloomberg Crypto
2026-02-04 14:00:00+00:00,0.3040693428715575,3,CoinTelegraph
2026-02-04 15:00:00+00:00,0.1767409360477617,4,Decrypt
2026-02-04 16:00:00+00:00,0.6241602518371967,4,Bloomberg Crypto
2026-02-04 17:00:00+00:00,-0.48439526694083546,5,Decrypt
2026-02-04 18:00:00+00:00,0.24971239716609178,0,Bloomberg Crypto
2026-02-04 19:00:00+00:00,-0.4358735696214445,6,CoinDesk
2026-02-04 20:00:00+00:00,0.46727729068971813,3,Reuters
2026-02-04 21:00:00+00:00,0.16927253559518257,4,Bloomberg Crypto
2026-02-04 22:00:00+00:00,0.35014792692244767,1,Bloomberg Crypto
2026-02-04 23:00:00+00:00,-0.09812701336331342,1,CoinDesk
2026-02-05 00:00:00+00:00,0.6529885525675956,3,CoinTelegraph
2026-02-05 01:00:00+00:00,0.5707194625876979,6,CoinTelegraph
2026-02-05 02:00:00+00:00,0.41129252252705184,6,Reuters
2026-02-05 03:00:00+00:00,0.1626533316638887,2,CoinDesk
2026-02-05 04:00:00+00:00,0.4118629175323578,7,Decrypt
2026-02-05 05:00:00+00:00,-0.037574900680078294,1,Bloomberg Crypto
2026-02-05 06:00:00+00:00,0.5102027229079962,2,Reuters
2026-02-05 07:00:00+00:00,0.7889933960455253,4,CoinTelegraph
2026-02-05 08:00:00+00:00,0.5873016994720528,3,Decrypt
2026-02-05 09:00:00+00:00,-0.04186387774806133,7,CoinDesk
2026-02-05 10:00:00+00:00,0.340898076858474,2,Bloomberg Crypto
2026-02-05 11:00:00+00:00,-0.23729646621273823,1,Bloomberg Crypto
2026-02-05 12:00:00+00:00,0.4165367537776445,1,CoinTelegraph
2026-02-05 13:00:00+00:00,0.3748044059906621,6,CoinTelegraph
2026-02-05 14:00:00+00:00,-0.4364534614056881,1,Reuters
2026-02-05 15:00:00+00:00,-0.18775707914338124,1,Bloomberg Crypto
2026-02-05 16:00:00+00:00,0.12064960762375473,1,Bloomberg Crypto
2026-02-05 17:00:00+00:00,0.11532419538990622,3,Bloomberg Crypto
2026-02-05 18:00:00+00:00,-0.20181902119565,4,Bloomberg Crypto
2026-02-05 19:00:00+00:00,0.3585091585278427,2,Decrypt
2026-02-05 20:00:00+00:00,0.31124694509058726,3,CoinDesk
2026-02-05 21:00:00+00:00,0.15609743011648447,4,Decrypt
2026-02-05 22:00:00+00:00,-0.039579104694056705,3,CoinDesk
2026-02-05 23:00:00+00:00,0.5928475425053992,3,Decrypt
2026-02-06 00:00:00+00:00,0.8060404838027071,2,Reuters
2026-02-06 01:00:00+00:00,0.05824522319728068,3,CoinDesk
2026-02-06 02:00:00+00:00,0.01407285659404478,4,Bloomberg Crypto
2026-02-06 03:00:00+00:00,0.4010892667313613,3,CoinDesk
2026-02-06 04:00:00+00:00,0.1046873628786022,3,Bloomberg Crypto
2026-02-06 05:00:00+00:00,0.18203542783304916,2,Reuters
2026-02-06 06:00:00+00:00,0.4905255784533838,4,CoinDesk
2026-02-06 07:00:00+00:00,-0.43580941821744057,4,CoinTelegraph
2026-02-06 08:00:00+00:00,0.6946849577905221,2,Bloomberg Crypto
2026-02-06 09:00:00+00:00,0.2595269388365018,6,CoinDesk
2026-02-06 10:00:00+00:00,0.09087143050635563,1,Decrypt
2026-02-06 11:00:00+00:00,0.2044630025461068,3,CoinDesk
2026-02-06 12:00:00+00:00,0.22334179100633894,3,Bloomberg Crypto
2026-02-06 13:00:00+00:00,-0.36863675917869076,4,CoinTelegraph
2026-02-06 14:00:00+00:00,0.7612998622942765,4,CoinTelegraph
2026-02-06 15:00:00+00:00,0.253318830429501,6,Decrypt
2026-02-06 16:00:00+00:00,0.39468455752249043,1,Reuters
2026-02-06 17:00:00+00:00,0.5734507461533178,4,CoinTelegraph
2026-02-06 18:00:00+00:00,-0.11622847159625904,2,Reuters
2026-02-06 19:00:00+00:00,0.40765914855861307,4,Bloomberg Crypto
2026-02-06 20:00:00+00:00,0.1490307164979064,5,CoinDesk
2026-02-06 21:00:00+00:00,0.5398314890279807,4,Reuters
2026-02-06 22:00:00+00:00,-0.5003157690705582,2,Bloomberg Crypto
2026-02-06 23:00:00+00:00,0.2102784103493303,5,Bloomberg Crypto
2026-02-07 00:00:00+00:00,0.03471723647603722,2,Bloomberg Crypto
2026-02-07 01:00:00+00:00,0.3977349987126783,5,Decrypt
2026-02-07 02:00:00+00:00,0.4116923673061368,1,Decrypt
2026-02-07 03:00:00+00:00,0.00023719642946365416,2,Reuters
2026-02-07 04:00:00+00:00,-0.0006298263092643919,4,Bloomberg Crypto
2026-02-07 05:00:00+00:00,0.21061830891467695,2,Reuters
2026-02-07 06:00:00+00:00,-0.06375804800875218,3,CoinTelegraph
2026-02-07 07:00:00+00:00,0.5454719372338352,1,Reuters
2026-02-07 08:00:00+00:00,0.1222613914087258,4,CoinDesk
2026-02-07 09:00:00+00:00,-0.7652603550722312,1,Bloomberg Crypto
2026-02-07 10:00:00+00:00,0.12169474138880262,2,Reuters
2026-02-07 11:00:00+00:00,-0.10991562008947164,0,Decrypt
2026-02-07 12:00:00+00:00,-0.3166842585434817,1,CoinDesk
2026-02-07 13:00:00+00:00,-0.17815419591964232,3,Reuters
2026-02-07 14:00:00+00:00,0.2939162214719321,4,Reuters
2026-02-07 15:00:00+00:00,0.7213209408118286,0,Reuters
2026-02-07 16:00:00+00:00,0.36657986462304387,8,Decrypt
2026-02-07 17:00:00+00:00,0.04535300160723191,3,Reuters
2026-02-07 18:00:00+00:00,0.4178547730764439,3,CoinTelegraph
2026-02-07 19:00:00+00:00,0.0982610298383261,3,CoinTelegraph
2026-02-07 20:00:00+00:00,0.016482047101860936,1,CoinTelegraph
2026-02-07 21:00:00+00:00,-0.14379002746266567,4,Reuters
2026-02-07 22:00:00+00:00,-0.35226326555911874,3,CoinDesk
2026-02-07 23:00:00+00:00,0.12503859831699046,3,Decrypt
2026-02-08 00:00:00+00:00,0.31746085255537027,3,CoinTelegraph
2026-02-08 01:00:00+00:00,0.2289492270380612,3,CoinTelegraph
2026-02-08 02:00:00+00:00,0.11779960062869077,2,CoinDesk
2026-02-08 03:00:00+00:00,-0.06700746005181302,2,CoinTelegraph
2026-02-08 04:00:00+00:00,0.47750057457649486,3,Decrypt
2026-02-08 05:00:00+00:00,-0.19577591899829572,3,CoinDesk
2026-02-08 06:00:00+00:00,0.5374309563054576,5,Bloomberg Crypto
2026-02-08 07:00:00+00:00,-0.08435875983550578,1,Decrypt
2026-02-08 08:00:00+00:00,0.00365593985684054,1,Decrypt
2026-02-08 09:00:00+00:00,-0.24578041277762247,3,Reuters
2026-02-08 10:00:00+00:00,0.09268482754580398,2,Bloomberg Crypto
2026-02-08 11:00:00+00:00,0.6101111476877651,4,Bloomberg Crypto
2026-02-08 12:00:00+00:00,0.44979284901565486,3,CoinDesk
2026-02-08 13:00:00+00:00,0.6123370001054851,3,CoinTelegraph
2026-02-08 14:00:00+00:00,0.4532003963164426,1,Bloomberg Crypto
2026-02-08 15:00:00+00:00,-0.11527769928822418,2,CoinDesk
2026-02-08 16:00:00+00:00,0.155781728452774,5,Bloomberg Crypto
2026-02-08 17:00:00+00:00,-0.0009655513503213919,2,Decrypt
2026-02-08 18:00:00+00:00,0.7383465076155147,3,Bloomberg Crypto
2026-02-08 19:00:00+00:00,-0.14569463722094422,2,CoinTelegraph
2026-02-08 20:00:00+00:00,0.5865066186774068,3,CoinDesk
2026-02-08 21:00:00+00:00,0.5867722509936693,1,CoinTelegraph
2026-02-08 22:00:00+00:00,0.9151263570808164,4,Reuters
2026-02-08 23:00:00+00:00,0.13188478039749388,2,CoinTelegraph
2026-02-09 00:00:00+00:00,0.5250985467686395,3,CoinTelegraph
2026-02-09 01:00:00+00:00,1.0,1,CoinDesk
2026-02-09 02:00:00+00:00,0.060617277725352414,1,Decrypt
2026-02-09 03:00:00+00:00,-0.2599768699783981,1,Bloomberg Crypto
2026-02-09 04:00:00+00:00,-0.3802260787095624,3,Bloomberg Crypto
2026-02-09 05:00:00+00:00,0.5277117151752247,0,CoinDesk
2026-02-09 06:00:00+00:00,-0.3803601493995522,2,CoinDesk
2026-02-09 07:00:00+00:00,0.1489055107831206,2,Decrypt
2026-02-09 08:00:00+00:00,0.43274637941599015,3,Decrypt
2026-02-09 09:00:00+00:00,0.34496260653734745,5,Reuters
2026-02-09 10:00:00+00:00,0.42951608725840457,3,Bloomberg Crypto
2026-02-09 11:00:00+00:00,0.3588658534189282,5,Bloomberg Crypto
2026-02-09 12:00:00+00:00,0.7291162521819466,5,Reuters
2026-02-09 13:00:00+00:00,-0.0513539158760104,1,CoinDesk
2026-02-09 14:00:00+00:00,0.04544689679336808,5,Bloomberg Crypto
2026-02-09 15:00:00+00:00,0.012397537172337714,3,CoinTelegraph
2026-02-09 16:00:00+00:00,0.5738233868021734,0,CoinDesk
2026-02-09 17:00:00+00:00,0.5988184221664148,4,CoinDesk
2026-02-09 18:00:00+00:00,0.4420251876843003,2,Decrypt
2026-02-09 19:00:00+00:00,0.698731257415126,6,Reuters
2026-02-09 20:00:00+00:00,-0.1273989507443038,1,CoinDesk
2026-02-09 21:00:00+00:00,0.868845393931444,2,Decrypt
2026-02-09 22:00:00+00:00,0.8188467903184093,1,CoinTelegraph
2026-02-09 23:00:00+00:00,0.543571998025145,2,CoinTelegraph
2026-02-10 00:00:00+00:00,0.9101196445264473,4,Bloomberg Crypto
2026-02-10 01:00:00+00:00,-0.2929476747096492,5,Reuters
2026-02-10 02:00:00+00:00,0.10368870881458342,1,Reuters
2026-02-10 03:00:00+00:00,0.030259133857505505,6,Decrypt
2026-02-10 04:00:00+00:00,0.5404975702129935,7,Bloomberg Crypto
2026-02-10 05:00:00+00:00,-0.07921032369906089,2,Reuters
2026-02-10 06:00:00+00:00,0.5538160255043645,2,Bloomberg Crypto
2026-02-10 07:00:00+00:00,0.7687288149680941,6,Decrypt
2026-02-10 08:00:00+00:00,0.5327052677367727,4,Bloomberg Crypto
2026-02-10 09:00:00+00:00,0.3890348395779817,5,CoinDesk
2026-02-10 10:00:00+00:00,-0.055701325233679044,2,CoinDesk
2026-02-10 11:00:00+00:00,-0.006016503236658366,1,CoinDesk
2026-02-10 12:00:00+00:00,0.728069564571155,5,CoinDesk
2026-02-10 13:00:00+00:00,0.5637913279223183,6,CoinTelegraph
2026-02-10 14:00:00+00:00,0.2776731837827445,3,CoinTelegraph
2026-02-10 15:00:00+00:00,0.1453671179706566,2,Reuters
2026-02-10 16:00:00+00:00,-0.4170972544190034,2,CoinTelegraph
2026-02-10 17:00:00+00:00,-0.08256820998782749,4,Bloomberg Crypto
2026-02-10 18:00:00+00:00,0.9615160401760615,5,Bloomberg Crypto
2026-02-10 19:00:00+00:00,-0.15535628466115292,4,CoinTelegraph
2026-02-10 20:00:00+00:00,0.35939948526053267,7,Bloomberg Crypto
2026-02-10 21:00:00+00:00,0.6459598930700163,2,Reuters
2026-02-10 22:00:00+00:00,-0.14560090981072787,3,Decrypt
2026-02-10 23:00:00+00:00,0.358532773667026,4,CoinTelegraph
2026-02-11 00:00:00+00:00,0.6224111862372188,2,CoinDesk
2026-02-11 01:00:00+00:00,0.29876670374902037,2,Bloomberg Crypto
2026-02-11 02:00:00+00:00,1.0,3,Bloomberg Crypto
2026-02-11 03:00:00+00:00,-0.2891317750133737,1,Decrypt
2026-02-11 04:00:00+00:00,0.6656677735914405,2,Reuters
2026-02-11 05:00:00+00:00,0.2348615369368651,3,Bloomberg Crypto
2026-02-11 06:00:00+00:00,0.5657380862196544,3,CoinDesk
2026-02-11 07:00:00+00:00,0.45024194808388507,4,Decrypt
2026-02-11 08:00:00+00:00,0.039392710878998316,6,Bloomberg Crypto
2026-02-11 09:00:00+00:00,0.37635357007896486,2,CoinDesk
2026-02-11 10:00:00+00:00,-0.3538587082902913,5,Bloomberg Crypto
2026-02-11 11:00:00+00:00,0.5077399022696898,2,CoinDesk
2026-02-11 12:00:00+00:00,0.40114972428779383,2,Decrypt
2026-02-11 13:00:00+00:00,0.5205108075512916,3,Reuters
2026-02-11 14:00:00+00:00,0.6675011494201694,4,CoinTelegraph
2026-02-11 15:00:00+00:00,0.42600116327143517,3,CoinTelegraph
2026-02-11 16:00:00+00:00,0.34933449289918356,4,Reuters
2026-02-11 17:00:00+00:00,-0.010707255006072669,4,Bloomberg Crypto
2026-02-11 18:00:00+00:00,0.048547349460154154,5,Decrypt
2026-02-11 19:00:00+00:00,0.7133341718422901,3,CoinDesk
2026-02-11 20:00:00+00:00,0.8008413661279459,2,Decrypt
2026-02-11 21:00:00+00:00,0.21492671935896657,5,Reuters
2026-02-11 22:00:00+00:00,0.3145022075121022,4,Bloomberg Crypto
2026-02-11 23:00:00+00:00,-0.018083437917608913,1,Bloomberg Crypto
2026-02-12 00:00:00+00:00,0.7091213075679482,0,Reuters
2026-02-12 01:00:00+00:00,0.5316715871362762,3,Decrypt
2026-02-12 02:00:00+00:00,0.9783155552426945,5,CoinTelegraph
2026-02-12 03:00:00+00:00,-0.008415406486657617,4,Decrypt
2026-02-12 04:00:00+00:00,0.16679758632112848,9,Bloomberg Crypto
2026-02-12 05:00:00+00:00,0.38020356481639694,1,Bloomberg Crypto
2026-02-12 06:00:00+00:00,0.5255604297959954,2,Reuters
2026-02-12 07:00:00+00:00,0.22389147511794627,3,Decrypt
2026-02-12 08:00:00+00:00,-0.006080721317237525,7,CoinTelegraph
2026-02-12 09:00:00+00:00,0.608023261469919,4,Decrypt
2026-02-12 10:00:00+00:00,0.5519974217774963,6,Bloomberg Crypto
2026-02-12 11:00:00+00:00,-0.02103202052179365,3,Decrypt
2026-02-12 12:00:00+00:00,0.7741272149175924,4,Bloomberg Crypto
2026-02-12 13:00:00+00:00,0.7093445515907163,2,Bloomberg Crypto
2026-02-12 14:00:00+00:00,0.3468259942586389,1,CoinDesk
2026-02-12 15:00:00+00:00,0.32772313603781994,1,CoinTelegraph
2026-02-12 16:00:00+00:00,0.4938202144437208,2,Reuters
2026-02-12 17:00:00+00:00,-0.0016655239957231172,1,CoinTelegraph
2026-02-12 18:00:00+00:00,0.31046656947016354,3,Decrypt
2026-02-12 19:00:00+00:00,-0.4533592430167917,1,CoinDesk
2026-02-12 20:00:00+00:00,0.606748363660907,2,Bloomberg Crypto
2026-02-12 21:00:00+00:00,-0.24652540593379374,2,CoinTelegraph
2026-02-12 22:00:00+00:00,0.8261969399501496,2,Bloomberg Crypto
2026-02-12 23:00:00+00:00,0.18445518903259944,5,Bloomberg Crypto
2026-02-13 00:00:00+00:00,0.22590544405896773,2,CoinDesk
2026-02-13 01:00:00+00:00,0.08026813046684442,5,CoinTelegraph
2026-02-13 02:00:00+00:00,0.19914194589000814,5,CoinDesk
2026-02-13 03:00:00+00:00,0.79641652139578,3,Bloomberg Crypto
2026-02-13 04:00:00+00:00,-0.5708330352341244,4,CoinTelegraph
2026-02-13 05:00:00+00:00,0.7468017693370729,2,Bloomberg Crypto
2026-02-13 06:00:00+00:00,0.41813043860750926,0,Bloomberg Crypto
2026-02-13 07:00:00+00:00,-0.12268257337812039,1,CoinTelegraph
2026-02-13 08:00:00+00:00,-0.07663710303656418,5,Reuters
2026-02-13 09:00:00+00:00,0.886401474198381,5,CoinDesk
2026-02-13 10:00:00+00:00,-0.03132736309341311,5,Decrypt
2026-02-13 11:00:00+00:00,-0.10414205236191643,2,Bloomberg Crypto
2026-02-13 12:00:00+00:00,0.6975157501692129,10,CoinDesk
2026-02-13 13:00:00+00:00,0.41786865495968767,0,CoinDesk
2026-02-13 14:00:00+00:00,-0.02898486019576385,4,CoinTelegraph
2026-02-13 15:00:00+00:00,0.37501623332406336,1,CoinTelegraph
2026-02-13 16:00:00+00:00,-0.059913088296592476,3,CoinTelegraph
2026-02-13 17:00:00+00:00,0.6842851599741628,3,CoinDesk
2026-02-13 18:00:00+00:00,0.670369290185979,4,CoinTelegraph
2026-02-13 19:00:00+00:00,0.48497786843183377,1,Decrypt
2026-02-13 20:00:00+00:00,0.4252377831607984,0,CoinDesk
2026-02-13 21:00:00+00:00,0.9149474370337901,4,CoinTelegraph
2026-02-13 22:00:00+00:00,0.2982914605593352,3,Bloomberg Crypto
2026-02-13 23:00:00+00:00,-0.11539057182909479,5,CoinDesk
2026-02-14 00:00:00+00:00,0.4554398436221609,4,Reuters
2026-02-14 01:00:00+00:00,1.0,2,Reuters
2026-02-14 02:00:00+00:00,-0.05734120587772612,4,CoinDesk
2026-02-14 03:00:00+00:00,0.17115469448248474,0,CoinDesk
2026-02-14 04:00:00+00:00,0.44325930930529545,1,Reuters
2026-02-14 05:00:00+00:00,0.27846752204602776,4,Bloomberg Crypto
2026-02-14 06:00:00+00:00,-0.046646517492393236,0,Bloomberg Crypto
2026-02-14 07:00:00+00:00,0.6896299982068708,6,Bloomberg Crypto
2026-02-14 08:00:00+00:00,1.0,4,Decrypt
2026-02-14 09:00:00+00:00,0.3652492877280697,6,Decrypt
2026-02-14 10:00:00+00:00,-0.020017101708490692,4,Bloomberg Crypto
2026-02-14 11:00:00+00:00,-0.24593135105052022,4,Reuters
2026-02-14 12:00:00+00:00,0.3862889732949105,0,Decrypt
2026-02-14 13:00:00+00:00,0.6821415151498393,2,CoinTelegraph
2026-02-14 14:00:00+00:00,0.46187474330020173,3,Decrypt
2026-02-14 15:00:00+00:00,0.29450080070402895,1,Reuters
2026-02-14 16:00:00+00:00,0.08886771000582583,2,Reuters
2026-02-14 17:00:00+00:00,-0.08737930585733661,3,CoinDesk
2026-02-14 18:00:00+00:00,0.586800645974109,2,Reuters
2026-02-14 19:00:00+00:00,0.6142120085664379,3,Bloomberg Crypto
2026-02-14 20:00:00+00:00,-0.24686467723326688,1,Reuters
2026-02-14 21:00:00+00:00,0.8503277498568863,4,Decrypt
2026-02-14 22:00:00+00:00,0.4945469513029751,2,Decrypt
2026-02-14 23:00:00+00:00,0.7832126282527248,1,Decrypt
2026-02-15 00:00:00+00:00,-0.17666316413663558,4,Reuters
2026-02-15 01:00:00+00:00,-0.18523528920569304,1,Bloomberg Crypto
2026-02-15 02:00:00+00:00,0.24038010125860468,6,Bloomberg Crypto
2026-02-15 03:00:00+00:00,0.4682046859650442,3,CoinDesk
2026-02-15 04:00:00+00:00,0.9206617891944158,3,CoinTelegraph
2026-02-15 05:00:00+00:00,0.5387630788240145,5,Bloomberg Crypto
2026-02-15 06:00:00+00:00,0.20639156868067354,3,Decrypt
2026-02-15 07:00:00+00:00,-0.06821004612760995,5,CoinDesk
2026-02-15 08:00:00+00:00,0.7212031481690244,2,Bloomberg Crypto
2026-02-15 09:00:00+00:00,-0.04726556410553079,3,Bloomberg Crypto
2026-02-15 10:00:00+00:00,0.8600183382518959,6,CoinTelegraph
2026-02-15 11:00:00+00:00,0.1901873539341783,6,CoinTelegraph
2026-02-15 12:00:00+00:00,0.8460879781236208,3,CoinTelegraph
2026-02-15 13:00:00+00:00,0.5266671160899921,3,Bloomberg Crypto
2026-02-15 14:00:00+00:00,0.24074430193138435,3,Bloomberg Crypto
2026-02-15 15:00:00+00:00,0.10655020502254597,1,Decrypt
2026-02-15 16:00:00+00:00,0.16866204982679567,5,Reuters
2026-02-15 17:00:00+00:00,0.43752618742752214,3,CoinTelegraph
2026-02-15 18:00:00+00:00,0.3142503301827127,4,Decrypt
2026-02-15 19:00:00+00:00,0.07903645515352503,1,Decrypt
2026-02-15 20:00:00+00:00,0.22851903284540534,3,CoinDesk
2026-02-15 21:00:00+00:00,0.3136062593908363,5,Decrypt
2026-02-15 22:00:00+00:00,-0.45934366032606483,3,CoinTelegraph
2026-02-15 23:00:00+00:00,0.44567579506459065,1,Reuters
2026-02-16 00:00:00+00:00,-0.05798707581345269,3,Decrypt
2026-02-16 01:00:00+00:00,-0.11915786711835918,3,Bloomberg Crypto
2026-02-16 02:00:00+00:00,-0.3064741955659258,4,Bloomberg Crypto
2026-02-16 03:00:00+00:00,-0.3441834580256187,2,Decrypt
2026-02-16 04:00:00+00:00,-0.19115037343904118,6,CoinTelegraph
2026-02-16 05:00:00+00:00,0.03467100784645469,2,Reuters
2026-02-16 06:00:00+00:00,0.966035893388153,4,Reuters
2026-02-16 07:00:00+00:00,0.09789893081924742,2,CoinTelegraph
2026-02-16 08:00:00+00:00,0.3437257547160703,7,Bloomberg Crypto
2026-02-16 09:00:00+00:00,0.42123288916584467,7,Bloomberg Crypto
2026-02-16 10:00:00+00:00,0.32648319996949166,2,CoinDesk
2026-02-16 11:00:00+00:00,0.25304595739278,5,Decrypt
2026-02-16 12:00:00+00:00,-0.13866605330738146,3,Decrypt
2026-02-16 13:00:00+00:00,0.787041821209118,3,Bloomberg Crypto
2026-02-16 14:00:00+00:00,0.9112612486942122,1,Decrypt
2026-02-16 15:00:00+00:00,-0.3106680378691809,2,CoinTelegraph
2026-02-16 16:00:00+00:00,-0.08063257365207765,4,Reuters
2026-02-16 17:00:00+00:00,0.17935359682597599,5,CoinDesk
2026-02-16 18:00:00+00:00,-0.060796363566420375,2,CoinTelegraph
2026-02-16 19:00:00+00:00,0.4533793300245434,2,CoinTelegraph
2026-02-16 20:00:00+00:00,0.020890520073268637,0,CoinTelegraph
2026-02-16 21:00:00+00:00,1.0,5,Decrypt
2026-02-16 22:00:00+00:00,0.6914512945004447,2,Reuters
2026-02-16 23:00:00+00:00,0.3486393071768756,2,CoinDesk
2026-02-17 00:00:00+00:00,0.6331576195531246,4,Bloomberg Crypto
2026-02-17 01:00:00+00:00,0.6602465375533233,6,CoinTelegraph
2026-02-17 02:00:00+00:00,0.07526367038146592,1,CoinTelegraph
2026-02-17 03:00:00+00:00,-0.01357189174889678,2,CoinTelegraph
2026-02-17 04:00:00+00:00,0.2989080290067961,1,Bloomberg Crypto
2026-02-17 05:00:00+00:00,0.5725793842716859,2,Decrypt
2026-02-17 06:00:00+00:00,0.31912164476826166,2,Decrypt
2026-02-17 07:00:00+00:00,-0.2820595078711758,1,Reuters
2026-02-17 08:00:00+00:00,-0.011665537322524344,4,Decrypt
2026-02-17 09:00:00+00:00,0.24286128496244053,2,Decrypt
2026-02-17 10:00:00+00:00,0.24169261744173662,2,CoinDesk
2026-02-17 11:00:00+00:00,0.9579841658142977,0,CoinDesk
2026-02-17 12:00:00+00:00,-0.21808750690924616,2,Decrypt
2026-02-17 13:00:00+00:00,0.44337343143140434,4,CoinDesk
2026-02-17 14:00:00+00:00,0.7870107743751429,3,Reuters
2026-02-17 15:00:00+00:00,1.0,1,Decrypt
2026-02-17 16:00:00+00:00,0.12307530937236985,7,CoinDesk
2026-02-17 17:00:00+00:00,0.4360039696441307,2,Bloomberg Crypto
2026-02-17 18:00:00+00:00,0.46280415042979306,3,CoinDesk
2026-02-17 19:00:00+00:00,0.33118611758692484,3,CoinDesk
2026-02-17 20:00:00+00:00,0.2275463106495674,5,Bloomberg Crypto
2026-02-17 21:00:00+00:00,0.41410328193781276,1,Reuters
2026-02-17 22:00:00+00:00,-0.6254093130229064,3,Bloomberg Crypto
2026-02-17 23:00:00+00:00,0.4989612279408002,1,Reuters
2026-02-18 00:00:00+00:00,0.3037544425906505,3,Bloomberg Crypto
2026-02-18 01:00:00+00:00,0.1810764245425808,3,Reuters
2026-02-18 02:00:00+00:00,0.9746900732685437,5,Reuters
2026-02-18 03:00:00+00:00,0.021402280906047955,5,CoinTelegraph
2026-02-18 04:00:00+00:00,0.1158887025975405,2,CoinTelegraph
2026-02-18 05:00:00+00:00,0.9533403066966051,1,CoinDesk
2026-02-18 06:00:00+00:00,-0.03559820036705674,2,Bloomberg Crypto
2026-02-18 07:00:00+00:00,0.062404778430469876,1,Reuters
2026-02-18 08:00:00+00:00,0.20280337866705214,4,CoinTelegraph
2026-02-18 09:00:00+00:00,0.5478317859512614,5,CoinDesk
2026-02-18 10:00:00+00:00,0.3256133387800949,5,CoinDesk
2026-02-18 11:00:00+00:00,-0.2002333498129482,0,CoinDesk
2026-02-18 12:00:00+00:00,0.06522491447081608,5,CoinTelegraph
2026-02-18 13:00:00+00:00,0.03820359220131733,1,Decrypt
2026-02-18 14:00:00+00:00,0.22303936572350516,2,CoinDesk
2026-02-18 15:00:00+00:00,0.39839646843018284,2,Decrypt
2026-02-18 16:00:00+00:00,0.3950030407131415,0,Decrypt
2026-02-18 17:00:00+00:00,-0.3736978542997675,3,Decrypt
2026-02-18 18:00:00+00:00,0.6195562473735661,1,CoinDesk
2026-02-18 19:00:00+00:00,0.3348420620895426,4,Reuters
2026-02-18 20:00:00+00:00,0.7302906826582914,3,Decrypt
2026-02-18 21:00:00+00:00,0.40043082998551016,3,CoinTelegraph
2026-02-18 22:00:00+00:00,0.6296768632599824,5,CoinTelegraph
2026-02-18 23:00:00+00:00,0.40675257670975296,3,Decrypt
2026-02-19 00:00:00+00:00,0.7138841129834465,4,Decrypt
2026-02-19 01:00:00+00:00,0.42473170650250613,1,Decrypt
2026-02-19 02:00:00+00:00,0.2069080522948301,1,CoinTelegraph
2026-02-19 03:00:00+00:00,1.0,4,Bloomberg Crypto
2026-02-19 04:00:00+00:00,0.5507968046638718,2,Reuters
2026-02-19 05:00:00+00:00,0.4396654064863297,3,Bloomberg Crypto
2026-02-19 06:00:00+00:00,-0.20863506310277313,1,CoinTelegraph
2026-02-19 07:00:00+00:00,-0.21362396908520487,3,CoinTelegraph
2026-02-19 08:00:00+00:00,0.3389419354988066,4,CoinDesk
2026-02-19 09:00:00+00:00,0.28662737574249875,2,Bloomberg Crypto
2026-02-19 10:00:00+00:00,0.019951133350208566,4,Decrypt
2026-02-19 11:00:00+00:00,0.28343270018545386,9,Decrypt
2026-02-19 12:00:00+00:00,0.789298568907347,4,CoinTelegraph
2026-02-19 13:00:00+00:00,0.475856078502717,2,CoinDesk
2026-02-19 14:00:00+00:00,-0.16770600306370895,5,Bloomberg Crypto
2026-02-19 15:00:00+00:00,0.19179635856515137,0,CoinDesk
2026-02-19 16:00:00+00:00,-0.05174062250834835,2,Reuters
2026-02-19 17:00:00+00:00,0.09347161309416677,2,CoinDesk
2026-02-19 18:00:00+00:00,0.08356579462785765,4,Reuters
2026-02-19 19:00:00+00:00,0.06031578863216738,1,Bloomberg Crypto
2026-02-19 20:00:00+00:00,-0.21264938596888378,3,Decrypt
2026-02-19 21:00:00+00:00,0.18112090972823608,7,Reuters
2026-02-19 22:00:00+00:00,0.02873524746481243,1,Decrypt
2026-02-19 23:00:00+00:00,-0.8012154151918269,3,CoinDesk
2026-02-20 00:00:00+00:00,0.9417713905369905,3,CoinDesk
2026-02-20 01:00:00+00:00,0.6034359822304142,3,Bloomberg Crypto
2026-02-20 02:00:00+00:00,0.08979265247718377,1,Decrypt
2026-02-20 03:00:00+00:00,0.22721177429840542,1,Bloomberg Crypto
2026-02-20 04:00:00+00:00,-0.19033080007707281,2,Reuters
2026-02-20 05:00:00+00:00,0.8123702734597493,7,CoinDesk
2026-02-20 06:00:00+00:00,0.8820333006011589,5,CoinDesk
2026-02-20 07:00:00+00:00,0.27193601637505777,5,CoinDesk
2026-02-20 08:00:00+00:00,0.5744358703310292,2,CoinDesk
2026-02-20 09:00:00+00:00,0.2766534467296624,8,CoinDesk
2026-02-20 10:00:00+00:00,-0.2534518877936871,5,Reuters
2026-02-20 11:00:00+00:00,0.06935880754725252,4,Reuters
2026-02-20 12:00:00+00:00,0.2587627918495233,3,Bloomberg Crypto
2026-02-20 13:00:00+00:00,0.052583381471948104,5,CoinTelegraph
2026-02-20 14:00:00+00:00,0.13422959514848493,2,CoinDesk
2026-02-20 15:00:00+00:00,0.17784765298730434,4,CoinDesk
2026-02-20 16:00:00+00:00,0.18060539342615034,0,CoinTelegraph
2026-02-20 17:00:00+00:00,0.22627483974021273,2,Bloomberg Crypto
2026-02-20 18:00:00+00:00,-0.1641597567659185,3,Reuters
2026-02-20 19:00:00+00:00,-0.04483982202767717,7,CoinDesk
2026-02-20 20:00:00+00:00,-0.2444286665076058,5,Bloomberg Crypto
2026-02-20 21:00:00+00:00,0.5464674652332755,5,CoinTelegraph
2026-02-20 22:00:00+00:00,-0.5336919929301066,3,Reuters
2026-02-20 23:00:00+00:00,0.6060897058108077,1,Reuters
2026-02-21 00:00:00+00:00,0.686600276312255,2,Bloomberg Crypto
2026-02-21 01:00:00+00:00,0.09465595382014275,2,Decrypt
2026-02-21 02:00:00+00:00,-0.711641361350268,5,Decrypt
2026-02-21 03:00:00+00:00,0.07203168878413208,1,Decrypt
2026-02-21 04:00:00+00:00,0.17505601895832842,3,CoinTelegraph
2026-02-21 05:00:00+00:00,-0.1571624698123938,2,Decrypt
2026-02-21 06:00:00+00:00,0.015243260930728947,2,Bloomberg Crypto
2026-02-21 07:00:00+00:00,0.7301571879126677,3,Reuters
2026-02-21 08:00:00+00:00,0.4263289407744746,5,Bloomberg Crypto
2026-02-21 09:00:00+00:00,-0.13098102606136544,3,Bloomberg Crypto
2026-02-21 10:00:00+00:00,-0.36753488274294277,1,CoinDesk
2026-02-21 11:00:00+00:00,0.07617362910363389,3,CoinTelegraph
2026-02-21 12:00:00+00:00,0.11492115058355155,1,Reuters
2026-02-21 13:00:00+00:00,0.3622985599559112,3,CoinDesk
2026-02-21 14:00:00+00:00,0.00026232249689367437,2,CoinTelegraph
2026-02-21 15:00:00+00:00,0.365638875908912,5,Reuters
2026-02-21 16:00:00+00:00,0.8629053349998317,4,CoinDesk
2026-02-21 17:00:00+00:00,0.47001073784449054,5,Decrypt
2026-02-21 18:00:00+00:00,0.16673494281484744,1,Bloomberg Crypto
2026-02-21 19:00:00+00:00,0.11844039616588507,1,Decrypt
2026-02-21 20:00:00+00:00,0.056681223931699984,1,Reuters
2026-02-21 21:00:00+00:00,0.5937115383257278,2,CoinDesk
2026-02-21 22:00:00+00:00,-0.04010543176118084,2,CoinDesk
2026-02-21 23:00:00+00:00,0.19424595423822338,1,CoinDesk
2026-02-22 00:00:00+00:00,0.19529769911745368,1,Bloomberg Crypto
2026-02-22 01:00:00+00:00,0.0007111082037063177,4,CoinDesk
2026-02-22 02:00:00+00:00,-0.3050734896709243,6,CoinTelegraph
2026-02-22 03:00:00+00:00,0.2872811583023243,3,CoinTelegraph
2026-02-22 04:00:00+00:00,0.15183609481613441,1,CoinTelegraph
2026-02-22 05:00:00+00:00,0.34721584467409716,6,Decrypt
2026-02-22 06:00:00+00:00,-0.015687419446171746,2,Reuters
2026-02-22 07:00:00+00:00,0.5972979814719023,3,Decrypt
2026-02-22 08:00:00+00:00,-0.13792560614166993,7,Decrypt
2026-02-22 09:00:00+00:00,0.7670908781293158,3,Bloomberg Crypto
2026-02-22 10:00:00+00:00,-0.44486754744277796,5,Decrypt
2026-02-22 11:00:00+00:00,0.3179001165451983,4,Bloomberg Crypto
2026-02-22 12:00:00+00:00,0.33105362636973423,4,CoinTelegraph
2026-02-22 13:00:00+00:00,-0.11487284221711291,4,CoinTelegraph
2026-02-22 14:00:00+00:00,0.3110262244481492,6,Decrypt
2026-02-22 15:00:00+00:00,0.6092330858775457,3,Decrypt
2026-02-22 16:00:00+00:00,-0.6155748262896285,3,CoinTelegraph
2026-02-22 17:00:00+00:00,0.3351796970703653,4,CoinDesk
2026-02-22 18:00:00+00:00,-0.7145214745228149,7,CoinTelegraph
2026-02-22 19:00:00+00:00,-0.18095799902345744,2,CoinDesk
2026-02-22 20:00:00+00:00,0.726131371361986,1,CoinTelegraph
2026-02-22 21:00:00+00:00,-0.04880499438246269,2,Reuters
2026-02-22 22:00:00+00:00,-0.25714656390461316,3,Bloomberg Crypto
2026-02-22 23:00:00+00:00,0.08332307801099315,2,Bloomberg Crypto
2026-02-23 00:00:00+00:00,0.8752555347736997,3,Reuters
2026-02-23 01:00:00+00:00,-0.49071624248837586,4,CoinDesk
2026-02-23 02:00:00+00:00,-0.21870448240161605,0,Decrypt
2026-02-23 03:00:00+00:00,0.672233754160863,5,Decrypt
2026-02-23 04:00:00+00:00,0.7972044201669245,0,Bloomberg Crypto
2026-02-23 05:00:00+00:00,0.10968088363100786,5,Decrypt
2026-02-23 06:00:00+00:00,-0.28891612335595884,4,CoinDesk
2026-02-23 07:00:00+00:00,0.8771653776679424,4,Decrypt
2026-02-23 08:00:00+00:00,0.7005401587323344,4,CoinTelegraph
2026-02-23 09:00:00+00:00,0.37897929801894104,2,Reuters
2026-02-23 10:00:00+00:00,-0.14413305698069567,1,Bloomberg Crypto
2026-02-23 11:00:00+00:00,0.12190481197754285,2,Decrypt
2026-02-23 12:00:00+00:00,0.08179379346994071,5,CoinDesk
2026-02-23 13:00:00+00:00,0.25256996466799037,2,Decrypt
2026-02-23 14:00:00+00:00,0.6434721645256591,1,Reuters
2026-02-23 15:00:00+00:00,0.4422647669202149,5,CoinTelegraph
2026-02-23 16:00:00+00:00,-0.24376817351328098,3,Bloomberg Crypto
2026-02-23 17:00:00+00:00,0.6139293928119873,1,Bloomberg Crypto
2026-02-23 18:00:00+00:00,0.24059161859142394,0,CoinDesk
2026-02-23 19:00:00+00:00,0.37030570631575027,5,CoinTelegraph
2026-02-23 20:00:00+00:00,0.6419568821212566,3,Decrypt
2026-02-23 21:00:00+00:00,-0.2615529853388764,3,Decrypt
2026-02-23 22:00:00+00:00,0.1137913086915654,2,CoinDesk
2026-02-23 23:00:00+00:00,-0.06085101219202982,2,CoinTelegraph
2026-02-24 00:00:00+00:00,-0.4247672165430381,3,CoinDesk
2026-02-24 01:00:00+00:00,0.24415527980640883,2,Reuters
2026-02-24 02:00:00+00:00,1.0,5,Reuters
2026-02-24 03:00:00+00:00,-0.5235808138152209,3,Decrypt
2026-02-24 04:00:00+00:00,0.10796463041745248,4,Reuters
2026-02-24 05:00:00+00:00,0.3422671102731113,3,CoinDesk
2026-02-24 06:00:00+00:00,0.15996650543890018,5,Bloomberg Crypto
2026-02-24 07:00:00+00:00,0.07610420349257319,1,Reuters
2026-02-24 08:00:00+00:00,-0.3402189611260402,3,CoinDesk
2026-02-24 09:00:00+00:00,0.19478774959024697,4,Bloomberg Crypto
2026-02-24 10:00:00+00:00,-0.15275147751843293,2,Bloomberg Crypto
2026-02-24 11:00:00+00:00,-0.6555552338752912,1,Reuters
2026-02-24 12:00:00+00:00,0.527824034228987,1,CoinTelegraph
2026-02-24 13:00:00+00:00,0.4439491561636455,3,Reuters
2026-02-24 14:00:00+00:00,0.12539081354781578,3,Reuters
2026-02-24 15:00:00+00:00,0.18627897752490788,1,CoinTelegraph
2026-02-24 16:00:00+00:00,0.4809055410258153,6,Reuters
2026-02-24 17:00:00+00:00,0.18220257367354947,2,CoinDesk
2026-02-24 18:00:00+00:00,0.41887737491681704,1,CoinTelegraph
2026-02-24 19:00:00+00:00,-0.002861900427612904,6,CoinDesk
2026-02-24 20:00:00+00:00,0.5592349421763377,3,Bloomberg Crypto
2026-02-24 21:00:00+00:00,0.2110975487437986,1,CoinTelegraph
2026-02-24 22:00:00+00:00,0.16552080567565047,2,Bloomberg Crypto
2026-02-24 23:00:00+00:00,-0.34814048254150154,2,Decrypt
2026-02-25 00:00:00+00:00,0.19559193558233046,4,Decrypt
2026-02-25 01:00:00+00:00,-0.19725210884230954,3,CoinDesk
2026-02-25 02:00:00+00:00,-0.13069385597248806,3,Bloomberg Crypto
2026-02-25 03:00:00+00:00,-0.19390510251375517,5,Bloomberg Crypto
2026-02-25 04:00:00+00:00,-0.28293628387402825,1,CoinTelegraph
2026-02-25 05:00:00+00:00,0.8326838368379841,3,Decrypt
2026-02-25 06:00:00+00:00,0.553748772385946,5,CoinDesk
2026-02-25 07:00:00+00:00,0.7586733556146746,3,CoinDesk
2026-02-25 08:00:00+00:00,-0.3427055006601459,3,CoinTelegraph
2026-02-25 09:00:00+00:00,0.1090080150285774,2,CoinTelegraph
2026-02-25 10:00:00+00:00,-0.36989857689219235,4,CoinDesk
2026-02-25 11:00:00+00:00,-0.16190575975874044,4,CoinTelegraph
2026-02-25 12:00:00+00:00,-0.2410001526471483,4,Bloomberg Crypto
2026-02-25 13:00:00+00:00,0.512954050072949,0,CoinDesk
2026-02-25 14:00:00+00:00,-0.060826848214675364,4,Reuters
2026-02-25 15:00:00+00:00,0.4505387553277622,2,Decrypt
2026-02-25 16:00:00+00:00,0.28679933052142725,2,Decrypt
2026-02-25 17:00:00+00:00,0.8803802173809573,5,Reuters
2026-02-25 18:00:00+00:00,-0.44495056147012246,3,Reuters
2026-02-25 19:00:00+00:00,0.5123334637271652,2,Bloomberg Crypto
2026-02-25 20:00:00+00:00,0.4716017215113779,5,CoinDesk
2026-02-25 21:00:00+00:00,-0.27159089224027777,2,CoinTelegraph
2026-02-25 22:00:00+00:00,0.42033137341809274,1,Decrypt
2026-02-25 23:00:00+00:00,0.18422719096042994,3,Reuters
2026-02-26 00:00:00+00:00,-0.014299721864732662,3,CoinDesk
2026-02-26 01:00:00+00:00,-0.2243211458082607,1,CoinTelegraph
2026-02-26 02:00:00+00:00,-0.18889391421829987,3,Decrypt
2026-02-26 03:00:00+00:00,0.7789655834856603,1,CoinDesk
2026-02-26 04:00:00+00:00,0.06050615317431015,4,Decrypt
2026-02-26 05:00:00+00:00,0.33274736747408407,3,Bloomberg Crypto
2026-02-26 06:00:00+00:00,-0.21907930899239436,4,Decrypt
2026-02-26 07:00:00+00:00,-0.21648051822459977,3,Bloomberg Crypto
2026-02-26 08:00:00+00:00,0.4338941887347841,6,Bloomberg Crypto
2026-02-26 09:00:00+00:00,-0.418421698325367,1,Bloomberg Crypto
2026-02-26 10:00:00+00:00,-0.09266537164041622,3,CoinTelegraph
2026-02-26 11:00:00+00:00,0.06329753712972519,5,CoinTelegraph
2026-02-26 12:00:00+00:00,0.08909589829465459,2,Bloomberg Crypto
2026-02-26 13:00:00+00:00,-0.0138405458740994,3,CoinDesk
2026-02-26 14:00:00+00:00,0.18610473891451398,2,Bloomberg Crypto
2026-02-26 15:00:00+00:00,0.2887921607355187,5,CoinDesk
2026-02-26 16:00:00+00:00,0.3021397604141619,0,Decrypt
2026-02-26 17:00:00+00:00,-0.3012915739577765,1,CoinTelegraph
2026-02-26 18:00:00+00:00,-0.056992195709965346,3,CoinDesk
2026-02-26 19:00:00+00:00,0.4593506332909081,3,CoinDesk
2026-02-26 20:00:00+00:00,0.3530309276111143,4,CoinDesk
2026-02-26 21:00:00+00:00,-0.44187635478259757,4,Reuters
2026-02-26 22:00:00+00:00,0.1603617442893077,4,CoinTelegraph
2026-02-26 23:00:00+00:00,-0.6563164238113771,5,Reuters
2026-02-27 00:00:00+00:00,0.051207595599779956,3,Decrypt
2026-02-27 01:00:00+00:00,0.6977161579976006,4,CoinDesk
2026-02-27 02:00:00+00:00,-0.2995480470448958,0,CoinTelegraph
2026-02-27 03:00:00+00:00,-0.261082556687823,4,CoinTelegraph
2026-02-27 04:00:00+00:00,0.2970564651703628,4,CoinTelegraph
2026-02-27 05:00:00+00:00,-0.5116195053782159,1,CoinDesk
2026-02-27 06:00:00+00:00,-0.1943887774504507,5,Bloomberg Crypto
2026-02-27 07:00:00+00:00,0.2345438377748478,2,Bloomberg Crypto
2026-02-27 08:00:00+00:00,-0.19749712809216408,2,Bloomberg Crypto
2026-02-27 09:00:00+00:00,-0.059373551753800616,3,Reuters
2026-02-27 10:00:00+00:00,0.2823935375796856,4,CoinDesk
2026-02-27 11:00:00+00:00,0.168181857278493,4,Decrypt
2026-02-27 12:00:00+00:00,0.11273897353818592,2,Reuters
2026-02-27 13:00:00+00:00,-0.10062881453477496,1,CoinTelegraph
2026-02-27 14:00:00+00:00,0.14629648737431578,5,Bloomberg Crypto
2026-02-27 15:00:00+00:00,-0.027820537867938453,4,CoinTelegraph
2026-02-27 16:00:00+00:00,0.17442837997075475,5,Reuters
2026-02-27 17:00:00+00:00,-0.1610195388899329,3,Bloomberg Crypto
2026-02-27 18:00:00+00:00,-0.05228245676518642,3,CoinDesk
2026-02-27 19:00:00+00:00,-0.33615874390638073,2,Bloomberg Crypto
2026-02-27 20:00:00+00:00,-0.003216572048109396,3,Bloomberg Crypto
2026-02-27 21:00:00+00:00,-0.27610477020195534,1,Bloomberg Crypto
2026-02-27 22:00:00+00:00,-0.3834614283258307,2,Reuters
2026-02-27 23:00:00+00:00,0.0956954085961368,4,Bloomberg Crypto
2026-02-28 00:00:00+00:00,0.07833201037268415,2,Reuters
2026-02-28 01:00:00+00:00,0.2765879062986075,5,CoinTelegraph
2026-02-28 02:00:00+00:00,-0.14960288786241102,4,CoinDesk
2026-02-28 03:00:00+00:00,0.1428184963928652,2,Bloomberg Crypto
2026-02-28 04:00:00+00:00,0.19148808880690935,4,Reuters
2026-02-28 05:00:00+00:00,0.15308873367445192,1,Bloomberg Crypto
2026-02-28 06:00:00+00:00,-0.2928518778032519,4,Bloomberg Crypto
2026-02-28 07:00:00+00:00,0.047113211948166055,2,Bloomberg Crypto
2026-02-28 08:00:00+00:00,0.12099427438826547,7,Decrypt
2026-02-28 09:00:00+00:00,-0.005233068650359758,3,CoinDesk
2026-02-28 10:00:00+00:00,-0.7393032718839513,2,CoinDesk
2026-02-28 11:00:00+00:00,0.0458448849038948,6,Reuters
2026-02-28 12:00:00+00:00,0.7627691795213827,1,CoinTelegraph
2026-02-28 13:00:00+00:00,-0.1389204139663025,2,CoinTelegraph
2026-02-28 14:00:00+00:00,-0.2690234007460916,4,CoinTelegraph
2026-02-28 15:00:00+00:00,0.11518609573201391,7,Bloomberg Crypto
2026-02-28 16:00:00+00:00,0.09255727663311958,5,Reuters
2026-02-28 17:00:00+00:00,0.39939332468600736,2,Bloomberg Crypto
2026-02-28 18:00:00+00:00,-0.45960638940290505,4,Decrypt
2026-02-28 19:00:00+00:00,0.23534236036055167,5,Reuters
2026-02-28 20:00:00+00:00,0.18471918246858954,2,Reuters
2026-02-28 21:00:00+00:00,-0.07296723169922968,2,Reuters
2026-02-28 22:00:00+00:00,0.0940376426734654,1,Decrypt
2026-02-28 23:00:00+00:00,0.33452067893819154,1,Reuters
2026-03-01 00:00:00+00:00,0.27823490000064555,3,Decrypt
2026-03-01 01:00:00+00:00,-0.42841778417096427,4,CoinTelegraph
2026-03-01 02:00:00+00:00,0.25740932374455844,2,Reuters
2026-03-01 03:00:00+00:00,-0.05357152099561131,1,Bloomberg Crypto
2026-03-01 04:00:00+00:00,-0.00670846969381814,1,CoinDesk
2026-03-01 05:00:00+00:00,-0.007878755285914578,5,Decrypt
2026-03-01 06:00:00+00:00,-0.08736542595804069,1,CoinTelegraph
2026-03-01 07:00:00+00:00,0.3810352105176671,2,CoinTelegraph
2026-03-01 08:00:00+00:00,-0.06664506511326042,2,CoinDesk
2026-03-01 09:00:00+00:00,-0.43046559816988295,1,Reuters
2026-03-01 10:00:00+00:00,-0.17763986154966324,4,Bloomberg Crypto
2026-03-01 11:00:00+00:00,0.02135951924968743,2,CoinDesk
2026-03-01 12:00:00+00:00,0.3877630859388554,2,Reuters
2026-03-01 13:00:00+00:00,0.1673433806561298,2,Reuters
2026-03-01 14:00:00+00:00,-0.3427039670648609,4,Decrypt
2026-03-01 15:00:00+00:00,0.8235238246383283,8,Bloomberg Crypto
2026-03-01 16:00:00+00:00,0.045103543311352835,2,Bloomberg Crypto
2026-03-01 17:00:00+00:00,0.3975446544181007,3,Decrypt
2026-03-01 18:00:00+00:00,-0.10321553940266553,3,Reuters
2026-03-01 19:00:00+00:00,0.1352877923924647,0,Reuters
2026-03-01 20:00:00+00:00,0.2411545294550137,3,Bloomberg Crypto
2026-03-01 21:00:00+00:00,0.3724381733963212,3,Bloomberg Crypto
2026-03-01 22:00:00+00:00,0.31487940138507525,7,Bloomberg Crypto
2026-03-01 23:00:00+00:00,0.24880093707256928,3,Bloomberg Crypto
2026-03-02 00:00:00+00:00,-0.16801583050918634,2,Reuters
2026-03-02 01:00:00+00:00,-0.2591129816226939,0,Bloomberg Crypto
2026-03-02 02:00:00+00:00,0.05614546207427932,5,Reuters
2026-03-02 03:00:00+00:00,0.26506347535878894,2,Decrypt
2026-03-02 04:00:00+00:00,-0.14074663906072674,2,CoinTelegraph
2026-03-02 05:00:00+00:00,0.30875391336809704,3,Decrypt
2026-03-02 06:00:00+00:00,0.4430988918012036,2,Decrypt
2026-03-02 07:00:00+00:00,-0.3872887755769459,1,CoinDesk
2026-03-02 08:00:00+00:00,-0.36075695198118396,5,Decrypt
2026-03-02 09:00:00+00:00,-0.1182229716860512,2,CoinDesk
2026-03-02 10:00:00+00:00,0.03731701699509633,2,CoinDesk
2026-03-02 11:00:00+00:00,-0.25520028462025257,4,CoinDesk
2026-03-02 12:00:00+00:00,0.4004160209747204,1,Decrypt
2026-03-02 13:00:00+00:00,0.0743167473871776,1,CoinTelegraph
2026-03-02 14:00:00+00:00,-0.06155055228118629,3,CoinDesk
2026-03-02 15:00:00+00:00,-0.5791743218888403,1,Bloomberg Crypto
2026-03-02 16:00:00+00:00,-0.5383890748705672,2,Bloomberg Crypto
2026-03-02 17:00:00+00:00,0.01925358978023055,5,Reuters
2026-03-02 18:00:00+00:00,-0.8267527607028446,3,Bloomberg Crypto
2026-03-02 19:00:00+00:00,0.27283564611519406,2,Bloomberg Crypto
2026-03-02 20:00:00+00:00,-0.13818293745955235,1,CoinDesk
2026-03-02 21:00:00+00:00,1.0,4,Decrypt
2026-03-02 22:00:00+00:00,0.722462931531338,5,Bloomberg Crypto
2026-03-02 23:00:00+00:00,-0.15005190410081282,3,Decrypt
2026-03-03 00:00:00+00:00,-0.12499805157596422,6,CoinTelegraph
2026-03-03 01:00:00+00:00,0.25943968411866364,5,Bloomberg Crypto
2026-03-03 02:00:00+00:00,0.5058644711806131,4,CoinTelegraph
2026-03-03 03:00:00+00:00,-0.6647865374994917,4,CoinTelegraph
2026-03-03 04:00:00+00:00,-0.7179365111866238,2,Reuters
2026-03-03 05:00:00+00:00,-0.31164429422478096,3,Decrypt
2026-03-03 06:00:00+00:00,0.10880076753412098,6,Decrypt
2026-03-03 07:00:00+00:00,0.07752485816994968,3,Reuters
2026-03-03 08:00:00+00:00,0.2768173838307543,1,CoinDesk
2026-03-03 09:00:00+00:00,-0.5187166795952163,5,Reuters
2026-03-03 10:00:00+00:00,-0.9106909857145624,3,Reuters
2026-03-03 11:00:00+00:00,0.1990480984775171,1,Reuters
2026-03-03 12:00:00+00:00,-0.39233992628818876,2,CoinTelegraph
2026-03-03 13:00:00+00:00,-0.8101544463372424,2,Decrypt
2026-03-03 14:00:00+00:00,-0.05412192548958442,1,CoinDesk
2026-03-03 15:00:00+00:00,0.17150865422362588,4,Bloomberg Crypto
2026-03-03 16:00:00+00:00,-0.15002946789238455,3,Bloomberg Crypto
2026-03-03 17:00:00+00:00,-0.26876105438280057,5,Bloomberg Crypto
2026-03-03 18:00:00+00:00,-0.16549353830024732,2,CoinDesk
2026-03-03 19:00:00+00:00,-0.24062132970747546,2,Bloomberg Crypto
2026-03-03 20:00:00+00:00,-0.5839324036161988,1,CoinDesk
2026-03-03 21:00:00+00:00,-0.3634506265078405,5,Bloomberg Crypto
2026-03-03 22:00:00+00:00,0.0679412006748382,4,Bloomberg Crypto
2026-03-03 23:00:00+00:00,-0.0031115323913064735,3,CoinDesk
2026-03-04 00:00:00+00:00,-0.05806820277084887,5,Decrypt
2026-03-04 01:00:00+00:00,-0.4663790516456226,2,CoinDesk
2026-03-04 02:00:00+00:00,-0.18278895103225024,4,CoinDesk
2026-03-04 03:00:00+00:00,-0.8824191630167902,1,Reuters
2026-03-04 04:00:00+00:00,-0.05916088614811218,0,CoinTelegraph
2026-03-04 05:00:00+00:00,0.3772934100900625,3,CoinTelegraph
2026-03-04 06:00:00+00:00,-0.639929828549608,3,Decrypt
2026-03-04 07:00:00+00:00,-0.3302327664449085,6,Decrypt
2026-03-04 08:00:00+00:00,-0.011142888690280822,2,Decrypt
2026-03-04 09:00:00+00:00,0.31099482005875356,4,CoinTelegraph
2026-03-04 10:00:00+00:00,-0.285546197078797,2,Decrypt
2026-03-04 11:00:00+00:00,-0.372120293008193,1,Decrypt
2026-03-04 12:00:00+00:00,-0.8201184694324474,5,CoinDesk
2026-03-04 13:00:00+00:00,-0.0959522900473106,4,CoinDesk
2026-03-04 14:00:00+00:00,0.5814131606189268,1,CoinTelegraph
2026-03-04 15:00:00+00:00,-0.037393340834486394,2,CoinDesk
2026-03-04 16:00:00+00:00,-0.1434193038939909,5,Decrypt
2026-03-04 17:00:00+00:00,-0.02404319928409196,1,CoinDesk
2026-03-04 18:00:00+00:00,-0.1418020232176414,3,Reuters
2026-03-04 19:00:00+00:00,-0.4236201115619004,5,CoinDesk
2026-03-04 20:00:00+00:00,0.14794020533979632,2,CoinTelegraph
2026-03-04 21:00:00+00:00,-0.06233131921304515,2,Decrypt
2026-03-04 22:00:00+00:00,-0.1363206834433343,3,Decrypt
2026-03-04 23:00:00+00:00,-0.48499826158212345,2,CoinTelegraph
2026-03-05 00:00:00+00:00,0.31147545364880047,3,CoinDesk
2026-03-05 01:00:00+00:00,0.08676414873398153,2,Decrypt
2026-03-05 02:00:00+00:00,-0.34053089300727263,4,Decrypt
2026-03-05 03:00:00+00:00,0.20250603374068546,3,Reuters
2026-03-05 04:00:00+00:00,-0.32340378010697624,4,CoinTelegraph
2026-03-05 05:00:00+00:00,-0.4240737664125953,5,CoinDesk
2026-03-05 06:00:00+00:00,-0.4173844075345565,3,CoinDesk
2026-03-05 07:00:00+00:00,-0.7724752767364624,1,Decrypt
2026-03-05 08:00:00+00:00,0.0113284095078455,1,Bloomberg Crypto
2026-03-05 09:00:00+00:00,-0.795719424723178,2,Reuters
2026-03-05 10:00:00+00:00,-0.5858784845896714,3,Reuters
2026-03-05 11:00:00+00:00,-0.8834804853871516,5,Reuters
2026-03-05 12:00:00+00:00,-0.18824770506952346,2,Decrypt
2026-03-05 13:00:00+00:00,-0.2118311755437347,1,CoinTelegraph
2026-03-05 14:00:00+00:00,-0.27465544209952075,7,CoinTelegraph
2026-03-05 15:00:00+00:00,-0.5263037445961914,5,Reuters
2026-03-05 16:00:00+00:00,-0.5727701598996175,2,Bloomberg Crypto
2026-03-05 17:00:00+00:00,-0.001042679320893719,2,Bloomberg Crypto
2026-03-05 18:00:00+00:00,-0.357346063583386,2,CoinDesk
2026-03-05 19:00:00+00:00,-0.055005181412634954,2,Bloomberg Crypto
2026-03-05 20:00:00+00:00,-0.4766422711405911,1,Reuters
2026-03-05 21:00:00+00:00,-0.1045048187531734,3,CoinDesk
2026-03-05 22:00:00+00:00,0.28720209577814726,2,Reuters
2026-03-05 23:00:00+00:00,0.03514750325013927,6,CoinTelegraph
2026-03-06 00:00:00+00:00,-0.31541752418330404,6,Reuters
2026-03-06 01:00:00+00:00,-0.08211204074672282,2,CoinDesk
2026-03-06 02:00:00+00:00,-0.25742029605109207,5,Reuters
2026-03-06 03:00:00+00:00,-0.1714820173929849,1,Decrypt
2026-03-06 04:00:00+00:00,-0.28925332034048645,3,CoinDesk
2026-03-06 05:00:00+00:00,-0.23385289774762869,5,Bloomberg Crypto
2026-03-06 06:00:00+00:00,-0.10314575988311217,2,CoinTelegraph
2026-03-06 07:00:00+00:00,-0.5260935509419111,2,Bloomberg Crypto
2026-03-06 08:00:00+00:00,-0.5350118637682668,0,Reuters
2026-03-06 09:00:00+00:00,-0.6664771128084003,3,Bloomberg Crypto
2026-03-06 10:00:00+00:00,-0.7416117074709531,5,CoinDesk
2026-03-06 11:00:00+00:00,-0.6085920033117048,2,Decrypt
2026-03-06 12:00:00+00:00,-0.1277540429991715,4,Bloomberg Crypto
2026-03-06 13:00:00+00:00,-0.4970610104111573,1,Reuters
2026-03-06 14:00:00+00:00,-0.005836358497867122,4,Bloomberg Crypto
2026-03-06 15:00:00+00:00,-0.17446421246886354,3,Bloomberg Crypto
2026-03-06 16:00:00+00:00,-0.876599646598892,5,CoinDesk
2026-03-06 17:00:00+00:00,0.040612610098841595,5,Reuters
2026-03-06 18:00:00+00:00,0.09414850260089416,0,Reuters
2026-03-06 19:00:00+00:00,-0.5384816264592518,1,Decrypt
2026-03-06 20:00:00+00:00,-0.0445577866022111,3,CoinDesk
2026-03-06 21:00:00+00:00,-0.4923907970641881,3,CoinDesk
2026-03-06 22:00:00+00:00,-0.1594198021069472,6,CoinTelegraph
2026-03-06 23:00:00+00:00,-0.6371633107447321,0,Decrypt
2026-03-07 00:00:00+00:00,-0.8231569571507155,4,Decrypt
2026-03-07 01:00:00+00:00,-0.3305329235272638,5,Reuters
2026-03-07 02:00:00+00:00,-0.24082560660560673,1,Reuters
2026-03-07 03:00:00+00:00,-0.3376782782377945,5,Decrypt
2026-03-07 04:00:00+00:00,-0.6138673147671815,4,CoinDesk
2026-03-07 05:00:00+00:00,-0.34038383100995795,2,CoinTelegraph
2026-03-07 06:00:00+00:00,-0.10712482386700188,7,Reuters
2026-03-07 07:00:00+00:00,-0.2180456461927711,2,CoinTelegraph
2026-03-07 08:00:00+00:00,-0.13940907600428162,2,Decrypt
2026-03-07 09:00:00+00:00,-0.4387723430020862,2,CoinDesk
2026-03-07 10:00:00+00:00,0.2049254436632727,2,CoinTelegraph
2026-03-07 11:00:00+00:00,-0.6177764979612727,5,Bloomberg Crypto
2026-03-07 12:00:00+00:00,-0.03640591249253958,3,Decrypt
2026-03-07 13:00:00+00:00,0.20567751446989357,0,CoinDesk
2026-03-07 14:00:00+00:00,-0.04059503521694813,0,Decrypt
2026-03-07 15:00:00+00:00,-0.28072097758818393,1,Decrypt
2026-03-07 16:00:00+00:00,-0.3956622085827892,5,CoinTelegraph
2026-03-07 17:00:00+00:00,0.15095559483403662,5,CoinTelegraph
2026-03-07 18:00:00+00:00,-0.7106292273209232,1,Bloomberg Crypto
2026-03-07 19:00:00+00:00,-0.5530404778174076,5,Reuters
2026-03-07 20:00:00+00:00,-0.3535472337349901,3,Bloomberg Crypto
2026-03-07 21:00:00+00:00,0.21787574102641125,5,CoinDesk
2026-03-07 22:00:00+00:00,-0.08328147225184437,5,CoinDesk
2026-03-07 23:00:00+00:00,-0.5559092269673593,2,Decrypt
2026-03-08 00:00:00+00:00,-0.3265899543152859,4,CoinTelegraph
2026-03-08 01:00:00+00:00,-0.4338803666596487,1,Decrypt
2026-03-08 02:00:00+00:00,-0.4681743687658105,2,Reuters
2026-03-08 03:00:00+00:00,0.12198623860567734,4,Decrypt
2026-03-08 04:00:00+00:00,-0.7016080014431587,5,CoinDesk
2026-03-08 05:00:00+00:00,0.340706696252452,1,CoinDesk
2026-03-08 06:00:00+00:00,0.06664920960321033,1,Bloomberg Crypto
2026-03-08 07:00:00+00:00,0.15770995840232807,1,Decrypt
2026-03-08 08:00:00+00:00,-0.38697674957021067,1,CoinTelegraph
2026-03-08 09:00:00+00:00,-0.2782792999372906,1,Reuters
2026-03-08 10:00:00+00:00,-0.7282511293054525,2,Reuters
2026-03-08 11:00:00+00:00,-0.4111235850169493,2,CoinTelegraph
2026-03-08 12:00:00+00:00,-0.055552080923129216,5,Reuters
2026-03-08 13:00:00+00:00,0.224455487786326,2,CoinTelegraph
2026-03-08 14:00:00+00:00,-0.6175025316709057,5,CoinTelegraph
2026-03-08 15:00:00+00:00,-0.3587515260100238,4,Bloomberg Crypto
2026-03-08 16:00:00+00:00,-0.28460170243113164,6,Decrypt
2026-03-08 17:00:00+00:00,-0.7209914331774817,6,CoinDesk
2026-03-08 18:00:00+00:00,-0.026306909476647794,6,CoinDesk
2026-03-08 19:00:00+00:00,-0.4874853714311458,1,Decrypt
2026-03-08 20:00:00+00:00,-0.30328065401507665,2,Reuters
2026-03-08 21:00:00+00:00,-0.3938772366927711,5,CoinTelegraph
2026-03-08 22:00:00+00:00,-0.5127599937510434,5,CoinDesk
2026-03-08 23:00:00+00:00,-0.2397494419452272,2,Bloomberg Crypto
2026-03-09 00:00:00+00:00,-0.3135348351844514,5,Reuters
2026-03-09 01:00:00+00:00,-0.36900511793231716,4,Bloomberg Crypto
2026-03-09 02:00:00+00:00,-0.4945953794540291,3,CoinDesk
2026-03-09 03:00:00+00:00,-0.12857469167836838,2,Decrypt
2026-03-09 04:00:00+00:00,0.3375876554224534,2,Decrypt
2026-03-09 05:00:00+00:00,-0.19298345240258824,2,Bloomberg Crypto
2026-03-09 06:00:00+00:00,0.1059362769064113,2,Reuters
2026-03-09 07:00:00+00:00,-0.7300393915059199,3,CoinDesk
2026-03-09 08:00:00+00:00,-0.18899732429964589,6,CoinTelegraph
2026-03-09 09:00:00+00:00,-0.6290403270736481,1,Decrypt
2026-03-09 10:00:00+00:00,-0.7626281906365888,4,Bloomberg Crypto
2026-03-09 11:00:00+00:00,-0.5052229586013866,1,CoinDesk
2026-03-09 12:00:00+00:00,0.16998786531748447,2,Reuters
2026-03-09 13:00:00+00:00,0.08459928041720322,4,CoinTelegraph
2026-03-09 14:00:00+00:00,-0.16357937343331122,2,CoinTelegraph
2026-03-09 15:00:00+00:00,-0.7857963838712176,2,Decrypt
2026-03-09 16:00:00+00:00,-0.3187649595373485,6,CoinTelegraph
2026-03-09 17:00:00+00:00,-0.14518264070998343,4,CoinDesk
2026-03-09 18:00:00+00:00,-0.19004623121282296,1,Decrypt
2026-03-09 19:00:00+00:00,-0.8975132759086039,1,Decrypt
2026-03-09 20:00:00+00:00,-0.5644937080133896,3,Decrypt
2026-03-09 21:00:00+00:00,-0.2760019346579695,3,CoinDesk
2026-03-09 22:00:00+00:00,-0.06656045853683268,3,Bloomberg Crypto
2026-03-09 23:00:00+00:00,-1.0,4,CoinTelegraph
2026-03-10 00:00:00+00:00,-0.3123666477483427,0,CoinTelegraph
2026-03-10 01:00:00+00:00,-0.20622958146731443,3,Bloomberg Crypto
2026-03-10 02:00:00+00:00,0.04039889721037376,3,Decrypt
2026-03-10 03:00:00+00:00,-0.015129032999637942,2,Reuters
2026-03-10 04:00:00+00:00,-0.05438834318361649,5,CoinDesk
2026-03-10 05:00:00+00:00,-0.5389218157606499,2,Decrypt
2026-03-10 06:00:00+00:00,-0.9273929243021191,4,Decrypt
2026-03-10 07:00:00+00:00,-0.3978053713903692,3,Decrypt
2026-03-10 08:00:00+00:00,0.08969432201901284,1,CoinTelegraph
2026-03-10 09:00:00+00:00,0.22619718902075486,1,CoinTelegraph
2026-03-10 10:00:00+00:00,-0.013449945279098985,3,Reuters
2026-03-10 11:00:00+00:00,-0.11249822356266559,1,CoinDesk
2026-03-10 12:00:00+00:00,-0.1305141484751784,3,Decrypt
2026-03-10 13:00:00+00:00,-0.45864522255833373,7,CoinTelegraph
2026-03-10 14:00:00+00:00,-0.31013551023052266,2,Bloomberg Crypto
2026-03-10 15:00:00+00:00,0.3189540810562071,4,CoinTelegraph
2026-03-10 16:00:00+00:00,-0.5957164884873978,2,Decrypt
2026-03-10 17:00:00+00:00,0.29875537995960016,2,Decrypt
2026-03-10 18:00:00+00:00,-0.3797181270026234,2,CoinTelegraph
2026-03-10 19:00:00+00:00,0.1963068342454133,1,Bloomberg Crypto
2026-03-10 20:00:00+00:00,-0.7605608322799151,2,Bloomberg Crypto
2026-03-10 21:00:00+00:00,-0.06368531681284526,4,Decrypt
2026-03-10 22:00:00+00:00,-0.5271925656419377,2,CoinTelegraph
2026-03-10 23:00:00+00:00,-0.7652327780691386,2,CoinDesk
2026-03-11 00:00:00+00:00,-0.19396359039573385,0,CoinDesk
2026-03-11 01:00:00+00:00,0.082308385311184,1,Decrypt
2026-03-11 02:00:00+00:00,-0.5672874604751428,3,Bloomberg Crypto
2026-03-11 03:00:00+00:00,-0.796759730001231,4,CoinDesk
2026-03-11 04:00:00+00:00,-0.3047909587190848,3,CoinTelegraph
2026-03-11 05:00:00+00:00,-0.3037837541002779,4,Reuters
2026-03-11 06:00:00+00:00,-0.0818005577471434,3,Reuters
2026-03-11 07:00:00+00:00,0.05811970352197088,7,Bloomberg Crypto
2026-03-11 08:00:00+00:00,-0.29555459992555905,1,Reuters
2026-03-11 09:00:00+00:00,0.3741510723601743,3,CoinTelegraph
2026-03-11 10:00:00+00:00,-0.19730363032823073,0,Decrypt
2026-03-11 11:00:00+00:00,-0.397540663417405,3,Decrypt
2026-03-11 12:00:00+00:00,-0.840840440338136,4,CoinTelegraph
2026-03-11 13:00:00+00:00,-0.3692180487685867,2,Decrypt
2026-03-11 14:00:00+00:00,-0.39551286405205227,1,CoinTelegraph
2026-03-11 15:00:00+00:00,0.05784417362475586,3,CoinTelegraph
2026-03-11 16:00:00+00:00,-0.11687315499755321,5,Reuters
2026-03-11 17:00:00+00:00,-0.6919963718828097,6,Reuters
2026-03-11 18:00:00+00:00,-0.21939772870849053,4,Bloomberg Crypto
2026-03-11 19:00:00+00:00,-0.045115258541708614,0,Reuters
2026-03-11 20:00:00+00:00,0.25420059099179715,4,Decrypt
2026-03-11 21:00:00+00:00,0.029561984706291455,2,Reuters
2026-03-11 22:00:00+00:00,-0.015216888513241988,2,CoinTelegraph
2026-03-11 23:00:00+00:00,-0.2609267192672611,2,Reuters
2026-03-12 00:00:00+00:00,-0.14648599335564652,3,Decrypt
2026-03-12 01:00:00+00:00,0.1544983722300295,3,Bloomberg Crypto
2026-03-12 02:00:00+00:00,-0.7497283417681371,4,CoinDesk
2026-03-12 03:00:00+00:00,-0.40598268075407734,1,CoinTelegraph
2026-03-12 04:00:00+00:00,-0.5544953879875065,1,Decrypt
2026-03-12 05:00:00+00:00,-0.15180488244950782,2,Decrypt
2026-03-12 06:00:00+00:00,0.14566240864034624,3,CoinDesk
2026-03-12 07:00:00+00:00,-0.49425795524092186,3,Bloomberg Crypto
2026-03-12 08:00:00+00:00,-1.0,5,CoinTelegraph
2026-03-12 09:00:00+00:00,-0.430381559747698,3,Bloomberg Crypto
2026-03-12 10:00:00+00:00,0.033225779749515905,0,CoinDesk
2026-03-12 11:00:00+00:00,-0.09869998194511367,5,CoinTelegraph
2026-03-12 12:00:00+00:00,-0.13738036977281004,1,Reuters
2026-03-12 13:00:00+00:00,-0.3856130007522565,2,Bloomberg Crypto
2026-03-12 14:00:00+00:00,-0.7356405645748483,5,Reuters
2026-03-12 15:00:00+00:00,-0.10798592259312648,4,CoinTelegraph
2026-03-12 16:00:00+00:00,-0.5806913567483631,1,CoinDesk
2026-03-12 17:00:00+00:00,0.47539269211391505,4,Reuters
2026-03-12 18:00:00+00:00,-0.08970672978329225,10,Reuters
2026-03-12 19:00:00+00:00,-0.49294888719033914,3,Decrypt
2026-03-12 20:00:00+00:00,-0.504039180667603,3,CoinTelegraph
2026-03-12 21:00:00+00:00,-0.3229118072219751,7,CoinDesk
2026-03-12 22:00:00+00:00,-0.3745286204249343,4,Decrypt
2026-03-12 23:00:00+00:00,0.09987264488003206,2,Bloomberg Crypto
2026-03-13 00:00:00+00:00,-0.22608435615446876,5,CoinDesk
2026-03-13 01:00:00+00:00,-0.5477065676067031,3,Decrypt
2026-03-13 02:00:00+00:00,0.36971873863454535,2,Bloomberg Crypto
2026-03-13 03:00:00+00:00,-0.274972220519648,5,CoinDesk
2026-03-13 04:00:00+00:00,-0.02342547308804438,3,Decrypt
2026-03-13 05:00:00+00:00,-0.5056824427953761,5,CoinDesk
2026-03-13 06:00:00+00:00,-0.16599107812257125,4,Reuters
2026-03-13 07:00:00+00:00,-0.18446600555157872,2,Decrypt
2026-03-13 08:00:00+00:00,-0.9549992762237278,3,Reuters
2026-03-13 09:00:00+00:00,0.4114621811675771,2,Decrypt
2026-03-13 10:00:00+00:00,0.157584813214402,4,Reuters
2026-03-13 11:00:00+00:00,-0.43341030173257844,3,CoinTelegraph
2026-03-13 12:00:00+00:00,-0.6804320909199495,2,Reuters
2026-03-13 13:00:00+00:00,-0.1732314007627513,3,CoinTelegraph
2026-03-13 14:00:00+00:00,-0.264768593337044,2,CoinDesk
2026-03-13 15:00:00+00:00,-0.17085801302849735,3,Bloomberg Crypto
2026-03-13 16:00:00+00:00,-0.22851394335888678,2,Bloomberg Crypto
2026-03-13 17:00:00+00:00,-0.11860009873207478,3,Bloomberg Crypto
2026-03-13 18:00:00+00:00,0.21055961491963526,4,CoinTelegraph
2026-03-13 19:00:00+00:00,-0.09736871092316968,2,Bloomberg Crypto
2026-03-13 20:00:00+00:00,-0.6637862243175886,0,Bloomberg Crypto
2026-03-13 21:00:00+00:00,0.1802937213796561,0,Reuters
2026-03-13 22:00:00+00:00,0.27742083602979084,1,Bloomberg Crypto
2026-03-13 23:00:00+00:00,0.8062401085530237,2,CoinTelegraph
2026-03-14 00:00:00+00:00,-0.690382647273526,1,Reuters
2026-03-14 01:00:00+00:00,-0.21232551459544013,1,CoinTelegraph
2026-03-14 02:00:00+00:00,-1.0,4,Decrypt
2026-03-14 03:00:00+00:00,-0.10406445809265638,0,Bloomberg Crypto
2026-03-14 04:00:00+00:00,-0.48969472109569234,3,CoinTelegraph
2026-03-14 05:00:00+00:00,0.3752289734085094,3,CoinTelegraph
2026-03-14 06:00:00+00:00,-0.5692392136373571,1,Reuters
2026-03-14 07:00:00+00:00,-0.8894794353567271,2,Decrypt
2026-03-14 08:00:00+00:00,-0.4633435552193381,2,Decrypt
2026-03-14 09:00:00+00:00,-0.9899523132562073,0,Bloomberg Crypto
2026-03-14 10:00:00+00:00,-0.03577160264678403,3,CoinDesk
2026-03-14 11:00:00+00:00,-1.0,3,CoinDesk
2026-03-14 12:00:00+00:00,-0.2889292990662766,3,Reuters
2026-03-14 13:00:00+00:00,-1.0,3,Bloomberg Crypto
2026-03-14 14:00:00+00:00,-0.41120458256532916,1,Reuters
2026-03-14 15:00:00+00:00,0.2759848625991402,3,Bloomberg Crypto
2026-03-14 16:00:00+00:00,-0.17306232958944748,4,Decrypt
2026-03-14 17:00:00+00:00,-0.6015979099973445,2,CoinDesk
2026-03-14 18:00:00+00:00,-0.31037688147023695,2,CoinTelegraph
2026-03-14 19:00:00+00:00,-0.2932247211311129,7,CoinDesk
2026-03-14 20:00:00+00:00,-0.1341794238413508,1,Bloomberg Crypto
2026-03-14 21:00:00+00:00,-0.7780643418237994,10,CoinDesk
2026-03-14 22:00:00+00:00,-0.0923236886841032,1,CoinTelegraph
2026-03-14 23:00:00+00:00,-1.0,0,Decrypt
2026-03-15 00:00:00+00:00,-0.5202818135492451,3,Decrypt
2026-03-15 01:00:00+00:00,-0.4707597290642478,3,Bloomberg Crypto
2026-03-15 02:00:00+00:00,-0.07823560542821986,3,CoinDesk
2026-03-15 03:00:00+00:00,-0.29200975215706304,3,Bloomberg Crypto
2026-03-15 04:00:00+00:00,-0.7919026206124351,4,CoinDesk
2026-03-15 05:00:00+00:00,-0.6447225916323767,1,Reuters
2026-03-15 06:00:00+00:00,-0.23045088439328723,3,Bloomberg Crypto
2026-03-15 07:00:00+00:00,-0.32767079157345175,5,CoinDesk
2026-03-15 08:00:00+00:00,-0.5026934383725112,2,Reuters
2026-03-15 09:00:00+00:00,-0.4682890482500498,3,Bloomberg Crypto
2026-03-15 10:00:00+00:00,-0.05633008872912851,2,Decrypt
2026-03-15 11:00:00+00:00,-0.48116739810064646,1,Reuters
2026-03-15 12:00:00+00:00,-0.3307874871729105,2,Bloomberg Crypto
2026-03-15 13:00:00+00:00,0.4595472552342227,5,CoinTelegraph
2026-03-15 14:00:00+00:00,-0.7981889174625264,3,Decrypt
2026-03-15 15:00:00+00:00,-0.9480088402573377,1,Reuters
2026-03-15 16:00:00+00:00,-0.025565837542399106,1,CoinDesk
2026-03-15 17:00:00+00:00,-0.5373000748248411,5,CoinTelegraph
2026-03-15 18:00:00+00:00,-0.4111053692405861,2,CoinDesk
2026-03-15 19:00:00+00:00,-0.5730686470213999,3,CoinTelegraph
2026-03-15 20:00:00+00:00,-0.39053009415517215,5,Bloomberg Crypto
2026-03-15 21:00:00+00:00,0.2599577128870501,0,Bloomberg Crypto
2026-03-15 22:00:00+00:00,-0.018710699825215893,5,CoinDesk
2026-03-15 23:00:00+00:00,0.0024030809008242504,3,CoinDesk
2026-03-16 00:00:00+00:00,-0.7949685611194017,1,CoinDesk
2026-03-16 01:00:00+00:00,-0.7021012997259508,2,Reuters
2026-03-16 02:00:00+00:00,-1.0,3,Decrypt
2026-03-16 03:00:00+00:00,-0.582280957905215,4,CoinDesk
2026-03-16 04:00:00+00:00,0.03595666275459808,4,Bloomberg Crypto
2026-03-16 05:00:00+00:00,-0.11784441833222392,3,Bloomberg Crypto
2026-03-16 06:00:00+00:00,-0.3761860537575859,2,CoinDesk
2026-03-16 07:00:00+00:00,-0.3063366926315279,1,CoinDesk
2026-03-16 08:00:00+00:00,-0.5395111858748483,6,Bloomberg Crypto
2026-03-16 09:00:00+00:00,-0.22659976322756115,5,Reuters
2026-03-16 10:00:00+00:00,-0.03006657631263826,0,CoinTelegraph
2026-03-16 11:00:00+00:00,-0.8635374303738899,1,Bloomberg Crypto
2026-03-16 12:00:00+00:00,-0.1929479259942503,3,CoinTelegraph
2026-03-16 13:00:00+00:00,0.028685542008753784,5,CoinDesk
2026-03-16 14:00:00+00:00,-0.4427882971069664,1,Decrypt
2026-03-16 15:00:00+00:00,-0.0520890049558321,3,CoinDesk
2026-03-16 16:00:00+00:00,0.6879693199257264,5,CoinDesk
2026-03-16 17:00:00+00:00,-0.33349972607161815,1,CoinDesk
2026-03-16 18:00:00+00:00,-0.1591367936892467,3,Bloomberg Crypto
2026-03-16 19:00:00+00:00,-0.5549232563511892,2,Bloomberg Crypto
2026-03-16 20:00:00+00:00,-0.2329688927883916,5,Decrypt
2026-03-16 21:00:00+00:00,-0.13510976397438976,4,CoinTelegraph
2026-03-16 22:00:00+00:00,-0.22780256077294886,1,CoinTelegraph
2026-03-16 23:00:00+00:00,-0.652677806887249,6,CoinTelegraph
2026-03-17 00:00:00+00:00,-0.22333941206291047,2,CoinDesk
2026-03-17 01:00:00+00:00,0.21642643352554503,2,Decrypt
2026-03-17 02:00:00+00:00,-0.13809027055199855,4,CoinDesk
2026-03-17 03:00:00+00:00,0.041817550581149554,1,Decrypt
2026-03-17 04:00:00+00:00,-0.3775918712648199,3,Reuters
2026-03-17 05:00:00+00:00,-0.03192685728318412,3,Bloomberg Crypto
2026-03-17 06:00:00+00:00,-0.19639700473270572,3,CoinDesk
2026-03-17 07:00:00+00:00,-0.6267028628841783,3,Reuters
2026-03-17 08:00:00+00:00,-0.18213967231046857,4,CoinTelegraph
2026-03-17 09:00:00+00:00,-0.6404483346558058,4,Reuters
2026-03-17 10:00:00+00:00,-0.5145896440428317,3,Bloomberg Crypto
2026-03-17 11:00:00+00:00,-0.22653825763737973,3,Bloomberg Crypto
2026-03-17 12:00:00+00:00,-0.18848386399411518,4,Bloomberg Crypto
2026-03-17 13:00:00+00:00,-0.7084614993287215,3,Reuters
2026-03-17 14:00:00+00:00,0.07695951874402801,2,CoinTelegraph
2026-03-17 15:00:00+00:00,-0.09143326158355289,3,CoinDesk
2026-03-17 16:00:00+00:00,-0.5379849680286947,3,CoinTelegraph
2026-03-17 17:00:00+00:00,-0.8291738553126636,2,Decrypt
2026-03-17 18:00:00+00:00,-0.34141955039582295,3,Decrypt
2026-03-17 19:00:00+00:00,-0.4464616347586253,3,CoinDesk
2026-03-17 20:00:00+00:00,-0.2504551841130255,4,Bloomberg Crypto
2026-03-17 21:00:00+00:00,-0.4168128127009049,7,CoinDesk
2026-03-17 22:00:00+00:00,-0.9919941539681265,3,Reuters
2026-03-17 23:00:00+00:00,-0.42496259297465017,4,Bloomberg Crypto
2026-03-18 00:00:00+00:00,-0.39565941211015415,3,CoinDesk
2026-03-18 01:00:00+00:00,-0.06655757649076993,4,CoinDesk
2026-03-18 02:00:00+00:00,-0.5323496930117909,4,Reuters
2026-03-18 03:00:00+00:00,0.29992079058420906,2,Reuters
2026-03-18 04:00:00+00:00,-0.9563197492346268,3,CoinTelegraph
2026-03-18 05:00:00+00:00,0.17203817625334678,3,Decrypt
2026-03-18 06:00:00+00:00,-0.36500166626391345,1,CoinDesk
2026-03-18 07:00:00+00:00,0.014750406331110799,1,CoinTelegraph
2026-03-18 08:00:00+00:00,-0.25778275329856276,2,Bloomberg Crypto
2026-03-18 09:00:00+00:00,0.11352748272036806,2,Bloomberg Crypto
2026-03-18 10:00:00+00:00,-0.4204920404309137,4,Decrypt
2026-03-18 11:00:00+00:00,-0.669025622815886,2,Bloomberg Crypto
2026-03-18 12:00:00+00:00,0.2130801746220493,2,Decrypt
2026-03-18 13:00:00+00:00,-0.32339714228689226,3,Bloomberg Crypto
2026-03-18 14:00:00+00:00,-0.20571078688178612,2,Bloomberg Crypto
2026-03-18 15:00:00+00:00,0.1493348268985517,1,CoinDesk
2026-03-18 16:00:00+00:00,-0.6435795299869065,3,Reuters
2026-03-18 17:00:00+00:00,-0.07353500320882878,2,CoinDesk
2026-03-18 18:00:00+00:00,-0.48797638228427115,2,CoinTelegraph
2026-03-18 19:00:00+00:00,-0.3273236783641596,2,Reuters
2026-03-18 20:00:00+00:00,-0.25531274690944367,5,CoinDesk
2026-03-18 21:00:00+00:00,-0.8052288201533053,2,Reuters
2026-03-18 22:00:00+00:00,-0.5522797289395063,2,Reuters
2026-03-18 23:00:00+00:00,0.1936583330332048,3,Reuters
2026-03-19 00:00:00+00:00,0.03142449258372615,3,Bloomberg Crypto
2026-03-19 01:00:00+00:00,-0.3001863571382915,4,Reuters
2026-03-19 02:00:00+00:00,-0.1926842226786426,3,Bloomberg Crypto
2026-03-19 03:00:00+00:00,-0.38027209363068826,4,Reuters
2026-03-19 04:00:00+00:00,0.19801232038764738,3,Bloomberg Crypto
2026-03-19 05:00:00+00:00,-0.34641478854294816,1,Reuters
2026-03-19 06:00:00+00:00,-0.1946410586683866,3,CoinTelegraph
2026-03-19 07:00:00+00:00,0.12583546263190443,3,CoinDesk
2026-03-19 08:00:00+00:00,-0.5468393061762535,1,Reuters
2026-03-19 09:00:00+00:00,0.27133781811831265,3,CoinTelegraph
2026-03-19 10:00:00+00:00,-0.8093739208014005,2,CoinDesk
2026-03-19 11:00:00+00:00,0.2971933568612143,0,Decrypt
2026-03-19 12:00:00+00:00,-0.4030817455850422,0,Reuters
2026-03-19 13:00:00+00:00,-0.35704870557963947,2,Decrypt
2026-03-19 14:00:00+00:00,-0.9330615168814492,4,CoinDesk
2026-03-19 15:00:00+00:00,-0.4301848917795982,2,CoinDesk
2026-03-19 16:00:00+00:00,-0.634382791098975,4,Reuters
2026-03-19 17:00:00+00:00,-0.48256548177638864,1,CoinTelegraph
2026-03-19 18:00:00+00:00,-0.31738185608637803,3,Reuters
2026-03-19 19:00:00+00:00,0.06647527784504387,3,CoinTelegraph
2026-03-19 20:00:00+00:00,-0.1955144059655584,0,Reuters
2026-03-19 21:00:00+00:00,-0.15990757524747498,1,CoinTelegraph
2026-03-19 22:00:00+00:00,-0.6504400590263499,4,Bloomberg Crypto
2026-03-19 23:00:00+00:00,-0.5746811281498035,3,CoinTelegraph
2026-03-20 00:00:00+00:00,0.36373256996271736,1,CoinTelegraph
2026-03-20 01:00:00+00:00,-0.5225406151501457,1,CoinDesk
2026-03-20 02:00:00+00:00,0.3150584807332972,4,Decrypt
2026-03-20 03:00:00+00:00,-0.3490750808003641,3,Reuters
2026-03-20 04:00:00+00:00,-0.26258724776004005,6,CoinDesk
2026-03-20 05:00:00+00:00,0.11186029453720209,5,Decrypt
2026-03-20 06:00:00+00:00,0.18302021659520518,3,CoinDesk
2026-03-20 07:00:00+00:00,-0.3002962917104774,3,CoinDesk
2026-03-20 08:00:00+00:00,-0.396761885536522,2,Reuters
2026-03-20 09:00:00+00:00,-0.2798090634016537,2,Bloomberg Crypto
2026-03-20 10:00:00+00:00,-0.14130704142772088,1,CoinDesk
2026-03-20 11:00:00+00:00,0.05301365198944069,0,Reuters
2026-03-20 12:00:00+00:00,-0.25680785411874546,6,CoinTelegraph
2026-03-20 13:00:00+00:00,-0.04101898317463723,1,Decrypt
2026-03-20 14:00:00+00:00,0.31646060752452765,4,Reuters
2026-03-20 15:00:00+00:00,-0.12283828663227384,4,Bloomberg Crypto
2026-03-20 16:00:00+00:00,-0.14654475672872067,1,Reuters
2026-03-20 17:00:00+00:00,-0.7865639162397822,5,Reuters
2026-03-20 18:00:00+00:00,-1.0,2,CoinTelegraph
2026-03-20 19:00:00+00:00,-0.11764321197536048,4,Decrypt
2026-03-20 20:00:00+00:00,-0.28607094215474055,1,Decrypt
2026-03-20 21:00:00+00:00,-0.43235945791050334,3,Bloomberg Crypto
2026-03-20 22:00:00+00:00,-0.16624834010011177,8,Decrypt
2026-03-20 23:00:00+00:00,-0.271918949044509,4,CoinTelegraph
2026-03-21 00:00:00+00:00,0.14465635617029304,0,Bloomberg Crypto
2026-03-21 01:00:00+00:00,-0.21921238401910048,4,CoinTelegraph
2026-03-21 02:00:00+00:00,-0.5100541759269099,6,CoinTelegraph
2026-03-21 03:00:00+00:00,0.09865192401857817,2,Reuters
2026-03-21 04:00:00+00:00,-0.3231727779584377,4,Reuters
2026-03-21 05:00:00+00:00,-0.06215512670541723,1,Reuters
2026-03-21 06:00:00+00:00,-0.41279821316790444,1,CoinDesk
2026-03-21 07:00:00+00:00,-0.47240082535787775,2,CoinTelegraph
2026-03-21 08:00:00+00:00,-0.21475494748747176,2,Decrypt
2026-03-21 09:00:00+00:00,-0.23897169246191907,4,Bloomberg Crypto
2026-03-21 10:00:00+00:00,-0.0747656359340931,3,CoinDesk
2026-03-21 11:00:00+00:00,-0.3359699975546936,1,Reuters
2026-03-21 12:00:00+00:00,-0.8839043128694856,5,CoinDesk
2026-03-21 13:00:00+00:00,-0.391879185708339,6,CoinDesk
2026-03-21 14:00:00+00:00,0.03820265163442549,3,CoinTelegraph
2026-03-21 15:00:00+00:00,-0.3429364868698723,3,CoinTelegraph
2026-03-21 16:00:00+00:00,-0.3243056735657363,3,Decrypt
2026-03-21 17:00:00+00:00,0.10794808004004469,5,Bloomberg Crypto
2026-03-21 18:00:00+00:00,-0.48568214628978124,2,Bloomberg Crypto
2026-03-21 19:00:00+00:00,-0.7756760829086297,3,Reuters
2026-03-21 20:00:00+00:00,-0.2911149229370423,4,Decrypt
2026-03-21 21:00:00+00:00,-0.4035496382582908,3,Bloomberg Crypto
2026-03-21 22:00:00+00:00,-0.571465356005727,3,CoinDesk
2026-03-21 23:00:00+00:00,-0.29384767197465456,3,CoinDesk
2026-03-22 00:00:00+00:00,-0.059619998813375485,0,Bloomberg Crypto
2026-03-22 01:00:00+00:00,-0.23407544461391722,0,CoinDesk
2026-03-22 02:00:00+00:00,-0.12255427034986471,3,CoinDesk
2026-03-22 03:00:00+00:00,0.4055261106432352,6,Reuters
2026-03-22 04:00:00+00:00,-0.34833887914338035,6,CoinDesk
2026-03-22 05:00:00+00:00,-0.13006972041793485,2,Bloomberg Crypto
2026-03-22 06:00:00+00:00,-0.4048726711315015,5,CoinTelegraph
2026-03-22 07:00:00+00:00,-0.5220259502200432,2,CoinDesk
2026-03-22 08:00:00+00:00,-0.42966559905759,3,Bloomberg Crypto
2026-03-22 09:00:00+00:00,-0.39165712634155814,0,CoinDesk
2026-03-22 10:00:00+00:00,-0.09741465281991471,2,Decrypt
2026-03-22 11:00:00+00:00,0.5998099220906861,4,Reuters
2026-03-22 12:00:00+00:00,-0.47211310889747615,3,CoinTelegraph
2026-03-22 13:00:00+00:00,-0.3664439638546082,6,CoinDesk
2026-03-22 14:00:00+00:00,-0.2418412760730111,4,Bloomberg Crypto
2026-03-22 15:00:00+00:00,-0.08033766917753515,4,CoinTelegraph
2026-03-22 16:00:00+00:00,-0.12573947324639517,5,CoinDesk
2026-03-22 17:00:00+00:00,0.23234031639306718,5,Decrypt
2026-03-22 18:00:00+00:00,-1.0,0,Bloomberg Crypto
2026-03-22 19:00:00+00:00,-1.0,4,Reuters
2026-03-22 20:00:00+00:00,-0.38795937601644087,2,CoinDesk
2026-03-22 21:00:00+00:00,0.17055807895576539,3,Bloomberg Crypto
2026-03-22 22:00:00+00:00,-0.7605648145412965,5,CoinDesk
2026-03-22 23:00:00+00:00,-1.0,2,Reuters
2026-03-23 00:00:00+00:00,-0.010845450074024515,3,Decrypt
2026-03-23 01:00:00+00:00,-0.1245574698195444,2,Reuters
2026-03-23 02:00:00+00:00,-0.5904858100588621,6,Reuters
2026-03-23 03:00:00+00:00,-0.5529232283184194,1,Reuters
2026-03-23 04:00:00+00:00,-0.5464623183450282,2,CoinTelegraph
2026-03-23 05:00:00+00:00,-0.1674284690512215,3,Bloomberg Crypto
2026-03-23 06:00:00+00:00,-0.4243861731514359,4,CoinDesk
2026-03-23 07:00:00+00:00,-0.03130965120167309,1,Decrypt
2026-03-23 08:00:00+00:00,-1.0,2,CoinDesk
2026-03-23 09:00:00+00:00,-0.5022312384446139,2,CoinTelegraph
2026-03-23 10:00:00+00:00,-0.5954968735891274,2,Decrypt
2026-03-23 11:00:00+00:00,-0.29013839669443253,3,CoinTelegraph
2026-03-23 12:00:00+00:00,-0.3877733348608345,3,CoinDesk
2026-03-23 13:00:00+00:00,0.0807549374908341,0,Decrypt
2026-03-23 14:00:00+00:00,-0.8482883454904353,5,CoinDesk
2026-03-23 15:00:00+00:00,-0.1806248904469627,4,Bloomberg Crypto
2026-03-23 16:00:00+00:00,-0.00015195063951700671,4,CoinTelegraph
2026-03-23 17:00:00+00:00,0.4552377344861897,0,Bloomberg Crypto
2026-03-23 18:00:00+00:00,-0.36222252385158205,3,Bloomberg Crypto
2026-03-23 19:00:00+00:00,-0.0790559024475886,4,CoinDesk
2026-03-23 20:00:00+00:00,-0.8229768040122861,2,CoinDesk
2026-03-23 21:00:00+00:00,-1.0,1,Reuters
2026-03-23 22:00:00+00:00,0.10604000816738951,2,Reuters
2026-03-23 23:00:00+00:00,-0.19057494715557566,4,Decrypt
2026-03-24 00:00:00+00:00,0.22485626953387364,3,CoinDesk
2026-03-24 01:00:00+00:00,-0.6673050356716727,2,CoinTelegraph
2026-03-24 02:00:00+00:00,-0.003635672143687735,2,CoinDesk
2026-03-24 03:00:00+00:00,0.4695008642013495,3,CoinDesk
2026-03-24 04:00:00+00:00,-0.03666895745557483,2,Bloomberg Crypto
2026-03-24 05:00:00+00:00,-0.08573953407767118,3,Bloomberg Crypto
2026-03-24 06:00:00+00:00,-0.1785221926061325,1,Reuters
2026-03-24 07:00:00+00:00,-0.730295728961546,5,Decrypt
2026-03-24 08:00:00+00:00,0.2949962531768462,1,Decrypt
2026-03-24 09:00:00+00:00,-0.3922181800200025,3,CoinDesk
2026-03-24 10:00:00+00:00,-0.0008092937250179233,3,CoinTelegraph
2026-03-24 11:00:00+00:00,-0.7233975829876809,2,Bloomberg Crypto
2026-03-24 12:00:00+00:00,-0.5881003346662346,2,CoinTelegraph
2026-03-24 13:00:00+00:00,0.3280405076916415,3,Bloomberg Crypto
2026-03-24 14:00:00+00:00,-0.2947432861007637,4,CoinDesk
2026-03-24 15:00:00+00:00,0.3365147362435929,3,Decrypt
2026-03-24 16:00:00+00:00,-0.19845341847801745,0,CoinDesk
2026-03-24 17:00:00+00:00,-0.8146747474225862,2,Bloomberg Crypto
2026-03-24 18:00:00+00:00,0.14327844262362596,1,Decrypt
2026-03-24 19:00:00+00:00,-0.37433908993751613,1,CoinTelegraph
2026-03-24 20:00:00+00:00,0.07773585373385158,3,CoinTelegraph
2026-03-24 21:00:00+00:00,-0.15690679031125723,2,Reuters
2026-03-24 22:00:00+00:00,-0.704744267265421,2,CoinTelegraph
2026-03-24 23:00:00+00:00,-0.10606896368249671,3,Reuters
2026-03-25 00:00:00+00:00,0.6061897535566849,2,Decrypt
2026-03-25 01:00:00+00:00,0.011143709018570647,3,CoinDesk
2026-03-25 02:00:00+00:00,-0.18044298103620576,3,CoinDesk
2026-03-25 03:00:00+00:00,0.21715117623633348,2,Decrypt
2026-03-25 04:00:00+00:00,-0.08438934977162339,4,Decrypt
2026-03-25 05:00:00+00:00,-0.08368770161768739,2,Bloomberg Crypto
2026-03-25 06:00:00+00:00,-0.5379919539023408,3,CoinTelegraph
2026-03-25 07:00:00+00:00,-0.07297190827839727,2,CoinTelegraph
2026-03-25 08:00:00+00:00,0.20869377210740292,2,CoinTelegraph
2026-03-25 09:00:00+00:00,-0.4452230363906404,2,Reuters
2026-03-25 10:00:00+00:00,0.3470852210199752,3,CoinTelegraph
2026-03-25 11:00:00+00:00,-0.18246965248452685,3,Bloomberg Crypto
2026-03-25 12:00:00+00:00,-0.4599733157106442,3,CoinDesk
2026-03-25 13:00:00+00:00,0.20103856187409172,2,CoinDesk
2026-03-25 14:00:00+00:00,-0.24738658243711245,3,Reuters
2026-03-25 15:00:00+00:00,0.11994839848753047,1,Bloomberg Crypto
2026-03-25 16:00:00+00:00,-0.24686784381885352,4,Decrypt
2026-03-25 17:00:00+00:00,-0.16455930227020363,4,CoinDesk
2026-03-25 18:00:00+00:00,0.030260749896886402,2,Bloomberg Crypto
2026-03-25 19:00:00+00:00,-0.039533882145657465,1,Decrypt
2026-03-25 20:00:00+00:00,-0.8386438883055093,3,Reuters
2026-03-25 21:00:00+00:00,-0.5315003903038933,3,CoinTelegraph
2026-03-25 22:00:00+00:00,0.18737367284115344,2,Bloomberg Crypto
2026-03-25 23:00:00+00:00,-0.18301981416807972,4,CoinDesk
2026-03-26 00:00:00+00:00,-0.3189276171496892,4,Reuters
2026-03-26 01:00:00+00:00,-0.6099697078622393,2,Bloomberg Crypto
2026-03-26 02:00:00+00:00,-0.5112211658779318,4,Reuters
2026-03-26 03:00:00+00:00,-0.8397851592918307,3,Decrypt
2026-03-26 04:00:00+00:00,-0.16644362113235617,1,Bloomberg Crypto
2026-03-26 05:00:00+00:00,-0.33928583096849607,4,CoinTelegraph
2026-03-26 06:00:00+00:00,-0.4669733432186054,0,Decrypt
2026-03-26 07:00:00+00:00,-0.15134330079965058,5,CoinTelegraph
2026-03-26 08:00:00+00:00,0.0010594595596308543,1,Reuters
2026-03-26 09:00:00+00:00,0.6074611954897852,4,CoinTelegraph
2026-03-26 10:00:00+00:00,-0.6531427791819963,2,Decrypt
2026-03-26 11:00:00+00:00,0.2829765775104953,1,Decrypt
2026-03-26 12:00:00+00:00,0.21895782784727524,5,Decrypt
2026-03-26 13:00:00+00:00,-0.39312885554363763,3,Reuters
2026-03-26 14:00:00+00:00,-0.048130260179656284,2,CoinDesk
2026-03-26 15:00:00+00:00,-0.2782487202651055,2,Reuters
2026-03-26 16:00:00+00:00,-0.051898131712678694,7,Decrypt
2026-03-26 17:00:00+00:00,0.41249683281850985,4,Reuters
2026-03-26 18:00:00+00:00,0.0974554153409613,2,Bloomberg Crypto
2026-03-26 19:00:00+00:00,0.06470054107051491,0,Bloomberg Crypto
2026-03-26 20:00:00+00:00,-0.2627241764212656,2,CoinDesk
2026-03-26 21:00:00+00:00,-0.6303371955907202,1,Reuters
2026-03-26 22:00:00+00:00,-0.18268063073832416,2,Reuters
2026-03-26 23:00:00+00:00,0.3137987349834396,3,Bloomberg Crypto
2026-03-27 00:00:00+00:00,-0.6418182214563145,3,Decrypt
2026-03-27 01:00:00+00:00,-0.4753841155147548,3,CoinTelegraph
2026-03-27 02:00:00+00:00,-0.06070052889344552,4,Decrypt
2026-03-27 03:00:00+00:00,-0.4483128684977624,1,CoinDesk
2026-03-27 04:00:00+00:00,-0.37985443724068146,4,CoinTelegraph
2026-03-27 05:00:00+00:00,-0.24951637348309613,4,Decrypt
2026-03-27 06:00:00+00:00,-0.5780067251420093,2,Reuters
2026-03-27 07:00:00+00:00,-0.4397651908430887,4,Reuters
2026-03-27 08:00:00+00:00,0.14859714546196345,6,Bloomberg Crypto
2026-03-27 09:00:00+00:00,-0.5539603222885471,6,Reuters
2026-03-27 10:00:00+00:00,-0.6544126336499251,2,Reuters
2026-03-27 11:00:00+00:00,-0.3144408551176119,2,CoinDesk
2026-03-27 12:00:00+00:00,0.16347932756596106,0,CoinTelegraph
2026-03-27 13:00:00+00:00,-0.16039900019579856,3,Decrypt
2026-03-27 14:00:00+00:00,-0.25284931963116697,1,Decrypt
2026-03-27 15:00:00+00:00,-0.07348826665158467,5,CoinDesk
2026-03-27 16:00:00+00:00,-0.6987777021908835,5,CoinTelegraph
2026-03-27 17:00:00+00:00,0.086602248957078,3,Reuters
2026-03-27 18:00:00+00:00,0.04889450480697394,2,CoinDesk
2026-03-27 19:00:00+00:00,-0.2273271684932675,3,Reuters
2026-03-27 20:00:00+00:00,0.2692444871995041,4,Decrypt
2026-03-27 21:00:00+00:00,-0.476211081893796,2,CoinDesk
2026-03-27 22:00:00+00:00,0.3144238560900963,3,CoinDesk
2026-03-27 23:00:00+00:00,-0.025026864860064654,2,CoinDesk
2026-03-28 00:00:00+00:00,-0.19564694557830076,2,Decrypt
2026-03-28 01:00:00+00:00,-0.08356176091376613,1,Decrypt
2026-03-28 02:00:00+00:00,-0.11289968719927616,1,Bloomberg Crypto
2026-03-28 03:00:00+00:00,0.35299235960191977,5,Decrypt
2026-03-28 04:00:00+00:00,-0.4496926112436357,2,Decrypt
2026-03-28 05:00:00+00:00,-0.3384835635030945,5,Reuters
2026-03-28 06:00:00+00:00,0.292358595354244,2,Decrypt
2026-03-28 07:00:00+00:00,-0.27752892838353505,1,CoinTelegraph
2026-03-28 08:00:00+00:00,0.24735187141357007,5,Reuters
2026-03-28 09:00:00+00:00,0.5282261401517985,4,Bloomberg Crypto
2026-03-28 10:00:00+00:00,-0.20594522854853134,3,CoinTelegraph
2026-03-28 11:00:00+00:00,0.1744205396694172,1,Bloomberg Crypto
2026-03-28 12:00:00+00:00,-0.46658669225786564,6,CoinDesk
2026-03-28 13:00:00+00:00,0.20262530436314702,2,CoinDesk
2026-03-28 14:00:00+00:00,0.009531228556177745,3,CoinDesk
2026-03-28 15:00:00+00:00,0.1065615318180014,0,Decrypt
2026-03-28 16:00:00+00:00,-0.283685699803638,3,Decrypt
2026-03-28 17:00:00+00:00,-0.6378472084014842,4,Reuters
2026-03-28 18:00:00+00:00,0.1209387171650223,4,CoinTelegraph
2026-03-28 19:00:00+00:00,-0.7761210790854778,4,CoinTelegraph
2026-03-28 20:00:00+00:00,-0.16373211941131657,0,CoinDesk
2026-03-28 21:00:00+00:00,0.2780257099925454,4,CoinDesk
2026-03-28 22:00:00+00:00,0.017048719904926353,5,Decrypt
2026-03-28 23:00:00+00:00,0.6330778217948793,3,Bloomberg Crypto
2026-03-29 00:00:00+00:00,0.3112203878726803,2,CoinTelegraph
2026-03-29 01:00:00+00:00,-0.275157082113237,3,CoinTelegraph
2026-03-29 02:00:00+00:00,-0.035456936555392934,5,Bloomberg Crypto
2026-03-29 03:00:00+00:00,-0.06031950496651542,0,CoinTelegraph
2026-03-29 04:00:00+00:00,-0.5962239557362576,4,CoinTelegraph
2026-03-29 05:00:00+00:00,-0.3703232524035041,1,Decrypt
2026-03-29 06:00:00+00:00,-0.23617072940321068,6,CoinTelegraph
2026-03-29 07:00:00+00:00,-0.7513016292353527,3,CoinDesk
2026-03-29 08:00:00+00:00,-0.020721065277962112,4,CoinDesk
2026-03-29 09:00:00+00:00,-0.12323755909837023,1,Reuters
2026-03-29 10:00:00+00:00,-0.620293245337702,4,Decrypt
2026-03-29 11:00:00+00:00,0.10797680071055711,6,Decrypt
2026-03-29 12:00:00+00:00,0.21834105664258635,2,CoinDesk
2026-03-29 13:00:00+00:00,0.04853155836848034,6,Decrypt
2026-03-29 14:00:00+00:00,-0.1430699029430011,4,Decrypt
2026-03-29 15:00:00+00:00,0.17864372816798849,4,Reuters
2026-03-29 16:00:00+00:00,0.21100164315752887,3,Bloomberg Crypto
2026-03-29 17:00:00+00:00,0.08180180978065651,3,CoinTelegraph
2026-03-29 18:00:00+00:00,-0.3131172062512933,2,Reuters
2026-03-29 19:00:00+00:00,0.07359432415887428,3,Bloomberg Crypto
2026-03-29 20:00:00+00:00,0.3964896888194935,3,CoinTelegraph
2026-03-29 21:00:00+00:00,-0.22946089855480217,3,CoinDesk
2026-03-29 22:00:00+00:00,0.7149262338615556,2,Bloomberg Crypto
2026-03-29 23:00:00+00:00,-0.20203481010462263,2,CoinTelegraph
2026-03-30 00:00:00+00:00,-0.005432642361134303,5,Reuters
2026-03-30 01:00:00+00:00,-0.2508558587691946,1,CoinTelegraph
2026-03-30 02:00:00+00:00,0.06394837607536116,2,Decrypt
2026-03-30 03:00:00+00:00,-0.6226842623237058,6,CoinTelegraph
2026-03-30 04:00:00+00:00,-0.20273131385350487,4,CoinDesk
2026-03-30 05:00:00+00:00,-0.3925689036088232,1,Reuters
2026-03-30 06:00:00+00:00,0.03833233030822861,3,Bloomberg Crypto
2026-03-30 07:00:00+00:00,0.3403110493599772,3,CoinTelegraph
2026-03-30 08:00:00+00:00,0.21964733625922606,2,Reuters
2026-03-30 09:00:00+00:00,-0.8352447831473627,1,CoinDesk
2026-03-30 10:00:00+00:00,0.7108512897022545,4,Bloomberg Crypto
2026-03-30 11:00:00+00:00,0.10076588015069673,5,CoinTelegraph
2026-03-30 12:00:00+00:00,-0.2730657606614238,2,CoinDesk
2026-03-30 13:00:00+00:00,0.05499477164682907,1,Decrypt
2026-03-30 14:00:00+00:00,0.06295749936481451,4,Reuters
2026-03-30 15:00:00+00:00,-0.23081495186644158,3,Reuters
2026-03-30 16:00:00+00:00,0.07314392239222853,5,CoinTelegraph
2026-03-30 17:00:00+00:00,-0.20745129382035749,2,CoinDesk
2026-03-30 18:00:00+00:00,-0.13507186821064143,1,Bloomberg Crypto
2026-03-30 19:00:00+00:00,-0.2324521654461407,2,Bloomberg Crypto
2026-03-30 20:00:00+00:00,-0.4923988599548067,1,Bloomberg Crypto
2026-03-30 21:00:00+00:00,0.061369248062207546,7,Bloomberg Crypto
2026-03-30 22:00:00+00:00,0.21647148704837035,2,CoinTelegraph
2026-03-30 23:00:00+00:00,0.19311592852808931,6,CoinTelegraph
2026-03-31 00:00:00+00:00,0.30117025491906063,3,Reuters
2026-03-31 01:00:00+00:00,0.12900497367217928,1,CoinDesk
2026-03-31 02:00:00+00:00,-0.16967882734573572,4,Decrypt
2026-03-31 03:00:00+00:00,0.31194633576065367,7,CoinTelegraph
2026-03-31 04:00:00+00:00,-0.4557786041098834,0,Bloomberg Crypto
2026-03-31 05:00:00+00:00,-0.29459425583867294,5,Decrypt
2026-03-31 06:00:00+00:00,-0.31554148602871296,3,Reuters
2026-03-31 07:00:00+00:00,0.40123556446879705,5,Bloomberg Crypto
2026-03-31 08:00:00+00:00,0.354478898548153,3,CoinDesk
2026-03-31 09:00:00+00:00,0.19634627258698112,2,Decrypt
2026-03-31 10:00:00+00:00,0.4022509358334405,3,Reuters
2026-03-31 11:00:00+00:00,-0.2793879488990366,2,CoinTelegraph
2026-03-31 12:00:00+00:00,0.15165433357120423,5,CoinDesk
2026-03-31 13:00:00+00:00,-0.012880540699877138,3,Bloomberg Crypto
2026-03-31 14:00:00+00:00,0.32862314035896784,4,Decrypt
2026-03-31 15:00:00+00:00,-0.006830779256761538,2,Reuters
2026-03-31 16:00:00+00:00,-0.09994963106487875,1,Decrypt
2026-03-31 17:00:00+00:00,0.22538039496615203,5,CoinDesk
2026-03-31 18:00:00+00:00,0.34400298768296816,4,CoinTelegraph
2026-03-31 19:00:00+00:00,-0.1952963649606072,5,CoinTelegraph
2026-03-31 20:00:00+00:00,0.01852792698692647,5,CoinDesk
2026-03-31 21:00:00+00:00,-0.32927059014059945,3,Bloomberg Crypto
2026-03-31 22:00:00+00:00,-0.831859267557416,5,Decrypt
2026-03-31 23:00:00+00:00,0.11390063007076649,2,Bloomberg Crypto
2026-04-01 00:00:00+00:00,0.25813349419251613,1,Reuters
2026-04-01 01:00:00+00:00,0.1380160293796377,3,Bloomberg Crypto
2026-04-01 02:00:00+00:00,-0.6347787856830884,6,CoinDesk
2026-04-01 03:00:00+00:00,-0.07395519664521119,4,CoinTelegraph
2026-04-01 04:00:00+00:00,-0.7263062283672436,1,CoinDesk
2026-04-01 05:00:00+00:00,0.5307833309334071,6,CoinDesk
2026-04-01 06:00:00+00:00,-0.3274596566149022,3,Decrypt
2026-04-01 07:00:00+00:00,0.493321239028632,2,CoinDesk
2026-04-01 08:00:00+00:00,0.3862538807867549,0,Reuters
2026-04-01 09:00:00+00:00,-0.2587386104346492,4,Decrypt
2026-04-01 10:00:00+00:00,-0.33873925835246244,1,Decrypt
2026-04-01 11:00:00+00:00,0.1816314426732908,4,Bloomberg Crypto
2026-04-01 12:00:00+00:00,-0.23524624647488454,2,CoinDesk
2026-04-01 13:00:00+00:00,0.09740097471595735,6,Bloomberg Crypto
2026-04-01 14:00:00+00:00,-0.1061952629935077,2,Bloomberg Crypto
2026-04-01 15:00:00+00:00,-0.5593491704310335,2,Decrypt
2026-04-01 16:00:00+00:00,-0.7153468375746015,6,Bloomberg Crypto
2026-04-01 17:00:00+00:00,0.1459159408743585,5,Bloomberg Crypto
2026-04-01 18:00:00+00:00,-0.12871050556323343,1,Decrypt
2026-04-01 19:00:00+00:00,-0.12448973485076338,4,Decrypt
2026-04-01 20:00:00+00:00,0.3138997605539472,1,CoinTelegraph
2026-04-01 21:00:00+00:00,0.4823066266231404,4,CoinDesk
2026-04-01 22:00:00+00:00,-0.022535735847852637,3,CoinTelegraph
2026-04-01 23:00:00+00:00,-0.04510289327417176,3,Decrypt
2026-04-02 00:00:00+00:00,0.2504070807553044,3,Reuters
2026-04-02 01:00:00+00:00,-0.3983214608599957,1,Bloomberg Crypto
2026-04-02 02:00:00+00:00,0.1559571082826336,3,Bloomberg Crypto
2026-04-02 03:00:00+00:00,0.27225973795615604,2,Decrypt
2026-04-02 04:00:00+00:00,0.3184248644948216,3,Bloomberg Crypto
2026-04-02 05:00:00+00:00,-0.5962759986156316,3,CoinTelegraph
2026-04-02 06:00:00+00:00,-0.183645252503889,1,Bloomberg Crypto
2026-04-02 07:00:00+00:00,-0.22332293592844865,3,Reuters
2026-04-02 08:00:00+00:00,0.12026819022752458,4,CoinDesk
2026-04-02 09:00:00+00:00,0.2548053327829763,3,CoinTelegraph
2026-04-02 10:00:00+00:00,0.6116287432960974,4,CoinDesk
2026-04-02 11:00:00+00:00,-0.08422407234677885,4,CoinDesk
2026-04-02 12:00:00+00:00,-0.0839044321175247,2,Reuters
2026-04-02 13:00:00+00:00,0.4938615740044472,2,Reuters
2026-04-02 14:00:00+00:00,0.1965070267980903,0,Reuters
2026-04-02 15:00:00+00:00,0.5376101411965382,2,Reuters
2026-04-02 16:00:00+00:00,0.19621218763017423,4,CoinTelegraph
2026-04-02 17:00:00+00:00,-0.30860991804193555,3,Reuters
2026-04-02 18:00:00+00:00,-0.36899229875863904,2,CoinTelegraph
2026-04-02 19:00:00+00:00,-0.44420674250326675,6,Bloomberg Crypto
2026-04-02 20:00:00+00:00,0.3317587758409212,1,CoinDesk
2026-04-02 21:00:00+00:00,0.5172657579586866,2,Bloomberg Crypto
2026-04-02 22:00:00+00:00,0.7497479802355889,6,Bloomberg Crypto
2026-04-02 23:00:00+00:00,0.3987705601143532,1,Decrypt
2026-04-03 00:00:00+00:00,0.5118877387126131,2,Bloomberg Crypto
2026-04-03 01:00:00+00:00,-0.09690287977587851,5,Bloomberg Crypto
2026-04-03 02:00:00+00:00,-0.29743606421041235,3,Decrypt
2026-04-03 03:00:00+00:00,0.4060418855650729,7,Bloomberg Crypto
2026-04-03 04:00:00+00:00,0.25590502033297025,2,Decrypt
2026-04-03 05:00:00+00:00,0.14852289388651382,2,CoinTelegraph
2026-04-03 06:00:00+00:00,0.2476959326586868,1,CoinDesk
2026-04-03 07:00:00+00:00,0.2264273084215614,0,Reuters
2026-04-03 08:00:00+00:00,0.5638426670287433,2,Bloomberg Crypto
2026-04-03 09:00:00+00:00,0.568943976559016,2,CoinTelegraph
2026-04-03 10:00:00+00:00,0.3073662581783574,4,CoinDesk
2026-04-03 11:00:00+00:00,0.4141080883939646,1,CoinTelegraph
2026-04-03 12:00:00+00:00,0.2991847376334373,6,Decrypt
2026-04-03 13:00:00+00:00,-0.040963009450325494,3,CoinTelegraph
2026-04-03 14:00:00+00:00,0.38642535472759754,6,Bloomberg Crypto
2026-04-03 15:00:00+00:00,-0.3652664864560555,5,Bloomberg Crypto
2026-04-03 16:00:00+00:00,0.49284562563843015,1,Reuters
2026-04-03 17:00:00+00:00,-0.29292494813441816,3,Reuters
2026-04-03 18:00:00+00:00,0.22636141161698262,5,Bloomberg Crypto
2026-04-03 19:00:00+00:00,-0.16830378345828995,1,CoinTelegraph
2026-04-03 20:00:00+00:00,0.32235372544979407,4,Bloomberg Crypto
2026-04-03 21:00:00+00:00,0.11795884869036113,3,CoinTelegraph
2026-04-03 22:00:00+00:00,-0.42716921577034805,1,Bloomberg Crypto
2026-04-03 23:00:00+00:00,0.2794005061616154,2,CoinDesk
2026-04-04 00:00:00+00:00,-0.06895881846006516,3,CoinTelegraph
2026-04-04 01:00:00+00:00,0.44287015480680214,2,Decrypt
2026-04-04 02:00:00+00:00,0.13608565223673375,3,Decrypt
2026-04-04 03:00:00+00:00,0.27516935293835015,3,Reuters
2026-04-04 04:00:00+00:00,-0.19722931241969352,3,CoinDesk
2026-04-04 05:00:00+00:00,-0.0672011997287218,3,Decrypt
2026-04-04 06:00:00+00:00,-0.02031575748797912,2,Bloomberg Crypto
2026-04-04 07:00:00+00:00,0.4411937203870527,1,Decrypt
2026-04-04 08:00:00+00:00,0.7295673023520355,1,Bloomberg Crypto
2026-04-04 09:00:00+00:00,-0.13818996107527065,4,CoinDesk
2026-04-04 10:00:00+00:00,0.5216491731585532,2,Reuters
2026-04-04 11:00:00+00:00,-0.6135052840713888,1,Decrypt
2026-04-04 12:00:00+00:00,-0.2709576904535844,2,Reuters
2026-04-04 13:00:00+00:00,-0.1874397946173787,4,CoinDesk
2026-04-04 14:00:00+00:00,-0.32412405463209903,1,CoinTelegraph
2026-04-04 15:00:00+00:00,-0.40388339239192056,4,CoinDesk
2026-04-04 16:00:00+00:00,0.29603793566468517,3,CoinDesk
2026-04-04 17:00:00+00:00,0.07767758895087903,3,CoinDesk
2026-04-04 18:00:00+00:00,0.2865033128003148,2,CoinTelegraph
2026-04-04 19:00:00+00:00,0.39648415744728494,1,CoinTelegraph
2026-04-04 20:00:00+00:00,0.24888909125704117,3,CoinDesk
2026-04-04 21:00:00+00:00,0.38724179386229496,0,CoinTelegraph
2026-04-04 22:00:00+00:00,0.13378701240791663,2,Bloomberg Crypto
2026-04-04 23:00:00+00:00,-0.25622867145843115,4,CoinDesk
2026-04-05 00:00:00+00:00,0.5305467307715719,1,Decrypt
2026-04-05 01:00:00+00:00,-0.044787695011904716,0,Bloomberg Crypto
2026-04-05 02:00:00+00:00,-0.16497035837005553,0,CoinDesk
2026-04-05 03:00:00+00:00,0.10130087503065525,4,Decrypt
2026-04-05 04:00:00+00:00,-0.15483093426836425,1,Decrypt
2026-04-05 05:00:00+00:00,0.019629960253984335,3,Reuters
2026-04-05 06:00:00+00:00,0.2872241035443265,4,Reuters
2026-04-05 07:00:00+00:00,0.28979638745919656,1,Decrypt
2026-04-05 08:00:00+00:00,-0.1452953059664953,3,CoinDesk
2026-04-05 09:00:00+00:00,-0.0006863536447257734,2,CoinDesk
2026-04-05 10:00:00+00:00,0.5470892394771212,3,CoinDesk
2026-04-05 11:00:00+00:00,0.34587172157817675,2,CoinDesk
2026-04-05 12:00:00+00:00,0.8994602487375071,2,Decrypt
2026-04-05 13:00:00+00:00,0.5872849428456743,2,CoinTelegraph
2026-04-05 14:00:00+00:00,0.5757920260844889,2,CoinTelegraph
2026-04-05 15:00:00+00:00,-0.30941841697178885,4,CoinDesk
2026-04-05 16:00:00+00:00,0.4447295565307705,3,Reuters
2026-04-05 17:00:00+00:00,0.15983062549430957,2,Decrypt
2026-04-05 18:00:00+00:00,-0.013389356916612916,3,CoinTelegraph
2026-04-05 19:00:00+00:00,0.2392925881538614,4,Decrypt
2026-04-05 20:00:00+00:00,0.5123408580086738,4,Reuters
2026-04-05 21:00:00+00:00,0.3578341178860111,3,Decrypt
2026-04-05 22:00:00+00:00,-0.12389991008910431,5,Reuters
2026-04-05 23:00:00+00:00,0.44444599974641497,0,Reuters
2026-04-06 00:00:00+00:00,-0.0375542187478366,1,Bloomberg Crypto
2026-04-06 01:00:00+00:00,0.26245311616976036,2,Reuters
2026-04-06 02:00:00+00:00,0.08145064827857618,4,Bloomberg Crypto
2026-04-06 03:00:00+00:00,0.11202565627128078,3,Reuters
2026-04-06 04:00:00+00:00,0.45781606462038255,4,Reuters
2026-04-06 05:00:00+00:00,-0.17343811166851122,2,Decrypt
2026-04-06 06:00:00+00:00,0.8724431026123839,0,Bloomberg Crypto
2026-04-06 07:00:00+00:00,-0.44476371028210526,1,CoinTelegraph
2026-04-06 08:00:00+00:00,-0.015579255170335399,4,CoinTelegraph
2026-04-06 09:00:00+00:00,0.3241630297901035,2,Decrypt
2026-04-06 10:00:00+00:00,0.40007965701597203,3,CoinTelegraph
2026-04-06 11:00:00+00:00,0.16138040496262798,6,CoinTelegraph
2026-04-06 12:00:00+00:00,0.17743372935887422,3,Reuters
2026-04-06 13:00:00+00:00,0.34218291533734885,2,CoinDesk
2026-04-06 14:00:00+00:00,0.11858230227909759,2,CoinDesk
2026-04-06 15:00:00+00:00,0.6880325995412769,2,CoinTelegraph
2026-04-06 16:00:00+00:00,0.4951501772513195,5,Decrypt
2026-04-06 17:00:00+00:00,0.5078216085018552,3,Decrypt
2026-04-06 18:00:00+00:00,-0.13487041646563963,1,Bloomberg Crypto
2026-04-06 19:00:00+00:00,0.17644607430110867,5,Decrypt
2026-04-06 20:00:00+00:00,0.10001274443513682,3,Decrypt
2026-04-06 21:00:00+00:00,-0.14584465132421354,3,Reuters
2026-04-06 22:00:00+00:00,0.3331094808539095,2,Reuters
2026-04-06 23:00:00+00:00,0.019808352843157156,2,CoinTelegraph
2026-04-07 00:00:00+00:00,0.43830420812664445,4,Decrypt
2026-04-07 01:00:00+00:00,-0.1647295488975227,3,CoinDesk
2026-04-07 02:00:00+00:00,0.8124224567453837,6,Decrypt
2026-04-07 03:00:00+00:00,-0.10204134747506868,0,Decrypt
2026-04-07 04:00:00+00:00,0.28934382149949023,3,CoinTelegraph
2026-04-07 05:00:00+00:00,0.49064774532035593,4,CoinDesk
2026-04-07 06:00:00+00:00,0.014677865242848087,2,CoinTelegraph
2026-04-07 07:00:00+00:00,0.5136670993043208,2,Decrypt
2026-04-07 08:00:00+00:00,-0.2140141143639877,2,CoinDesk
2026-04-07 09:00:00+00:00,0.7253344062026695,2,Decrypt
2026-04-07 10:00:00+00:00,0.22293450016858501,1,CoinTelegraph
2026-04-07 11:00:00+00:00,0.010123273436837749,5,CoinTelegraph
2026-04-07 12:00:00+00:00,0.1150346011344711,2,Reuters
2026-04-07 13:00:00+00:00,0.5037468511766472,2,CoinDesk
2026-04-07 14:00:00+00:00,0.016938554053278404,1,Reuters
2026-04-07 15:00:00+00:00,-0.03990858804339417,6,CoinDesk
2026-04-07 16:00:00+00:00,0.14569337280709924,2,Bloomberg Crypto
2026-04-07 17:00:00+00:00,-0.1878451131605227,2,CoinDesk
2026-04-07 18:00:00+00:00,0.8621382881410058,3,Decrypt
2026-04-07 19:00:00+00:00,0.027561941334449225,5,CoinDesk
2026-04-07 20:00:00+00:00,0.5177138693849447,1,Reuters
2026-04-07 21:00:00+00:00,0.30080627182028863,6,CoinTelegraph
2026-04-07 22:00:00+00:00,-0.11625564007045683,5,CoinTelegraph
2026-04-07 23:00:00+00:00,0.22708243561270725,6,CoinDesk
2026-04-08 00:00:00+00:00,0.5043986185488094,5,Bloomberg Crypto
2026-04-08 01:00:00+00:00,0.16493298078497345,3,CoinTelegraph
2026-04-08 02:00:00+00:00,0.6492365063976085,3,CoinTelegraph
2026-04-08 03:00:00+00:00,0.5899955998837643,2,CoinTelegraph
2026-04-08 04:00:00+00:00,0.5548993432225031,3,Bloomberg Crypto
2026-04-08 05:00:00+00:00,0.07320888502568301,6,Reuters
2026-04-08 06:00:00+00:00,-0.1430508256204021,5,CoinDesk
2026-04-08 07:00:00+00:00,0.020939294646635853,2,Bloomberg Crypto
2026-04-08 08:00:00+00:00,0.3051758459825095,1,CoinDesk
2026-04-08 09:00:00+00:00,0.42830904676335746,7,Decrypt
2026-04-08 10:00:00+00:00,-0.5219785089805131,4,CoinDesk
2026-04-08 11:00:00+00:00,0.23601523857067155,2,CoinTelegraph
2026-04-08 12:00:00+00:00,0.29496504072902363,3,Bloomberg Crypto
2026-04-08 13:00:00+00:00,0.1432678367419597,5,Bloomberg Crypto
2026-04-08 14:00:00+00:00,0.6931242322054039,2,Reuters
2026-04-08 15:00:00+00:00,0.3895670098840876,2,Decrypt
2026-04-08 16:00:00+00:00,0.7012722661407977,3,Reuters
2026-04-08 17:00:00+00:00,0.1678755355796267,5,Reuters
2026-04-08 18:00:00+00:00,0.5723309504298888,3,Decrypt
2026-04-08 19:00:00+00:00,0.8172346535184065,3,CoinTelegraph
2026-04-08 20:00:00+00:00,0.7047971732458548,2,Bloomberg Crypto
2026-04-08 21:00:00+00:00,-0.13580659170933265,4,CoinDesk
2026-04-08 22:00:00+00:00,0.15839027458743266,7,Decrypt
2026-04-08 23:00:00+00:00,0.12709861270974393,1,Reuters
2026-04-09 00:00:00+00:00,0.4198701134290651,3,CoinDesk
2026-04-09 01:00:00+00:00,0.48957493216482845,3,Decrypt
2026-04-09 02:00:00+00:00,-0.0435457043574371,3,Decrypt
2026-04-09 03:00:00+00:00,0.274521123696519,2,CoinTelegraph
2026-04-09 04:00:00+00:00,-0.45549065468931554,1,CoinTelegraph
2026-04-09 05:00:00+00:00,0.7568662737210043,4,Bloomberg Crypto
2026-04-09 06:00:00+00:00,0.07355147696959169,4,Bloomberg Crypto
2026-04-09 07:00:00+00:00,0.27312709615149255,6,CoinDesk
2026-04-09 08:00:00+00:00,0.1458848769720277,3,Bloomberg Crypto
2026-04-09 09:00:00+00:00,0.6560547787129536,3,Decrypt
2026-04-09 10:00:00+00:00,-0.7375039981586903,3,Decrypt
2026-04-09 11:00:00+00:00,0.25048303111087955,3,Decrypt
2026-04-09 12:00:00+00:00,0.21992873364610652,6,Decrypt
2026-04-09 13:00:00+00:00,0.09885645182565181,5,CoinTelegraph
2026-04-09 14:00:00+00:00,0.8624675957391691,5,Decrypt
2026-04-09 15:00:00+00:00,-0.05162267218454697,3,Decrypt
2026-04-09 16:00:00+00:00,0.5297208383414429,4,Decrypt
2026-04-09 17:00:00+00:00,0.38492538246600805,2,Reuters
2026-04-09 18:00:00+00:00,0.7024085551914137,1,CoinDesk
2026-04-09 19:00:00+00:00,0.027995715940669158,1,CoinDesk
2026-04-09 20:00:00+00:00,0.005603016390008209,3,Decrypt
2026-04-09 21:00:00+00:00,0.6463919791603621,0,Decrypt
2026-04-09 22:00:00+00:00,0.41225048332580494,4,CoinDesk
2026-04-09 23:00:00+00:00,-0.2767244101448049,2,Bloomberg Crypto
2026-04-10 00:00:00+00:00,0.07585765242461101,6,Reuters
2026-04-10 01:00:00+00:00,0.40045418182983006,4,Reuters
2026-04-10 02:00:00+00:00,0.5590386640015473,2,Bloomberg Crypto
2026-04-10 03:00:00+00:00,0.02868646817131354,5,Decrypt
2026-04-10 04:00:00+00:00,-0.7529813235055264,1,CoinDesk
2026-04-10 05:00:00+00:00,0.45072251894582577,7,Reuters
2026-04-10 06:00:00+00:00,-0.15893666252461475,2,Bloomberg Crypto
2026-04-10 07:00:00+00:00,-0.4373167921223715,1,Bloomberg Crypto
2026-04-10 08:00:00+00:00,-0.7219910556841792,5,CoinTelegraph
2026-04-10 09:00:00+00:00,0.554782561964882,3,Bloomberg Crypto
2026-04-10 10:00:00+00:00,0.3154666128813031,1,CoinTelegraph
2026-04-10 11:00:00+00:00,0.19202700744811696,6,CoinTelegraph
2026-04-10 12:00:00+00:00,0.7577164840043855,5,Reuters
2026-04-10 13:00:00+00:00,0.4951677828988661,4,Decrypt
2026-04-10 14:00:00+00:00,0.8383503061545212,4,Decrypt
2026-04-10 15:00:00+00:00,-0.21427602623018416,3,Bloomberg Crypto
2026-04-10 16:00:00+00:00,0.26161970900733067,4,CoinDesk
2026-04-10 17:00:00+00:00,-0.2916112847762049,2,CoinDesk
2026-04-10 18:00:00+00:00,0.1944754703307726,3,CoinTelegraph
2026-04-10 19:00:00+00:00,0.18825953899948067,0,Bloomberg Crypto
2026-04-10 20:00:00+00:00,0.49510056395765767,3,Bloomberg Crypto
2026-04-10 21:00:00+00:00,0.2922387447146546,3,Decrypt
2026-04-10 22:00:00+00:00,0.4949843630501166,2,CoinDesk
2026-04-10 23:00:00+00:00,0.5234912632565405,3,Reuters
2026-04-11 00:00:00+00:00,1.0,3,Bloomberg Crypto
2026-04-11 01:00:00+00:00,0.16790867572361523,1,Bloomberg Crypto
2026-04-11 02:00:00+00:00,-0.05061552181228052,1,Decrypt
2026-04-11 03:00:00+00:00,0.36534644467213684,1,Reuters
2026-04-11 04:00:00+00:00,-0.0011112455464866167,2,Reuters
2026-04-11 05:00:00+00:00,0.7988374375996647,2,Reuters
2026-04-11 06:00:00+00:00,0.18148407116311288,1,Reuters
2026-04-11 07:00:00+00:00,0.08311267513273268,3,CoinDesk
2026-04-11 08:00:00+00:00,0.1165527151193679,3,CoinTelegraph
2026-04-11 09:00:00+00:00,0.5334029155976425,0,Reuters
2026-04-11 10:00:00+00:00,0.22718375112283404,2,CoinTelegraph
2026-04-11 11:00:00+00:00,0.05824495597149226,2,CoinTelegraph
2026-04-11 12:00:00+00:00,0.8661294238184956,6,Decrypt
2026-04-11 13:00:00+00:00,-0.015980528003469774,4,Reuters
2026-04-11 14:00:00+00:00,0.29654445183437006,2,CoinDesk
2026-04-11 15:00:00+00:00,0.5128156270672319,5,Decrypt
2026-04-11 16:00:00+00:00,-0.2860519358085462,2,Decrypt
2026-04-11 17:00:00+00:00,0.45340813038061967,5,CoinTelegraph
2026-04-11 18:00:00+00:00,-0.08357441369903834,3,Bloomberg Crypto
2026-04-11 19:00:00+00:00,0.5740782722810343,2,CoinDesk
2026-04-11 20:00:00+00:00,-0.050437827715065275,2,Reuters
2026-04-11 21:00:00+00:00,0.5293396091246727,4,Reuters
2026-04-11 22:00:00+00:00,0.6742871297096611,3,CoinDesk
2026-04-11 23:00:00+00:00,0.5891181290676704,4,Reuters
2026-04-12 00:00:00+00:00,0.37594063378125897,7,Bloomberg Crypto
2026-04-12 01:00:00+00:00,0.20738360513629528,4,Bloomberg Crypto
2026-04-12 02:00:00+00:00,0.08694587151904912,5,Reuters
2026-04-12 03:00:00+00:00,0.803903306355231,1,Decrypt
2026-04-12 04:00:00+00:00,0.04456092564869768,2,Reuters
2026-04-12 05:00:00+00:00,-0.07325114445304237,4,Reuters
2026-04-12 06:00:00+00:00,0.5229334713430737,0,CoinDesk
2026-04-12 07:00:00+00:00,0.011733453791945792,3,Bloomberg Crypto
2026-04-12 08:00:00+00:00,-0.04181927639582289,1,Decrypt
2026-04-12 09:00:00+00:00,-0.2142423152039658,2,CoinDesk
2026-04-12 10:00:00+00:00,0.1223115717537038,2,CoinDesk
2026-04-12 11:00:00+00:00,0.26268520062494566,3,Decrypt
2026-04-12 12:00:00+00:00,0.37701760585122307,3,Decrypt
2026-04-12 13:00:00+00:00,0.6251873220565451,3,CoinDesk
2026-04-12 14:00:00+00:00,0.47693363296018604,3,Reuters
2026-04-12 15:00:00+00:00,0.2259978883460974,2,Decrypt
2026-04-12 16:00:00+00:00,0.22371306110025246,3,CoinTelegraph
2026-04-12 17:00:00+00:00,0.47190961657201114,1,Decrypt
2026-04-12 18:00:00+00:00,0.7390215810150736,3,CoinDesk
2026-04-12 19:00:00+00:00,0.3380940773127669,3,CoinTelegraph
2026-04-12 20:00:00+00:00,0.1299449491348464,5,CoinDesk
2026-04-12 21:00:00+00:00,-0.053111159298458166,6,Bloomberg Crypto
2026-04-12 22:00:00+00:00,-0.21118416078387892,1,Bloomberg Crypto
2026-04-12 23:00:00+00:00,0.5280723508092275,2,Reuters
2026-04-13 00:00:00+00:00,0.49740527140592783,5,Decrypt
2026-04-13 01:00:00+00:00,0.49741937881295917,3,CoinDesk
2026-04-13 02:00:00+00:00,0.25053522580359855,3,CoinTelegraph
2026-04-13 03:00:00+00:00,0.7882116060512616,3,Decrypt
2026-04-13 04:00:00+00:00,0.12655590676281078,0,Reuters
2026-04-13 05:00:00+00:00,0.6305490657407178,0,CoinDesk
2026-04-13 06:00:00+00:00,0.28284678645276917,1,CoinDesk
2026-04-13 07:00:00+00:00,0.08368050943193395,3,Bloomberg Crypto
2026-04-13 08:00:00+00:00,0.5041798687523262,4,Reuters
2026-04-13 09:00:00+00:00,0.44035239006560356,3,CoinDesk
2026-04-13 10:00:00+00:00,0.4221002013830909,2,Bloomberg Crypto
2026-04-13 11:00:00+00:00,0.3257816669177059,3,Bloomberg Crypto
2026-04-13 12:00:00+00:00,0.28424061736889616,1,CoinTelegraph
2026-04-13 13:00:00+00:00,1.0,1,Reuters
2026-04-13 14:00:00+00:00,0.7123144425559824,1,Reuters
2026-04-13 15:00:00+00:00,0.5509664680251535,3,CoinDesk
2026-04-13 16:00:00+00:00,0.33725367950203927,3,CoinTelegraph
2026-04-13 17:00:00+00:00,0.6507703922770196,3,Decrypt
2026-04-13 18:00:00+00:00,0.4796994177104643,5,CoinDesk
2026-04-13 19:00:00+00:00,0.30770325680112165,5,Bloomberg Crypto
2026-04-13 20:00:00+00:00,0.1924088978812723,5,Decrypt
2026-04-13 21:00:00+00:00,0.27045463066221287,3,Decrypt
2026-04-13 22:00:00+00:00,-0.8107595550769371,1,CoinDesk
2026-04-13 23:00:00+00:00,0.37270796428042563,2,CoinTelegraph
2026-04-14 00:00:00+00:00,0.1281337229388786,2,Reuters
2026-04-14 01:00:00+00:00,0.856631991331456,0,CoinTelegraph
2026-04-14 02:00:00+00:00,0.3060595163760897,2,CoinDesk
2026-04-14 03:00:00+00:00,-0.11676204857761907,2,Reuters
2026-04-14 04:00:00+00:00,0.2819976063967164,1,Decrypt
2026-04-14 05:00:00+00:00,-0.06661175342520725,2,Bloomberg Crypto
2026-04-14 06:00:00+00:00,0.465292640385906,2,CoinTelegraph
2026-04-14 07:00:00+00:00,0.4014954921943299,4,Reuters
2026-04-14 08:00:00+00:00,0.6349661054185626,1,CoinTelegraph
2026-04-14 09:00:00+00:00,0.0229663762788071,7,Reuters
2026-04-14 10:00:00+00:00,0.3117250539017628,5,Bloomberg Crypto
2026-04-14 11:00:00+00:00,-0.1778937441931151,2,CoinDesk
2026-04-14 12:00:00+00:00,0.5454231682268034,1,CoinDesk
2026-04-14 13:00:00+00:00,0.48153546374800993,2,Reuters
2026-04-14 14:00:00+00:00,0.47348730912238457,4,Reuters
2026-04-14 15:00:00+00:00,0.3005416585713508,1,CoinDesk
2026-04-14 16:00:00+00:00,0.44515939951095645,3,Decrypt
2026-04-14 17:00:00+00:00,0.8615159098288656,8,Decrypt
2026-04-14 18:00:00+00:00,0.2002170100352951,2,Decrypt
2026-04-14 19:00:00+00:00,0.34852303621938663,3,Bloomberg Crypto
2026-04-14 20:00:00+00:00,-0.08015531697861378,2,Reuters
2026-04-14 21:00:00+00:00,-0.003916338962994925,2,CoinTelegraph
2026-04-14 22:00:00+00:00,0.3341902043453924,4,CoinTelegraph
2026-04-14 23:00:00+00:00,0.6863072919396347,9,Reuters
2026-04-15 00:00:00+00:00,0.21020170606510302,3,CoinDesk
2026-04-15 01:00:00+00:00,0.2172930989469638,5,Reuters
2026-04-15 02:00:00+00:00,0.15741238464538032,3,Decrypt
2026-04-15 03:00:00+00:00,0.11261016857639197,1,Decrypt
2026-04-15 04:00:00+00:00,0.4029622440287566,2,CoinTelegraph
2026-04-15 05:00:00+00:00,-0.22437626113701553,2,Reuters
2026-04-15 06:00:00+00:00,0.7479288967198974,5,CoinTelegraph
2026-04-15 07:00:00+00:00,0.06663282200135817,5,CoinDesk
2026-04-15 08:00:00+00:00,0.552121880244907,2,Bloomberg Crypto
2026-04-15 09:00:00+00:00,-0.14512436082823882,2,Bloomberg Crypto
2026-04-15 10:00:00+00:00,0.5333831372831521,6,CoinDesk
2026-04-15 11:00:00+00:00,0.5343781046675208,2,Decrypt
2026-04-15 12:00:00+00:00,0.43357107617956836,6,Decrypt
2026-04-15 13:00:00+00:00,-0.049052312103676166,3,Decrypt
2026-04-15 14:00:00+00:00,0.3862313188397093,2,CoinTelegraph
2026-04-15 15:00:00+00:00,-0.11529396581288243,3,CoinTelegraph
2026-04-15 16:00:00+00:00,0.21018927244067778,2,Bloomberg Crypto
2026-04-15 17:00:00+00:00,0.6588261786645735,5,Decrypt
2026-04-15 18:00:00+00:00,0.577246920448216,1,Decrypt
2026-04-15 19:00:00+00:00,0.3035794019573372,4,CoinDesk
2026-04-15 20:00:00+00:00,-0.04305832744214122,4,Bloomberg Crypto
2026-04-15 21:00:00+00:00,0.5239327540411921,5,CoinTelegraph
2026-04-15 22:00:00+00:00,0.30460804993163093,4,Bloomberg Crypto
2026-04-15 23:00:00+00:00,-0.5144437965552683,3,Decrypt
2026-04-16 00:00:00+00:00,0.5714236351805684,3,Decrypt
2026-04-16 01:00:00+00:00,0.28885272734364414,2,CoinTelegraph
2026-04-16 02:00:00+00:00,0.7180176724337421,1,CoinTelegraph
2026-04-16 03:00:00+00:00,-0.08636493306877563,2,Bloomberg Crypto
2026-04-16 04:00:00+00:00,-0.8150520734274901,5,Reuters
2026-04-16 05:00:00+00:00,0.394282627490517,4,Decrypt
2026-04-16 06:00:00+00:00,0.39845408653779973,2,Decrypt
2026-04-16 07:00:00+00:00,-0.2955302369440621,3,Reuters
2026-04-16 08:00:00+00:00,-0.04647746118581497,2,Bloomberg Crypto
2026-04-16 09:00:00+00:00,1.0,6,CoinDesk
2026-04-16 10:00:00+00:00,0.18860231707298702,4,CoinDesk
2026-04-16 11:00:00+00:00,0.5511777867573034,6,Decrypt
2026-04-16 12:00:00+00:00,0.0673818485531488,3,CoinDesk
2026-04-16 13:00:00+00:00,-0.43672804900461,0,Bloomberg Crypto
2026-04-16 14:00:00+00:00,0.2350472953818333,2,CoinDesk
2026-04-16 15:00:00+00:00,0.201430344981346,5,CoinTelegraph
2026-04-16 16:00:00+00:00,0.15418336457455983,4,Bloomberg Crypto
2026-04-16 17:00:00+00:00,0.2537598150664098,2,Reuters
2026-04-16 18:00:00+00:00,0.3861159190660474,1,Decrypt
2026-04-16 19:00:00+00:00,0.24081356951286478,4,Bloomberg Crypto
2026-04-16 20:00:00+00:00,-0.14932061094842275,6,CoinDesk
2026-04-16 21:00:00+00:00,0.46296784223638926,8,Bloomberg Crypto
2026-04-16 22:00:00+00:00,-0.3897607546856895,2,Reuters
2026-04-16 23:00:00+00:00,-0.4253949734977438,1,Bloomberg Crypto
2026-04-17 00:00:00+00:00,0.5506486743155274,3,Reuters
2026-04-17 01:00:00+00:00,0.46909255423609353,2,Reuters
2026-04-17 02:00:00+00:00,0.2712416377889727,4,Bloomberg Crypto
2026-04-17 03:00:00+00:00,-0.1973878001088229,2,Decrypt
2026-04-17 04:00:00+00:00,0.04293411848139561,6,Decrypt
2026-04-17 05:00:00+00:00,0.19841997321694288,2,CoinDesk
2026-04-17 06:00:00+00:00,-0.26850854491935616,0,Bloomberg Crypto
2026-04-17 07:00:00+00:00,0.031061950988325204,4,Bloomberg Crypto
2026-04-17 08:00:00+00:00,0.5176998710692111,3,CoinTelegraph
2026-04-17 09:00:00+00:00,0.7885980420704704,3,Decrypt
2026-04-17 10:00:00+00:00,0.1418905598057519,1,Reuters
2026-04-17 11:00:00+00:00,0.5531098591723249,5,CoinTelegraph
2026-04-17 12:00:00+00:00,-0.38194121780768997,4,Bloomberg Crypto
2026-04-17 13:00:00+00:00,0.518423279485953,2,CoinTelegraph
2026-04-17 14:00:00+00:00,0.005863611351893505,4,Decrypt
2026-04-17 15:00:00+00:00,0.3944414138253615,4,Bloomberg Crypto
2026-04-17 16:00:00+00:00,0.19977668007267863,2,Decrypt
2026-04-17 17:00:00+00:00,0.7482492024134758,4,CoinTelegraph
2026-04-17 18:00:00+00:00,-0.020339204199851968,3,CoinDesk
2026-04-17 19:00:00+00:00,0.504979159035187,3,Reuters
2026-04-17 20:00:00+00:00,0.18708774068364314,1,Reuters
2026-04-17 21:00:00+00:00,0.22910155670026938,4,CoinDesk
2026-04-17 22:00:00+00:00,0.21974746331709943,3,CoinDesk
2026-04-17 23:00:00+00:00,-0.0123066703447966,2,CoinDesk
2026-04-18 00:00:00+00:00,0.2783216145829248,3,Decrypt
2026-04-18 01:00:00+00:00,0.26090146527448904,3,Bloomberg Crypto
2026-04-18 02:00:00+00:00,0.36682928219620964,2,CoinDesk
2026-04-18 03:00:00+00:00,0.31153361837507076,4,Decrypt
2026-04-18 04:00:00+00:00,0.5608113098865419,0,CoinTelegraph
2026-04-18 05:00:00+00:00,0.6042924195052084,1,CoinTelegraph
2026-04-18 06:00:00+00:00,-0.0871077778457856,4,CoinDesk
2026-04-18 07:00:00+00:00,0.5842215438536477,2,CoinTelegraph
2026-04-18 08:00:00+00:00,-0.13553098553609483,5,CoinDesk
2026-04-18 09:00:00+00:00,0.4849667401596012,3,CoinTelegraph
2026-04-18 10:00:00+00:00,0.49565099806695667,6,CoinTelegraph
2026-04-18 11:00:00+00:00,-0.39069840700811703,3,Bloomberg Crypto
2026-04-18 12:00:00+00:00,0.31032016944344853,3,Bloomberg Crypto
2026-04-18 13:00:00+00:00,0.11331357698181768,3,CoinTelegraph
2026-04-18 14:00:00+00:00,0.011224024374765107,2,Bloomberg Crypto
2026-04-18 15:00:00+00:00,0.7490897020596426,3,CoinDesk
2026-04-18 16:00:00+00:00,0.046998091692486865,1,Reuters
2026-04-18 17:00:00+00:00,-0.0069568373734990585,5,CoinDesk
2026-04-18 18:00:00+00:00,0.30125251548196896,2,Bloomberg Crypto
2026-04-18 19:00:00+00:00,0.514194807660046,0,Decrypt
2026-04-18 20:00:00+00:00,0.2241354222876742,9,CoinTelegraph
2026-04-18 21:00:00+00:00,0.6814110800125034,3,Bloomberg Crypto
2026-04-18 22:00:00+00:00,0.45848677288928275,5,Bloomberg Crypto
2026-04-18 23:00:00+00:00,-0.4902698180652097,1,Bloomberg Crypto
2026-04-19 00:00:00+00:00,0.0862445197399668,4,CoinDesk
2026-04-19 01:00:00+00:00,0.07436200592431105,4,CoinTelegraph
2026-04-19 02:00:00+00:00,0.43822683893986325,3,Reuters
2026-04-19 03:00:00+00:00,-0.6487967088352659,4,Bloomberg Crypto
2026-04-19 04:00:00+00:00,1.0,2,Decrypt
2026-04-19 05:00:00+00:00,0.45461092043344664,3,CoinTelegraph
2026-04-19 06:00:00+00:00,0.3202824603269694,5,Reuters
2026-04-19 07:00:00+00:00,0.681143104684566,2,Decrypt
2026-04-19 08:00:00+00:00,1.0,3,Reuters
2026-04-19 09:00:00+00:00,0.5711785223947892,2,Reuters
2026-04-19 10:00:00+00:00,0.5979057702253088,4,CoinTelegraph
2026-04-19 11:00:00+00:00,0.3109617615455432,1,CoinDesk
2026-04-19 12:00:00+00:00,0.21508039380832444,1,Decrypt
2026-04-19 13:00:00+00:00,0.09747525579034541,3,Bloomberg Crypto
2026-04-19 14:00:00+00:00,-0.02575117168982327,2,Reuters
2026-04-19 15:00:00+00:00,0.022312576648449267,3,Decrypt
2026-04-19 16:00:00+00:00,-0.2105524564367195,5,CoinTelegraph
2026-04-19 17:00:00+00:00,0.23495688787303864,2,Decrypt
2026-04-19 18:00:00+00:00,-0.3287568352252519,1,Bloomberg Crypto
2026-04-19 19:00:00+00:00,0.3270576898691783,4,Bloomberg Crypto
2026-04-19 20:00:00+00:00,0.24687646349414263,3,CoinTelegraph
2026-04-19 21:00:00+00:00,0.31036999285031447,6,Decrypt
2026-04-19 22:00:00+00:00,0.07554225525970115,3,CoinDesk
2026-04-19 23:00:00+00:00,1.0,4,CoinDesk
2026-04-20 00:00:00+00:00,0.7330058638334112,1,Reuters
2026-04-20 01:00:00+00:00,-0.1792932241047045,6,Reuters
2026-04-20 02:00:00+00:00,0.3371270869298074,4,Decrypt
2026-04-20 03:00:00+00:00,0.042142977430195294,4,Reuters
2026-04-20 04:00:00+00:00,-0.10080562747974542,4,Bloomberg Crypto
2026-04-20 05:00:00+00:00,-0.21545050768745772,4,CoinTelegraph
2026-04-20 06:00:00+00:00,0.40415830297217414,1,Reuters
2026-04-20 07:00:00+00:00,0.013702439415992834,2,CoinDesk
2026-04-20 08:00:00+00:00,0.5902230199741538,5,Bloomberg Crypto
2026-04-20 09:00:00+00:00,0.5986014189112453,2,CoinDesk
2026-04-20 10:00:00+00:00,0.7309367663755788,5,Reuters
2026-04-20 11:00:00+00:00,-0.048984180216193496,2,Reuters
2026-04-20 12:00:00+00:00,0.4150089898945549,0,Bloomberg Crypto
2026-04-20 13:00:00+00:00,0.46926523544197823,3,CoinDesk
2026-04-20 14:00:00+00:00,0.08121454044087917,4,CoinTelegraph
2026-04-20 15:00:00+00:00,-0.0236772190967815,1,CoinTelegraph
2026-04-20 16:00:00+00:00,0.8090366990220147,1,Bloomberg Crypto
2026-04-20 17:00:00+00:00,0.3245849719399938,4,Reuters
2026-04-20 18:00:00+00:00,0.4668025408015737,3,Bloomberg Crypto
2026-04-20 19:00:00+00:00,-0.04426488643756568,3,CoinDesk
2026-04-20 20:00:00+00:00,-0.18404446497028312,3,CoinTelegraph
2026-04-20 21:00:00+00:00,0.04263656282404507,2,Reuters
2026-04-20 22:00:00+00:00,0.19777090296334762,2,CoinDesk
2026-04-20 23:00:00+00:00,-0.13206867593366906,3,CoinTelegraph
2026-04-21 00:00:00+00:00,0.236188128838276,2,CoinTelegraph
2026-04-21 01:00:00+00:00,-0.3521219566891899,4,Decrypt
2026-04-21 02:00:00+00:00,-0.15394511517881074,2,Reuters
2026-04-21 03:00:00+00:00,0.4721026339239396,3,Bloomberg Crypto
2026-04-21 04:00:00+00:00,0.44781819884642127,1,Decrypt
2026-04-21 05:00:00+00:00,0.09853808863821162,4,CoinTelegraph
2026-04-21 06:00:00+00:00,-0.1213234770738143,2,Reuters
2026-04-21 07:00:00+00:00,-0.12550248771287087,4,Reuters
2026-04-21 08:00:00+00:00,0.10263525801262824,3,Decrypt
2026-04-21 09:00:00+00:00,0.4580466844859648,4,CoinDesk
2026-04-21 10:00:00+00:00,0.5565329673202634,5,CoinDesk
2026-04-21 11:00:00+00:00,0.057038340646492575,5,Bloomberg Crypto
2026-04-21 12:00:00+00:00,-0.17372470330462636,3,Reuters
2026-04-21 13:00:00+00:00,0.3229118570903795,2,Decrypt
2026-04-21 14:00:00+00:00,-0.05990596212081431,2,CoinTelegraph
2026-04-21 15:00:00+00:00,0.046103318942148364,1,CoinDesk
2026-04-21 16:00:00+00:00,0.6904946258747675,3,Decrypt
2026-04-21 17:00:00+00:00,0.5152904482576215,3,Bloomberg Crypto
2026-04-21 18:00:00+00:00,0.28023892964937935,1,Bloomberg Crypto
2026-04-21 19:00:00+00:00,-0.22108002408048574,0,Reuters
2026-04-21 20:00:00+00:00,0.29721998057613924,2,Bloomberg Crypto
2026-04-21 21:00:00+00:00,0.5942966550302133,1,Bloomberg Crypto
2026-04-21 22:00:00+00:00,0.09002612318299466,5,CoinDesk
2026-04-21 23:00:00+00:00,0.6935150383845466,4,CoinDesk
2026-04-22 00:00:00+00:00,0.6722090728154466,3,Bloomberg Crypto
2026-04-22 01:00:00+00:00,0.8011737574761624,6,Reuters
2026-04-22 02:00:00+00:00,0.3248173517165434,5,CoinDesk
2026-04-22 03:00:00+00:00,0.42268030642087806,3,CoinDesk
2026-04-22 04:00:00+00:00,0.7111656957820405,6,Bloomberg Crypto
2026-04-22 05:00:00+00:00,0.37189095207693057,4,Reuters
2026-04-22 06:00:00+00:00,0.038970078086314225,1,Bloomberg Crypto
2026-04-22 07:00:00+00:00,0.056506993899781144,5,CoinTelegraph
2026-04-22 08:00:00+00:00,0.29608223730014743,8,CoinTelegraph
2026-04-22 09:00:00+00:00,-0.24002141464902252,2,Reuters
2026-04-22 10:00:00+00:00,0.16061762187328016,2,CoinTelegraph
2026-04-22 11:00:00+00:00,0.5936289894960832,4,Reuters
2026-04-22 12:00:00+00:00,-0.5580259802287865,4,CoinTelegraph
2026-04-22 13:00:00+00:00,0.7450531036941742,1,Decrypt
2026-04-22 14:00:00+00:00,0.5998829930189981,0,CoinDesk
2026-04-22 15:00:00+00:00,0.04519821462643389,3,Bloomberg Crypto
2026-04-22 16:00:00+00:00,0.3953626162425168,2,Reuters
2026-04-22 17:00:00+00:00,0.20533372726031934,6,CoinTelegraph
2026-04-22 18:00:00+00:00,0.6337810656675464,2,Decrypt
2026-04-22 19:00:00+00:00,0.5462721856193636,2,CoinTelegraph
2026-04-22 20:00:00+00:00,-0.28864676584379334,3,Decrypt
2026-04-22 21:00:00+00:00,0.40596100397652213,4,Bloomberg Crypto
2026-04-22 22:00:00+00:00,0.12748687061414934,4,CoinDesk
2026-04-22 23:00:00+00:00,0.22748178515401918,1,CoinDesk
2026-04-23 00:00:00+00:00,-0.05733968993002023,2,Decrypt
2026-04-23 01:00:00+00:00,0.8083948813550182,8,CoinTelegraph
2026-04-23 02:00:00+00:00,0.5595913357295155,3,CoinDesk
2026-04-23 03:00:00+00:00,-0.06433103908004328,3,CoinTelegraph
2026-04-23 04:00:00+00:00,-0.2735092784497156,3,Reuters
2026-04-23 05:00:00+00:00,0.057630993128722746,2,CoinTelegraph
2026-04-23 06:00:00+00:00,0.3437007527474155,2,Reuters
2026-04-23 07:00:00+00:00,0.2747017356482314,2,Reuters
2026-04-23 08:00:00+00:00,0.6282275120250906,1,CoinDesk
2026-04-23 09:00:00+00:00,0.4651007471420492,5,Reuters
2026-04-23 10:00:00+00:00,0.5269723309090917,6,CoinTelegraph
2026-04-23 11:00:00+00:00,0.3010134147459136,3,Bloomberg Crypto
2026-04-23 12:00:00+00:00,-0.30065313459509546,6,CoinTelegraph
2026-04-23 13:00:00+00:00,0.11609089408758357,2,Decrypt
2026-04-23 14:00:00+00:00,0.5545973293486508,3,Decrypt
2026-04-23 15:00:00+00:00,0.1645100360509122,2,CoinTelegraph
2026-04-23 16:00:00+00:00,0.3575984499129663,3,Decrypt
2026-04-23 17:00:00+00:00,0.06892530863133108,5,Bloomberg Crypto
2026-04-23 18:00:00+00:00,-0.18097987266787013,3,Decrypt
2026-04-23 19:00:00+00:00,0.13524758367209092,3,CoinDesk
2026-04-23 20:00:00+00:00,0.2855450385205027,3,Bloomberg Crypto
2026-04-23 21:00:00+00:00,-0.053155126123763136,5,CoinDesk
2026-04-23 22:00:00+00:00,0.09279051638867744,4,CoinDesk
2026-04-23 23:00:00+00:00,-0.15457205265895294,3,Bloomberg Crypto
2026-04-24 00:00:00+00:00,0.5649232061129523,1,CoinDesk
2026-04-24 01:00:00+00:00,0.06907216521548586,4,Decrypt
2026-04-24 02:00:00+00:00,0.6795371286017003,1,CoinTelegraph
2026-04-24 03:00:00+00:00,0.705072274576654,7,Bloomberg Crypto
2026-04-24 04:00:00+00:00,0.14057912962986593,5,CoinTelegraph
2026-04-24 05:00:00+00:00,-0.1850802776685189,4,Bloomberg Crypto
2026-04-24 06:00:00+00:00,-0.5632590262095544,7,Bloomberg Crypto
2026-04-24 07:00:00+00:00,-0.34948238160909106,4,CoinDesk
2026-04-24 08:00:00+00:00,-0.3161893012291144,7,CoinTelegraph
2026-04-24 09:00:00+00:00,0.6460365011737226,4,Decrypt
2026-04-24 10:00:00+00:00,0.20302695172622598,3,CoinTelegraph
2026-04-24 11:00:00+00:00,0.2977631348936859,1,Bloomberg Crypto
2026-04-24 12:00:00+00:00,-0.6168355856429993,3,Decrypt
2026-04-24 13:00:00+00:00,-0.26006923577746077,1,CoinDesk
2026-04-24 14:00:00+00:00,0.46860123434891265,4,Decrypt
2026-04-24 15:00:00+00:00,0.25739562154357065,3,Decrypt
2026-04-24 16:00:00+00:00,0.10440129610669582,3,CoinTelegraph
2026-04-24 17:00:00+00:00,0.35251354281479963,3,Bloomberg Crypto
2026-04-24 18:00:00+00:00,0.7262406557860629,2,Bloomberg Crypto
2026-04-24 19:00:00+00:00,0.07523642091766415,4,Bloomberg Crypto
2026-04-24 20:00:00+00:00,0.17576774734678077,6,Reuters
2026-04-24 21:00:00+00:00,0.21778146558968958,1,CoinDesk
2026-04-24 22:00:00+00:00,0.9864923590180524,6,CoinTelegraph
2026-04-24 23:00:00+00:00,-0.5866420274986651,7,Bloomberg Crypto
2026-04-25 00:00:00+00:00,0.386136655104801,2,Decrypt
2026-04-25 01:00:00+00:00,0.10570102506693503,3,Reuters
2026-04-25 02:00:00+00:00,0.34312242669282933,1,CoinDesk
2026-04-25 03:00:00+00:00,-0.08646024186341617,2,Bloomberg Crypto
2026-04-25 04:00:00+00:00,0.12534756081965812,2,Reuters
2026-04-25 05:00:00+00:00,0.39034155511508284,3,CoinDesk
2026-04-25 06:00:00+00:00,1.0,3,Decrypt
2026-04-25 07:00:00+00:00,0.42187774756158125,4,Reuters
2026-04-25 08:00:00+00:00,-0.15890313747504597,0,CoinTelegraph
2026-04-25 09:00:00+00:00,-0.011543880655407929,2,CoinDesk
2026-04-25 10:00:00+00:00,-0.023073276754657285,3,Reuters
2026-04-25 11:00:00+00:00,-0.49400630789838185,4,Reuters
2026-04-25 12:00:00+00:00,0.01778188633588186,1,CoinDesk
2026-04-25 13:00:00+00:00,0.38864581394275993,1,Reuters
2026-04-25 14:00:00+00:00,-0.31498587209005857,3,Reuters
2026-04-25 15:00:00+00:00,0.49680160563283704,3,CoinDesk
2026-04-25 16:00:00+00:00,0.29938876875326353,3,Decrypt
2026-04-25 17:00:00+00:00,-0.1294815606989962,4,CoinTelegraph
2026-04-25 18:00:00+00:00,0.07679488817058092,2,CoinDesk
2026-04-25 19:00:00+00:00,0.684570713458057,4,Bloomberg Crypto
2026-04-25 20:00:00+00:00,0.38072531706192453,5,Reuters
2026-04-25 21:00:00+00:00,0.1258810668590392,5,CoinTelegraph
2026-04-25 22:00:00+00:00,0.03843855757165547,5,CoinTelegraph
2026-04-25 23:00:00+00:00,0.1472595714198734,1,CoinDesk
2026-04-26 00:00:00+00:00,-0.059854400995039025,1,Bloomberg Crypto
2026-04-26 01:00:00+00:00,-0.6185852440047149,1,Bloomberg Crypto
2026-04-26 02:00:00+00:00,0.8316514035463931,5,Decrypt
2026-04-26 03:00:00+00:00,0.1700627715928734,5,Bloomberg Crypto
2026-04-26 04:00:00+00:00,0.25385830887288624,5,CoinDesk
2026-04-26 05:00:00+00:00,0.09304467710427174,1,CoinTelegraph
2026-04-26 06:00:00+00:00,-0.14517496581646494,2,CoinTelegraph
2026-04-26 07:00:00+00:00,0.04584379453513311,3,Bloomberg Crypto
2026-04-26 08:00:00+00:00,-0.4500714097188275,3,Reuters
2026-04-26 09:00:00+00:00,0.9054943935375873,3,Decrypt
2026-04-26 10:00:00+00:00,-0.32476972779790064,3,Bloomberg Crypto
2026-04-26 11:00:00+00:00,-0.25508536269360027,1,CoinDesk
2026-04-26 12:00:00+00:00,-0.04919648495987074,2,Decrypt
2026-04-26 13:00:00+00:00,0.5545101974995528,1,Bloomberg Crypto
2026-04-26 14:00:00+00:00,0.10754938049228603,3,Decrypt
2026-04-26 15:00:00+00:00,-0.33139065873242757,6,Reuters
2026-04-26 16:00:00+00:00,0.5390590599405258,4,CoinDesk
2026-04-26 17:00:00+00:00,0.3546727640422783,5,Bloomberg Crypto
2026-04-26 18:00:00+00:00,0.28605486043935296,3,CoinTelegraph
2026-04-26 19:00:00+00:00,0.34688788291750383,1,CoinDesk
2026-04-26 20:00:00+00:00,0.9331840517805897,2,Reuters
2026-04-26 21:00:00+00:00,0.8587153255433881,5,Reuters
2026-04-26 22:00:00+00:00,-0.14764527173866837,7,CoinTelegraph
2026-04-26 23:00:00+00:00,0.6598361148807905,5,CoinDesk
2026-04-27 00:00:00+00:00,0.2243548087063157,3,Bloomberg Crypto
2026-04-27 01:00:00+00:00,0.26369738143026045,4,CoinTelegraph
2026-04-27 02:00:00+00:00,-0.5045146903851595,2,Bloomberg Crypto
2026-04-27 03:00:00+00:00,0.026909711978314793,3,Decrypt
2026-04-27 04:00:00+00:00,-0.19918050043349617,4,Bloomberg Crypto
2026-04-27 05:00:00+00:00,0.3738897877724233,1,Decrypt
2026-04-27 06:00:00+00:00,0.4577072670702234,4,Bloomberg Crypto
2026-04-27 07:00:00+00:00,-0.6444827755954765,4,Decrypt
2026-04-27 08:00:00+00:00,0.07263208914715824,1,CoinDesk
2026-04-27 09:00:00+00:00,0.4717511744963908,0,Reuters
2026-04-27 10:00:00+00:00,0.012515902311234395,2,CoinDesk
2026-04-27 11:00:00+00:00,0.33177826428568463,3,CoinTelegraph
2026-04-27 12:00:00+00:00,0.198264932834926,4,CoinDesk
2026-04-27 13:00:00+00:00,0.19368773532770045,3,CoinDesk
2026-04-27 14:00:00+00:00,-0.02210532569512308,3,Reuters
2026-04-27 15:00:00+00:00,-0.35420145164571315,2,CoinDesk
2026-04-27 16:00:00+00:00,-0.32218813472763574,3,CoinTelegraph
2026-04-27 17:00:00+00:00,0.3173650811285454,4,CoinDesk
2026-04-27 18:00:00+00:00,0.07464509508409607,6,CoinDesk
2026-04-27 19:00:00+00:00,0.018097168288721273,3,CoinDesk
2026-04-27 20:00:00+00:00,-0.08304454569386274,5,CoinDesk
2026-04-27 21:00:00+00:00,-0.0427598212863234,3,Reuters
2026-04-27 22:00:00+00:00,0.42921352185976397,3,Reuters
2026-04-27 23:00:00+00:00,-0.05580407869322313,2,CoinTelegraph
2026-04-28 00:00:00+00:00,-0.40910548311635825,3,CoinTelegraph
2026-04-28 01:00:00+00:00,0.31927998837713456,2,CoinTelegraph
2026-04-28 02:00:00+00:00,-0.013971357761401224,2,CoinDesk
2026-04-28 03:00:00+00:00,0.06745656588944564,5,Bloomberg Crypto
2026-04-28 04:00:00+00:00,0.617851912737133,4,CoinDesk
2026-04-28 05:00:00+00:00,0.046733780644991285,0,Bloomberg Crypto
2026-04-28 06:00:00+00:00,0.15387373271798327,2,CoinTelegraph
2026-04-28 07:00:00+00:00,-0.36123527869996974,4,CoinDesk
2026-04-28 08:00:00+00:00,-0.026768820672199746,5,CoinTelegraph
2026-04-28 09:00:00+00:00,0.2621762197045658,2,Reuters
2026-04-28 10:00:00+00:00,-0.49681299131349327,2,CoinTelegraph
2026-04-28 11:00:00+00:00,0.11658842878978362,4,CoinDesk
2026-04-28 12:00:00+00:00,0.08029349492907871,3,Reuters
2026-04-28 13:00:00+00:00,0.05819036853156667,4,Reuters
2026-04-28 14:00:00+00:00,0.4054677030954983,2,Bloomberg Crypto
2026-04-28 15:00:00+00:00,0.15823711183096303,4,Decrypt
2026-04-28 16:00:00+00:00,0.557229576385015,2,Reuters
2026-04-28 17:00:00+00:00,-0.30913187722213775,0,Decrypt
2026-04-28 18:00:00+00:00,0.08491737769245897,3,CoinTelegraph
2026-04-28 19:00:00+00:00,0.0656257887062876,3,CoinTelegraph
2026-04-28 20:00:00+00:00,-0.3394586929356268,5,Reuters
2026-04-28 21:00:00+00:00,0.36820095286848026,6,Bloomberg Crypto
2026-04-28 22:00:00+00:00,0.8458500610477357,2,CoinTelegraph
2026-04-28 23:00:00+00:00,0.024978383164889966,10,Decrypt
2026-04-29 00:00:00+00:00,0.20640342251567997,3,Reuters
2026-04-29 01:00:00+00:00,0.057942491480525285,1,Reuters
2026-04-29 02:00:00+00:00,-0.22267915145819847,5,Bloomberg Crypto
2026-04-29 03:00:00+00:00,-0.6114766576094711,3,Reuters
2026-04-29 04:00:00+00:00,-0.2225178004842507,2,CoinDesk
2026-04-29 05:00:00+00:00,-0.4639694895630659,2,Decrypt
2026-04-29 06:00:00+00:00,0.6183642662901153,6,CoinDesk
2026-04-29 07:00:00+00:00,-0.019647664832437062,1,CoinDesk
2026-04-29 08:00:00+00:00,-0.10171923033171439,2,Decrypt
2026-04-29 09:00:00+00:00,0.32926782188547016,5,Reuters
2026-04-29 10:00:00+00:00,-0.37583778896937875,2,Reuters
2026-04-29 11:00:00+00:00,-0.2529165131346163,4,CoinDesk
2026-04-29 12:00:00+00:00,0.03802171073374752,3,Decrypt
2026-04-29 13:00:00+00:00,0.3729758168995777,3,CoinTelegraph
2026-04-29 14:00:00+00:00,0.18720645007672837,3,Decrypt
2026-04-29 15:00:00+00:00,0.0972402833673835,1,CoinDesk
2026-04-29 16:00:00+00:00,0.03637729878667897,1,Decrypt
2026-04-29 17:00:00+00:00,0.1478280815025117,4,Decrypt
2026-04-29 18:00:00+00:00,0.0770333460261061,4,CoinTelegraph
2026-04-29 19:00:00+00:00,-0.35532628932517596,2,Bloomberg Crypto
2026-04-29 20:00:00+00:00,0.02000081639410662,4,Bloomberg Crypto
2026-04-29 21:00:00+00:00,-0.37320893155460616,2,CoinTelegraph
2026-04-29 22:00:00+00:00,0.029669951504162025,2,Decrypt
2026-04-29 23:00:00+00:00,-0.16822677952088425,3,CoinDesk
2026-04-30 00:00:00+00:00,0.8874925064851292,3,CoinTelegraph
2026-04-30 01:00:00+00:00,-0.01654513337970482,2,Bloomberg Crypto
2026-04-30 02:00:00+00:00,-0.49535693701405814,2,Bloomberg Crypto
2026-04-30 03:00:00+00:00,-0.05212708058367358,2,CoinTelegraph
2026-04-30 04:00:00+00:00,0.17532073174239435,1,Decrypt
2026-04-30 05:00:00+00:00,0.5779318490852443,2,Reuters
2026-04-30 06:00:00+00:00,-0.2153444314326231,3,CoinDesk
2026-04-30 07:00:00+00:00,-0.5641762743950971,1,Reuters
2026-04-30 08:00:00+00:00,0.2742762697331914,3,CoinDesk
2026-04-30 09:00:00+00:00,-0.49611621696623587,1,Reuters
2026-04-30 10:00:00+00:00,-0.16685082102434834,1,Reuters
2026-04-30 11:00:00+00:00,-0.1056530700958233,3,CoinDesk
2026-04-30 12:00:00+00:00,-0.04114680568521829,4,CoinDesk
2026-04-30 13:00:00+00:00,0.22314357676627983,7,Bloomberg Crypto
2026-04-30 14:00:00+00:00,-0.25862453363502946,2,Decrypt
2026-04-30 15:00:00+00:00,-0.11644596629906129,3,Decrypt
2026-04-30 16:00:00+00:00,-0.026923162501708568,2,Bloomberg Crypto
2026-04-30 17:00:00+00:00,0.029143341361537334,4,Reuters
2026-04-30 18:00:00+00:00,0.00973659254864638,1,CoinDesk
2026-04-30 19:00:00+00:00,0.12681258170667,3,CoinTelegraph
2026-04-30 20:00:00+00:00,0.26826834536529653,6,Reuters
2026-04-30 21:00:00+00:00,0.10906091553267962,1,Decrypt
2026-04-30 22:00:00+00:00,0.1291088916083654,4,CoinDesk
2026-04-30 23:00:00+00:00,-0.5847086175954975,3,Bloomberg Crypto
2026-05-01 00:00:00+00:00,-0.014634709291259769,3,Reuters
2026-05-01 01:00:00+00:00,0.13432993966405543,2,CoinTelegraph
2026-05-01 02:00:00+00:00,0.22034903822100793,3,Reuters
2026-05-01 03:00:00+00:00,-0.27838518445163346,4,Bloomberg Crypto
2026-05-01 04:00:00+00:00,-0.26800752537706135,1,CoinTelegraph
2026-05-01 05:00:00+00:00,-0.2395596895850327,3,Reuters
2026-05-01 06:00:00+00:00,0.14784045300171209,4,Bloomberg Crypto
2026-05-01 07:00:00+00:00,0.320674737589494,4,Reuters
2026-05-01 08:00:00+00:00,-0.18507312611717325,3,CoinDesk
2026-05-01 09:00:00+00:00,0.27404705069350577,2,Reuters
2026-05-01 10:00:00+00:00,-0.001798686295786972,4,Bloomberg Crypto
2026-05-01 11:00:00+00:00,-0.0897926682061364,6,Decrypt
2026-05-01 12:00:00+00:00,-0.1215522959672291,3,Bloomberg Crypto
2026-05-01 13:00:00+00:00,0.21247187372920012,7,Reuters
2026-05-01 14:00:00+00:00,0.06383674822483978,3,CoinDesk
2026-05-01 15:00:00+00:00,0.7451509564222306,2,Decrypt
2026-05-01 16:00:00+00:00,-0.3509380721754913,2,Bloomberg Crypto
2026-05-01 17:00:00+00:00,0.12740561999282318,5,Decrypt
2026-05-01 18:00:00+00:00,-0.24041985893133236,4,CoinDesk
2026-05-01 19:00:00+00:00,-0.36071845839899763,1,CoinTelegraph
2026-05-01 20:00:00+00:00,-0.06153897255348851,3,Decrypt
2026-05-01 21:00:00+00:00,-0.01092849914560979,1,Bloomberg Crypto
2026-05-01 22:00:00+00:00,0.9610935777318421,5,CoinDesk
2026-05-01 23:00:00+00:00,-0.1259823854497054,4,Bloomberg Crypto
2026-05-02 00:00:00+00:00,-0.45835694910855285,0,CoinDesk
2026-05-02 01:00:00+00:00,0.031497476491096826,2,Bloomberg Crypto
2026-05-02 02:00:00+00:00,-0.791440982260188,2,CoinDesk
2026-05-02 03:00:00+00:00,-0.09876132781274248,3,Reuters
2026-05-02 04:00:00+00:00,-0.062225856849179285,6,Bloomberg Crypto
2026-05-02 05:00:00+00:00,0.2090184329616411,3,CoinDesk
2026-05-02 06:00:00+00:00,0.27042037042862405,3,CoinTelegraph
2026-05-02 07:00:00+00:00,-0.24785119641948578,3,CoinDesk
2026-05-02 08:00:00+00:00,-0.12556982174925707,3,CoinTelegraph
2026-05-02 09:00:00+00:00,-0.3422489448580145,2,Decrypt
2026-05-02 10:00:00+00:00,-0.47017891334813794,1,CoinDesk
2026-05-02 11:00:00+00:00,0.03185718424836649,1,Decrypt
2026-05-02 12:00:00+00:00,-0.5236084811297493,2,Decrypt
2026-05-02 13:00:00+00:00,-0.22421906301855316,1,Reuters
2026-05-02 14:00:00+00:00,-0.42865517751338444,4,CoinDesk
2026-05-02 15:00:00+00:00,0.1108016679413599,5,Reuters
2026-05-02 16:00:00+00:00,0.5476714428140306,5,Reuters
2026-05-02 17:00:00+00:00,-0.5396249965409305,2,Decrypt
2026-05-02 18:00:00+00:00,-0.7338642251984491,4,Bloomberg Crypto
2026-05-02 19:00:00+00:00,-0.13025513973670544,2,Decrypt
2026-05-02 20:00:00+00:00,-0.0822858721047885,4,Decrypt
2026-05-02 21:00:00+00:00,-0.012483088416992486,4,CoinTelegraph
2026-05-02 22:00:00+00:00,-0.2464581226227208,7,Bloomberg Crypto
2026-05-02 23:00:00+00:00,-0.16170012198578687,2,Decrypt
2026-05-03 00:00:00+00:00,0.03592354537672729,2,Bloomberg Crypto
2026-05-03 01:00:00+00:00,0.2702187001449462,9,CoinTelegraph
2026-05-03 02:00:00+00:00,-0.7794244561881304,4,Bloomberg Crypto
2026-05-03 03:00:00+00:00,-0.22550970216872,5,CoinDesk
2026-05-03 04:00:00+00:00,-0.02276954753422096,1,CoinTelegraph
2026-05-03 05:00:00+00:00,-0.42011418128111594,0,Bloomberg Crypto
2026-05-03 06:00:00+00:00,0.5058687374430992,4,Reuters
2026-05-03 07:00:00+00:00,-0.3236503279582917,3,Bloomberg Crypto
2026-05-03 08:00:00+00:00,-0.11692367120290459,1,CoinTelegraph
2026-05-03 09:00:00+00:00,0.09092404009358261,6,Reuters
2026-05-03 10:00:00+00:00,-0.31184391265603095,1,Bloomberg Crypto
2026-05-03 11:00:00+00:00,-0.752403403384457,0,Bloomberg Crypto
2026-05-03 12:00:00+00:00,-0.2573385560707241,1,CoinTelegraph
2026-05-03 13:00:00+00:00,0.2517900753555349,1,Reuters
2026-05-03 14:00:00+00:00,-0.22763005142397846,6,Reuters
2026-05-03 15:00:00+00:00,-0.40716936837784384,3,Bloomberg Crypto
2026-05-03 16:00:00+00:00,0.21186935888881223,2,CoinDesk
2026-05-03 17:00:00+00:00,-0.22908360316925774,7,CoinTelegraph
2026-05-03 18:00:00+00:00,-0.29306305085757284,4,CoinTelegraph
2026-05-03 19:00:00+00:00,-0.0633893904909231,2,Decrypt
2026-05-03 20:00:00+00:00,0.15287343850733967,2,Reuters
2026-05-03 21:00:00+00:00,0.7155226531094513,3,Reuters
2026-05-03 22:00:00+00:00,0.17026979339533235,1,Decrypt
2026-05-03 23:00:00+00:00,0.2854975914741294,1,Bloomberg Crypto
2026-05-04 00:00:00+00:00,-0.2987158881537479,2,Bloomberg Crypto
2026-05-04 01:00:00+00:00,-0.4818606247340027,3,CoinTelegraph
2026-05-04 02:00:00+00:00,-0.10216760996817799,3,Bloomberg Crypto
2026-05-04 03:00:00+00:00,-0.0876486104428354,6,CoinDesk
2026-05-04 04:00:00+00:00,-0.503809720716435,8,CoinDesk
2026-05-04 05:00:00+00:00,-0.18885318745727012,2,CoinDesk
2026-05-04 06:00:00+00:00,0.011093579227951095,2,Decrypt
2026-05-04 07:00:00+00:00,-0.0036949895088011497,2,CoinDesk
2026-05-04 08:00:00+00:00,0.0455053790976771,1,Decrypt
2026-05-04 09:00:00+00:00,-0.03031797975704273,3,CoinTelegraph
2026-05-04 10:00:00+00:00,-0.310766484175903,1,CoinTelegraph
2026-05-04 11:00:00+00:00,-0.314334021849218,4,CoinDesk
2026-05-04 12:00:00+00:00,-0.5552546504775469,4,Decrypt
2026-05-04 13:00:00+00:00,0.48789925566224646,4,CoinDesk
2026-05-04 14:00:00+00:00,-0.13321219421887806,2,Bloomberg Crypto
2026-05-04 15:00:00+00:00,-0.217763650799053,1,Decrypt
2026-05-04 16:00:00+00:00,-0.4652849936557609,2,Decrypt
2026-05-04 17:00:00+00:00,0.8861324135125642,2,Decrypt
2026-05-04 18:00:00+00:00,-0.5181501328981277,5,Decrypt
2026-05-04 19:00:00+00:00,-0.2937169259968616,3,Bloomberg Crypto
2026-05-04 20:00:00+00:00,0.0007905701717560443,2,CoinDesk
2026-05-04 21:00:00+00:00,0.06419272587789035,6,CoinTelegraph
2026-05-04 22:00:00+00:00,0.18826761939677256,4,Reuters
2026-05-04 23:00:00+00:00,0.4845303126712496,4,Reuters
2026-05-05 00:00:00+00:00,0.027901192739095637,2,Decrypt
2026-05-05 01:00:00+00:00,-0.519983324022066,1,Decrypt
2026-05-05 02:00:00+00:00,-0.2414191102090786,2,CoinTelegraph
2026-05-05 03:00:00+00:00,-0.04485995277577076,5,Reuters
2026-05-05 04:00:00+00:00,0.5701676908885118,3,Decrypt
2026-05-05 05:00:00+00:00,-0.6440506347532593,4,Bloomberg Crypto
2026-05-05 06:00:00+00:00,0.2649786331821752,1,Reuters
2026-05-05 07:00:00+00:00,-0.09405465286841824,4,Bloomberg Crypto
2026-05-05 08:00:00+00:00,0.13511737473760735,5,CoinTelegraph
2026-05-05 09:00:00+00:00,-0.1949171652711556,3,CoinTelegraph
2026-05-05 10:00:00+00:00,-0.4551631880285075,1,Reuters
2026-05-05 11:00:00+00:00,0.10140392132897649,3,CoinDesk
2026-05-05 12:00:00+00:00,0.0665625132901739,2,Reuters
2026-05-05 13:00:00+00:00,0.17664780644670808,5,Bloomberg Crypto
2026-05-05 14:00:00+00:00,-0.1693095098679376,3,CoinDesk
2026-05-05 15:00:00+00:00,-0.37566830211223284,2,Bloomberg Crypto
2026-05-05 16:00:00+00:00,-0.7123806792554577,3,Bloomberg Crypto
2026-05-05 17:00:00+00:00,0.11890386512574005,1,Bloomberg Crypto
2026-05-05 18:00:00+00:00,-0.020583898427079833,1,Decrypt
2026-05-05 19:00:00+00:00,-0.5080344483897206,4,CoinDesk
2026-05-05 20:00:00+00:00,-0.35957347346135426,5,Decrypt
2026-05-05 21:00:00+00:00,-0.3354972645543006,1,Decrypt
2026-05-05 22:00:00+00:00,-0.6922320361593637,3,Bloomberg Crypto
2026-05-05 23:00:00+00:00,-0.46042892084793646,3,CoinTelegraph
2026-05-06 00:00:00+00:00,-0.572130076970734,2,Reuters
2026-05-06 01:00:00+00:00,-0.32070322984851957,2,CoinTelegraph
2026-05-06 02:00:00+00:00,-0.4359225578744196,4,Bloomberg Crypto
2026-05-06 03:00:00+00:00,-0.7478697283915904,4,Reuters
2026-05-06 04:00:00+00:00,0.528452306377544,1,Reuters
2026-05-06 05:00:00+00:00,0.25790203689275426,2,Bloomberg Crypto
2026-05-06 06:00:00+00:00,-0.4541736184266495,3,Decrypt
2026-05-06 07:00:00+00:00,-0.08719557220577356,0,Reuters
2026-05-06 08:00:00+00:00,-0.037453138943163405,1,Reuters
2026-05-06 09:00:00+00:00,0.232294669181719,7,Reuters
2026-05-06 10:00:00+00:00,-0.4721131803097782,3,Reuters
2026-05-06 11:00:00+00:00,0.19562334986158983,2,CoinDesk
2026-05-06 12:00:00+00:00,-0.3793900283680004,7,Decrypt
2026-05-06 13:00:00+00:00,-0.6561806858377643,4,CoinDesk
2026-05-06 14:00:00+00:00,0.06381677240386982,1,CoinDesk
2026-05-06 15:00:00+00:00,0.2611357581757968,3,Bloomberg Crypto
2026-05-06 16:00:00+00:00,0.7141433141202823,2,Decrypt
2026-05-06 17:00:00+00:00,-0.6125202567525431,3,CoinTelegraph
2026-05-06 18:00:00+00:00,0.0510174558094115,11,Decrypt
2026-05-06 19:00:00+00:00,-0.33801930363823063,4,CoinTelegraph
2026-05-06 20:00:00+00:00,0.07860584991979735,1,Reuters
2026-05-06 21:00:00+00:00,-0.7112182500936624,2,CoinTelegraph
2026-05-06 22:00:00+00:00,-0.6394898969039114,3,CoinTelegraph
2026-05-06 23:00:00+00:00,-0.47004657358095236,2,CoinTelegraph
2026-05-07 00:00:00+00:00,-0.17181920340545606,2,Reuters
2026-05-07 01:00:00+00:00,-0.4247976025524843,2,Reuters
2026-05-07 02:00:00+00:00,0.029291033099438146,2,CoinDesk
2026-05-07 03:00:00+00:00,0.15708003074038696,2,CoinTelegraph
2026-05-07 04:00:00+00:00,0.0065677027218682404,7,Decrypt
2026-05-07 05:00:00+00:00,0.3623436510381992,3,Bloomberg Crypto
2026-05-07 06:00:00+00:00,-0.05963650617801228,0,CoinDesk
2026-05-07 07:00:00+00:00,-0.6320296787861579,5,CoinTelegraph
2026-05-07 08:00:00+00:00,0.27012976326552784,2,CoinDesk
2026-05-07 09:00:00+00:00,-0.419789050528192,4,CoinTelegraph
2026-05-07 10:00:00+00:00,0.10973360721088798,2,CoinTelegraph
2026-05-07 11:00:00+00:00,0.3409694776787938,3,CoinDesk
2026-05-07 12:00:00+00:00,-0.05091743849510674,3,CoinTelegraph
2026-05-07 13:00:00+00:00,-0.7353306676397803,8,CoinTelegraph
2026-05-07 14:00:00+00:00,-0.5339622617577646,5,Bloomberg Crypto
2026-05-07 15:00:00+00:00,0.24946357672526512,7,Decrypt
2026-05-07 16:00:00+00:00,-0.2735949557878733,3,Reuters
2026-05-07 17:00:00+00:00,-0.18745233687302998,2,Bloomberg Crypto
2026-05-07 18:00:00+00:00,0.04938840079110532,4,Reuters
2026-05-07 19:00:00+00:00,0.02661979023933972,4,Reuters
2026-05-07 20:00:00+00:00,-0.1204023230956576,3,Decrypt
2026-05-07 21:00:00+00:00,-0.2919011961531086,3,Bloomberg Crypto
2026-05-07 22:00:00+00:00,-0.3291821774903982,0,CoinTelegraph
2026-05-07 23:00:00+00:00,0.07963948196277473,3,Decrypt
2026-05-08 00:00:00+00:00,-0.027748570327204125,1,CoinTelegraph
2026-05-08 01:00:00+00:00,-0.3124216034708043,1,CoinTelegraph
2026-05-08 02:00:00+00:00,0.15550812758619162,3,CoinTelegraph
2026-05-08 03:00:00+00:00,-0.2692535666043904,2,CoinTelegraph
2026-05-08 04:00:00+00:00,-0.5230296813784079,3,Bloomberg Crypto
2026-05-08 05:00:00+00:00,-0.491439792875773,3,Reuters
2026-05-08 06:00:00+00:00,-0.5692072869302215,1,Reuters
2026-05-08 07:00:00+00:00,-0.3228352483548587,3,Bloomberg Crypto
2026-05-08 08:00:00+00:00,0.20347221981943558,3,Reuters
2026-05-08 09:00:00+00:00,-0.5109498971978406,4,Decrypt
2026-05-08 10:00:00+00:00,-0.16403112943371162,1,CoinTelegraph
2026-05-08 11:00:00+00:00,-0.4606657190347753,1,CoinTelegraph
2026-05-08 12:00:00+00:00,-0.3227551397947519,2,CoinTelegraph
2026-05-08 13:00:00+00:00,-0.76097963660495,2,CoinDesk
2026-05-08 14:00:00+00:00,-0.31046752429687596,2,Decrypt
2026-05-08 15:00:00+00:00,-0.30188563825296866,3,CoinDesk
2026-05-08 16:00:00+00:00,-0.0457932506906249,0,Bloomberg Crypto
2026-05-08 17:00:00+00:00,-0.15754663688423415,6,CoinDesk
2026-05-08 18:00:00+00:00,-0.6559287604823731,2,Reuters
2026-05-08 19:00:00+00:00,0.14218568838820694,5,Reuters
2026-05-08 20:00:00+00:00,-0.16446541860794517,0,Decrypt
2026-05-08 21:00:00+00:00,-0.16941712812266382,2,CoinDesk
2026-05-08 22:00:00+00:00,-0.24284763555070774,5,CoinDesk
2026-05-08 23:00:00+00:00,-0.4216234329801796,4,CoinTelegraph
2026-05-09 00:00:00+00:00,-0.16494756963779217,2,Decrypt
2026-05-09 01:00:00+00:00,-0.07548803132127896,2,CoinTelegraph
2026-05-09 02:00:00+00:00,-0.854118590283428,3,Decrypt
2026-05-09 03:00:00+00:00,-0.4320280107733414,1,Decrypt
2026-05-09 04:00:00+00:00,-0.33344526769372135,3,CoinDesk
2026-05-09 05:00:00+00:00,-0.15530170344077676,6,CoinTelegraph
2026-05-09 06:00:00+00:00,0.17195438607407063,2,Bloomberg Crypto
2026-05-09 07:00:00+00:00,-0.5165522510995977,3,CoinTelegraph
2026-05-09 08:00:00+00:00,-0.42146354811351067,1,Bloomberg Crypto
2026-05-09 09:00:00+00:00,-0.42729319834346524,0,Reuters
2026-05-09 10:00:00+00:00,-0.52916568268894,2,Decrypt
2026-05-09 11:00:00+00:00,-0.3708664611990337,3,CoinTelegraph
2026-05-09 12:00:00+00:00,0.019714045444219286,6,Decrypt
2026-05-09 13:00:00+00:00,-0.6196200672031118,1,CoinTelegraph
2026-05-09 14:00:00+00:00,-0.10174887326181606,2,Reuters
2026-05-09 15:00:00+00:00,-0.8478513021967602,4,CoinTelegraph
2026-05-09 16:00:00+00:00,-0.4493507599612065,3,Reuters
2026-05-09 17:00:00+00:00,-0.36889597228221366,6,Decrypt
2026-05-09 18:00:00+00:00,0.33193860865207353,2,CoinDesk
2026-05-09 19:00:00+00:00,-0.3511259341216985,4,Bloomberg Crypto
2026-05-09 20:00:00+00:00,-1.0,6,Decrypt
2026-05-09 21:00:00+00:00,-0.955907768326385,2,CoinDesk
2026-05-09 22:00:00+00:00,-0.24505494354896243,3,Decrypt
2026-05-09 23:00:00+00:00,-0.042809387956272704,1,Decrypt
2026-05-10 00:00:00+00:00,-0.12687875459715925,6,CoinTelegraph
2026-05-10 01:00:00+00:00,-0.20029310138462636,4,Reuters
2026-05-10 02:00:00+00:00,0.1471986828180219,2,Reuters
2026-05-10 03:00:00+00:00,-0.44909383367687483,4,CoinTelegraph
2026-05-10 04:00:00+00:00,0.05234187780540567,4,CoinTelegraph
2026-05-10 05:00:00+00:00,-0.832717105372042,2,Decrypt
2026-05-10 06:00:00+00:00,-0.5788738726116469,5,Reuters
2026-05-10 07:00:00+00:00,-0.8952319997694083,2,Decrypt
2026-05-10 08:00:00+00:00,-0.3595838806446935,2,CoinDesk
2026-05-10 09:00:00+00:00,-0.28019508723528047,3,CoinDesk
2026-05-10 10:00:00+00:00,-0.22467888520747367,4,CoinTelegraph
2026-05-10 11:00:00+00:00,-0.2435610794725114,2,Reuters
2026-05-10 12:00:00+00:00,-0.5904648522443459,3,CoinDesk
2026-05-10 13:00:00+00:00,-0.33300149233347326,5,Reuters
2026-05-10 14:00:00+00:00,-0.7911146069424144,4,Reuters
2026-05-10 15:00:00+00:00,0.2095357373584235,2,Bloomberg Crypto
2026-05-10 16:00:00+00:00,-0.3744447044700771,4,CoinDesk
2026-05-10 17:00:00+00:00,-0.43986192888576436,2,CoinDesk
2026-05-10 18:00:00+00:00,0.28680609689515896,3,Decrypt
2026-05-10 19:00:00+00:00,-0.7046755476379027,2,Decrypt
2026-05-10 20:00:00+00:00,-0.6644059951507539,2,Reuters
2026-05-10 21:00:00+00:00,-0.6546838544014029,4,CoinTelegraph
2026-05-10 22:00:00+00:00,-0.29531294056223767,0,Decrypt
2026-05-10 23:00:00+00:00,-0.12103307346763162,1,Decrypt
2026-05-11 00:00:00+00:00,-0.013758877360608657,6,Reuters
2026-05-11 01:00:00+00:00,0.6270169720949745,3,CoinDesk
2026-05-11 02:00:00+00:00,-1.0,4,Decrypt
2026-05-11 03:00:00+00:00,-0.061180940262054034,6,CoinTelegraph
2026-05-11 04:00:00+00:00,-0.4697549868804666,4,Reuters
2026-05-11 05:00:00+00:00,-0.48052038992888835,3,CoinDesk
2026-05-11 06:00:00+00:00,-0.49270603580443995,2,Bloomberg Crypto
2026-05-11 07:00:00+00:00,-0.5943607710977807,6,CoinTelegraph
2026-05-11 08:00:00+00:00,0.312791827459062,8,CoinDesk
2026-05-11 09:00:00+00:00,0.017516847796938406,5,Reuters
2026-05-11 10:00:00+00:00,-0.26965884066307344,2,Bloomberg Crypto
2026-05-11 11:00:00+00:00,0.19459300829669135,1,CoinTelegraph
2026-05-11 12:00:00+00:00,-0.8081275612755585,6,Decrypt
2026-05-11 13:00:00+00:00,-0.7449639752772179,3,Decrypt
2026-05-11 14:00:00+00:00,-1.0,1,CoinTelegraph
2026-05-11 15:00:00+00:00,-0.5249462576900279,2,Decrypt
2026-05-11 16:00:00+00:00,-0.22401590044728073,1,Reuters
2026-05-11 17:00:00+00:00,-0.24506390161231237,5,CoinTelegraph
2026-05-11 18:00:00+00:00,-0.229243548651301,3,CoinTelegraph
2026-05-11 19:00:00+00:00,-0.7758267082556969,2,Decrypt
2026-05-11 20:00:00+00:00,-0.0012910353389462004,4,CoinTelegraph
2026-05-11 21:00:00+00:00,-0.19895871163347673,5,Bloomberg Crypto
2026-05-11 22:00:00+00:00,-0.026687254137160277,3,CoinTelegraph
2026-05-11 23:00:00+00:00,-0.9461456783846605,2,Decrypt
2026-05-12 00:00:00+00:00,-0.1750745253435958,6,Decrypt
2026-05-12 01:00:00+00:00,-0.7002263079747856,0,Decrypt
2026-05-12 02:00:00+00:00,-0.423978491230406,2,Decrypt
2026-05-12 03:00:00+00:00,-0.0982892403658118,6,Reuters
2026-05-12 04:00:00+00:00,-0.2538305105295493,3,Decrypt
2026-05-12 05:00:00+00:00,-0.584143291911895,4,Bloomberg Crypto
2026-05-12 06:00:00+00:00,-0.28429442179203,1,CoinTelegraph
2026-05-12 07:00:00+00:00,-0.8229078083128466,4,CoinDesk
2026-05-12 08:00:00+00:00,0.1153480320578919,2,CoinDesk
2026-05-12 09:00:00+00:00,-0.3594647519198766,1,Reuters
2026-05-12 10:00:00+00:00,0.10351267359144095,2,CoinDesk
2026-05-12 11:00:00+00:00,-0.4726250256453051,3,Decrypt
2026-05-12 12:00:00+00:00,-0.47194431917854845,3,CoinDesk
2026-05-12 13:00:00+00:00,-0.5565065398924904,3,Bloomberg Crypto
2026-05-12 14:00:00+00:00,0.017276623385203582,4,Decrypt
2026-05-12 15:00:00+00:00,-0.5380228863614228,3,CoinDesk
2026-05-12 16:00:00+00:00,-0.06444594273627136,4,Decrypt
2026-05-12 17:00:00+00:00,-0.4242396740914708,3,Reuters
2026-05-12 18:00:00+00:00,-0.9822901026793884,1,Bloomberg Crypto
2026-05-12 19:00:00+00:00,-0.49062910028071505,1,CoinTelegraph
2026-05-12 20:00:00+00:00,-0.7040178905918818,1,Decrypt
2026-05-12 21:00:00+00:00,-0.27976950569990017,4,Bloomberg Crypto
2026-05-12 22:00:00+00:00,-0.7085782086560501,3,Reuters
2026-05-12 23:00:00+00:00,0.03186114869838991,7,Reuters
2026-05-13 00:00:00+00:00,-0.3243959108007178,7,Bloomberg Crypto
2026-05-13 01:00:00+00:00,-0.35496176335526897,4,CoinDesk
2026-05-13 02:00:00+00:00,-0.0635192996075005,4,Bloomberg Crypto
2026-05-13 03:00:00+00:00,0.044012924474854886,3,CoinDesk
2026-05-13 04:00:00+00:00,-0.30065658710945237,10,CoinDesk
2026-05-13 05:00:00+00:00,-0.5638042123358986,3,Bloomberg Crypto
2026-05-13 06:00:00+00:00,-0.9150301137477348,4,Reuters
2026-05-13 07:00:00+00:00,-0.5345093560437957,2,CoinTelegraph
2026-05-13 08:00:00+00:00,-0.5106619680871864,5,CoinTelegraph
2026-05-13 09:00:00+00:00,-0.2574078570466906,2,Bloomberg Crypto
2026-05-13 10:00:00+00:00,-0.4159141965303923,3,Decrypt
2026-05-13 11:00:00+00:00,-0.05456560480762779,2,Bloomberg Crypto
2026-05-13 12:00:00+00:00,-0.5101101769715595,3,CoinTelegraph
2026-05-13 13:00:00+00:00,-0.31574885338767855,4,Bloomberg Crypto
2026-05-13 14:00:00+00:00,0.11839822525141425,2,Reuters
2026-05-13 15:00:00+00:00,-0.17656600783395754,5,CoinTelegraph
2026-05-13 16:00:00+00:00,-0.3174199392901068,3,CoinTelegraph
2026-05-13 17:00:00+00:00,-0.5072838317470141,3,CoinTelegraph
2026-05-13 18:00:00+00:00,-0.5184252500413518,4,Reuters
2026-05-13 19:00:00+00:00,-0.5946943870593875,4,CoinTelegraph
2026-05-13 20:00:00+00:00,-0.4865121386636815,4,Decrypt
2026-05-13 21:00:00+00:00,-0.03285117563752621,0,CoinTelegraph
2026-05-13 22:00:00+00:00,-0.3751640909220809,2,Bloomberg Crypto
2026-05-13 23:00:00+00:00,-0.7700872371088104,6,Decrypt
2026-05-14 00:00:00+00:00,0.3210346358336022,2,CoinDesk
2026-05-14 01:00:00+00:00,-0.18598923787941718,4,CoinTelegraph
2026-05-14 02:00:00+00:00,-0.7905541643104627,3,CoinDesk
2026-05-14 03:00:00+00:00,-0.4529124966024738,4,CoinDesk
2026-05-14 04:00:00+00:00,-0.2595910119835099,3,Reuters
2026-05-14 05:00:00+00:00,0.2980756393238727,2,Bloomberg Crypto
2026-05-14 06:00:00+00:00,-0.6864957721149467,2,Bloomberg Crypto
2026-05-14 07:00:00+00:00,0.04283855293042754,1,CoinDesk
2026-05-14 08:00:00+00:00,0.1909307969599378,3,Reuters
2026-05-14 09:00:00+00:00,-0.5190266773023505,1,Decrypt
2026-05-14 10:00:00+00:00,-0.3962301175785861,6,CoinTelegraph
2026-05-14 11:00:00+00:00,-0.6619057285132662,1,Decrypt
2026-05-14 12:00:00+00:00,-0.37050049097008236,0,CoinTelegraph
2026-05-14 13:00:00+00:00,-0.3121816392796435,4,CoinDesk
2026-05-14 14:00:00+00:00,-0.06857816101272787,1,Reuters
2026-05-14 15:00:00+00:00,0.08203358851048714,4,Reuters
2026-05-14 16:00:00+00:00,-0.5614336675041192,1,Bloomberg Crypto
2026-05-14 17:00:00+00:00,-0.9882276871546081,3,Bloomberg Crypto
2026-05-14 18:00:00+00:00,-0.30715790727735365,3,Decrypt
2026-05-14 19:00:00+00:00,-0.19703686788288083,2,Bloomberg Crypto
2026-05-14 20:00:00+00:00,-0.21252602953214683,4,CoinTelegraph
2026-05-14 21:00:00+00:00,-0.41419952083437256,5,Reuters
2026-05-14 22:00:00+00:00,-0.25623675967077625,1,Reuters
2026-05-14 23:00:00+00:00,0.23047513232931938,3,CoinDesk
2026-05-15 00:00:00+00:00,-0.16634859262585658,6,CoinDesk
2026-05-15 01:00:00+00:00,-0.4306539463475009,1,Decrypt
2026-05-15 02:00:00+00:00,-0.4750581237184781,3,CoinDesk
2026-05-15 03:00:00+00:00,-0.35944554710806276,1,CoinTelegraph
2026-05-15 04:00:00+00:00,0.2728589866407239,3,Bloomberg Crypto
2026-05-15 05:00:00+00:00,-0.36415247025502606,4,Bloomberg Crypto
2026-05-15 06:00:00+00:00,-0.3069169083171274,4,Decrypt
2026-05-15 07:00:00+00:00,-0.4687847474241274,3,Bloomberg Crypto
2026-05-15 08:00:00+00:00,0.08468862334195276,3,Reuters
2026-05-15 09:00:00+00:00,0.3860124885666689,3,Bloomberg Crypto
2026-05-15 10:00:00+00:00,-0.14218542725216746,1,CoinDesk
2026-05-15 11:00:00+00:00,-0.2708933678813082,2,Reuters
2026-05-15 12:00:00+00:00,-0.2869482286109293,4,CoinDesk
2026-05-15 13:00:00+00:00,-1.0,2,CoinDesk
2026-05-15 14:00:00+00:00,-0.03891943203098297,5,Decrypt
2026-05-15 15:00:00+00:00,-0.25270566907696485,0,Decrypt
2026-05-15 16:00:00+00:00,-0.14968032715528906,3,Reuters
2026-05-15 17:00:00+00:00,-0.548542394275966,2,Bloomberg Crypto
2026-05-15 18:00:00+00:00,-0.4340155679835397,5,CoinTelegraph
2026-05-15 19:00:00+00:00,-0.4432338760357283,6,Bloomberg Crypto
2026-05-15 20:00:00+00:00,0.058278952833587805,3,Reuters
2026-05-15 21:00:00+00:00,-0.43176343474352935,1,CoinTelegraph
2026-05-15 22:00:00+00:00,0.42983076176092455,4,CoinDesk
2026-05-15 23:00:00+00:00,-0.148195823870988,1,CoinDesk
2026-05-16 00:00:00+00:00,-0.7453783834788883,4,CoinTelegraph
2026-05-16 01:00:00+00:00,-0.3437669014823386,1,CoinDesk
2026-05-16 02:00:00+00:00,-0.5267427044790881,4,Bloomberg Crypto
2026-05-16 03:00:00+00:00,-1.0,1,Decrypt
2026-05-16 04:00:00+00:00,0.2614135830663699,5,Bloomberg Crypto
2026-05-16 05:00:00+00:00,-0.05216548229118423,2,CoinDesk
2026-05-16 06:00:00+00:00,-0.11150141286609408,5,Decrypt
2026-05-16 07:00:00+00:00,-0.2400857736753279,2,Bloomberg Crypto
2026-05-16 08:00:00+00:00,-0.7815307657796753,3,CoinDesk
2026-05-16 09:00:00+00:00,-0.46693266166978264,2,Bloomberg Crypto
2026-05-16 10:00:00+00:00,-0.002879924795382627,1,CoinDesk
2026-05-16 11:00:00+00:00,-0.6652612296219123,7,Reuters
2026-05-16 12:00:00+00:00,-1.0,4,CoinTelegraph
2026-05-16 13:00:00+00:00,-0.3764668512495301,3,CoinDesk
2026-05-16 14:00:00+00:00,-0.34640940510074847,6,Bloomberg Crypto
2026-05-16 15:00:00+00:00,-0.249156081324554,1,CoinDesk
2026-05-16 16:00:00+00:00,-0.04142527446902178,3,CoinDesk
2026-05-16 17:00:00+00:00,-0.0730427984372731,5,Bloomberg Crypto
2026-05-16 18:00:00+00:00,-0.20542794803212466,3,Bloomberg Crypto
2026-05-16 19:00:00+00:00,0.12265154084119906,3,Decrypt
2026-05-16 20:00:00+00:00,-0.8272054553114783,1,CoinDesk
2026-05-16 21:00:00+00:00,-0.11873850995854127,4,Reuters
2026-05-16 22:00:00+00:00,-0.07582436096415324,4,CoinTelegraph
2026-05-16 23:00:00+00:00,-0.7287247657220786,5,CoinDesk
2026-05-17 00:00:00+00:00,-0.8206423947992365,2,Bloomberg Crypto
2026-05-17 01:00:00+00:00,-0.5554716853479433,2,Decrypt
2026-05-17 02:00:00+00:00,-0.525680252988842,2,CoinDesk
2026-05-17 03:00:00+00:00,-0.030187295267796455,3,Reuters
2026-05-17 04:00:00+00:00,-0.5087105982819579,3,Bloomberg Crypto
2026-05-17 05:00:00+00:00,-0.5930764838501186,2,Reuters
2026-05-17 06:00:00+00:00,-0.5071533556762504,2,Reuters
2026-05-17 07:00:00+00:00,0.0987181517642634,2,CoinTelegraph
2026-05-17 08:00:00+00:00,-0.2879541786452253,5,CoinTelegraph
2026-05-17 09:00:00+00:00,-0.35496799542664537,2,CoinDesk
2026-05-17 10:00:00+00:00,-0.3304374257153466,3,CoinTelegraph
2026-05-17 11:00:00+00:00,0.1605856580255643,4,CoinDesk
2026-05-17 12:00:00+00:00,-0.5535401198760199,2,CoinDesk
2026-05-17 13:00:00+00:00,0.16940872527358403,1,Bloomberg Crypto
2026-05-17 14:00:00+00:00,-0.2170292430947957,5,Bloomberg Crypto
2026-05-17 15:00:00+00:00,-0.346528118598591,4,Decrypt
2026-05-17 16:00:00+00:00,0.585260830195415,4,CoinTelegraph
2026-05-17 17:00:00+00:00,-0.6591958027259655,3,Decrypt
2026-05-17 18:00:00+00:00,-0.41317426855582534,3,Reuters
2026-05-17 19:00:00+00:00,-0.7203920982766447,6,CoinDesk
2026-05-17 20:00:00+00:00,0.04466896645141466,1,CoinDesk
2026-05-17 21:00:00+00:00,0.30287719161639715,5,Bloomberg Crypto
2026-05-17 22:00:00+00:00,0.29649316659369995,5,Reuters
2026-05-17 23:00:00+00:00,0.14076671850491257,5,CoinDesk
2026-05-18 00:00:00+00:00,-0.3564127202350998,6,CoinDesk
2026-05-18 01:00:00+00:00,-0.41470479009901834,2,Reuters
2026-05-18 02:00:00+00:00,-0.8713994468294995,3,Reuters
2026-05-18 03:00:00+00:00,0.4264514383244935,6,CoinDesk
2026-05-18 04:00:00+00:00,-0.12157094536715571,1,Reuters
2026-05-18 05:00:00+00:00,-0.4575018715928652,2,CoinTelegraph
2026-05-18 06:00:00+00:00,0.17990455830800872,4,Reuters
2026-05-18 07:00:00+00:00,-0.624976054869652,1,Decrypt
2026-05-18 08:00:00+00:00,-0.1417786139448869,2,Decrypt
2026-05-18 09:00:00+00:00,-0.344099113229935,3,CoinDesk
2026-05-18 10:00:00+00:00,-0.059719253692154584,0,CoinDesk
2026-05-18 11:00:00+00:00,-0.30507908173226905,3,Bloomberg Crypto
2026-05-18 12:00:00+00:00,-0.7902199571427828,2,Reuters
2026-05-18 13:00:00+00:00,-0.2555050869480556,0,Decrypt
2026-05-18 14:00:00+00:00,0.08558923213411734,2,Bloomberg Crypto
2026-05-18 15:00:00+00:00,-0.29129014593752467,3,CoinDesk
2026-05-18 16:00:00+00:00,-0.009320092237764699,0,CoinTelegraph
2026-05-18 17:00:00+00:00,-0.6460864886327964,2,Reuters
2026-05-18 18:00:00+00:00,-0.28887804159680247,3,Bloomberg Crypto
2026-05-18 19:00:00+00:00,-0.497795838592396,1,CoinTelegraph
2026-05-18 20:00:00+00:00,-0.017299129384304335,6,CoinDesk
2026-05-18 21:00:00+00:00,-0.2672404582820608,3,Decrypt
2026-05-18 22:00:00+00:00,-0.03625164644034079,1,Bloomberg Crypto
2026-05-18 23:00:00+00:00,0.10341143249732493,2,Bloomberg Crypto
2026-05-19 00:00:00+00:00,-0.03472536335966048,4,CoinDesk
2026-05-19 01:00:00+00:00,-0.18069993431221532,1,CoinDesk
2026-05-19 02:00:00+00:00,-0.6251600813945752,5,Decrypt
2026-05-19 03:00:00+00:00,-0.27625022655123377,5,Decrypt
2026-05-19 04:00:00+00:00,-0.46134092718572794,1,Decrypt
2026-05-19 05:00:00+00:00,-0.39466078130207993,2,CoinTelegraph
2026-05-19 06:00:00+00:00,-0.4047993801538064,2,CoinTelegraph
2026-05-19 07:00:00+00:00,-0.6161553402020508,4,CoinDesk
2026-05-19 08:00:00+00:00,-0.9577137973987475,2,Bloomberg Crypto
2026-05-19 09:00:00+00:00,-0.5059542107555093,2,CoinTelegraph
2026-05-19 10:00:00+00:00,-0.20387514879396407,3,CoinDesk
2026-05-19 11:00:00+00:00,-0.7428687065970272,6,CoinTelegraph
2026-05-19 12:00:00+00:00,-0.26496172247449695,2,Decrypt
2026-05-19 13:00:00+00:00,0.3952046876131644,3,CoinDesk
2026-05-19 14:00:00+00:00,0.08874677627801347,3,Decrypt
2026-05-19 15:00:00+00:00,0.306487740971712,3,Reuters
2026-05-19 16:00:00+00:00,-0.1312808220293233,3,Bloomberg Crypto
2026-05-19 17:00:00+00:00,0.14103403410739124,4,Decrypt
2026-05-19 18:00:00+00:00,-0.5203959285941288,1,Bloomberg Crypto
2026-05-19 19:00:00+00:00,-0.4919362902465425,2,CoinDesk
2026-05-19 20:00:00+00:00,-1.0,0,Reuters
2026-05-19 21:00:00+00:00,0.1499306629317952,2,Bloomberg Crypto
2026-05-19 22:00:00+00:00,0.2744989854502037,6,CoinTelegraph
2026-05-19 23:00:00+00:00,-0.4576156970636054,4,CoinDesk
2026-05-20 00:00:00+00:00,-0.3522711226492993,3,Reuters
2026-05-20 01:00:00+00:00,-0.5266192513351098,4,CoinTelegraph
2026-05-20 02:00:00+00:00,-0.12821338806620258,2,CoinTelegraph
2026-05-20 03:00:00+00:00,0.13221449524333745,0,Reuters
2026-05-20 04:00:00+00:00,-0.8708470076623478,3,Decrypt
2026-05-20 05:00:00+00:00,-0.11693342069409135,0,Reuters
2026-05-20 06:00:00+00:00,-0.3564272964106632,2,Reuters
2026-05-20 07:00:00+00:00,-0.21925460122663246,3,Reuters
2026-05-20 08:00:00+00:00,-0.0976404041806967,3,Bloomberg Crypto
2026-05-20 09:00:00+00:00,-0.3235000410532284,3,Decrypt
2026-05-20 10:00:00+00:00,-0.2932206974623248,6,CoinDesk
2026-05-20 11:00:00+00:00,-0.33115295956907215,2,CoinTelegraph
2026-05-20 12:00:00+00:00,0.08398741429550538,5,Bloomberg Crypto
2026-05-20 13:00:00+00:00,-0.1083791414136348,6,Decrypt
2026-05-20 14:00:00+00:00,-0.1770580386597737,4,Reuters
2026-05-20 15:00:00+00:00,-0.6984078195882184,3,Bloomberg Crypto
2026-05-20 16:00:00+00:00,-0.38538537133103923,3,Bloomberg Crypto
2026-05-20 17:00:00+00:00,0.06234868442836722,2,CoinTelegraph
2026-05-20 18:00:00+00:00,-0.23829011097195943,4,CoinDesk
2026-05-20 19:00:00+00:00,-0.01994162946939329,6,Decrypt
2026-05-20 20:00:00+00:00,0.36821239856310023,3,Decrypt
2026-05-20 21:00:00+00:00,0.11416093631334298,3,Decrypt
2026-05-20 22:00:00+00:00,-0.21602560795744158,2,Reuters
2026-05-20 23:00:00+00:00,-0.42675246918567744,6,Reuters
2026-05-21 00:00:00+00:00,-1.0,2,Bloomberg Crypto
2026-05-21 01:00:00+00:00,-0.3053776888562232,3,CoinDesk
2026-05-21 02:00:00+00:00,-0.35980883953632153,3,CoinTelegraph
2026-05-21 03:00:00+00:00,-0.10833324739539354,1,CoinTelegraph
2026-05-21 04:00:00+00:00,-0.29808065749360607,1,CoinDesk
2026-05-21 05:00:00+00:00,-0.3555964885050869,2,Decrypt
2026-05-21 06:00:00+00:00,-0.8654947239900118,1,CoinDesk
2026-05-21 07:00:00+00:00,-0.570932724098807,5,CoinTelegraph
2026-05-21 08:00:00+00:00,-0.07435052426965147,0,Reuters
2026-05-21 09:00:00+00:00,0.36015934444403935,3,CoinDesk
2026-05-21 10:00:00+00:00,-0.27376769617687824,5,Bloomberg Crypto
2026-05-21 11:00:00+00:00,-0.12412098338384198,2,Reuters
2026-05-21 12:00:00+00:00,0.09529587224783734,3,Bloomberg Crypto
2026-05-21 13:00:00+00:00,-0.5210965746971208,4,Bloomberg Crypto
2026-05-21 14:00:00+00:00,-0.10810660159925356,3,CoinDesk
2026-05-21 15:00:00+00:00,-0.49486649373987035,2,Bloomberg Crypto
2026-05-21 16:00:00+00:00,0.06779452236873465,4,Decrypt
2026-05-21 17:00:00+00:00,-0.18109768853812652,1,CoinDesk
2026-05-21 18:00:00+00:00,-0.12882100919858427,1,CoinTelegraph
2026-05-21 19:00:00+00:00,-0.506374721506619,4,Decrypt
2026-05-21 20:00:00+00:00,0.01581435051402491,2,Reuters
2026-05-21 21:00:00+00:00,0.4988250743656738,4,CoinDesk
2026-05-21 22:00:00+00:00,-0.5827667391899201,2,CoinTelegraph
2026-05-21 23:00:00+00:00,-0.34808223651379694,1,CoinTelegraph
2026-05-22 00:00:00+00:00,-0.1472686616394009,3,CoinDesk
2026-05-22 01:00:00+00:00,0.04775043165496651,2,Decrypt
2026-05-22 02:00:00+00:00,-0.4224891940731186,2,CoinTelegraph
2026-05-22 03:00:00+00:00,-1.0,4,CoinDesk
2026-05-22 04:00:00+00:00,0.2507684025960374,6,CoinDesk
2026-05-22 05:00:00+00:00,0.042085515545482705,4,Bloomberg Crypto
2026-05-22 06:00:00+00:00,-0.8332628176317414,3,CoinDesk
2026-05-22 07:00:00+00:00,-0.4350156803774236,3,CoinTelegraph
2026-05-22 08:00:00+00:00,0.32736594413363196,3,Bloomberg Crypto
2026-05-22 09:00:00+00:00,0.2861036395710567,1,CoinTelegraph
2026-05-22 10:00:00+00:00,0.10877578645355634,0,Decrypt
2026-05-22 11:00:00+00:00,-0.28050661811189864,2,Decrypt
2026-05-22 12:00:00+00:00,-0.18893666084619146,1,CoinTelegraph
2026-05-22 13:00:00+00:00,-0.2629172432829181,3,Reuters
2026-05-22 14:00:00+00:00,0.17868377927793405,1,Reuters
2026-05-22 15:00:00+00:00,-0.5218479163760776,6,Reuters
2026-05-22 16:00:00+00:00,-0.4964318950223603,2,CoinTelegraph
2026-05-22 17:00:00+00:00,0.1400991187080728,3,CoinDesk
2026-05-22 18:00:00+00:00,-0.2281145129083853,3,Bloomberg Crypto
2026-05-22 19:00:00+00:00,0.2707884913766788,0,CoinDesk
2026-05-22 20:00:00+00:00,-0.44578751469393857,3,CoinTelegraph
2026-05-22 21:00:00+00:00,-0.22900992423408328,3,CoinDesk
2026-05-22 22:00:00+00:00,-0.5317574123744455,2,Decrypt
2026-05-22 23:00:00+00:00,-0.20540742956784558,3,Bloomberg Crypto
2026-05-23 00:00:00+00:00,-0.7245434444224719,1,CoinTelegraph
2026-05-23 01:00:00+00:00,-0.3767875275013376,3,Bloomberg Crypto
2026-05-23 02:00:00+00:00,-0.7078646792122247,3,Reuters
2026-05-23 03:00:00+00:00,0.03864110877383528,7,Reuters
2026-05-23 04:00:00+00:00,0.047521832201870645,0,Decrypt
2026-05-23 05:00:00+00:00,-0.807925041319405,6,CoinTelegraph
2026-05-23 06:00:00+00:00,0.26548202365494056,4,Reuters
2026-05-23 07:00:00+00:00,0.6736761349828884,4,Bloomberg Crypto
2026-05-23 08:00:00+00:00,-0.1833543840315675,3,Bloomberg Crypto
2026-05-23 09:00:00+00:00,-0.42288037655130994,7,Decrypt
2026-05-23 10:00:00+00:00,0.7909952314416508,3,Reuters
2026-05-23 11:00:00+00:00,-0.6581858815686047,2,CoinDesk
2026-05-23 12:00:00+00:00,-0.18853243535942957,6,Reuters
2026-05-23 13:00:00+00:00,-0.1317210728893221,2,Decrypt
2026-05-23 14:00:00+00:00,0.2771972331894793,2,Reuters
2026-05-23 15:00:00+00:00,-0.0667077726765937,5,CoinTelegraph
2026-05-23 16:00:00+00:00,-0.3661466901414165,2,Decrypt
2026-05-23 17:00:00+00:00,-0.5235442199028381,1,CoinDesk
2026-05-23 18:00:00+00:00,-0.3092686604423529,5,Bloomberg Crypto
2026-05-23 19:00:00+00:00,-0.5410534207095514,0,Reuters
2026-05-23 20:00:00+00:00,-0.17088430997093534,3,Bloomberg Crypto
2026-05-23 21:00:00+00:00,-0.3840826874834309,1,Decrypt
2026-05-23 22:00:00+00:00,-0.7085146486301647,3,Bloomberg Crypto
2026-05-23 23:00:00+00:00,0.2547156459422172,3,CoinTelegraph
2026-05-24 00:00:00+00:00,-0.3577513035807817,3,Decrypt
2026-05-24 01:00:00+00:00,-0.6263909427758977,2,Decrypt
2026-05-24 02:00:00+00:00,-0.24040751796529453,5,Reuters
2026-05-24 03:00:00+00:00,-0.15655717087879711,6,Decrypt
2026-05-24 04:00:00+00:00,-0.7907176282744374,5,CoinTelegraph
2026-05-24 05:00:00+00:00,-0.06234132259421264,2,Reuters
2026-05-24 06:00:00+00:00,-0.5438835825006665,2,CoinTelegraph
2026-05-24 07:00:00+00:00,0.4225245075290335,7,CoinDesk
2026-05-24 08:00:00+00:00,0.008096727138345722,3,Reuters
2026-05-24 09:00:00+00:00,-0.3142050785744018,4,Decrypt
2026-05-24 10:00:00+00:00,-0.4339962045765914,2,Decrypt
2026-05-24 11:00:00+00:00,-0.20887037801856617,2,Decrypt
2026-05-24 12:00:00+00:00,0.043404071746615064,2,CoinDesk
2026-05-24 13:00:00+00:00,-0.17893347189215603,7,CoinTelegraph
2026-05-24 14:00:00+00:00,-0.2449507997803761,0,Decrypt
2026-05-24 15:00:00+00:00,-0.14744717693679005,8,Bloomberg Crypto
2026-05-24 16:00:00+00:00,-0.3781558569300478,5,Decrypt
2026-05-24 17:00:00+00:00,-0.2858526683453501,4,Reuters
2026-05-24 18:00:00+00:00,-0.8946802411021679,6,Reuters
2026-05-24 19:00:00+00:00,0.17723204923613275,2,Bloomberg Crypto
2026-05-24 20:00:00+00:00,-0.0579091230841782,5,CoinDesk
2026-05-24 21:00:00+00:00,-0.4321110968731907,3,Reuters
2026-05-24 22:00:00+00:00,0.5042454759900389,2,CoinDesk
2026-05-24 23:00:00+00:00,-0.12876324631124547,6,CoinDesk
2026-05-25 00:00:00+00:00,-0.5207735627840311,5,Bloomberg Crypto
2026-05-25 01:00:00+00:00,0.14283341530499494,5,Reuters
2026-05-25 02:00:00+00:00,-0.016606267868413044,3,Decrypt
2026-05-25 03:00:00+00:00,-0.01671572238527999,3,CoinDesk
2026-05-25 04:00:00+00:00,-0.3027258852665845,3,CoinDesk
2026-05-25 05:00:00+00:00,0.005072220166680241,4,Reuters
2026-05-25 06:00:00+00:00,-0.24310371799383956,3,Reuters
2026-05-25 07:00:00+00:00,0.044206964042311,2,Bloomberg Crypto
2026-05-25 08:00:00+00:00,-0.8159845455758786,2,CoinTelegraph
2026-05-25 09:00:00+00:00,-0.29998837709071,1,CoinTelegraph
2026-05-25 10:00:00+00:00,0.45574568430414986,1,CoinTelegraph
2026-05-25 11:00:00+00:00,-0.41435542152271254,3,CoinDesk
2026-05-25 12:00:00+00:00,-0.3560957266509819,5,Bloomberg Crypto
2026-05-25 13:00:00+00:00,-0.30040662049222866,2,CoinTelegraph
2026-05-25 14:00:00+00:00,-0.5676674691811409,3,Reuters
2026-05-25 15:00:00+00:00,-0.9142461239820479,5,CoinDesk
2026-05-25 16:00:00+00:00,-0.2209130046306654,2,CoinDesk
2026-05-25 17:00:00+00:00,-0.09151428284227636,2,Reuters
2026-05-25 18:00:00+00:00,-0.15629659582416033,3,Bloomberg Crypto
2026-05-25 19:00:00+00:00,-0.1874795047342986,3,Bloomberg Crypto
2026-05-25 20:00:00+00:00,-0.12055735638205597,1,CoinTelegraph
2026-05-25 21:00:00+00:00,0.22352571252064404,5,Reuters
2026-05-25 22:00:00+00:00,-0.19996961850661082,5,Decrypt
2026-05-25 23:00:00+00:00,-0.33308453728569354,1,Bloomberg Crypto
2026-05-26 00:00:00+00:00,-0.2293892892976499,4,CoinTelegraph
2026-05-26 01:00:00+00:00,0.0729386881497418,5,CoinDesk
2026-05-26 02:00:00+00:00,0.36554182611639113,3,Bloomberg Crypto
2026-05-26 03:00:00+00:00,-0.3473504107000795,1,Decrypt
2026-05-26 04:00:00+00:00,-0.09170343577871824,5,CoinDesk
2026-05-26 05:00:00+00:00,-0.006732976106109664,5,CoinDesk
2026-05-26 06:00:00+00:00,-0.47138588468995957,4,Reuters
2026-05-26 07:00:00+00:00,-0.11566077912016615,3,Reuters
2026-05-26 08:00:00+00:00,-0.6346135685777333,3,Bloomberg Crypto
2026-05-26 09:00:00+00:00,-0.7396140030705821,3,Decrypt
2026-05-26 10:00:00+00:00,0.009098398477522751,2,Reuters
2026-05-26 11:00:00+00:00,-0.25243324246271426,2,CoinTelegraph
2026-05-26 12:00:00+00:00,-0.04609099219181069,4,CoinDesk
2026-05-26 13:00:00+00:00,-0.12196226382600543,1,CoinTelegraph
2026-05-26 14:00:00+00:00,-0.4562467831123273,2,CoinDesk
2026-05-26 15:00:00+00:00,-0.12915139524870758,3,CoinTelegraph
2026-05-26 16:00:00+00:00,-0.5437013711923411,0,CoinDesk
2026-05-26 17:00:00+00:00,0.3759229624332873,2,Reuters
2026-05-26 18:00:00+00:00,-0.5843063777501688,2,CoinTelegraph
2026-05-26 19:00:00+00:00,-0.17703896405793423,2,Bloomberg Crypto
2026-05-26 20:00:00+00:00,-0.4721045274664749,4,Bloomberg Crypto
2026-05-26 21:00:00+00:00,0.09354457402336587,3,Decrypt
2026-05-26 22:00:00+00:00,-0.22089521652389543,1,Decrypt
2026-05-26 23:00:00+00:00,-0.2852170456686442,5,Decrypt
2026-05-27 00:00:00+00:00,0.19614931001768687,4,CoinTelegraph
2026-05-27 01:00:00+00:00,-0.09095616279109098,5,CoinDesk
2026-05-27 02:00:00+00:00,0.08078492240213142,3,Decrypt
2026-05-27 03:00:00+00:00,-0.4422866224484725,3,Reuters
2026-05-27 04:00:00+00:00,-0.589288555788222,2,Bloomberg Crypto
2026-05-27 05:00:00+00:00,-0.05885811179366298,2,Bloomberg Crypto
2026-05-27 06:00:00+00:00,-0.20675361099988793,3,Reuters
2026-05-27 07:00:00+00:00,0.1253200230781315,1,Bloomberg Crypto
2026-05-27 08:00:00+00:00,-0.12067305674437741,2,CoinTelegraph
2026-05-27 09:00:00+00:00,-0.019699998664766835,7,Reuters
2026-05-27 10:00:00+00:00,-0.6584298277701358,2,CoinTelegraph
2026-05-27 11:00:00+00:00,0.5719390830829416,3,Bloomberg Crypto
2026-05-27 12:00:00+00:00,-0.14526479545121662,3,Reuters
2026-05-27 13:00:00+00:00,0.15761070975453623,4,Reuters
2026-05-27 14:00:00+00:00,-0.3779398407611708,3,Reuters
2026-05-27 15:00:00+00:00,0.02373426321630419,3,Bloomberg Crypto
2026-05-27 16:00:00+00:00,-0.5388247591629025,5,Bloomberg Crypto
2026-05-27 17:00:00+00:00,0.0766362961306523,1,Bloomberg Crypto
2026-05-27 18:00:00+00:00,-0.20493522108369439,2,Decrypt
2026-05-27 19:00:00+00:00,-0.068882971440954,2,Decrypt
2026-05-27 20:00:00+00:00,0.16643737142459397,4,CoinDesk
2026-05-27 21:00:00+00:00,-0.5079950974619551,1,Reuters
2026-05-27 22:00:00+00:00,-0.3149291248799255,2,Bloomberg Crypto
2026-05-27 23:00:00+00:00,0.08595684423608661,1,Reuters
2026-05-28 00:00:00+00:00,0.6615225994625803,3,CoinTelegraph
2026-05-28 01:00:00+00:00,-0.11993064693330485,2,CoinTelegraph
2026-05-28 02:00:00+00:00,0.13655022440225245,1,Bloomberg Crypto
2026-05-28 03:00:00+00:00,-0.10653171551965245,4,Decrypt
2026-05-28 04:00:00+00:00,0.6119512525122177,4,CoinDesk
2026-05-28 05:00:00+00:00,-0.6781040373390894,1,Decrypt
2026-05-28 06:00:00+00:00,-0.03219960348468538,0,Reuters
2026-05-28 07:00:00+00:00,-0.632996686378661,1,Decrypt
2026-05-28 08:00:00+00:00,-0.9400944434767661,2,Bloomberg Crypto
2026-05-28 09:00:00+00:00,0.04258036863064954,2,Decrypt
2026-05-28 10:00:00+00:00,-0.011442937887580218,3,CoinTelegraph
2026-05-28 11:00:00+00:00,-0.15869479514784446,3,Bloomberg Crypto
2026-05-28 12:00:00+00:00,-0.09490340610516346,4,Bloomberg Crypto
2026-05-28 13:00:00+00:00,1.0,3,Bloomberg Crypto
2026-05-28 14:00:00+00:00,-0.1455608038083065,2,Decrypt
2026-05-28 15:00:00+00:00,0.1246135507198563,2,CoinTelegraph
2026-05-28 16:00:00+00:00,-0.2799371339912878,3,Decrypt
2026-05-28 17:00:00+00:00,0.051943458009767005,3,Reuters
2026-05-28 18:00:00+00:00,-0.13349727392010247,7,CoinDesk
2026-05-28 19:00:00+00:00,-0.19252357283696087,2,CoinDesk
2026-05-28 20:00:00+00:00,0.589046670739172,2,CoinDesk
2026-05-28 21:00:00+00:00,0.36572209091523333,4,Reuters
2026-05-28 22:00:00+00:00,0.0028447070863341917,2,Reuters
2026-05-28 23:00:00+00:00,-0.8502139366563513,5,Reuters
2026-05-29 00:00:00+00:00,-0.16881531670351263,3,CoinTelegraph
2026-05-29 01:00:00+00:00,0.9048760159077986,4,Bloomberg Crypto
2026-05-29 02:00:00+00:00,-0.12063599528415751,2,Reuters
2026-05-29 03:00:00+00:00,0.3475016969830054,4,CoinDesk
2026-05-29 04:00:00+00:00,0.467336061517373,2,CoinDesk
2026-05-29 05:00:00+00:00,0.04057495707978523,3,Decrypt
2026-05-29 06:00:00+00:00,-0.32941795103250454,3,Bloomberg Crypto
2026-05-29 07:00:00+00:00,-0.8858570182605201,3,Reuters
2026-05-29 08:00:00+00:00,0.20724271901388455,7,Bloomberg Crypto
2026-05-29 09:00:00+00:00,-0.31609511022247266,2,Reuters
2026-05-29 10:00:00+00:00,0.03200661654082958,6,CoinDesk
2026-05-29 11:00:00+00:00,-0.4657981438014382,0,Bloomberg Crypto
2026-05-29 12:00:00+00:00,-0.11990862217388386,3,Bloomberg Crypto
2026-05-29 13:00:00+00:00,-0.01398777040586586,4,Reuters
2026-05-29 14:00:00+00:00,0.06950483476637714,2,Reuters
2026-05-29 15:00:00+00:00,-0.41340370934338505,2,Bloomberg Crypto
2026-05-29 16:00:00+00:00,0.3969902930970491,3,Reuters
2026-05-29 17:00:00+00:00,-0.22955390269688664,4,Bloomberg Crypto
2026-05-29 18:00:00+00:00,-0.6054168459934312,4,Decrypt
2026-05-29 19:00:00+00:00,-0.056222180196950494,0,Bloomberg Crypto
2026-05-29 20:00:00+00:00,-0.00474373887092102,0,CoinTelegraph
2026-05-29 21:00:00+00:00,0.04072040144313891,4,Bloomberg Crypto
2026-05-29 22:00:00+00:00,0.4625499247930475,5,Decrypt
2026-05-29 23:00:00+00:00,-0.09566376275891034,4,Decrypt
2026-05-30 00:00:00+00:00,-0.05348355279672358,4,CoinDesk
2026-05-30 01:00:00+00:00,-0.39644101691840744,6,CoinDesk
2026-05-30 02:00:00+00:00,0.2781576345566906,2,CoinTelegraph
2026-05-30 03:00:00+00:00,0.05676264035919576,3,Reuters
2026-05-30 04:00:00+00:00,-0.1534645337838239,2,Reuters
2026-05-30 05:00:00+00:00,-0.6718001495596638,1,Decrypt
2026-05-30 06:00:00+00:00,0.5016711794467769,7,Decrypt
2026-05-30 07:00:00+00:00,-0.4322700866262273,3,CoinDesk
2026-05-30 08:00:00+00:00,-0.20823836476827073,2,Decrypt
2026-05-30 09:00:00+00:00,0.12542057887660082,5,Bloomberg Crypto
2026-05-30 10:00:00+00:00,-0.41750421352696815,4,Bloomberg Crypto
2026-05-30 11:00:00+00:00,-0.5201463233219946,5,CoinTelegraph
2026-05-30 12:00:00+00:00,-0.7395085651227307,2,Bloomberg Crypto
2026-05-30 13:00:00+00:00,0.25751294036372246,3,CoinTelegraph
2026-05-30 14:00:00+00:00,-0.18436035642334622,0,CoinDesk
2026-05-30 15:00:00+00:00,1.0,7,Bloomberg Crypto
2026-05-30 16:00:00+00:00,-0.33898818151673404,7,CoinTelegraph
2026-05-30 17:00:00+00:00,-0.31218137471329926,2,Reuters
2026-05-30 18:00:00+00:00,-0.18627085533223853,2,CoinTelegraph
2026-05-30 19:00:00+00:00,0.09800379919982909,3,Bloomberg Crypto
2026-05-30 20:00:00+00:00,-0.15037475207813042,4,CoinTelegraph
2026-05-30 21:00:00+00:00,0.22980217506785455,2,CoinDesk
2026-05-30 22:00:00+00:00,-0.3257308394658486,5,Decrypt
2026-05-30 23:00:00+00:00,-0.46549311825251577,1,Reuters
2026-05-31 00:00:00+00:00,-0.6100226239583939,0,CoinDesk
2026-05-31 01:00:00+00:00,-0.7576102307373238,4,Reuters
2026-05-31 02:00:00+00:00,-0.1593956178468473,1,Reuters
2026-05-31 03:00:00+00:00,-0.08212716556758923,1,CoinTelegraph
2026-05-31 04:00:00+00:00,-0.19650004101998764,2,Decrypt
2026-05-31 05:00:00+00:00,0.4609814686367395,1,CoinTelegraph
2026-05-31 06:00:00+00:00,0.4568860563721587,1,CoinTelegraph
2026-05-31 07:00:00+00:00,-0.0888200206604165,1,Bloomberg Crypto
2026-05-31 08:00:00+00:00,-0.598226347997326,3,CoinTelegraph
2026-05-31 09:00:00+00:00,-0.16741627858503927,4,Decrypt
2026-05-31 10:00:00+00:00,-0.17772308387172361,3,CoinDesk
2026-05-31 11:00:00+00:00,-0.19649953466081274,2,CoinTelegraph
2026-05-31 12:00:00+00:00,-0.20942123648573613,3,Decrypt
2026-05-31 13:00:00+00:00,-0.19264960003387704,2,CoinTelegraph
2026-05-31 14:00:00+00:00,-0.09794578639818033,3,Reuters
2026-05-31 15:00:00+00:00,-0.18381493134967153,2,CoinTelegraph
2026-05-31 16:00:00+00:00,0.11281728997921528,4,Bloomberg Crypto
2026-05-31 17:00:00+00:00,0.1673126822006803,2,Reuters
2026-05-31 18:00:00+00:00,-0.27626369194875877,4,Decrypt
2026-05-31 19:00:00+00:00,0.48861262317842297,1,CoinTelegraph
2026-05-31 20:00:00+00:00,-0.29800518614082,2,Reuters
2026-05-31 21:00:00+00:00,-0.5199375686360843,4,Reuters
2026-05-31 22:00:00+00:00,0.180840140508708,4,CoinDesk
2026-05-31 23:00:00+00:00,-0.23725074316346514,2,Reuters
2026-06-01 00:00:00+00:00,0.1625675024157205,7,Decrypt
2026-06-01 01:00:00+00:00,-0.7898960671307432,2,CoinTelegraph
2026-06-01 02:00:00+00:00,0.5400190266455014,1,Reuters
2026-06-01 03:00:00+00:00,0.289232668531809,0,Decrypt
2026-06-01 04:00:00+00:00,-0.4699672867097477,3,CoinDesk
2026-06-01 05:00:00+00:00,-0.4611039803932277,2,CoinTelegraph
2026-06-01 06:00:00+00:00,0.6430285410253829,2,Bloomberg Crypto
2026-06-01 07:00:00+00:00,-0.19908109928621315,4,Reuters
2026-06-01 08:00:00+00:00,-0.23169753051722808,1,Reuters
2026-06-01 09:00:00+00:00,-0.7315868829916643,2,CoinDesk
2026-06-01 10:00:00+00:00,-0.059977978171630295,2,Decrypt
2026-06-01 11:00:00+00:00,-0.015645590560575365,3,CoinDesk
2026-06-01 12:00:00+00:00,0.3157395529882789,1,Decrypt
2026-06-01 13:00:00+00:00,-0.423100995963317,3,CoinTelegraph
2026-06-01 14:00:00+00:00,-0.46426567163172794,2,Reuters
2026-06-01 15:00:00+00:00,0.2269286232409497,6,Bloomberg Crypto
2026-06-01 16:00:00+00:00,0.4227029418005949,4,CoinDesk
2026-06-01 17:00:00+00:00,-0.47830149308947445,4,Bloomberg Crypto
2026-06-01 18:00:00+00:00,0.45138484683368885,2,Bloomberg Crypto
2026-06-01 19:00:00+00:00,0.0872462986646672,1,Reuters
2026-06-01 20:00:00+00:00,0.45748888784157093,9,Reuters
2026-06-01 21:00:00+00:00,0.052028862003689766,6,Bloomberg Crypto
2026-06-01 22:00:00+00:00,-0.8049437319998429,3,CoinTelegraph
2026-06-01 23:00:00+00:00,0.02591106400778742,4,Bloomberg Crypto
2026-06-02 00:00:00+00:00,0.4513946280835958,3,Decrypt
2026-06-02 01:00:00+00:00,-0.23122365941906906,4,Decrypt
2026-06-02 02:00:00+00:00,-0.05295864718836808,5,Decrypt
2026-06-02 03:00:00+00:00,0.022422476316922166,2,Decrypt
2026-06-02 04:00:00+00:00,-0.9295221017696685,2,CoinDesk
2026-06-02 05:00:00+00:00,0.6715163812672985,4,CoinTelegraph
2026-06-02 06:00:00+00:00,-0.22770138727400716,1,CoinDesk
2026-06-02 07:00:00+00:00,0.2660212471475263,7,CoinDesk
2026-06-02 08:00:00+00:00,0.059900544638826006,2,Decrypt
2026-06-02 09:00:00+00:00,0.5316430371226617,5,CoinTelegraph
2026-06-02 10:00:00+00:00,0.23482474116231172,5,CoinTelegraph
2026-06-02 11:00:00+00:00,0.011708617248406258,5,Bloomberg Crypto
2026-06-02 12:00:00+00:00,-0.2175728958050166,1,CoinDesk
2026-06-02 13:00:00+00:00,0.3756286439914568,5,CoinTelegraph
2026-06-02 14:00:00+00:00,-0.5581018309705227,5,Reuters
2026-06-02 15:00:00+00:00,0.32488419176392064,2,CoinDesk
2026-06-02 16:00:00+00:00,-0.2846250293687499,4,CoinTelegraph
2026-06-02 17:00:00+00:00,0.5395561515630577,5,Reuters
2026-06-02 18:00:00+00:00,0.15892607068229886,6,Reuters
2026-06-02 19:00:00+00:00,0.32912701254875715,3,Reuters
2026-06-02 20:00:00+00:00,0.13359032141401966,3,Decrypt
2026-06-02 21:00:00+00:00,-0.5072291466464378,4,Bloomberg Crypto
2026-06-02 22:00:00+00:00,-0.19394573553843106,1,Bloomberg Crypto
2026-06-02 23:00:00+00:00,0.34385038738291307,2,CoinTelegraph
2026-06-03 00:00:00+00:00,0.16804629312512534,10,CoinTelegraph
2026-06-03 01:00:00+00:00,0.5242638297241865,5,Bloomberg Crypto
2026-06-03 02:00:00+00:00,0.2532620115001504,3,Reuters
2026-06-03 03:00:00+00:00,-0.22503327218474262,3,CoinTelegraph
2026-06-03 04:00:00+00:00,-0.1641156821222251,2,Decrypt
2026-06-03 05:00:00+00:00,0.15172010855621443,3,Decrypt
2026-06-03 06:00:00+00:00,-0.6930262882408009,2,Bloomberg Crypto
2026-06-03 07:00:00+00:00,0.7037817429649844,5,CoinTelegraph
2026-06-03 08:00:00+00:00,0.2738742020169107,2,CoinTelegraph
2026-06-03 09:00:00+00:00,0.5499085057288964,5,Reuters
2026-06-03 10:00:00+00:00,-0.4315836607752106,3,CoinTelegraph
2026-06-03 11:00:00+00:00,0.5584045937690254,2,Bloomberg Crypto
2026-06-03 12:00:00+00:00,0.9050082011945829,4,CoinTelegraph
2026-06-03 13:00:00+00:00,-0.3371493435983671,3,CoinTelegraph
2026-06-03 14:00:00+00:00,0.3963208894551443,4,Decrypt
2026-06-03 15:00:00+00:00,0.1278885826314182,3,Bloomberg Crypto
2026-06-03 16:00:00+00:00,-0.4118842655131407,2,CoinDesk
2026-06-03 17:00:00+00:00,0.3023420679132826,5,Bloomberg Crypto
2026-06-03 18:00:00+00:00,0.4227564912798901,2,Bloomberg Crypto
2026-06-03 19:00:00+00:00,-0.07823865812894867,1,CoinDesk
2026-06-03 20:00:00+00:00,0.5413842355207115,4,CoinDesk
2026-06-03 21:00:00+00:00,-0.4488983898540963,2,Decrypt
2026-06-03 22:00:00+00:00,-0.3875429900776852,5,Reuters
2026-06-03 23:00:00+00:00,0.18458109650860008,3,Bloomberg Crypto
2026-06-04 00:00:00+00:00,0.14680466912592569,4,Bloomberg Crypto
2026-06-04 01:00:00+00:00,-0.11173563967758202,2,Bloomberg Crypto
2026-06-04 02:00:00+00:00,0.4235658177375604,1,Bloomberg Crypto
2026-06-04 03:00:00+00:00,0.3271608622777404,3,Decrypt
2026-06-04 04:00:00+00:00,0.4428339964470198,3,Bloomberg Crypto
2026-06-04 05:00:00+00:00,0.10052239966144227,5,CoinDesk
2026-06-04 06:00:00+00:00,0.35565541632078435,5,CoinDesk
2026-06-04 07:00:00+00:00,-0.010095793927891256,1,CoinTelegraph
2026-06-04 08:00:00+00:00,0.8658451414590252,2,Decrypt
2026-06-04 09:00:00+00:00,-0.1362583544947026,6,CoinTelegraph
2026-06-04 10:00:00+00:00,0.8861080869825628,1,Bloomberg Crypto
2026-06-04 11:00:00+00:00,0.16258332551502533,3,Decrypt
2026-06-04 12:00:00+00:00,-0.32994049493260486,3,Decrypt
2026-06-04 13:00:00+00:00,0.6314290558266408,4,Reuters
2026-06-04 14:00:00+00:00,0.19777690957676203,4,Reuters
2026-06-04 15:00:00+00:00,0.45271215173783863,5,CoinTelegraph
2026-06-04 16:00:00+00:00,0.584272715136562,2,CoinTelegraph
2026-06-04 17:00:00+00:00,0.2753091261604229,1,CoinDesk
2026-06-04 18:00:00+00:00,-0.049160983091774246,1,CoinDesk
2026-06-04 19:00:00+00:00,0.5007186966328169,3,CoinDesk
2026-06-04 20:00:00+00:00,0.16057619509340168,4,Decrypt
2026-06-04 21:00:00+00:00,0.40145178797443626,5,Bloomberg Crypto
2026-06-04 22:00:00+00:00,-0.591317354630218,6,CoinTelegraph
2026-06-04 23:00:00+00:00,0.3200157325156427,5,CoinDesk
2026-06-05 00:00:00+00:00,-0.058852151315345325,2,Decrypt
2026-06-05 01:00:00+00:00,0.7443889669627712,4,Reuters
2026-06-05 02:00:00+00:00,0.38488580275829554,3,Bloomberg Crypto
2026-06-05 03:00:00+00:00,0.25182698977030593,3,Reuters
2026-06-05 04:00:00+00:00,0.3391537149550524,4,Reuters
2026-06-05 05:00:00+00:00,-0.1794437716195166,1,Bloomberg Crypto
2026-06-05 06:00:00+00:00,0.7392125294923546,1,Decrypt
2026-06-05 07:00:00+00:00,0.869111326817213,6,Reuters
2026-06-05 08:00:00+00:00,0.31070721365739307,1,Decrypt
2026-06-05 09:00:00+00:00,0.7308813310369131,2,Reuters
2026-06-05 10:00:00+00:00,-0.02391241744687675,2,CoinDesk
2026-06-05 11:00:00+00:00,-0.10265417249100153,2,Bloomberg Crypto
2026-06-05 12:00:00+00:00,0.19170209551419556,4,CoinTelegraph
2026-06-05 13:00:00+00:00,0.3306473695169928,6,Bloomberg Crypto
2026-06-05 14:00:00+00:00,0.04155893588668219,5,Reuters
2026-06-05 15:00:00+00:00,0.3687060855964457,2,Reuters
2026-06-05 16:00:00+00:00,0.2887531396203486,3,CoinDesk
2026-06-05 17:00:00+00:00,-0.16686431031733223,4,CoinDesk
2026-06-05 18:00:00+00:00,0.36514347648871903,2,Bloomberg Crypto
2026-06-05 19:00:00+00:00,0.4868202648715302,4,CoinTelegraph
2026-06-05 20:00:00+00:00,0.24561568213538754,1,Bloomberg Crypto
2026-06-05 21:00:00+00:00,0.5900408606738516,0,CoinTelegraph
2026-06-05 22:00:00+00:00,-0.23846815582836003,3,Decrypt
2026-06-05 23:00:00+00:00,0.35241149212489786,4,Reuters
2026-06-06 00:00:00+00:00,-0.219967223882667,1,Decrypt
2026-06-06 01:00:00+00:00,-0.19929878511452762,5,Bloomberg Crypto
2026-06-06 02:00:00+00:00,-0.02920096519276924,2,CoinTelegraph
2026-06-06 03:00:00+00:00,-0.13710465028001734,1,CoinTelegraph
2026-06-06 04:00:00+00:00,0.0018058974094663227,2,Decrypt
2026-06-06 05:00:00+00:00,0.11963625956157799,4,CoinDesk
2026-06-06 06:00:00+00:00,0.4885737689795981,2,CoinDesk
2026-06-06 07:00:00+00:00,0.08414124361572886,0,Decrypt
2026-06-06 08:00:00+00:00,-0.3574485219599435,1,CoinDesk
2026-06-06 09:00:00+00:00,0.5975141317459891,2,CoinTelegraph
2026-06-06 10:00:00+00:00,-0.09352492737597823,5,Bloomberg Crypto
2026-06-06 11:00:00+00:00,0.17986700977743905,3,CoinDesk
2026-06-06 12:00:00+00:00,0.3576657646995077,4,CoinTelegraph
2026-06-06 13:00:00+00:00,0.272196732090857,2,Bloomberg Crypto
2026-06-06 14:00:00+00:00,0.5862472783465227,3,CoinTelegraph
2026-06-06 15:00:00+00:00,0.3718831230305702,1,Reuters
2026-06-06 16:00:00+00:00,-0.09628252640660548,0,Bloomberg Crypto
2026-06-06 17:00:00+00:00,0.9686125910641811,0,Reuters
2026-06-06 18:00:00+00:00,0.27506872864127263,3,CoinDesk
2026-06-06 19:00:00+00:00,0.1564152887485657,1,CoinDesk
2026-06-06 20:00:00+00:00,0.5462867657485112,4,CoinTelegraph
2026-06-06 21:00:00+00:00,0.29714532919101855,1,Decrypt
2026-06-06 22:00:00+00:00,0.3504881097795109,4,CoinTelegraph
2026-06-06 23:00:00+00:00,1.0,2,Reuters
2026-06-07 00:00:00+00:00,0.11629550359007125,1,Bloomberg Crypto
2026-06-07 01:00:00+00:00,0.10228067377844295,1,Decrypt
2026-06-07 02:00:00+00:00,0.25520449501724984,3,CoinTelegraph
2026-06-07 03:00:00+00:00,0.5903336515561515,1,Reuters
2026-06-07 04:00:00+00:00,-0.31108676570048177,4,Reuters
2026-06-07 05:00:00+00:00,-0.4708513505280033,3,CoinDesk
2026-06-07 06:00:00+00:00,0.012491912713517184,5,CoinTelegraph
2026-06-07 07:00:00+00:00,-0.3530057694448049,1,CoinTelegraph
2026-06-07 08:00:00+00:00,0.07105724985009967,5,Reuters
2026-06-07 09:00:00+00:00,0.3965000005344469,3,CoinTelegraph
2026-06-07 10:00:00+00:00,-0.0902641960423605,5,CoinDesk
2026-06-07 11:00:00+00:00,-0.2770226986188919,2,Decrypt
2026-06-07 12:00:00+00:00,0.24749918856177935,6,Reuters
2026-06-07 13:00:00+00:00,0.5259818459242757,2,CoinDesk
2026-06-07 14:00:00+00:00,-0.36829278311944413,3,CoinDesk
2026-06-07 15:00:00+00:00,0.5128813876666968,2,Bloomberg Crypto
2026-06-07 16:00:00+00:00,0.5127051655302175,5,Decrypt
2026-06-07 17:00:00+00:00,0.561421528298388,2,CoinDesk
2026-06-07 18:00:00+00:00,0.6547993528033222,3,Bloomberg Crypto
2026-06-07 19:00:00+00:00,0.9998714574680281,4,Bloomberg Crypto
2026-06-07 20:00:00+00:00,0.10536542877337761,5,CoinTelegraph
2026-06-07 21:00:00+00:00,0.269174501092431,1,CoinDesk
2026-06-07 22:00:00+00:00,0.08589352371293985,4,Reuters
2026-06-07 23:00:00+00:00,0.2331571080746456,3,CoinTelegraph
2026-06-08 00:00:00+00:00,0.769784818564797,7,Decrypt
2026-06-08 01:00:00+00:00,-0.2366663140545021,3,Reuters
2026-06-08 02:00:00+00:00,-0.06647335415483319,4,Reuters
2026-06-08 03:00:00+00:00,0.7177082843002103,3,Bloomberg Crypto
2026-06-08 04:00:00+00:00,0.5935042941648887,6,CoinDesk
2026-06-08 05:00:00+00:00,0.1101876206410557,3,Bloomberg Crypto
2026-06-08 06:00:00+00:00,0.5371121830778954,1,Bloomberg Crypto
2026-06-08 07:00:00+00:00,0.3582804040069958,2,CoinDesk
2026-06-08 08:00:00+00:00,0.7647299250162548,3,CoinDesk
2026-06-08 09:00:00+00:00,0.2664866842917731,1,CoinDesk
2026-06-08 10:00:00+00:00,0.6001496284052494,4,Bloomberg Crypto
2026-06-08 11:00:00+00:00,1.0,2,CoinDesk
2026-06-08 12:00:00+00:00,0.4520398025790969,2,CoinDesk
2026-06-08 13:00:00+00:00,0.2607265757304032,4,Reuters
2026-06-08 14:00:00+00:00,0.4970702728798079,2,Bloomberg Crypto
2026-06-08 15:00:00+00:00,0.11711311506241437,2,CoinDesk
2026-06-08 16:00:00+00:00,1.0,3,Bloomberg Crypto
2026-06-08 17:00:00+00:00,0.30946782918431737,1,Decrypt
2026-06-08 18:00:00+00:00,0.15165023964833646,0,CoinTelegraph
2026-06-08 19:00:00+00:00,-0.04458489213983996,7,Reuters
2026-06-08 20:00:00+00:00,0.6326580932146039,4,Reuters
2026-06-08 21:00:00+00:00,0.5528667823994504,5,Bloomberg Crypto
2026-06-08 22:00:00+00:00,0.07599270155663793,3,CoinDesk
2026-06-08 23:00:00+00:00,0.4525356146184387,3,Bloomberg Crypto
2026-06-09 00:00:00+00:00,-0.27651067730916756,0,CoinTelegraph
2026-06-09 01:00:00+00:00,0.31692522296594755,1,Reuters
2026-06-09 02:00:00+00:00,0.41134718443327745,1,Reuters
2026-06-09 03:00:00+00:00,0.8511401505516465,6,CoinTelegraph
2026-06-09 04:00:00+00:00,-0.015524304087192131,4,Bloomberg Crypto
2026-06-09 05:00:00+00:00,-0.19247829262255578,2,Reuters
2026-06-09 06:00:00+00:00,-0.05777652999337235,3,CoinDesk
2026-06-09 07:00:00+00:00,-0.21150232418527432,4,Bloomberg Crypto
2026-06-09 08:00:00+00:00,0.7247953739859448,4,CoinDesk
2026-06-09 09:00:00+00:00,0.7996529407411535,1,Decrypt
2026-06-09 10:00:00+00:00,0.37036410704878775,3,CoinTelegraph
2026-06-09 11:00:00+00:00,0.6863958694047747,3,Reuters
2026-06-09 12:00:00+00:00,0.30647760951204384,6,CoinTelegraph
2026-06-09 13:00:00+00:00,0.22694782972361072,1,CoinTelegraph
2026-06-09 14:00:00+00:00,0.1443136501351666,2,CoinDesk
2026-06-09 15:00:00+00:00,0.15287504863064805,3,Reuters
2026-06-09 16:00:00+00:00,-0.27958841362483716,2,Decrypt
2026-06-09 17:00:00+00:00,0.3552566788058412,5,CoinTelegraph
2026-06-09 18:00:00+00:00,0.24927115683535087,3,CoinDesk
2026-06-09 19:00:00+00:00,0.5248799146193166,1,CoinDesk
2026-06-09 20:00:00+00:00,0.297347631240269,3,Reuters
2026-06-09 21:00:00+00:00,0.2082739574338266,2,Bloomberg Crypto
2026-06-09 22:00:00+00:00,-0.03909637404242966,3,Bloomberg Crypto
2026-06-09 23:00:00+00:00,0.2916708296764642,2,Decrypt
2026-06-10 00:00:00+00:00,0.5253913037160591,4,CoinDesk
2026-06-10 01:00:00+00:00,-0.13257424294148712,2,Bloomberg Crypto
2026-06-10 02:00:00+00:00,0.2987913927440355,2,CoinTelegraph
2026-06-10 03:00:00+00:00,0.3503168202557918,5,Decrypt
2026-06-10 04:00:00+00:00,0.018000343793877494,3,CoinTelegraph
2026-06-10 05:00:00+00:00,0.06413955417787243,1,Bloomberg Crypto
2026-06-10 06:00:00+00:00,0.3511643023077399,4,CoinDesk
2026-06-10 07:00:00+00:00,-0.125690615705013,3,Bloomberg Crypto
2026-06-10 08:00:00+00:00,0.3940312573047064,3,Decrypt
2026-06-10 09:00:00+00:00,-0.04126988693992978,1,Decrypt
2026-06-10 10:00:00+00:00,0.6446440837634762,3,CoinTelegraph
2026-06-10 11:00:00+00:00,1.0,5,CoinTelegraph
2026-06-10 12:00:00+00:00,-0.02755245320441896,2,Decrypt
2026-06-10 13:00:00+00:00,0.46121114828673604,0,CoinTelegraph
2026-06-10 14:00:00+00:00,0.020399619771478916,3,Reuters
2026-06-10 15:00:00+00:00,0.6396090486470439,4,Decrypt
2026-06-10 16:00:00+00:00,-0.16705465226424243,3,CoinTelegraph
2026-06-10 17:00:00+00:00,0.4444967517646895,3,Bloomberg Crypto
2026-06-10 18:00:00+00:00,-0.028754273759127313,5,CoinDesk
2026-06-10 19:00:00+00:00,0.20484261047349844,2,Reuters
2026-06-10 20:00:00+00:00,-0.08308141314340284,2,Reuters
2026-06-10 21:00:00+00:00,0.5660851698872724,2,CoinDesk
2026-06-10 22:00:00+00:00,-0.014200700632903351,3,CoinDesk
2026-06-10 23:00:00+00:00,0.4724046700775333,2,Bloomberg Crypto
2026-06-11 00:00:00+00:00,0.15925245406053706,4,CoinDesk
2026-06-11 01:00:00+00:00,0.2400858385172752,3,Reuters
2026-06-11 02:00:00+00:00,0.33232495238398924,1,Bloomberg Crypto
2026-06-11 03:00:00+00:00,0.014425768808032258,3,CoinDesk
2026-06-11 04:00:00+00:00,0.35514170726156924,5,Bloomberg Crypto
2026-06-11 05:00:00+00:00,0.8175739149066121,5,Bloomberg Crypto
2026-06-11 06:00:00+00:00,0.010062020212403822,3,CoinTelegraph
2026-06-11 07:00:00+00:00,0.6929618931629717,4,CoinDesk
2026-06-11 08:00:00+00:00,0.8075904243709842,5,CoinTelegraph
2026-06-11 09:00:00+00:00,-0.001975329931673042,3,Reuters
2026-06-11 10:00:00+00:00,-0.22517278585887096,3,Bloomberg Crypto
2026-06-11 11:00:00+00:00,0.3901947890637688,0,Reuters
2026-06-11 12:00:00+00:00,0.09332271986902382,4,Bloomberg Crypto
2026-06-11 13:00:00+00:00,0.9393280815955969,3,CoinDesk
2026-06-11 14:00:00+00:00,0.2978959118940602,3,Decrypt
2026-06-11 15:00:00+00:00,0.005334506176820741,1,CoinDesk
2026-06-11 16:00:00+00:00,-0.11501580239752263,1,Bloomberg Crypto
2026-06-11 17:00:00+00:00,0.6683371836593621,3,Decrypt
2026-06-11 18:00:00+00:00,0.08733116557704607,3,Decrypt
2026-06-11 19:00:00+00:00,0.3029554249073385,1,CoinDesk
2026-06-11 20:00:00+00:00,0.6225107676872914,5,Reuters
2026-06-11 21:00:00+00:00,0.11884851198589949,3,CoinDesk
2026-06-11 22:00:00+00:00,0.27261763317718823,2,Bloomberg Crypto
2026-06-11 23:00:00+00:00,0.28324222113136227,2,Reuters
2026-06-12 00:00:00+00:00,0.5285478317380049,6,Bloomberg Crypto
2026-06-12 01:00:00+00:00,0.4964824987250703,3,Reuters
2026-06-12 02:00:00+00:00,0.21301453814239313,1,CoinTelegraph
2026-06-12 03:00:00+00:00,0.31265850643100035,3,Reuters
2026-06-12 04:00:00+00:00,0.1605802936841006,0,CoinTelegraph
2026-06-12 05:00:00+00:00,-0.22614516586635375,3,Bloomberg Crypto
2026-06-12 06:00:00+00:00,0.3814903156542302,3,CoinDesk
2026-06-12 07:00:00+00:00,0.9539025752802921,3,Bloomberg Crypto
2026-06-12 08:00:00+00:00,-0.017366198071893435,1,CoinDesk
2026-06-12 09:00:00+00:00,0.021669738190779886,5,CoinTelegraph
2026-06-12 10:00:00+00:00,-0.012235360398151207,10,CoinDesk
2026-06-12 11:00:00+00:00,0.5464102877428032,0,Bloomberg Crypto
2026-06-12 12:00:00+00:00,0.4500514568019084,3,Bloomberg Crypto
2026-06-12 13:00:00+00:00,0.2378663101059369,5,Bloomberg Crypto
2026-06-12 14:00:00+00:00,-0.027684647583563426,4,Reuters
2026-06-12 15:00:00+00:00,0.32621598456762035,5,Bloomberg Crypto
2026-06-12 16:00:00+00:00,-0.2534769964590419,5,Reuters
2026-06-12 17:00:00+00:00,0.3445912394816053,0,Decrypt
2026-06-12 18:00:00+00:00,0.5996712168911769,3,CoinTelegraph
2026-06-12 19:00:00+00:00,-0.14304173222779276,2,Decrypt
2026-06-12 20:00:00+00:00,-0.24126860875829942,4,Decrypt
2026-06-12 21:00:00+00:00,0.8481454071188284,1,Reuters
2026-06-12 22:00:00+00:00,0.08145015820021342,1,Reuters
2026-06-12 23:00:00+00:00,0.6933661910694866,0,CoinTelegraph
2026-06-13 00:00:00+00:00,0.24209819704825586,4,CoinTelegraph
2026-06-13 01:00:00+00:00,0.2395206467887312,4,CoinTelegraph
2026-06-13 02:00:00+00:00,0.449851244522935,2,Bloomberg Crypto
2026-06-13 03:00:00+00:00,-0.012796322791552295,1,Bloomberg Crypto
2026-06-13 04:00:00+00:00,0.3431682614145857,1,CoinTelegraph
2026-06-13 05:00:00+00:00,0.16345845333777334,2,Reuters
2026-06-13 06:00:00+00:00,-0.16501296955209427,3,Decrypt
2026-06-13 07:00:00+00:00,0.415452945352276,0,CoinTelegraph
2026-06-13 08:00:00+00:00,0.20534546356251615,5,CoinTelegraph
2026-06-13 09:00:00+00:00,0.24270797286973184,3,Decrypt
2026-06-13 10:00:00+00:00,-0.1257317134576333,3,CoinDesk
2026-06-13 11:00:00+00:00,0.8549671834972057,1,CoinTelegraph
2026-06-13 12:00:00+00:00,0.604973939365994,1,CoinTelegraph
2026-06-13 13:00:00+00:00,0.6357199315283779,0,Bloomberg Crypto
2026-06-13 14:00:00+00:00,0.19149560011886751,4,Decrypt
2026-06-13 15:00:00+00:00,-0.30668241799598783,3,CoinTelegraph
2026-06-13 16:00:00+00:00,0.9821774955956712,2,CoinTelegraph
2026-06-13 17:00:00+00:00,0.2773915710420999,2,CoinDesk
2026-06-13 18:00:00+00:00,0.03680952387336345,4,Decrypt
2026-06-13 19:00:00+00:00,0.44487822159534074,4,CoinTelegraph
2026-06-13 20:00:00+00:00,0.7075926267786585,0,CoinDesk
2026-06-13 21:00:00+00:00,0.29112979730253347,0,CoinTelegraph
2026-06-13 22:00:00+00:00,0.7467904003707566,6,Reuters
2026-06-13 23:00:00+00:00,0.6784251267405215,6,CoinDesk
2026-06-14 00:00:00+00:00,-0.07727775524916286,3,Reuters
2026-06-14 01:00:00+00:00,0.0637040893658525,0,CoinTelegraph
2026-06-14 02:00:00+00:00,0.6347380520344613,5,CoinDesk
2026-06-14 03:00:00+00:00,-0.6497504826581432,5,Decrypt
2026-06-14 04:00:00+00:00,0.24741274192292287,3,Bloomberg Crypto
2026-06-14 05:00:00+00:00,-0.20101591719673007,6,CoinTelegraph
2026-06-14 06:00:00+00:00,0.13302838972017778,2,CoinDesk
2026-06-14 07:00:00+00:00,0.19527685304598574,4,Reuters
2026-06-14 08:00:00+00:00,0.17451446228552553,3,CoinDesk
2026-06-14 09:00:00+00:00,0.10663911235455423,0,Decrypt
2026-06-14 10:00:00+00:00,-0.0840447256073501,4,CoinDesk
2026-06-14 11:00:00+00:00,1.0,4,Reuters
2026-06-14 12:00:00+00:00,0.9536005891913524,1,CoinTelegraph
2026-06-14 13:00:00+00:00,-0.106725815168842,2,Reuters
2026-06-14 14:00:00+00:00,0.8537408629562484,5,Reuters
2026-06-14 15:00:00+00:00,0.16018430025535854,6,Reuters
2026-06-14 16:00:00+00:00,0.3452045034009783,3,Bloomberg Crypto
2026-06-14 17:00:00+00:00,0.27782911163250085,4,CoinTelegraph
2026-06-14 18:00:00+00:00,0.06904352732384683,3,Bloomberg Crypto
2026-06-14 19:00:00+00:00,0.6442788708561186,2,CoinDesk
2026-06-14 20:00:00+00:00,0.3439602802549836,2,CoinTelegraph
2026-06-14 21:00:00+00:00,0.1330708860794727,3,CoinTelegraph
2026-06-14 22:00:00+00:00,-0.15678408510825392,0,CoinDesk
2026-06-14 23:00:00+00:00,-0.012983251429787068,2,CoinDesk
2026-06-15 00:00:00+00:00,-0.2747608059300648,4,Reuters
2026-06-15 01:00:00+00:00,0.30394215662081936,1,CoinTelegraph
2026-06-15 02:00:00+00:00,-0.11923291241299566,4,Decrypt
2026-06-15 03:00:00+00:00,0.2065844469651799,4,Reuters
2026-06-15 04:00:00+00:00,0.7789913091051874,3,CoinTelegraph
2026-06-15 05:00:00+00:00,0.7191299987821727,5,CoinDesk
2026-06-15 06:00:00+00:00,0.2879921786560595,5,CoinDesk
2026-06-15 07:00:00+00:00,0.26871783778234426,3,Decrypt
2026-06-15 08:00:00+00:00,0.9570564432748574,2,CoinTelegraph
2026-06-15 09:00:00+00:00,0.4812623126518,4,Bloomberg Crypto
2026-06-15 10:00:00+00:00,0.18415719152359933,1,Reuters
2026-06-15 11:00:00+00:00,-0.20033064214800445,4,CoinTelegraph
2026-06-15 12:00:00+00:00,0.4365120380820028,3,Bloomberg Crypto
2026-06-15 13:00:00+00:00,0.5887949137342112,3,CoinDesk
2026-06-15 14:00:00+00:00,0.077323212393681,3,CoinDesk
2026-06-15 15:00:00+00:00,0.400186336366497,4,Bloomberg Crypto
2026-06-15 16:00:00+00:00,0.17087332091059326,4,Bloomberg Crypto
2026-06-15 17:00:00+00:00,0.23356571506057344,4,Decrypt
2026-06-15 18:00:00+00:00,-0.5729131034094939,0,CoinTelegraph
2026-06-15 19:00:00+00:00,0.22004317152473235,2,CoinDesk
2026-06-15 20:00:00+00:00,0.636782451812606,4,Reuters
2026-06-15 21:00:00+00:00,0.07634332474974118,5,CoinDesk
2026-06-15 22:00:00+00:00,0.31554396451502764,8,CoinTelegraph
2026-06-15 23:00:00+00:00,0.03239700118403388,4,Bloomberg Crypto
2026-06-16 00:00:00+00:00,0.42294884789358045,2,Decrypt
2026-06-16 01:00:00+00:00,0.22082015793204143,3,CoinDesk
2026-06-16 02:00:00+00:00,-0.03232773953959295,4,Decrypt
2026-06-16 03:00:00+00:00,0.7625978464009908,1,Bloomberg Crypto
2026-06-16 04:00:00+00:00,0.6211235846037726,2,CoinTelegraph
2026-06-16 05:00:00+00:00,0.08406707761428803,5,CoinDesk
2026-06-16 06:00:00+00:00,0.46979194032304034,4,CoinTelegraph
2026-06-16 07:00:00+00:00,0.4834363460127611,5,Reuters
2026-06-16 08:00:00+00:00,0.5199182203859947,3,CoinTelegraph
2026-06-16 09:00:00+00:00,-0.29811159800428233,3,Bloomberg Crypto
2026-06-16 10:00:00+00:00,0.64694997112182,3,Bloomberg Crypto
2026-06-16 11:00:00+00:00,0.09499730405747706,5,Reuters
2026-06-16 12:00:00+00:00,0.16890097140404642,5,CoinTelegraph
2026-06-16 13:00:00+00:00,1.0,6,Bloomberg Crypto
2026-06-16 14:00:00+00:00,0.39927770724242884,4,Bloomberg Crypto
2026-06-16 15:00:00+00:00,0.15814163604518572,3,Bloomberg Crypto
2026-06-16 16:00:00+00:00,-0.47877148263141234,6,Bloomberg Crypto
2026-06-16 17:00:00+00:00,0.7792206120709351,1,Decrypt
2026-06-16 18:00:00+00:00,-0.17830402510585225,3,CoinDesk
2026-06-16 19:00:00+00:00,-0.05897347967309996,1,Decrypt
2026-06-16 20:00:00+00:00,0.17596219648923148,2,Bloomberg Crypto
2026-06-16 21:00:00+00:00,0.7873795860838211,3,CoinTelegraph
2026-06-16 22:00:00+00:00,0.5619640108979009,1,Decrypt
2026-06-16 23:00:00+00:00,0.2357760481113613,5,Reuters
2026-06-17 00:00:00+00:00,0.39860516999090934,2,CoinDesk
2026-06-17 01:00:00+00:00,0.08024634240233228,3,CoinTelegraph
2026-06-17 02:00:00+00:00,0.3389331354294563,1,Decrypt
2026-06-17 03:00:00+00:00,0.31538984196880454,3,CoinDesk
2026-06-17 04:00:00+00:00,0.6284537161958468,2,Decrypt
2026-06-17 05:00:00+00:00,0.6275535074228771,2,Reuters
2026-06-17 06:00:00+00:00,0.46158480700822063,4,Bloomberg Crypto
2026-06-17 07:00:00+00:00,0.16151729002055473,2,Reuters
2026-06-17 08:00:00+00:00,0.5476176099344678,5,Bloomberg Crypto
2026-06-17 09:00:00+00:00,0.2554263819251228,2,CoinDesk
2026-06-17 10:00:00+00:00,-0.09142447254308467,3,Decrypt
2026-06-17 11:00:00+00:00,0.14571972080874354,2,Decrypt
2026-06-17 12:00:00+00:00,0.3160744707810904,2,Reuters
2026-06-17 13:00:00+00:00,0.6046798232717947,2,CoinTelegraph
2026-06-17 14:00:00+00:00,0.22147841246411581,2,CoinDesk
2026-06-17 15:00:00+00:00,-0.13790259404531596,6,Bloomberg Crypto
2026-06-17 16:00:00+00:00,0.30477494199131666,2,CoinDesk
2026-06-17 17:00:00+00:00,0.3242180880234451,4,Reuters
2026-06-17 18:00:00+00:00,0.34913949603878636,2,Decrypt
2026-06-17 19:00:00+00:00,0.6056339468121935,0,Bloomberg Crypto
2026-06-17 20:00:00+00:00,0.6398793866817247,6,Bloomberg Crypto
2026-06-17 21:00:00+00:00,0.07485453768354328,2,Bloomberg Crypto
2026-06-17 22:00:00+00:00,0.06674498493672423,2,Bloomberg Crypto
2026-06-17 23:00:00+00:00,-0.08211273145184672,1,CoinDesk
2026-06-18 00:00:00+00:00,0.5260987021204261,3,CoinDesk
2026-06-18 01:00:00+00:00,0.7881514418068303,5,Reuters
2026-06-18 02:00:00+00:00,0.17033171002582165,3,Decrypt
2026-06-18 03:00:00+00:00,0.19565047099313027,1,Decrypt
2026-06-18 04:00:00+00:00,0.7930606588669957,0,CoinDesk
2026-06-18 05:00:00+00:00,0.45616242793664663,1,Reuters
2026-06-18 06:00:00+00:00,0.431424920101322,3,CoinTelegraph
2026-06-18 07:00:00+00:00,-0.13855827201704501,3,Bloomberg Crypto
2026-06-18 08:00:00+00:00,0.5153322574059518,3,Decrypt
2026-06-18 09:00:00+00:00,-0.04791050252048723,1,Bloomberg Crypto
2026-06-18 10:00:00+00:00,-0.12011520042508894,4,Decrypt
2026-06-18 11:00:00+00:00,0.15492133444664152,1,CoinTelegraph
2026-06-18 12:00:00+00:00,0.07075833770854192,2,Decrypt
2026-06-18 13:00:00+00:00,0.1977151947830546,7,CoinTelegraph
2026-06-18 14:00:00+00:00,-0.22958428560353517,0,Decrypt
2026-06-18 15:00:00+00:00,0.609824103719286,1,CoinDesk
2026-06-18 16:00:00+00:00,0.6684026304719688,1,Bloomberg Crypto
2026-06-18 17:00:00+00:00,-0.4083884769210197,3,Reuters
2026-06-18 18:00:00+00:00,0.6151055231851437,3,Reuters
2026-06-18 19:00:00+00:00,-0.011580876596778256,2,Decrypt
2026-06-18 20:00:00+00:00,0.5714993949113949,4,Reuters
2026-06-18 21:00:00+00:00,0.24705046826416024,3,Bloomberg Crypto
2026-06-18 22:00:00+00:00,0.280521952667915,1,CoinDesk
2026-06-18 23:00:00+00:00,0.2051050835982467,2,CoinDesk
2026-06-19 00:00:00+00:00,0.6935682395419904,3,CoinTelegraph
2026-06-19 01:00:00+00:00,-0.1651040171632867,3,Reuters
2026-06-19 02:00:00+00:00,0.48091969751303054,4,Bloomberg Crypto
2026-06-19 03:00:00+00:00,0.6530599616492074,5,Reuters
2026-06-19 04:00:00+00:00,0.5177273011195469,3,Bloomberg Crypto
2026-06-19 05:00:00+00:00,1.0,4,CoinTelegraph
2026-06-19 06:00:00+00:00,0.08068981950659729,2,Reuters
2026-06-19 07:00:00+00:00,0.6002769408907453,5,CoinDesk
2026-06-19 08:00:00+00:00,0.2274826851172593,1,CoinTelegraph
2026-06-19 09:00:00+00:00,0.6956957879154952,4,Reuters
2026-06-19 10:00:00+00:00,0.2606968769077877,2,CoinDesk
2026-06-19 11:00:00+00:00,0.12701098789140905,4,CoinDesk
2026-06-19 12:00:00+00:00,0.7192674024383947,2,Bloomberg Crypto
2026-06-19 13:00:00+00:00,0.0894652169561713,4,CoinDesk
2026-06-19 14:00:00+00:00,-0.2335771988112112,2,Decrypt
2026-06-19 15:00:00+00:00,0.07934049730803966,2,Reuters
2026-06-19 16:00:00+00:00,0.4762537076149487,5,Reuters
2026-06-19 17:00:00+00:00,0.7461562014704557,1,Bloomberg Crypto
2026-06-19 18:00:00+00:00,0.2971835861204778,3,CoinDesk
2026-06-19 19:00:00+00:00,0.7189981610146504,5,Bloomberg Crypto
2026-06-19 20:00:00+00:00,-0.21839592374685607,2,Decrypt
2026-06-19 21:00:00+00:00,0.1011544382386825,4,Bloomberg Crypto
2026-06-19 22:00:00+00:00,0.15462196532645772,2,Reuters
2026-06-19 23:00:00+00:00,0.21484932784287672,2,Bloomberg Crypto
2026-06-20 00:00:00+00:00,0.28369531275541876,1,Reuters
2026-06-20 01:00:00+00:00,0.49539355229318693,6,CoinTelegraph
2026-06-20 02:00:00+00:00,0.09720006784676369,2,Decrypt
2026-06-20 03:00:00+00:00,0.3008455621239377,3,Decrypt
2026-06-20 04:00:00+00:00,0.2356908999519144,4,Reuters
2026-06-20 05:00:00+00:00,-0.07328382253631066,3,CoinTelegraph
2026-06-20 06:00:00+00:00,0.21028339037306912,3,CoinDesk
2026-06-20 07:00:00+00:00,0.19907035244575144,3,Bloomberg Crypto
2026-06-20 08:00:00+00:00,0.19085282840128528,4,CoinDesk
2026-06-20 09:00:00+00:00,0.2590220694206808,4,CoinTelegraph
2026-06-20 10:00:00+00:00,0.2736626409419521,3,Decrypt
2026-06-20 11:00:00+00:00,0.09513965330315921,6,CoinDesk
2026-06-20 12:00:00+00:00,0.691154622890367,3,CoinTelegraph
2026-06-20 13:00:00+00:00,-0.1643568047872807,2,Decrypt
2026-06-20 14:00:00+00:00,-0.008125709911997597,2,CoinDesk
2026-06-20 15:00:00+00:00,1.0,2,Decrypt
2026-06-20 16:00:00+00:00,-0.1205918759337457,5,Reuters
2026-06-20 17:00:00+00:00,-0.23187015225213176,5,Decrypt
2026-06-20 18:00:00+00:00,0.49824524930027286,1,Decrypt
2026-06-20 19:00:00+00:00,-0.4865836223684521,1,CoinTelegraph
2026-06-20 20:00:00+00:00,0.15728794337555646,1,CoinTelegraph
2026-06-20 21:00:00+00:00,0.989893582911556,5,Bloomberg Crypto
2026-06-20 22:00:00+00:00,-0.30265609006804556,3,CoinTelegraph
2026-06-20 23:00:00+00:00,-0.4564038729815163,4,Reuters
2026-06-21 00:00:00+00:00,-0.288221903936036,1,Reuters
2026-06-21 01:00:00+00:00,0.5501208054450598,3,Decrypt
2026-06-21 02:00:00+00:00,0.6285658830981536,4,CoinTelegraph
2026-06-21 03:00:00+00:00,0.0546826763787549,0,Bloomberg Crypto
2026-06-21 04:00:00+00:00,0.47240348549246297,4,CoinTelegraph
2026-06-21 05:00:00+00:00,0.7190545770393092,3,Bloomberg Crypto
2026-06-21 06:00:00+00:00,0.8572182204001886,4,Decrypt
2026-06-21 07:00:00+00:00,0.1446070996522349,3,Reuters
2026-06-21 08:00:00+00:00,-0.5755174553944473,1,CoinTelegraph
2026-06-21 09:00:00+00:00,-0.05814103900622672,2,CoinTelegraph
2026-06-21 10:00:00+00:00,0.07894980937089285,3,Reuters
2026-06-21 11:00:00+00:00,0.1368631637411326,1,Reuters
2026-06-21 12:00:00+00:00,0.16089720386875267,2,CoinDesk
2026-06-21 13:00:00+00:00,0.617413157535337,4,CoinDesk
2026-06-21 14:00:00+00:00,0.6709978697020248,5,CoinDesk
2026-06-21 15:00:00+00:00,0.16400584743529306,3,Reuters
2026-06-21 16:00:00+00:00,0.6077008885795452,1,CoinDesk
2026-06-21 17:00:00+00:00,0.34754808157546035,5,CoinTelegraph
2026-06-21 18:00:00+00:00,0.24407499670283225,4,Reuters
2026-06-21 19:00:00+00:00,0.5379155618776837,5,CoinTelegraph
2026-06-21 20:00:00+00:00,0.24503643836734482,3,Reuters
2026-06-21 21:00:00+00:00,0.9391011782101635,4,Decrypt
2026-06-21 22:00:00+00:00,-0.28546165094752574,3,CoinTelegraph
2026-06-21 23:00:00+00:00,0.03678339680656842,2,Reuters
2026-06-22 00:00:00+00:00,0.17191853093227646,1,Bloomberg Crypto
2026-06-22 01:00:00+00:00,0.3691115157630859,2,Reuters
2026-06-22 02:00:00+00:00,0.6581881862989698,2,Decrypt
2026-06-22 03:00:00+00:00,0.20495748815187786,2,Reuters
2026-06-22 04:00:00+00:00,-0.28519237384783375,5,Decrypt
2026-06-22 05:00:00+00:00,0.5065549467914054,4,CoinDesk
2026-06-22 06:00:00+00:00,0.4749938104004352,3,CoinTelegraph
2026-06-22 07:00:00+00:00,-0.46981303266729746,3,Decrypt
2026-06-22 08:00:00+00:00,0.20758142089428214,2,Bloomberg Crypto
2026-06-22 09:00:00+00:00,-0.3485652726720101,2,CoinTelegraph
2026-06-22 10:00:00+00:00,-0.025575867652829598,3,Reuters
2026-06-22 11:00:00+00:00,-0.10986729426987926,0,Reuters
2026-06-22 12:00:00+00:00,0.48841847087207846,2,Decrypt
2026-06-22 13:00:00+00:00,0.24512258380337018,3,Bloomberg Crypto
2026-06-22 14:00:00+00:00,-0.24667241355060215,4,Decrypt
2026-06-22 15:00:00+00:00,0.5103561726849541,4,Bloomberg Crypto
2026-06-22 16:00:00+00:00,-0.3004540511046851,1,Decrypt
2026-06-22 17:00:00+00:00,0.3159589859288906,1,CoinDesk
2026-06-22 18:00:00+00:00,-0.08544711486275763,3,CoinDesk
2026-06-22 19:00:00+00:00,0.07050340658700235,2,CoinDesk
2026-06-22 20:00:00+00:00,0.3740152372228497,3,Decrypt
2026-06-22 21:00:00+00:00,0.3790541968335611,7,CoinTelegraph
2026-06-22 22:00:00+00:00,0.6635088745082001,3,Reuters
2026-06-22 23:00:00+00:00,0.16580007342548675,0,CoinTelegraph
2026-06-23 00:00:00+00:00,0.300862236006035,2,Reuters
2026-06-23 01:00:00+00:00,0.03940835112945604,6,Bloomberg Crypto
2026-06-23 02:00:00+00:00,0.2553212855334377,4,CoinDesk
2026-06-23 03:00:00+00:00,0.34444980707003253,1,CoinDesk
2026-06-23 04:00:00+00:00,0.15522257674717385,1,Reuters
2026-06-23 05:00:00+00:00,-0.4426838250536226,1,CoinDesk
2026-06-23 06:00:00+00:00,0.3036379856113878,2,CoinTelegraph
2026-06-23 07:00:00+00:00,0.31421054160667056,5,Decrypt
2026-06-23 08:00:00+00:00,-0.052459295743030765,2,CoinDesk
2026-06-23 09:00:00+00:00,-0.2649500826363808,2,CoinDesk
2026-06-23 10:00:00+00:00,0.7001236230570058,4,Bloomberg Crypto
2026-06-23 11:00:00+00:00,0.354548989847579,3,Decrypt
2026-06-23 12:00:00+00:00,0.10133846007205662,1,Reuters
2026-06-23 13:00:00+00:00,-0.21747429013414285,2,Decrypt
2026-06-23 14:00:00+00:00,-0.10818091562569535,5,Decrypt
2026-06-23 15:00:00+00:00,0.6343246449634106,5,Reuters
2026-06-23 16:00:00+00:00,0.22556011276289006,5,Decrypt
2026-06-23 17:00:00+00:00,-0.01636989776250511,2,Bloomberg Crypto
2026-06-23 18:00:00+00:00,0.35368068301714106,2,CoinTelegraph
2026-06-23 19:00:00+00:00,-0.11079928357007227,5,Decrypt
2026-06-23 20:00:00+00:00,0.6984825455636511,4,CoinTelegraph
2026-06-23 21:00:00+00:00,0.6456118675851517,5,Bloomberg Crypto
2026-06-23 22:00:00+00:00,0.007771762886565392,3,Bloomberg Crypto
2026-06-23 23:00:00+00:00,-0.05002405957346495,2,Decrypt
2026-06-24 00:00:00+00:00,-0.7474014022598215,1,CoinDesk
2026-06-24 01:00:00+00:00,-0.3506764913199253,2,Decrypt
2026-06-24 02:00:00+00:00,-0.302009190238101,5,CoinTelegraph
2026-06-24 03:00:00+00:00,0.213047213295872,2,Bloomberg Crypto
2026-06-24 04:00:00+00:00,0.05047109093094078,1,CoinTelegraph
2026-06-24 05:00:00+00:00,-0.3072952890331385,4,CoinTelegraph
2026-06-24 06:00:00+00:00,0.06408093133419984,6,Reuters
2026-06-24 07:00:00+00:00,0.3382695531380622,6,Bloomberg Crypto
2026-06-24 08:00:00+00:00,0.34505553995475013,4,Bloomberg Crypto
2026-06-24 09:00:00+00:00,-0.5056655838520276,4,CoinTelegraph
2026-06-24 10:00:00+00:00,0.11323109442337148,3,Bloomberg Crypto
2026-06-24 11:00:00+00:00,-0.32714458973039806,2,Decrypt
2026-06-24 12:00:00+00:00,0.47152818764575166,1,Reuters
2026-06-24 13:00:00+00:00,0.4292699630284812,2,Decrypt
2026-06-24 14:00:00+00:00,-0.16059810557503257,2,CoinDesk
2026-06-24 15:00:00+00:00,-0.11551453768450798,2,CoinDesk
2026-06-24 16:00:00+00:00,-0.009955151257951017,5,CoinTelegraph
2026-06-24 17:00:00+00:00,-0.6381051441222348,2,CoinDesk
2026-06-24 18:00:00+00:00,0.2668428473763569,4,Decrypt
2026-06-24 19:00:00+00:00,0.05263707382894817,5,CoinDesk
2026-06-24 20:00:00+00:00,0.48656987882746894,1,CoinTelegraph
2026-06-24 21:00:00+00:00,-0.23856141415428606,2,Bloomberg Crypto
2026-06-24 22:00:00+00:00,-0.07194070935910951,5,Reuters
2026-06-24 23:00:00+00:00,-0.3836636882789529,1,CoinTelegraph
2026-06-25 00:00:00+00:00,-0.20901637560287284,6,CoinTelegraph
2026-06-25 01:00:00+00:00,-0.272345846321717,1,CoinTelegraph
2026-06-25 02:00:00+00:00,0.4887985527436569,2,Decrypt
2026-06-25 03:00:00+00:00,-0.10532656579213101,8,Bloomberg Crypto
2026-06-25 04:00:00+00:00,0.1813813114962468,6,CoinTelegraph
2026-06-25 05:00:00+00:00,0.0035048167009067155,1,Bloomberg Crypto
2026-06-25 06:00:00+00:00,-0.30869118192479283,1,CoinTelegraph
2026-06-25 07:00:00+00:00,0.07556365441204943,5,Decrypt
2026-06-25 08:00:00+00:00,0.3429996195836431,4,CoinTelegraph
2026-06-25 09:00:00+00:00,-0.29056015208502406,4,CoinDesk
2026-06-25 10:00:00+00:00,0.4141848463428023,1,Decrypt
2026-06-25 11:00:00+00:00,-0.16756964475206393,1,CoinTelegraph
2026-06-25 12:00:00+00:00,-0.04037679275174805,4,CoinTelegraph
2026-06-25 13:00:00+00:00,0.31323919504438386,4,CoinTelegraph
2026-06-25 14:00:00+00:00,-0.10587239378799321,0,CoinDesk
2026-06-25 15:00:00+00:00,0.13830928155124853,2,CoinDesk
2026-06-25 16:00:00+00:00,0.013841792259039212,0,CoinTelegraph
2026-06-25 17:00:00+00:00,0.168085589991024,3,CoinDesk
2026-06-25 18:00:00+00:00,-0.711630968425224,2,CoinTelegraph
2026-06-25 19:00:00+00:00,-0.5199422385610364,2,CoinDesk
2026-06-25 20:00:00+00:00,0.33485129640116057,2,Bloomberg Crypto
2026-06-25 21:00:00+00:00,0.48109057497410884,5,CoinTelegraph
2026-06-25 22:00:00+00:00,-0.201781211376795,6,CoinTelegraph
2026-06-25 23:00:00+00:00,0.030289098613185933,2,Reuters
2026-06-26 00:00:00+00:00,0.21765850459580388,5,Reuters
2026-06-26 01:00:00+00:00,0.3559385501417363,5,Decrypt
2026-06-26 02:00:00+00:00,-0.5975711306476551,6,Bloomberg Crypto
2026-06-26 03:00:00+00:00,-0.19919672357522905,3,Bloomberg Crypto
2026-06-26 04:00:00+00:00,-0.006686025898274717,1,Decrypt
2026-06-26 05:00:00+00:00,0.35461318825154803,3,Reuters
2026-06-26 06:00:00+00:00,0.9817601409524611,0,Decrypt
2026-06-26 07:00:00+00:00,0.026300832269511368,4,Reuters
2026-06-26 08:00:00+00:00,-0.3875478751610265,3,CoinTelegraph
2026-06-26 09:00:00+00:00,0.244477520821675,5,Decrypt
2026-06-26 10:00:00+00:00,0.5648197570896056,1,CoinDesk
2026-06-26 11:00:00+00:00,0.1390618122210596,1,Reuters
2026-06-26 12:00:00+00:00,-0.21728635712854533,3,CoinTelegraph
2026-06-26 13:00:00+00:00,0.43412042418536656,2,CoinDesk
2026-06-26 14:00:00+00:00,0.3298435918880469,2,CoinDesk
2026-06-26 15:00:00+00:00,-0.2627473969607587,1,Bloomberg Crypto
2026-06-26 16:00:00+00:00,0.22865635271375273,4,Reuters
2026-06-26 17:00:00+00:00,0.4429750609613544,2,CoinTelegraph
2026-06-26 18:00:00+00:00,0.5063666132080978,5,Reuters
2026-06-26 19:00:00+00:00,0.06821922603857773,5,CoinTelegraph
2026-06-26 20:00:00+00:00,-0.03508186387206093,2,Reuters
2026-06-26 21:00:00+00:00,0.5185596835104902,3,CoinDesk
2026-06-26 22:00:00+00:00,-0.3357760753533042,4,Bloomberg Crypto
2026-06-26 23:00:00+00:00,0.24004748168653534,4,Decrypt
2026-06-27 00:00:00+00:00,-0.39420156339324863,3,Reuters
2026-06-27 01:00:00+00:00,0.45695089785062615,4,CoinDesk
2026-06-27 02:00:00+00:00,-0.007486838534664753,4,Decrypt
2026-06-27 03:00:00+00:00,0.5255915797368468,9,Decrypt
2026-06-27 04:00:00+00:00,0.25233875627308744,5,Decrypt
2026-06-27 05:00:00+00:00,-0.34902743270327286,2,CoinDesk
2026-06-27 06:00:00+00:00,0.5764732453479764,2,CoinTelegraph
2026-06-27 07:00:00+00:00,0.6195418317845625,1,Decrypt
2026-06-27 08:00:00+00:00,0.3841572915751721,3,Bloomberg Crypto
2026-06-27 09:00:00+00:00,-0.19244909861839563,2,CoinTelegraph
2026-06-27 10:00:00+00:00,-0.034249967396311976,5,CoinDesk
2026-06-27 11:00:00+00:00,0.12250135589380207,5,Decrypt
2026-06-27 12:00:00+00:00,-0.1759512228948777,1,CoinDesk
2026-06-27 13:00:00+00:00,0.6614130014313061,4,CoinDesk
2026-06-27 14:00:00+00:00,0.11834897075659993,2,Decrypt
2026-06-27 15:00:00+00:00,-0.879595362586325,4,CoinDesk
2026-06-27 16:00:00+00:00,0.18409150358363785,2,Bloomberg Crypto
2026-06-27 17:00:00+00:00,-0.057798814254119826,6,Bloomberg Crypto
2026-06-27 18:00:00+00:00,0.03657009914745854,2,Reuters
2026-06-27 19:00:00+00:00,-0.06748542806440855,4,Decrypt
2026-06-27 20:00:00+00:00,0.34273341235153243,5,Decrypt
2026-06-27 21:00:00+00:00,0.4508925894317574,5,Decrypt
2026-06-27 22:00:00+00:00,0.15680408138177868,1,Reuters
2026-06-27 23:00:00+00:00,-0.0622909025453817,2,Bloomberg Crypto
2026-06-28 00:00:00+00:00,0.0407314838140949,0,Bloomberg Crypto
2026-06-28 01:00:00+00:00,0.06078984151983982,8,Decrypt
2026-06-28 02:00:00+00:00,-0.2281910668262634,6,CoinDesk
2026-06-28 03:00:00+00:00,0.2540129702543763,1,CoinTelegraph
2026-06-28 04:00:00+00:00,0.21113030100179953,4,CoinTelegraph
2026-06-28 05:00:00+00:00,0.587996537803391,1,Decrypt
2026-06-28 06:00:00+00:00,0.4869402386319078,2,Decrypt
2026-06-28 07:00:00+00:00,-0.1936935749572602,5,Bloomberg Crypto
2026-06-28 08:00:00+00:00,0.3321210505815342,3,Bloomberg Crypto
2026-06-28 09:00:00+00:00,-0.2890939250071021,1,CoinDesk
2026-06-28 10:00:00+00:00,0.28603832389441064,4,Bloomberg Crypto
2026-06-28 11:00:00+00:00,-0.13963133793205715,3,CoinTelegraph
2026-06-28 12:00:00+00:00,-0.31823421622119485,2,CoinTelegraph
2026-06-28 13:00:00+00:00,0.1366403231798665,3,Bloomberg Crypto
2026-06-28 14:00:00+00:00,-0.898754715687912,3,CoinTelegraph
2026-06-28 15:00:00+00:00,-0.5767790375720226,1,CoinTelegraph
2026-06-28 16:00:00+00:00,-0.02734177944234785,1,CoinTelegraph
2026-06-28 17:00:00+00:00,0.06235232045870408,4,CoinTelegraph
2026-06-28 18:00:00+00:00,-0.09704716555611653,5,Reuters
2026-06-28 19:00:00+00:00,-0.5218721953169286,6,Decrypt
2026-06-28 20:00:00+00:00,-0.25661610312861416,1,CoinDesk
2026-06-28 21:00:00+00:00,0.16528428947824866,3,Reuters
2026-06-28 22:00:00+00:00,0.23069910272924,3,CoinDesk
2026-06-28 23:00:00+00:00,0.0201113484626551,1,Reuters
2026-06-29 00:00:00+00:00,0.4293947419620732,4,Reuters
2026-06-29 01:00:00+00:00,0.16230490198077213,1,CoinDesk
2026-06-29 02:00:00+00:00,-0.23968093991595005,3,Decrypt
2026-06-29 03:00:00+00:00,-0.07753499065336937,3,Bloomberg Crypto
2026-06-29 04:00:00+00:00,-0.4716506201879537,7,Reuters
2026-06-29 05:00:00+00:00,-0.019784663427256596,5,Decrypt
2026-06-29 06:00:00+00:00,0.40601031375765056,2,Bloomberg Crypto
2026-06-29 07:00:00+00:00,0.2553374298158158,7,CoinDesk
2026-06-29 08:00:00+00:00,0.5048996805684229,5,Reuters
2026-06-29 09:00:00+00:00,-0.09310316542828798,5,Bloomberg Crypto
2026-06-29 10:00:00+00:00,0.4827516123476438,1,Decrypt
2026-06-29 11:00:00+00:00,-0.057329995769964656,5,Bloomberg Crypto
2026-06-29 12:00:00+00:00,0.5240908703535362,3,CoinDesk
2026-06-29 13:00:00+00:00,9.567046339719644e-05,4,Bloomberg Crypto
2026-06-29 14:00:00+00:00,0.25398581006236387,2,CoinTelegraph
2026-06-29 15:00:00+00:00,0.5214533343552011,1,Reuters
2026-06-29 16:00:00+00:00,-0.06382658118091823,6,Decrypt
2026-06-29 17:00:00+00:00,0.07901824470706827,2,Decrypt
2026-06-29 18:00:00+00:00,0.45239326031107957,3,Reuters
2026-06-29 19:00:00+00:00,-0.04655110737552192,3,Reuters
2026-06-29 20:00:00+00:00,-0.46360336036602845,1,CoinTelegraph
2026-06-29 21:00:00+00:00,0.7474703700381128,1,CoinTelegraph
2026-06-29 22:00:00+00:00,-0.1682906513404999,3,Decrypt
2026-06-29 23:00:00+00:00,0.05040061098139007,2,Bloomberg Crypto
2026-06-30 00:00:00+00:00,0.3981475050770291,3,Reuters
2026-06-30 01:00:00+00:00,-0.22071839837405938,2,CoinTelegraph
2026-06-30 02:00:00+00:00,-0.36178986108181715,5,CoinTelegraph
2026-06-30 03:00:00+00:00,0.07848157038436852,3,CoinTelegraph
2026-06-30 04:00:00+00:00,-0.6391934235369883,2,Bloomberg Crypto
2026-06-30 05:00:00+00:00,-0.11367379680512996,2,Decrypt
2026-06-30 06:00:00+00:00,0.07156711601366356,6,Decrypt
2026-06-30 07:00:00+00:00,-0.10996906405578276,5,CoinTelegraph
2026-06-30 08:00:00+00:00,-0.5569829271451917,4,Bloomberg Crypto
2026-06-30 09:00:00+00:00,0.5398983014616666,5,Bloomberg Crypto
2026-06-30 10:00:00+00:00,0.01688581904741769,4,Decrypt
2026-06-30 11:00:00+00:00,0.48026251317591434,5,Reuters
2026-06-30 12:00:00+00:00,-0.11294122653257818,3,CoinTelegraph
2026-06-30 13:00:00+00:00,-0.3312201373618057,2,Bloomberg Crypto
2026-06-30 14:00:00+00:00,0.06971040349018054,1,Reuters
2026-06-30 15:00:00+00:00,-0.10131493383610968,3,CoinDesk
2026-06-30 16:00:00+00:00,-0.43929199330628665,4,CoinTelegraph
2026-06-30 17:00:00+00:00,0.4860634656304643,3,CoinDesk
2026-06-30 18:00:00+00:00,-0.24744061963275957,4,Decrypt
2026-06-30 19:00:00+00:00,-0.675023743912678,3,Decrypt
2026-06-30 20:00:00+00:00,0.4326437148858186,2,Decrypt
2026-06-30 21:00:00+00:00,-0.21000200767092564,3,Bloomberg Crypto
2026-06-30 22:00:00+00:00,-0.24751874229411805,3,Bloomberg Crypto
2026-06-30 23:00:00+00:00,-0.6539480689302963,2,Reuters
2026-07-01 00:00:00+00:00,0.5719857411429112,4,CoinDesk
2026-07-01 01:00:00+00:00,-0.4899426587591638,3,Decrypt
2026-07-01 02:00:00+00:00,-0.01944709371328053,1,Decrypt
2026-07-01 03:00:00+00:00,0.2782334812551753,0,Bloomberg Crypto
2026-07-01 04:00:00+00:00,0.10513883798597129,3,Bloomberg Crypto
2026-07-01 05:00:00+00:00,-0.0646187682732283,4,Bloomberg Crypto
2026-07-01 06:00:00+00:00,-0.6405996699039905,4,CoinTelegraph
2026-07-01 07:00:00+00:00,-0.329696338717833,1,CoinDesk
2026-07-01 08:00:00+00:00,0.018162302783942826,4,CoinDesk
2026-07-01 09:00:00+00:00,-0.3243530283770025,1,CoinTelegraph
2026-07-01 10:00:00+00:00,0.021060323348934026,7,Decrypt
2026-07-01 11:00:00+00:00,0.18722224983085717,0,Reuters
2026-07-01 12:00:00+00:00,0.2842165629036078,3,Reuters
2026-07-01 13:00:00+00:00,-0.4830927509521074,6,Decrypt
2026-07-01 14:00:00+00:00,0.7136266137453311,4,Reuters
2026-07-01 15:00:00+00:00,0.21214975764097344,7,Bloomberg Crypto
2026-07-01 16:00:00+00:00,-0.05833542837542057,4,CoinDesk
2026-07-01 17:00:00+00:00,0.32233593713875186,3,Bloomberg Crypto
2026-07-01 18:00:00+00:00,0.7676255536608005,0,Reuters
2026-07-01 19:00:00+00:00,-0.565083385330489,3,Reuters
2026-07-01 20:00:00+00:00,-0.14163631866088738,1,CoinDesk
2026-07-01 21:00:00+00:00,-0.896507355587603,5,Bloomberg Crypto
2026-07-01 22:00:00+00:00,0.002111067307849601,2,CoinDesk
2026-07-01 23:00:00+00:00,0.061311530772550915,3,Reuters
2026-07-02 00:00:00+00:00,-0.08154144605745117,5,CoinDesk
2026-07-02 01:00:00+00:00,-0.29817845091859124,4,CoinDesk
2026-07-02 02:00:00+00:00,-0.787677497537036,2,Reuters
2026-07-02 03:00:00+00:00,0.059134959392334416,2,CoinDesk
2026-07-02 04:00:00+00:00,0.4365471527415843,2,Bloomberg Crypto
2026-07-02 05:00:00+00:00,-0.28096311365098087,2,Reuters
2026-07-02 06:00:00+00:00,0.07866395599265574,2,CoinDesk
2026-07-02 07:00:00+00:00,-0.6254564982318731,3,Decrypt
2026-07-02 08:00:00+00:00,0.08217103317144028,2,Bloomberg Crypto
2026-07-02 09:00:00+00:00,-0.21678345202903093,2,Bloomberg Crypto
2026-07-02 10:00:00+00:00,-0.3471905742596713,4,Bloomberg Crypto
2026-07-02 11:00:00+00:00,-0.3477147216858766,2,CoinTelegraph
2026-07-02 12:00:00+00:00,-0.22059314564079363,2,Reuters
2026-07-02 13:00:00+00:00,0.04978245793262387,0,CoinTelegraph
2026-07-02 14:00:00+00:00,-0.5445648766027311,2,CoinDesk
2026-07-02 15:00:00+00:00,-0.22553509591293028,7,Reuters
2026-07-02 16:00:00+00:00,-0.10229522298970554,2,Bloomberg Crypto
2026-07-02 17:00:00+00:00,-0.47367757436819735,1,Bloomberg Crypto
2026-07-02 18:00:00+00:00,0.5385868782955568,3,Bloomberg Crypto
2026-07-02 19:00:00+00:00,-0.3901997854183552,2,Bloomberg Crypto
2026-07-02 20:00:00+00:00,-0.32700801808420504,6,CoinDesk
2026-07-02 21:00:00+00:00,-0.43633989471862156,1,Decrypt
2026-07-02 22:00:00+00:00,0.5343106439216097,2,Reuters
2026-07-02 23:00:00+00:00,0.09713593150211039,3,Decrypt
2026-07-03 00:00:00+00:00,-0.4254098275988678,3,Reuters
2026-07-03 01:00:00+00:00,0.2883585009336308,2,Bloomberg Crypto
2026-07-03 02:00:00+00:00,-0.029796090674348116,3,CoinTelegraph
2026-07-03 03:00:00+00:00,-0.011218172489208075,4,CoinDesk
2026-07-03 04:00:00+00:00,-0.22303825381371398,3,Reuters
2026-07-03 05:00:00+00:00,-0.36597928923615974,1,Bloomberg Crypto
2026-07-03 06:00:00+00:00,0.013323898093742612,4,CoinTelegraph
2026-07-03 07:00:00+00:00,-0.2968833671513676,4,Bloomberg Crypto
2026-07-03 08:00:00+00:00,0.5285549987013501,4,CoinDesk
2026-07-03 09:00:00+00:00,-0.5527660060540156,2,CoinTelegraph
2026-07-03 10:00:00+00:00,0.42793811345005084,6,Reuters
2026-07-03 11:00:00+00:00,-0.14987895994643155,3,Reuters
2026-07-03 12:00:00+00:00,-0.007435907529753205,0,Reuters
2026-07-03 13:00:00+00:00,0.17829282875911384,4,Reuters
2026-07-03 14:00:00+00:00,-0.33509401933154936,2,CoinTelegraph
2026-07-03 15:00:00+00:00,0.18678791277144138,1,CoinDesk
2026-07-03 16:00:00+00:00,-1.0,0,CoinTelegraph
2026-07-03 17:00:00+00:00,-0.37007341962461837,2,Reuters
2026-07-03 18:00:00+00:00,-0.4426848268541385,3,CoinDesk
2026-07-03 19:00:00+00:00,-0.5591735010919076,1,Decrypt
2026-07-03 20:00:00+00:00,-0.19686191183563134,1,Decrypt
2026-07-03 21:00:00+00:00,0.012205701218907239,4,CoinTelegraph
2026-07-03 22:00:00+00:00,0.12194741713988703,2,Reuters
2026-07-03 23:00:00+00:00,-0.04085121576355134,0,Decrypt
2026-07-04 00:00:00+00:00,-0.3593229739515674,3,Decrypt
2026-07-04 01:00:00+00:00,0.001655651247942952,4,Bloomberg Crypto
2026-07-04 02:00:00+00:00,-0.08516758817594691,1,Bloomberg Crypto
2026-07-04 03:00:00+00:00,0.19778698101247746,2,CoinDesk
2026-07-04 04:00:00+00:00,0.14093247643921264,4,CoinDesk
2026-07-04 05:00:00+00:00,-0.12148889043292757,0,Reuters
2026-07-04 06:00:00+00:00,-0.4473520055878233,5,Decrypt
2026-07-04 07:00:00+00:00,-0.3630013570633511,4,CoinTelegraph
2026-07-04 08:00:00+00:00,-0.32804793705300184,1,CoinTelegraph
2026-07-04 09:00:00+00:00,-0.24711522492322624,3,Bloomberg Crypto
2026-07-04 10:00:00+00:00,-0.044102172179216914,3,CoinDesk
2026-07-04 11:00:00+00:00,0.11124595527396564,2,Reuters
2026-07-04 12:00:00+00:00,-0.15809930770278252,1,Bloomberg Crypto
2026-07-04 13:00:00+00:00,-0.13570417653699274,2,Bloomberg Crypto
2026-07-04 14:00:00+00:00,-0.09232811487011294,1,Reuters
2026-07-04 15:00:00+00:00,-0.3241870116310549,3,Reuters
2026-07-04 16:00:00+00:00,-0.46863961270339966,5,Decrypt
2026-07-04 17:00:00+00:00,-0.7602850761913543,4,Reuters
2026-07-04 18:00:00+00:00,-0.39031087525562214,6,Reuters
2026-07-04 19:00:00+00:00,0.01746824359573304,2,Bloomberg Crypto
2026-07-04 20:00:00+00:00,-0.39527298998600224,2,Bloomberg Crypto
2026-07-04 21:00:00+00:00,-0.23360500713281118,1,CoinTelegraph
2026-07-04 22:00:00+00:00,0.01176263417785589,2,CoinTelegraph
2026-07-04 23:00:00+00:00,0.0296400405923036,3,CoinTelegraph
2026-07-05 00:00:00+00:00,-0.5315479218966399,4,Reuters
2026-07-05 01:00:00+00:00,0.19415205745401917,3,Decrypt
2026-07-05 02:00:00+00:00,0.23864938762776547,5,Bloomberg Crypto
2026-07-05 03:00:00+00:00,-0.5524721322361599,2,CoinDesk
2026-07-05 04:00:00+00:00,-0.44646621696711475,3,Decrypt
2026-07-05 05:00:00+00:00,0.2576627246525877,0,CoinDesk
2026-07-05 06:00:00+00:00,-0.21171049992364852,3,Reuters
2026-07-05 07:00:00+00:00,-0.9383238330696365,2,CoinDesk
2026-07-05 08:00:00+00:00,-0.6523768728532336,2,CoinTelegraph
2026-07-05 09:00:00+00:00,-0.25085150037256293,4,Bloomberg Crypto
2026-07-05 10:00:00+00:00,-0.5717178150850257,4,Decrypt
2026-07-05 11:00:00+00:00,-0.31042891367304,2,CoinTelegraph
2026-07-05 12:00:00+00:00,-0.1554665562078597,3,Bloomberg Crypto
2026-07-05 13:00:00+00:00,0.34391233268910304,6,CoinTelegraph
2026-07-05 14:00:00+00:00,-0.27060408796220103,0,Decrypt
2026-07-05 15:00:00+00:00,0.20537910296313083,2,Reuters
2026-07-05 16:00:00+00:00,0.3289933689053338,0,CoinDesk
2026-07-05 17:00:00+00:00,0.3298767039019302,4,Reuters
2026-07-05 18:00:00+00:00,-0.07352337728056849,1,CoinDesk
2026-07-05 19:00:00+00:00,-0.8613912837797806,1,CoinDesk
2026-07-05 20:00:00+00:00,-0.014000749197157214,4,Decrypt
2026-07-05 21:00:00+00:00,0.19060438504699767,1,Decrypt
2026-07-05 22:00:00+00:00,-0.20575192036146853,2,Reuters
2026-07-05 23:00:00+00:00,0.43218634843810877,1,Bloomberg Crypto
2026-07-06 00:00:00+00:00,0.12148747219183587,6,Bloomberg Crypto
2026-07-06 01:00:00+00:00,0.018408463035998135,8,Reuters
2026-07-06 02:00:00+00:00,0.1987164280273896,4,CoinDesk
2026-07-06 03:00:00+00:00,-0.06586361309322963,2,Decrypt
2026-07-06 04:00:00+00:00,-1.0,1,Reuters
2026-07-06 05:00:00+00:00,-0.3592840130036258,3,Bloomberg Crypto
2026-07-06 06:00:00+00:00,0.23340738855799806,2,CoinDesk
2026-07-06 07:00:00+00:00,-0.4692709935666628,3,Bloomberg Crypto
2026-07-06 08:00:00+00:00,-0.26583854872850177,5,CoinDesk
2026-07-06 09:00:00+00:00,-0.5543215542448245,2,Bloomberg Crypto
2026-07-06 10:00:00+00:00,0.43474188496441496,2,CoinTelegraph
2026-07-06 11:00:00+00:00,0.39789266982925237,7,CoinDesk
2026-07-06 12:00:00+00:00,-0.5009789399147124,5,CoinDesk
2026-07-06 13:00:00+00:00,-0.14106211383478895,5,CoinDesk
2026-07-06 14:00:00+00:00,-0.43177735068628115,3,CoinTelegraph
2026-07-06 15:00:00+00:00,0.02064175535048826,2,CoinTelegraph
2026-07-06 16:00:00+00:00,-0.017180621728797585,3,Bloomberg Crypto
2026-07-06 17:00:00+00:00,0.08755004290191823,4,Decrypt
2026-07-06 18:00:00+00:00,-0.0813490187116534,4,Bloomberg Crypto
2026-07-06 19:00:00+00:00,0.8289017867632809,1,CoinDesk
2026-07-06 20:00:00+00:00,-0.5592299371430441,2,CoinDesk
2026-07-06 21:00:00+00:00,-0.799130333316839,5,Bloomberg Crypto
2026-07-06 22:00:00+00:00,-0.33895955751577017,1,Reuters
2026-07-06 23:00:00+00:00,-0.7511289785959766,4,Decrypt
2026-07-07 00:00:00+00:00,-0.7256462312161037,4,CoinTelegraph
2026-07-07 01:00:00+00:00,-0.554692151812393,3,Decrypt
2026-07-07 02:00:00+00:00,-0.5279419433884519,5,Reuters
2026-07-07 03:00:00+00:00,-0.5402321658496204,3,Bloomberg Crypto
2026-07-07 04:00:00+00:00,-0.025675383816996966,6,Bloomberg Crypto
2026-07-07 05:00:00+00:00,-0.38515053944596045,2,CoinDesk
2026-07-07 06:00:00+00:00,-0.2717429688844287,4,Bloomberg Crypto
2026-07-07 07:00:00+00:00,0.10314397295983391,4,Reuters
2026-07-07 08:00:00+00:00,-0.47897112592424557,4,Bloomberg Crypto
2026-07-07 09:00:00+00:00,-0.30426614757880555,3,Bloomberg Crypto
2026-07-07 10:00:00+00:00,-0.08457200834681713,0,Reuters
2026-07-07 11:00:00+00:00,-0.8930457169016088,0,CoinTelegraph
2026-07-07 12:00:00+00:00,-1.0,3,Decrypt
2026-07-07 13:00:00+00:00,-0.09416200902358501,1,Bloomberg Crypto
2026-07-07 14:00:00+00:00,-0.0439951466677434,6,Decrypt
2026-07-07 15:00:00+00:00,0.5053838357095704,4,Decrypt
2026-07-07 16:00:00+00:00,-0.1626490508771853,6,CoinDesk
2026-07-07 17:00:00+00:00,0.06804163481438763,1,CoinTelegraph
2026-07-07 18:00:00+00:00,-0.28816364673916395,5,Decrypt
2026-07-07 19:00:00+00:00,-0.11659557933441504,4,CoinDesk
2026-07-07 20:00:00+00:00,0.3620419884114051,4,Reuters
2026-07-07 21:00:00+00:00,-0.9657640895985503,2,Reuters
2026-07-07 22:00:00+00:00,-0.07846549181131937,2,Reuters
2026-07-07 23:00:00+00:00,0.523363729218112,4,Reuters
2026-07-08 00:00:00+00:00,-0.12623594363810037,3,Reuters
2026-07-08 01:00:00+00:00,0.3519004888718951,6,CoinDesk
2026-07-08 02:00:00+00:00,-0.44687224655710817,2,CoinTelegraph
2026-07-08 03:00:00+00:00,-0.23870836550086788,5,CoinTelegraph
2026-07-08 04:00:00+00:00,-0.2165976317622263,2,CoinDesk
2026-07-08 05:00:00+00:00,-1.0,1,CoinDesk
2026-07-08 06:00:00+00:00,-0.6388598855376169,2,Bloomberg Crypto
2026-07-08 07:00:00+00:00,-0.6147307258495758,5,Decrypt
2026-07-08 08:00:00+00:00,0.05607615196163582,3,Reuters
2026-07-08 09:00:00+00:00,0.07278837457930742,9,Decrypt
2026-07-08 10:00:00+00:00,-0.11986638914480115,1,Bloomberg Crypto
2026-07-08 11:00:00+00:00,0.05434725857826517,3,CoinTelegraph
2026-07-08 12:00:00+00:00,-0.2923463255557391,4,Reuters
2026-07-08 13:00:00+00:00,0.1849811278152263,1,CoinTelegraph
2026-07-08 14:00:00+00:00,-0.23341556182793216,3,CoinDesk
2026-07-08 15:00:00+00:00,-0.21703128042766753,2,Decrypt
2026-07-08 16:00:00+00:00,-0.33102890432748744,1,CoinTelegraph
2026-07-08 17:00:00+00:00,0.0007028080379656299,3,Bloomberg Crypto
2026-07-08 18:00:00+00:00,-0.3870533976804287,4,CoinTelegraph
2026-07-08 19:00:00+00:00,0.10134265556692118,2,Reuters
2026-07-08 20:00:00+00:00,-0.6374305878004479,1,Reuters
2026-07-08 21:00:00+00:00,-0.6265646730511506,2,Decrypt
2026-07-08 22:00:00+00:00,-0.0021057340182072393,5,CoinDesk
2026-07-08 23:00:00+00:00,-0.2744521928062624,2,Reuters
2026-07-09 00:00:00+00:00,-0.40307582370606,2,Bloomberg Crypto
2026-07-09 01:00:00+00:00,0.06655879093263678,0,Decrypt
2026-07-09 02:00:00+00:00,-0.4582459609305529,1,Reuters
2026-07-09 03:00:00+00:00,-0.31651340499585323,1,Bloomberg Crypto
2026-07-09 04:00:00+00:00,0.24255288079763979,0,CoinTelegraph
2026-07-09 05:00:00+00:00,0.29079356141655494,4,Bloomberg Crypto
2026-07-09 06:00:00+00:00,0.30170834744226405,1,Decrypt
2026-07-09 07:00:00+00:00,-0.3480952098366108,6,Reuters
2026-07-09 08:00:00+00:00,0.18067928519299398,1,CoinDesk
2026-07-09 09:00:00+00:00,-0.5829111335446281,2,CoinDesk
2026-07-09 10:00:00+00:00,-0.5688999177180529,3,Bloomberg Crypto
2026-07-09 11:00:00+00:00,-1.0,4,Bloomberg Crypto
2026-07-09 12:00:00+00:00,0.3326214094580511,0,Bloomberg Crypto
2026-07-09 13:00:00+00:00,-0.555967664382546,5,Reuters
2026-07-09 14:00:00+00:00,-0.2985486797793201,6,CoinDesk
2026-07-09 15:00:00+00:00,-0.5735586471331571,1,CoinDesk
2026-07-09 16:00:00+00:00,-0.01231541941484307,2,Decrypt
2026-07-09 17:00:00+00:00,-0.38776843217601664,1,Decrypt
2026-07-09 18:00:00+00:00,-0.713651210421833,4,CoinTelegraph
2026-07-09 19:00:00+00:00,-0.10304729001761945,4,Reuters
2026-07-09 20:00:00+00:00,-0.7600938134502777,4,Bloomberg Crypto
2026-07-09 21:00:00+00:00,-0.5520346422753948,4,Decrypt
2026-07-09 22:00:00+00:00,-0.9970033664280897,7,CoinTelegraph
2026-07-09 23:00:00+00:00,-0.7586222456880412,4,CoinTelegraph
2026-07-10 00:00:00+00:00,-0.19839160740181538,3,CoinDesk
2026-07-10 01:00:00+00:00,-0.9490995089488196,8,Reuters
2026-07-10 02:00:00+00:00,-0.7805431347009242,5,Reuters
2026-07-10 03:00:00+00:00,-0.2635966321897554,4,Bloomberg Crypto
2026-07-10 04:00:00+00:00,-0.45365043904283453,6,Reuters
2026-07-10 05:00:00+00:00,0.4332091613936981,3,Bloomberg Crypto
2026-07-10 06:00:00+00:00,0.37724938362177585,3,Reuters
2026-07-10 07:00:00+00:00,-0.5689931149459124,1,CoinDesk
2026-07-10 08:00:00+00:00,-0.07082302001902241,3,CoinTelegraph
2026-07-10 09:00:00+00:00,-0.004168301881039782,3,Reuters
2026-07-10 10:00:00+00:00,-0.4761258732389436,4,Reuters
2026-07-10 11:00:00+00:00,-0.7910339417122354,1,CoinDesk
2026-07-10 12:00:00+00:00,-0.27248003621359684,4,Decrypt
2026-07-10 13:00:00+00:00,-0.3292477734054112,2,Bloomberg Crypto
2026-07-10 14:00:00+00:00,-0.4218405919999867,2,Decrypt
2026-07-10 15:00:00+00:00,-0.11507835703810262,5,CoinTelegraph
2026-07-10 16:00:00+00:00,-0.5332058676915243,1,Decrypt
2026-07-10 17:00:00+00:00,-0.674205882350105,1,CoinTelegraph
2026-07-10 18:00:00+00:00,-0.23337891734497787,0,Bloomberg Crypto
2026-07-10 19:00:00+00:00,-0.13701461144168364,2,CoinDesk
2026-07-10 20:00:00+00:00,-0.6844710215668689,5,CoinTelegraph
2026-07-10 21:00:00+00:00,0.05165032481861387,2,Bloomberg Crypto
2026-07-10 22:00:00+00:00,-0.8933808256128453,2,CoinDesk
2026-07-10 23:00:00+00:00,-0.4765781070060751,1,Decrypt
2026-07-11 00:00:00+00:00,-0.3650622741493488,2,Decrypt
2026-07-11 01:00:00+00:00,-0.4979533872459931,2,CoinTelegraph
2026-07-11 02:00:00+00:00,-0.47355695665850017,4,Reuters
2026-07-11 03:00:00+00:00,0.37858468249284977,3,Reuters
2026-07-11 04:00:00+00:00,-0.5746012958157607,1,CoinDesk
2026-07-11 05:00:00+00:00,0.5771403862072424,1,Decrypt
2026-07-11 06:00:00+00:00,-0.12478306025228642,2,Bloomberg Crypto
2026-07-11 07:00:00+00:00,-0.24604320701456148,6,CoinDesk
2026-07-11 08:00:00+00:00,-0.11205829973526901,5,CoinTelegraph
2026-07-11 09:00:00+00:00,0.6062575329267899,1,CoinTelegraph
2026-07-11 10:00:00+00:00,-0.6274443153283604,1,CoinDesk
2026-07-11 11:00:00+00:00,-0.6722974402746134,4,Bloomberg Crypto
2026-07-11 12:00:00+00:00,-0.5448135535941165,2,Decrypt
2026-07-11 13:00:00+00:00,-0.26981430245103294,1,Decrypt
2026-07-11 14:00:00+00:00,-0.8855331112066595,2,Bloomberg Crypto
2026-07-11 15:00:00+00:00,-0.2741380836210554,4,Decrypt
2026-07-11 16:00:00+00:00,0.31034630144093134,0,Reuters
2026-07-11 17:00:00+00:00,-0.22983575629845387,4,Reuters
2026-07-11 18:00:00+00:00,-0.3856961632916066,1,Bloomberg Crypto
2026-07-11 19:00:00+00:00,-0.5000350732674119,3,Reuters
2026-07-11 20:00:00+00:00,0.030382770670225323,6,CoinDesk
2026-07-11 21:00:00+00:00,-0.5735499446369678,6,Decrypt
2026-07-11 22:00:00+00:00,0.3613232193723075,3,CoinDesk
2026-07-11 23:00:00+00:00,0.3913589568114793,4,Bloomberg Crypto
2026-07-12 00:00:00+00:00,-0.19585049318749326,4,Reuters
2026-07-12 01:00:00+00:00,-0.29013457981595914,4,CoinDesk
2026-07-12 02:00:00+00:00,0.07424090642796943,2,CoinDesk
2026-07-12 03:00:00+00:00,0.09630902780199224,7,CoinTelegraph
2026-07-12 04:00:00+00:00,-0.5693426623773068,2,CoinDesk
2026-07-12 05:00:00+00:00,-0.47190964169403427,4,Reuters
2026-07-12 06:00:00+00:00,-0.7508014090370765,2,Decrypt
2026-07-12 07:00:00+00:00,-0.1451662067447701,5,Decrypt
2026-07-12 08:00:00+00:00,-0.05537296402633271,2,Decrypt
2026-07-12 09:00:00+00:00,-0.7615151378206898,4,Reuters
2026-07-12 10:00:00+00:00,-0.4487038693930284,3,Decrypt
2026-07-12 11:00:00+00:00,-0.7612608524499285,2,Decrypt
2026-07-12 12:00:00+00:00,-0.6046342776669262,4,Bloomberg Crypto
2026-07-12 13:00:00+00:00,-0.09752536382801433,3,Bloomberg Crypto
2026-07-12 14:00:00+00:00,-0.5474216710547193,0,CoinTelegraph
2026-07-12 15:00:00+00:00,-0.3963082611667564,3,CoinTelegraph
2026-07-12 16:00:00+00:00,-0.8608891203464453,4,CoinDesk
2026-07-12 17:00:00+00:00,-0.22618888558508574,4,CoinDesk
2026-07-12 18:00:00+00:00,-0.3074311631156053,2,CoinDesk
2026-07-12 19:00:00+00:00,-0.5473658740633327,4,CoinTelegraph
2026-07-12 20:00:00+00:00,-0.35867436386602414,6,Decrypt
2026-07-12 21:00:00+00:00,-0.22969995701350482,4,CoinDesk
2026-07-12 22:00:00+00:00,-0.5782853999514248,2,Decrypt
2026-07-12 23:00:00+00:00,-0.8100463928523196,5,Decrypt
2026-07-13 00:00:00+00:00,0.338329027450311,3,CoinTelegraph
2026-07-13 01:00:00+00:00,-0.5155295541422422,4,Bloomberg Crypto
2026-07-13 02:00:00+00:00,-0.3280067842239008,3,Bloomberg Crypto
2026-07-13 03:00:00+00:00,0.05940196617562704,4,Reuters
2026-07-13 04:00:00+00:00,0.9405316338892693,1,Bloomberg Crypto
2026-07-13 05:00:00+00:00,-0.7304482230550975,5,CoinDesk
2026-07-13 06:00:00+00:00,-0.1376732633278043,8,CoinTelegraph
2026-07-13 07:00:00+00:00,-0.5429854448785647,2,Decrypt
2026-07-13 08:00:00+00:00,-0.48414263862866674,4,CoinTelegraph
2026-07-13 09:00:00+00:00,-0.5478586523415254,4,Reuters
2026-07-13 10:00:00+00:00,-0.6899766185977017,4,Reuters
2026-07-13 11:00:00+00:00,-0.3106568093428273,4,Reuters
2026-07-13 12:00:00+00:00,-0.8124827401659916,3,Decrypt
2026-07-13 13:00:00+00:00,0.034779371209452736,4,Reuters
2026-07-13 14:00:00+00:00,-0.2775432335794286,3,Reuters
2026-07-13 15:00:00+00:00,-0.14912750801070185,2,Reuters
2026-07-13 16:00:00+00:00,-0.46032574982084473,1,Decrypt
2026-07-13 17:00:00+00:00,-0.4258555961721482,0,Reuters
2026-07-13 18:00:00+00:00,-0.19685582916122196,2,CoinDesk
2026-07-13 19:00:00+00:00,-0.7050843841674184,4,CoinTelegraph
2026-07-13 20:00:00+00:00,-0.4231212687819894,1,Reuters
2026-07-13 21:00:00+00:00,-0.5988417846376832,1,Reuters
2026-07-13 22:00:00+00:00,-0.6098230578377084,1,CoinTelegraph
2026-07-13 23:00:00+00:00,-1.0,3,Reuters
2026-07-14 00:00:00+00:00,0.17036306034454368,1,Reuters
2026-07-14 01:00:00+00:00,-0.5388201569340283,5,CoinDesk
2026-07-14 02:00:00+00:00,0.10852520758290002,1,Bloomberg Crypto
2026-07-14 03:00:00+00:00,0.07530161364384863,2,Decrypt
2026-07-14 04:00:00+00:00,-0.748989349761155,4,Decrypt
2026-07-14 05:00:00+00:00,-0.6799416030117469,0,CoinTelegraph
2026-07-14 06:00:00+00:00,0.5970756847969848,5,CoinDesk
2026-07-14 07:00:00+00:00,0.31362658774205354,2,Decrypt
2026-07-14 08:00:00+00:00,-0.31032057125681206,2,CoinTelegraph
2026-07-14 09:00:00+00:00,-0.20929456101354532,6,CoinTelegraph
2026-07-14 10:00:00+00:00,-0.5202519013730735,4,CoinTelegraph
2026-07-14 11:00:00+00:00,-0.14820717637655026,3,Decrypt
2026-07-14 12:00:00+00:00,-0.5506137101394077,1,Bloomberg Crypto
2026-07-14 13:00:00+00:00,-1.0,3,CoinTelegraph
2026-07-14 14:00:00+00:00,-0.7622667598095367,2,Reuters
2026-07-14 15:00:00+00:00,-0.2923925416241995,5,Bloomberg Crypto
2026-07-14 16:00:00+00:00,-0.6956957526478171,1,Bloomberg Crypto
2026-07-14 17:00:00+00:00,-0.3234109969259442,3,Reuters
2026-07-14 18:00:00+00:00,-0.6760313583546553,4,Decrypt
2026-07-14 19:00:00+00:00,-0.573754423469665,3,Decrypt
2026-07-14 20:00:00+00:00,-0.0013476945181177258,3,CoinDesk
2026-07-14 21:00:00+00:00,-0.21335680592238476,2,Decrypt
2026-07-14 22:00:00+00:00,-0.3033714351945512,3,CoinDesk
2026-07-14 23:00:00+00:00,0.007640168653870849,6,CoinTelegraph
2026-07-15 00:00:00+00:00,-0.13178699232842842,3,Decrypt
2026-07-15 01:00:00+00:00,0.2062999300171216,3,Decrypt
2026-07-15 02:00:00+00:00,-0.4609396295451787,6,Reuters
2026-07-15 03:00:00+00:00,-0.4503472400810494,6,CoinTelegraph
2026-07-15 04:00:00+00:00,-0.7553437949997057,3,CoinDesk
2026-07-15 05:00:00+00:00,-0.4500738016743141,3,CoinTelegraph
2026-07-15 06:00:00+00:00,0.03776946845270257,4,Bloomberg Crypto
2026-07-15 07:00:00+00:00,0.15513169608553967,4,Reuters
2026-07-15 08:00:00+00:00,0.03628458860842232,2,Bloomberg Crypto
2026-07-15 09:00:00+00:00,-0.9277421566642077,0,CoinDesk
2026-07-15 10:00:00+00:00,0.07937858990058799,1,Decrypt
2026-07-15 11:00:00+00:00,-0.9431454328207347,5,Decrypt
2026-07-15 12:00:00+00:00,0.01474101855627874,1,Decrypt
2026-07-15 13:00:00+00:00,-0.42825521064653865,5,CoinDesk
2026-07-15 14:00:00+00:00,-0.053569000464708166,3,Bloomberg Crypto
2026-07-15 15:00:00+00:00,-0.7657320700227157,4,CoinDesk
2026-07-15 16:00:00+00:00,0.11061957985517556,2,CoinDesk
2026-07-15 17:00:00+00:00,-0.8119386530691578,4,Bloomberg Crypto
2026-07-15 18:00:00+00:00,-0.5330595697761168,8,Decrypt
2026-07-15 19:00:00+00:00,-0.6483307902454134,0,Reuters
2026-07-15 20:00:00+00:00,-0.912889150968257,5,CoinDesk
2026-07-15 21:00:00+00:00,-0.2656910501881898,0,CoinDesk
2026-07-15 22:00:00+00:00,0.33347477951859383,4,Bloomberg Crypto
2026-07-15 23:00:00+00:00,0.6348852344817937,2,Reuters
2026-07-16 00:00:00+00:00,-0.2643967204932697,5,CoinDesk
2026-07-16 01:00:00+00:00,0.09257307420544719,1,CoinTelegraph
2026-07-16 02:00:00+00:00,-0.21689085085586554,1,Reuters
2026-07-16 03:00:00+00:00,-0.12336793661134995,2,CoinDesk
2026-07-16 04:00:00+00:00,-0.41757664463185573,4,Reuters
2026-07-16 05:00:00+00:00,-0.22938973892746906,1,CoinTelegraph
2026-07-16 06:00:00+00:00,-0.10938564935753706,2,CoinTelegraph
2026-07-16 07:00:00+00:00,-0.4997951243047525,5,Reuters
2026-07-16 08:00:00+00:00,-0.32428274060221274,5,Decrypt
2026-07-16 09:00:00+00:00,-0.31743029017532687,4,Reuters
2026-07-16 10:00:00+00:00,-0.007553100125426371,1,Bloomberg Crypto
2026-07-16 11:00:00+00:00,-0.6697145371393904,3,Decrypt
2026-07-16 12:00:00+00:00,-0.3144465727117875,4,CoinTelegraph
2026-07-16 13:00:00+00:00,0.372997081450248,2,Decrypt
2026-07-16 14:00:00+00:00,0.11142367353758087,2,CoinTelegraph
2026-07-16 15:00:00+00:00,0.17642822212189763,2,CoinTelegraph
2026-07-16 16:00:00+00:00,-0.28701488796450647,2,CoinTelegraph
2026-07-16 17:00:00+00:00,-0.18299299773551975,2,Bloomberg Crypto
2026-07-16 18:00:00+00:00,0.055669870213940764,4,Bloomberg Crypto
2026-07-16 19:00:00+00:00,0.25121146974183095,1,CoinDesk
2026-07-16 20:00:00+00:00,-0.9776987012694106,2,Bloomberg Crypto
2026-07-16 21:00:00+00:00,-0.754796398548929,5,CoinTelegraph
2026-07-16 22:00:00+00:00,0.1641646873824369,5,Reuters
2026-07-16 23:00:00+00:00,-0.39079538201272845,3,Decrypt
2026-07-17 00:00:00+00:00,-0.5287243002304017,1,Reuters
2026-07-17 01:00:00+00:00,-0.7323108479001584,3,CoinTelegraph
2026-07-17 02:00:00+00:00,-0.48733739337359305,2,Reuters
2026-07-17 03:00:00+00:00,-0.7836324143880493,1,Decrypt
2026-07-17 04:00:00+00:00,0.43936363577920834,3,CoinDesk
2026-07-17 05:00:00+00:00,-0.300082754744927,7,CoinDesk
2026-07-17 06:00:00+00:00,-0.3122181907869298,3,Bloomberg Crypto
2026-07-17 07:00:00+00:00,-0.08580862267997755,3,Reuters
2026-07-17 08:00:00+00:00,0.045490793678413965,5,Bloomberg Crypto
2026-07-17 09:00:00+00:00,0.04004167823867144,3,Bloomberg Crypto
2026-07-17 10:00:00+00:00,0.08506473265032805,1,Reuters
2026-07-17 11:00:00+00:00,-0.5111772776840193,5,Reuters
2026-07-17 12:00:00+00:00,-0.394307725816485,2,Decrypt
2026-07-17 13:00:00+00:00,-0.02056090189166032,1,Reuters
2026-07-17 14:00:00+00:00,-0.4739704242812402,4,Reuters
2026-07-17 15:00:00+00:00,-0.2908284857787735,3,Bloomberg Crypto
2026-07-17 16:00:00+00:00,-0.14912540568755997,2,CoinDesk
2026-07-17 17:00:00+00:00,-0.01352415635305887,4,CoinTelegraph
2026-07-17 18:00:00+00:00,-0.910168143727494,0,CoinDesk
2026-07-17 19:00:00+00:00,-0.03745436763505833,2,Reuters
2026-07-17 20:00:00+00:00,-0.36904897675461573,3,CoinTelegraph
2026-07-17 21:00:00+00:00,-0.0392602491750387,3,Reuters
2026-07-17 22:00:00+00:00,-0.01456393413238688,2,Decrypt
2026-07-17 23:00:00+00:00,0.2766659724025712,3,Reuters
2026-07-18 00:00:00+00:00,0.18799550394830167,3,CoinTelegraph
2026-07-18 01:00:00+00:00,0.1859831270250571,3,Decrypt
2026-07-18 02:00:00+00:00,0.22036925887075348,2,CoinTelegraph
2026-07-18 03:00:00+00:00,-0.18252582931807068,1,Decrypt
2026-07-18 04:00:00+00:00,-0.2728315454599289,6,Bloomberg Crypto
2026-07-18 05:00:00+00:00,0.021807062884274087,3,CoinTelegraph
2026-07-18 06:00:00+00:00,-0.027027919648702436,1,Bloomberg Crypto
2026-07-18 07:00:00+00:00,-0.3910015258755176,3,Bloomberg Crypto
2026-07-18 08:00:00+00:00,-0.1407070021709606,5,Reuters
2026-07-18 09:00:00+00:00,-0.2942405807571769,0,CoinDesk
2026-07-18 10:00:00+00:00,-0.580389735483279,3,Decrypt
2026-07-18 11:00:00+00:00,0.17059685559309257,5,CoinTelegraph
2026-07-18 12:00:00+00:00,-0.2612906499084136,2,Bloomberg Crypto
2026-07-18 13:00:00+00:00,0.43689672154771986,5,Reuters
2026-07-18 14:00:00+00:00,-0.8486090585222956,5,CoinTelegraph
2026-07-18 15:00:00+00:00,-0.47408974980657215,1,Reuters
2026-07-18 16:00:00+00:00,-0.26731883057914774,3,CoinTelegraph
2026-07-18 17:00:00+00:00,0.11982087909636058,3,Reuters
2026-07-18 18:00:00+00:00,-0.13796315274739046,2,Reuters
2026-07-18 19:00:00+00:00,-0.16862175269466517,7,CoinDesk
2026-07-18 20:00:00+00:00,-0.6713341920460982,7,Bloomberg Crypto
2026-07-18 21:00:00+00:00,-0.6812208753453057,2,Decrypt
2026-07-18 22:00:00+00:00,-0.16290915981411683,1,Decrypt
2026-07-18 23:00:00+00:00,-0.7527121856542438,3,CoinTelegraph
2026-07-19 00:00:00+00:00,-0.4609164990814513,2,CoinTelegraph
2026-07-19 01:00:00+00:00,-0.09891733127555055,7,CoinDesk
2026-07-19 02:00:00+00:00,-0.6175259226880901,3,CoinTelegraph
2026-07-19 03:00:00+00:00,0.28869319779836705,3,Decrypt
2026-07-19 04:00:00+00:00,0.15573242928141035,7,Bloomberg Crypto
2026-07-19 05:00:00+00:00,-0.822101143259196,3,CoinDesk
2026-07-19 06:00:00+00:00,-0.5978878920811153,3,CoinTelegraph
2026-07-19 07:00:00+00:00,-1.0,6,CoinDesk
2026-07-19 08:00:00+00:00,-0.5443574821314121,4,CoinDesk
2026-07-19 09:00:00+00:00,-0.0016532940953334907,3,CoinDesk
2026-07-19 10:00:00+00:00,-0.4141862478564706,4,CoinTelegraph
2026-07-19 11:00:00+00:00,-0.10747275195488457,4,Reuters
2026-07-19 12:00:00+00:00,-0.800992590354388,1,CoinTelegraph
2026-07-19 13:00:00+00:00,0.011696935165801947,2,CoinTelegraph
2026-07-19 14:00:00+00:00,-0.4612965027053257,3,CoinTelegraph
2026-07-19 15:00:00+00:00,-0.26215780798983174,2,CoinTelegraph
2026-07-19 16:00:00+00:00,-0.29832726194781034,0,CoinTelegraph
2026-07-19 17:00:00+00:00,-0.7102622352953087,1,CoinDesk
2026-07-19 18:00:00+00:00,-0.6681939235956802,0,CoinDesk
2026-07-19 19:00:00+00:00,0.07472440295913824,3,CoinTelegraph
2026-07-19 20:00:00+00:00,-0.12374077028467356,0,Bloomberg Crypto
2026-07-19 21:00:00+00:00,0.10474965300042594,2,Bloomberg Crypto
2026-07-19 22:00:00+00:00,-0.1485117486574432,1,Reuters
2026-07-19 23:00:00+00:00,-0.21146517342957105,2,Bloomberg Crypto
2026-07-20 00:00:00+00:00,-0.8649805333373517,0,Decrypt
2026-07-20 01:00:00+00:00,-0.35486525028528904,7,Decrypt
2026-07-20 02:00:00+00:00,-0.2691766884502727,3,Bloomberg Crypto
2026-07-20 03:00:00+00:00,0.4246448809804271,2,CoinTelegraph
2026-07-20 04:00:00+00:00,-0.017853483532161513,4,Bloomberg Crypto
2026-07-20 05:00:00+00:00,0.2799922261155933,1,Decrypt
2026-07-20 06:00:00+00:00,-0.047827101707146796,4,Bloomberg Crypto
2026-07-20 07:00:00+00:00,-0.5052527803572664,5,CoinDesk
2026-07-20 08:00:00+00:00,-0.21462978067794516,3,Reuters
2026-07-20 09:00:00+00:00,-0.17226685126577704,2,CoinDesk
2026-07-20 10:00:00+00:00,-0.5829667262875886,0,CoinDesk
2026-07-20 11:00:00+00:00,-0.3881102990134419,0,Reuters
2026-07-20 12:00:00+00:00,-0.3249009089934455,4,CoinTelegraph
2026-07-20 13:00:00+00:00,0.30978141970744744,0,Reuters
2026-07-20 14:00:00+00:00,-0.9797430954521749,4,CoinTelegraph
2026-07-20 15:00:00+00:00,0.1712588034250233,5,Decrypt
2026-07-20 16:00:00+00:00,-0.5779450637873554,2,Bloomberg Crypto
2026-07-20 17:00:00+00:00,-0.7295789034541077,0,Decrypt
2026-07-20 18:00:00+00:00,0.16434871936111098,1,Decrypt
2026-07-20 19:00:00+00:00,0.0082580646148597,6,Decrypt
2026-07-20 20:00:00+00:00,0.19190464410614946,1,Bloomberg Crypto
2026-07-20 21:00:00+00:00,0.03380271565022705,0,CoinTelegraph
2026-07-20 22:00:00+00:00,0.47524128460766624,2,Reuters
2026-07-20 23:00:00+00:00,-0.049408072503205225,3,CoinTelegraph
2026-07-21 00:00:00+00:00,-0.29898090969557156,7,CoinTelegraph
2026-07-21 01:00:00+00:00,-0.12343748563973907,3,CoinDesk
2026-07-21 02:00:00+00:00,0.1925090966086025,4,Bloomberg Crypto
2026-07-21 03:00:00+00:00,-0.5147253477373247,4,CoinTelegraph
2026-07-21 04:00:00+00:00,-0.4693393924358299,1,CoinTelegraph
2026-07-21 05:00:00+00:00,-0.3485443315616713,3,Decrypt
2026-07-21 06:00:00+00:00,-0.9762377914337763,1,CoinDesk
2026-07-21 07:00:00+00:00,-0.19052741618864377,4,Reuters
2026-07-21 08:00:00+00:00,-0.8982165290685037,4,CoinDesk
2026-07-21 09:00:00+00:00,-0.2187129375006174,5,Decrypt
2026-07-21 10:00:00+00:00,0.06635989789817909,3,Decrypt
2026-07-21 11:00:00+00:00,-0.40260171774895737,6,Decrypt
2026-07-21 12:00:00+00:00,0.35209652346228554,3,Bloomberg Crypto
2026-07-21 13:00:00+00:00,-0.7452640701177037,2,Decrypt
2026-07-21 14:00:00+00:00,0.18366209447905246,1,CoinTelegraph
2026-07-21 15:00:00+00:00,0.0038327573323093667,7,Bloomberg Crypto
2026-07-21 16:00:00+00:00,-0.832258612258491,8,Decrypt
2026-07-21 17:00:00+00:00,0.7179535565990046,2,Bloomberg Crypto
2026-07-21 18:00:00+00:00,-0.2523084957164362,5,CoinTelegraph
2026-07-21 19:00:00+00:00,-0.5362859915916347,3,Decrypt
2026-07-21 20:00:00+00:00,-0.720811795772639,5,Decrypt
2026-07-21 21:00:00+00:00,-0.3044980522244552,2,CoinTelegraph
2026-07-21 22:00:00+00:00,-0.27124039955829043,4,Decrypt
2026-07-21 23:00:00+00:00,-0.1898741132707202,1,CoinTelegraph
2026-07-22 00:00:00+00:00,-0.32917657503975745,3,Decrypt
2026-07-22 01:00:00+00:00,-0.0024627677686845373,4,Decrypt
2026-07-22 02:00:00+00:00,-0.3589016233935449,2,CoinDesk
2026-07-22 03:00:00+00:00,-0.8996040442887439,2,Bloomberg Crypto
2026-07-22 04:00:00+00:00,-0.2737744296783073,4,Reuters
2026-07-22 05:00:00+00:00,-1.0,3,CoinDesk
2026-07-22 06:00:00+00:00,-0.09592850067208798,2,CoinDesk
2026-07-22 07:00:00+00:00,-0.5616223468248691,2,Bloomberg Crypto
2026-07-22 08:00:00+00:00,-0.16080613321003984,4,CoinDesk
2026-07-22 09:00:00+00:00,0.2428330320448368,6,CoinTelegraph
2026-07-22 10:00:00+00:00,-0.5482621882099591,1,CoinDesk
2026-07-22 11:00:00+00:00,0.15613661637645207,2,Reuters
2026-07-22 12:00:00+00:00,-0.36608836415304236,3,CoinTelegraph
2026-07-22 13:00:00+00:00,0.4001211940384221,1,Bloomberg Crypto
2026-07-22 14:00:00+00:00,-0.3403914180987134,4,Bloomberg Crypto
2026-07-22 15:00:00+00:00,-0.505847627959496,3,Bloomberg Crypto
2026-07-22 16:00:00+00:00,0.029775215387603277,4,CoinTelegraph
2026-07-22 17:00:00+00:00,-0.3623639034837671,4,Bloomberg Crypto
2026-07-22 18:00:00+00:00,-0.5034201976242156,3,Bloomberg Crypto
2026-07-22 19:00:00+00:00,-0.375228315812421,1,Reuters
2026-07-22 20:00:00+00:00,-0.22266430273694277,3,Decrypt
2026-07-22 21:00:00+00:00,0.26364721576859823,5,Decrypt
2026-07-22 22:00:00+00:00,-0.8821065373982354,2,Decrypt
2026-07-22 23:00:00+00:00,-0.19615379221045864,2,Bloomberg Crypto
2026-07-23 00:00:00+00:00,0.015431821414907537,4,CoinTelegraph
2026-07-23 01:00:00+00:00,-0.1346260844027557,6,Bloomberg Crypto
2026-07-23 02:00:00+00:00,0.25707482203147697,1,Decrypt
2026-07-23 03:00:00+00:00,-0.22644002467954386,3,Reuters
2026-07-23 04:00:00+00:00,-0.2640496241543677,3,Bloomberg Crypto
2026-07-23 05:00:00+00:00,0.00882495598198585,4,Bloomberg Crypto
2026-07-23 06:00:00+00:00,-0.16276064017644293,3,Bloomberg Crypto
2026-07-23 07:00:00+00:00,-0.33318996556089087,4,CoinTelegraph
2026-07-23 08:00:00+00:00,-0.014919284908381208,0,Reuters
2026-07-23 09:00:00+00:00,-0.42297377093632116,1,Reuters
2026-07-23 10:00:00+00:00,-0.4075164371756303,5,Reuters
2026-07-23 11:00:00+00:00,-0.3774143215889344,3,Reuters
2026-07-23 12:00:00+00:00,0.281949379442784,2,Decrypt
2026-07-23 13:00:00+00:00,-1.0,1,Bloomberg Crypto
2026-07-23 14:00:00+00:00,-0.05117143118917569,3,Reuters
2026-07-23 15:00:00+00:00,-0.1766337094086733,3,CoinDesk
2026-07-23 16:00:00+00:00,-0.7759278326289165,2,CoinDesk
2026-07-23 17:00:00+00:00,-0.07820965183465987,3,Decrypt
2026-07-23 18:00:00+00:00,-0.019088223837715884,2,CoinDesk
2026-07-23 19:00:00+00:00,0.021788350986090832,7,CoinDesk
2026-07-23 20:00:00+00:00,-1.0,1,CoinDesk
2026-07-23 21:00:00+00:00,0.295693233114515,1,Decrypt
2026-07-23 22:00:00+00:00,-0.43972466753434936,5,Bloomberg Crypto
2026-07-23 23:00:00+00:00,0.05981149239613384,5,Decrypt
2026-07-24 00:00:00+00:00,0.07992154891702435,2,CoinTelegraph
2026-07-24 01:00:00+00:00,-0.48526198605498216,1,CoinTelegraph
2026-07-24 02:00:00+00:00,0.053782549863968604,2,CoinDesk
2026-07-24 03:00:00+00:00,-0.31125821000706844,5,CoinDesk
2026-07-24 04:00:00+00:00,-0.9002714648568664,3,Bloomberg Crypto
2026-07-24 05:00:00+00:00,0.23446959189858155,4,CoinDesk
2026-07-24 06:00:00+00:00,-0.44445322202120274,1,CoinTelegraph
2026-07-24 07:00:00+00:00,-0.47120439232961686,4,CoinDesk
2026-07-24 08:00:00+00:00,-0.31214574162039,4,Bloomberg Crypto
2026-07-24 09:00:00+00:00,-0.07472767302275041,5,CoinTelegraph
2026-07-24 10:00:00+00:00,-0.18898986107021215,2,CoinDesk
2026-07-24 11:00:00+00:00,0.023946644924456112,3,Bloomberg Crypto
2026-07-24 12:00:00+00:00,-0.6356265092821443,2,Bloomberg Crypto
2026-07-24 13:00:00+00:00,-0.4255658236010441,1,CoinTelegraph
2026-07-24 14:00:00+00:00,-0.20525186279795338,3,CoinTelegraph
2026-07-24 15:00:00+00:00,0.500688420868351,5,CoinTelegraph
2026-07-24 16:00:00+00:00,-0.20232273464161027,3,Bloomberg Crypto
2026-07-24 17:00:00+00:00,0.21842624082008083,1,CoinTelegraph
2026-07-24 18:00:00+00:00,-0.14681745840978352,2,CoinTelegraph
2026-07-24 19:00:00+00:00,-0.3284995375517298,6,Bloomberg Crypto
2026-07-24 20:00:00+00:00,-0.2444768610327665,5,Bloomberg Crypto
2026-07-24 21:00:00+00:00,-0.21597158141977393,4,CoinTelegraph
2026-07-24 22:00:00+00:00,0.05535286498960265,3,CoinTelegraph
2026-07-24 23:00:00+00:00,0.3262952263470372,1,CoinTelegraph
2026-07-25 00:00:00+00:00,-0.027823126948315513,6,Bloomberg Crypto
2026-07-25 01:00:00+00:00,0.26287590440398245,0,Reuters
2026-07-25 02:00:00+00:00,-0.48916472458684646,1,Decrypt
2026-07-25 03:00:00+00:00,-0.2954932221186445,3,CoinDesk
2026-07-25 04:00:00+00:00,-0.40275987364483845,3,Decrypt
2026-07-25 05:00:00+00:00,-0.03807705824179555,3,Bloomberg Crypto
2026-07-25 06:00:00+00:00,-0.2726440347415131,3,Reuters
2026-07-25 07:00:00+00:00,0.109538715829361,3,Bloomberg Crypto
2026-07-25 08:00:00+00:00,-0.47060292159972106,4,CoinTelegraph
2026-07-25 09:00:00+00:00,-0.12855931137228893,3,CoinDesk
2026-07-25 10:00:00+00:00,0.09791494723417385,4,Decrypt
2026-07-25 11:00:00+00:00,-0.8642038235663732,1,Bloomberg Crypto
2026-07-25 12:00:00+00:00,0.6023631924181692,3,Reuters
2026-07-25 13:00:00+00:00,-0.23816824097881278,3,CoinTelegraph
2026-07-25 14:00:00+00:00,-0.8466837916222926,2,Reuters
2026-07-25 15:00:00+00:00,-0.08143914355066317,2,CoinDesk
2026-07-25 16:00:00+00:00,-0.12391644738908889,3,Reuters
2026-07-25 17:00:00+00:00,-0.16313183537249695,2,Reuters
2026-07-25 18:00:00+00:00,0.21360343609294818,0,CoinTelegraph
2026-07-25 19:00:00+00:00,0.1294501046943203,0,Reuters
2026-07-25 20:00:00+00:00,-0.026738702728473965,2,CoinTelegraph
2026-07-25 21:00:00+00:00,0.027721794116196907,4,CoinDesk
2026-07-25 22:00:00+00:00,-0.16519303867707652,5,Bloomberg Crypto
2026-07-25 23:00:00+00:00,0.49392169524314977,2,CoinTelegraph
2026-07-26 00:00:00+00:00,-0.6440488676640459,1,Bloomberg Crypto
2026-07-26 01:00:00+00:00,-0.07627999480813182,1,Decrypt
2026-07-26 02:00:00+00:00,-0.10122496141879953,3,Reuters
2026-07-26 03:00:00+00:00,0.16184135447791997,5,Bloomberg Crypto
2026-07-26 04:00:00+00:00,-0.4169765756067148,2,Reuters
2026-07-26 05:00:00+00:00,-0.7307318076005802,4,CoinTelegraph
2026-07-26 06:00:00+00:00,-0.06437478865039964,2,Reuters
2026-07-26 07:00:00+00:00,-0.019646410720429858,3,CoinDesk
2026-07-26 08:00:00+00:00,0.4044706584474397,2,Bloomberg Crypto
2026-07-26 09:00:00+00:00,-0.5603257380868631,5,Reuters
2026-07-26 10:00:00+00:00,0.28963605227085365,4,Bloomberg Crypto
2026-07-26 11:00:00+00:00,0.7152826378483026,4,Bloomberg Crypto
2026-07-26 12:00:00+00:00,-0.2443336250700089,3,CoinDesk
2026-07-26 13:00:00+00:00,-0.5627471396898314,3,CoinTelegraph
2026-07-26 14:00:00+00:00,-0.25215778527986143,2,Reuters
2026-07-26 15:00:00+00:00,-0.10361238063894758,1,Decrypt
2026-07-26 16:00:00+00:00,0.09001628460248208,5,Bloomberg Crypto
2026-07-26 17:00:00+00:00,-0.31309099209622926,9,CoinTelegraph
2026-07-26 18:00:00+00:00,0.4394252503762001,6,Decrypt
2026-07-26 19:00:00+00:00,-0.4937700040540423,1,Bloomberg Crypto
2026-07-26 20:00:00+00:00,-0.7111930340108372,3,Decrypt
2026-07-26 21:00:00+00:00,0.2860917786223257,2,Reuters
2026-07-26 22:00:00+00:00,-0.8961579945976269,2,Reuters
2026-07-26 23:00:00+00:00,-0.1702679637728106,7,Bloomberg Crypto
2026-07-27 00:00:00+00:00,0.9935857698092218,4,Bloomberg Crypto
2026-07-27 01:00:00+00:00,-0.10059614204368585,1,Reuters
2026-07-27 02:00:00+00:00,-0.4874260643204204,5,CoinTelegraph
2026-07-27 03:00:00+00:00,-0.11402122460612683,3,Decrypt
2026-07-27 04:00:00+00:00,-0.11048537432932182,3,Bloomberg Crypto
2026-07-27 05:00:00+00:00,-0.035248888273296565,4,Bloomberg Crypto
2026-07-27 06:00:00+00:00,0.14154610146516616,6,CoinDesk
2026-07-27 07:00:00+00:00,-0.452702754710757,4,Decrypt
2026-07-27 08:00:00+00:00,0.5028617186428722,5,Reuters
2026-07-27 09:00:00+00:00,-0.0007547303337672451,1,Bloomberg Crypto
2026-07-27 10:00:00+00:00,0.1690701600563297,3,Bloomberg Crypto
2026-07-27 11:00:00+00:00,-0.3039214924742411,4,Reuters
2026-07-27 12:00:00+00:00,0.36740465601919486,6,Decrypt
2026-07-27 13:00:00+00:00,-0.17155579034480525,1,CoinTelegraph
2026-07-27 14:00:00+00:00,0.016799088174083085,2,Reuters
2026-07-27 15:00:00+00:00,-0.4056867748338909,3,CoinTelegraph
2026-07-27 16:00:00+00:00,-0.4267796083616856,2,Bloomberg Crypto
2026-07-27 17:00:00+00:00,0.1642658687236517,2,CoinTelegraph
2026-07-27 18:00:00+00:00,-0.23061940973803174,3,CoinTelegraph
2026-07-27 19:00:00+00:00,-0.3729447347708133,4,Reuters
2026-07-27 20:00:00+00:00,-0.29796908633824176,5,Bloomberg Crypto
2026-07-27 21:00:00+00:00,0.1730317452993111,2,Decrypt
2026-07-27 22:00:00+00:00,-0.2905106682923878,4,CoinDesk
2026-07-27 23:00:00+00:00,-0.11027092712994192,4,CoinTelegraph
2026-07-28 00:00:00+00:00,-0.06257499305200313,4,Bloomberg Crypto
2026-07-28 01:00:00+00:00,-0.7376485640048546,3,CoinDesk
2026-07-28 02:00:00+00:00,-0.5802112109996921,2,Decrypt
2026-07-28 03:00:00+00:00,0.05364098660470708,2,CoinDesk
2026-07-28 04:00:00+00:00,-0.3207546701923593,2,Decrypt
2026-07-28 05:00:00+00:00,0.3083223689875601,0,CoinDesk
2026-07-28 06:00:00+00:00,0.2781153199484986,1,Decrypt
2026-07-28 07:00:00+00:00,0.19270716628632897,0,CoinTelegraph
2026-07-28 08:00:00+00:00,0.5791846509681592,7,CoinDesk
2026-07-28 09:00:00+00:00,-0.08554927766308808,1,Decrypt
2026-07-28 10:00:00+00:00,0.17190916856903915,6,Bloomberg Crypto
2026-07-28 11:00:00+00:00,-0.2584703175262808,2,Reuters
2026-07-28 12:00:00+00:00,0.8056700223776238,3,CoinDesk
2026-07-28 13:00:00+00:00,0.6428838350981626,6,CoinDesk
2026-07-28 14:00:00+00:00,-0.04595733556940924,3,CoinDesk
2026-07-28 15:00:00+00:00,0.08646307658526178,1,CoinDesk
2026-07-28 16:00:00+00:00,0.42818634424674035,1,Reuters
2026-07-28 17:00:00+00:00,-0.09779147288422281,2,CoinDesk
2026-07-28 18:00:00+00:00,-0.27483504428329325,4,CoinTelegraph
2026-07-28 19:00:00+00:00,0.26215665377644587,1,CoinTelegraph
2026-07-28 20:00:00+00:00,-0.015008352435829844,1,Bloomberg Crypto
2026-07-28 21:00:00+00:00,0.02286442574186051,4,Reuters
2026-07-28 22:00:00+00:00,-0.3318993820340476,5,Bloomberg Crypto
2026-07-28 23:00:00+00:00,-0.6398097051629636,1,CoinTelegraph
2026-07-29 00:00:00+00:00,0.045306064291648074,2,CoinDesk
2026-07-29 01:00:00+00:00,0.28067430105316277,4,CoinDesk
2026-07-29 02:00:00+00:00,-0.11381274205526593,8,Decrypt
2026-07-29 03:00:00+00:00,0.4692526297090941,3,Reuters
2026-07-29 04:00:00+00:00,-0.27858511789469015,3,Decrypt
2026-07-29 05:00:00+00:00,-0.40007706847230284,8,Reuters
2026-07-29 06:00:00+00:00,-0.053176649138508676,6,Reuters
2026-07-29 07:00:00+00:00,-0.05726842631811252,1,CoinDesk
2026-07-29 08:00:00+00:00,0.2424135729580147,5,CoinDesk
2026-07-29 09:00:00+00:00,-0.2970264280436292,3,Bloomberg Crypto
2026-07-29 10:00:00+00:00,0.4543300642860861,2,CoinTelegraph
2026-07-29 11:00:00+00:00,0.6652049931078485,6,CoinTelegraph
2026-07-29 12:00:00+00:00,-0.035628948408343936,1,CoinDesk
2026-07-29 13:00:00+00:00,0.41675791902381476,6,CoinTelegraph
2026-07-29 14:00:00+00:00,-0.3891265095536364,0,Reuters
2026-07-29 15:00:00+00:00,0.35826355620393124,3,CoinTelegraph
2026-07-29 16:00:00+00:00,0.3497716459656297,2,Bloomberg Crypto
2026-07-29 17:00:00+00:00,0.2867171478994804,4,CoinTelegraph
2026-07-29 18:00:00+00:00,-0.019643497601333167,5,CoinTelegraph
2026-07-29 19:00:00+00:00,-1.0,2,Bloomberg Crypto
2026-07-29 20:00:00+00:00,-0.23622118454589894,1,Bloomberg Crypto
2026-07-29 21:00:00+00:00,-0.22939708967643552,5,CoinDesk
2026-07-29 22:00:00+00:00,-0.35142531977524044,2,Bloomberg Crypto
2026-07-29 23:00:00+00:00,0.03503951952333265,9,CoinDesk
2026-07-30 00:00:00+00:00,-0.15309203516329922,6,Reuters
2026-07-30 01:00:00+00:00,-0.29377821026450934,4,Decrypt
2026-07-30 02:00:00+00:00,-0.37445314070924063,1,CoinTelegraph
2026-07-30 03:00:00+00:00,-0.2530116439864374,1,Bloomberg Crypto
2026-07-30 04:00:00+00:00,0.39123366265860104,2,CoinTelegraph
2026-07-30 05:00:00+00:00,-0.23135876911962439,3,Reuters
2026-07-30 06:00:00+00:00,-0.1789374857627733,1,Decrypt
2026-07-30 07:00:00+00:00,-0.15726206619153069,4,Bloomberg Crypto
2026-07-30 08:00:00+00:00,0.12252081865579884,5,CoinDesk
2026-07-30 09:00:00+00:00,0.16485132783173634,4,CoinDesk
2026-07-30 10:00:00+00:00,-1.0,0,Bloomberg Crypto
2026-07-30 11:00:00+00:00,0.36531785690780155,3,Bloomberg Crypto
2026-07-30 12:00:00+00:00,0.5117649034393854,3,Reuters
2026-07-30 13:00:00+00:00,-0.35723880458976126,6,Decrypt
2026-07-30 14:00:00+00:00,-0.32868770138954023,7,Bloomberg Crypto
2026-07-30 15:00:00+00:00,-0.14468201582103718,3,CoinDesk
2026-07-30 16:00:00+00:00,-0.25040499031308316,5,Decrypt
2026-07-30 17:00:00+00:00,0.0938603060482875,2,Bloomberg Crypto
2026-07-30 18:00:00+00:00,-0.6645087531954221,2,Decrypt
2026-07-30 19:00:00+00:00,-0.37321067960312243,1,Reuters
2026-07-30 20:00:00+00:00,0.5580715548960112,7,Bloomberg Crypto
2026-07-30 21:00:00+00:00,-0.30423626053111125,5,Bloomberg Crypto
2026-07-30 22:00:00+00:00,0.4571284363054462,0,Decrypt
2026-07-30 23:00:00+00:00,0.14758431222658625,4,Bloomberg Crypto
2026-07-31 00:00:00+00:00,-0.6087407815067649,6,Decrypt
2026-07-31 01:00:00+00:00,0.24815465794690494,1,Decrypt
2026-07-31 02:00:00+00:00,-0.014108072758187307,4,Bloomberg Crypto
2026-07-31 03:00:00+00:00,-0.13105244474225008,2,CoinDesk
2026-07-31 04:00:00+00:00,0.11538102423006232,1,Reuters
2026-07-31 05:00:00+00:00,0.19705222918260637,2,Decrypt
2026-07-31 06:00:00+00:00,0.27987154169036466,0,CoinDesk
2026-07-31 07:00:00+00:00,0.44588619877830826,2,Decrypt
2026-07-31 08:00:00+00:00,0.17762794935107423,4,CoinDesk
2026-07-31 09:00:00+00:00,-0.44540951760542125,4,Bloomberg Crypto
2026-07-31 10:00:00+00:00,-0.12843213101188133,4,Reuters
2026-07-31 11:00:00+00:00,1.0,3,CoinDesk
2026-07-31 12:00:00+00:00,0.2934762830938626,4,CoinTelegraph
2026-07-31 13:00:00+00:00,0.8704341869180028,2,Decrypt
2026-07-31 14:00:00+00:00,0.5308640173348264,2,CoinDesk
2026-07-31 15:00:00+00:00,0.1283704841204732,1,Reuters
2026-07-31 16:00:00+00:00,0.1505090939267859,2,Reuters
2026-07-31 17:00:00+00:00,0.033489632242387574,3,Reuters
2026-07-31 18:00:00+00:00,-0.560663800015335,4,CoinDesk
2026-07-31 19:00:00+00:00,0.05515864224543218,2,CoinDesk
2026-07-31 20:00:00+00:00,0.4738515810404036,2,Bloomberg Crypto
2026-07-31 21:00:00+00:00,-0.1584860549329789,2,CoinTelegraph
2026-07-31 22:00:00+00:00,0.19684299679806108,1,CoinDesk
2026-07-31 23:00:00+00:00,0.3519868417802872,2,Bloomberg Crypto
2026-08-01 00:00:00+00:00,-0.2631886482620637,3,Decrypt
2026-08-01 01:00:00+00:00,-0.1014879895673104,2,CoinTelegraph
2026-08-01 02:00:00+00:00,-0.2985335470757575,2,Reuters
2026-08-01 03:00:00+00:00,-0.2287560954032201,0,CoinTelegraph
2026-08-01 04:00:00+00:00,-0.39039468273938227,1,Decrypt
2026-08-01 05:00:00+00:00,-0.2536256115217248,2,CoinDesk
2026-08-01 06:00:00+00:00,0.5596038820681573,4,CoinDesk
2026-08-01 07:00:00+00:00,-0.2563606855496643,0,Bloomberg Crypto
2026-08-01 08:00:00+00:00,0.10957769579020052,2,CoinDesk
2026-08-01 09:00:00+00:00,-0.10942760988358625,2,CoinDesk
2026-08-01 10:00:00+00:00,0.48043778361541395,4,CoinTelegraph
2026-08-01 11:00:00+00:00,0.5279985048804485,1,Decrypt
2026-08-01 12:00:00+00:00,0.3727719106197536,1,Reuters
2026-08-01 13:00:00+00:00,0.17874892338774892,3,Reuters
2026-08-01 14:00:00+00:00,-0.008015921265535103,1,Bloomberg Crypto
2026-08-01 15:00:00+00:00,-0.3430494923226578,4,Decrypt
2026-08-01 16:00:00+00:00,0.7555921275582138,6,CoinTelegraph
2026-08-01 17:00:00+00:00,-0.18927956767853818,2,Reuters
2026-08-01 18:00:00+00:00,0.310129760582434,4,Bloomberg Crypto
2026-08-01 19:00:00+00:00,0.44994759823659,2,CoinDesk
2026-08-01 20:00:00+00:00,-0.11400388236821402,3,CoinDesk
2026-08-01 21:00:00+00:00,0.4448918318208176,8,CoinTelegraph
2026-08-01 22:00:00+00:00,0.3503037130978394,1,Reuters
2026-08-01 23:00:00+00:00,0.6888565449433812,2,CoinDesk
2026-08-02 00:00:00+00:00,-0.07896350706504898,2,Bloomberg Crypto
2026-08-02 01:00:00+00:00,-0.36350767618371843,2,Bloomberg Crypto
2026-08-02 02:00:00+00:00,-0.08914131371557506,2,Reuters
2026-08-02 03:00:00+00:00,0.16211258566906267,3,CoinTelegraph
2026-08-02 04:00:00+00:00,0.11062039677046875,2,Bloomberg Crypto
2026-08-02 05:00:00+00:00,-0.04622689629920701,7,Decrypt
2026-08-02 06:00:00+00:00,-0.5755140123295516,4,Bloomberg Crypto
2026-08-02 07:00:00+00:00,0.25860116092593455,2,CoinTelegraph
2026-08-02 08:00:00+00:00,0.7854779542555013,1,Bloomberg Crypto
2026-08-02 09:00:00+00:00,0.2588688318507593,2,CoinDesk
2026-08-02 10:00:00+00:00,0.31080005708232283,1,CoinTelegraph
2026-08-02 11:00:00+00:00,0.29917840182164385,3,CoinDesk
2026-08-02 12:00:00+00:00,0.23900696813429542,4,CoinDesk
2026-08-02 13:00:00+00:00,0.4273399582820658,2,Reuters
2026-08-02 14:00:00+00:00,0.24085201916533852,3,CoinTelegraph
2026-08-02 15:00:00+00:00,-0.005753315577427531,1,CoinDesk
2026-08-02 16:00:00+00:00,-0.17370188192769603,1,Reuters
2026-08-02 17:00:00+00:00,0.01896205730467465,0,Reuters
2026-08-02 18:00:00+00:00,0.2172547954076694,4,CoinDesk
2026-08-02 19:00:00+00:00,-0.002114917174111497,2,CoinDesk
2026-08-02 20:00:00+00:00,0.21973529614518053,4,Decrypt
2026-08-02 21:00:00+00:00,0.26461990966234744,7,CoinTelegraph
2026-08-02 22:00:00+00:00,0.40372871538170385,5,Reuters
2026-08-02 23:00:00+00:00,0.5622906286548313,1,CoinTelegraph
2026-08-03 00:00:00+00:00,0.1418093625475968,2,Reuters
2026-08-03 01:00:00+00:00,-0.34202277592859986,4,Bloomberg Crypto
2026-08-03 02:00:00+00:00,-0.003897299027480733,4,Bloomberg Crypto
2026-08-03 03:00:00+00:00,0.13349898158924842,2,Reuters
2026-08-03 04:00:00+00:00,-0.5232562203772159,2,Decrypt
2026-08-03 05:00:00+00:00,0.6064789787976597,2,Bloomberg Crypto
2026-08-03 06:00:00+00:00,0.1714599878866616,3,CoinTelegraph
2026-08-03 07:00:00+00:00,0.2562802797477856,3,CoinDesk
2026-08-03 08:00:00+00:00,0.6019178442190629,1,CoinTelegraph
2026-08-03 09:00:00+00:00,-0.09539190976612744,3,CoinTelegraph
2026-08-03 10:00:00+00:00,0.32724493704823654,4,CoinTelegraph
2026-08-03 11:00:00+00:00,0.08904765890518802,1,Reuters
2026-08-03 12:00:00+00:00,0.06423717791817281,1,Reuters
2026-08-03 13:00:00+00:00,-0.14043465796640459,3,CoinTelegraph
2026-08-03 14:00:00+00:00,0.7139564943771026,4,CoinDesk
2026-08-03 15:00:00+00:00,0.0007306212786978294,3,Decrypt
2026-08-03 16:00:00+00:00,0.3781259398448791,3,Decrypt
2026-08-03 17:00:00+00:00,-0.521783783093055,3,Bloomberg Crypto
2026-08-03 18:00:00+00:00,0.5486176465711153,3,Bloomberg Crypto
2026-08-03 19:00:00+00:00,0.5050459126375072,2,CoinDesk
2026-08-03 20:00:00+00:00,0.17202176043968656,4,CoinTelegraph
2026-08-03 21:00:00+00:00,0.05963521812258121,1,Reuters
2026-08-03 22:00:00+00:00,0.2802077671121476,2,Bloomberg Crypto
2026-08-03 23:00:00+00:00,0.9424245836102593,5,CoinTelegraph
2026-08-04 00:00:00+00:00,-0.4746475229961056,2,Decrypt
2026-08-04 01:00:00+00:00,0.4173297376856805,4,CoinDesk
2026-08-04 02:00:00+00:00,-0.17431373322550087,4,Reuters
2026-08-04 03:00:00+00:00,0.1389103734276999,3,Reuters
2026-08-04 04:00:00+00:00,0.06025055825118471,1,Bloomberg Crypto
2026-08-04 05:00:00+00:00,-0.0017787251812221017,3,CoinTelegraph
2026-08-04 06:00:00+00:00,0.14559119150369831,2,Reuters
2026-08-04 07:00:00+00:00,-0.2465873568134944,3,Decrypt
2026-08-04 08:00:00+00:00,0.5117014690612434,3,Decrypt
2026-08-04 09:00:00+00:00,-0.47534894576387976,5,CoinDesk
2026-08-04 10:00:00+00:00,0.342629003128446,1,CoinDesk
2026-08-04 11:00:00+00:00,0.04053116891765539,1,Decrypt
2026-08-04 12:00:00+00:00,-0.2539005691859554,2,Decrypt
2026-08-04 13:00:00+00:00,0.22785886191920735,5,CoinTelegraph
2026-08-04 14:00:00+00:00,-0.38680956775455655,3,Reuters
2026-08-04 15:00:00+00:00,0.17311885205045144,3,CoinTelegraph
2026-08-04 16:00:00+00:00,-0.33769515024975083,1,CoinDesk
2026-08-04 17:00:00+00:00,0.3228467809727296,3,CoinDesk
2026-08-04 18:00:00+00:00,-0.16103672057383803,3,CoinDesk
2026-08-04 19:00:00+00:00,0.0057242256019362225,5,Reuters
2026-08-04 20:00:00+00:00,0.2675351732655219,3,Bloomberg Crypto
2026-08-04 21:00:00+00:00,-0.10465914519449795,2,CoinDesk
2026-08-04 22:00:00+00:00,0.14651783111320724,2,CoinDesk
2026-08-04 23:00:00+00:00,-0.3619638967126466,7,CoinTelegraph
2026-08-05 00:00:00+00:00,0.38975167854112835,1,CoinTelegraph
2026-08-05 01:00:00+00:00,0.7877303588301047,1,Bloomberg Crypto
2026-08-05 02:00:00+00:00,1.0,3,Bloomberg Crypto
2026-08-05 03:00:00+00:00,0.20404053170455097,5,Bloomberg Crypto
2026-08-05 04:00:00+00:00,0.44905893424453264,2,Bloomberg Crypto
2026-08-05 05:00:00+00:00,-0.4489789034814825,5,CoinTelegraph
2026-08-05 06:00:00+00:00,0.7012464662954658,2,CoinDesk
2026-08-05 07:00:00+00:00,0.4480155523411779,2,CoinTelegraph
2026-08-05 08:00:00+00:00,0.008001727726141827,3,Decrypt
2026-08-05 09:00:00+00:00,0.6114312861893814,6,Decrypt
2026-08-05 10:00:00+00:00,0.09038764749590392,0,CoinDesk
2026-08-05 11:00:00+00:00,0.020178404912381542,2,Bloomberg Crypto
2026-08-05 12:00:00+00:00,0.3478840447942756,4,CoinDesk
2026-08-05 13:00:00+00:00,-0.1896310139060737,7,Decrypt
2026-08-05 14:00:00+00:00,0.5411345879205984,2,CoinDesk
2026-08-05 15:00:00+00:00,-0.18501105418539823,3,Bloomberg Crypto
2026-08-05 16:00:00+00:00,-0.18191775545936453,5,CoinTelegraph
2026-08-05 17:00:00+00:00,-0.13177740141065783,3,Bloomberg Crypto
2026-08-05 18:00:00+00:00,0.4534481850262166,2,CoinTelegraph
2026-08-05 19:00:00+00:00,-0.02724253215314798,6,Decrypt
2026-08-05 20:00:00+00:00,-0.2821675011723058,6,Reuters
2026-08-05 21:00:00+00:00,-0.021358309710476364,4,CoinDesk
2026-08-05 22:00:00+00:00,0.1804099968772868,5,Reuters
2026-08-05 23:00:00+00:00,-0.22072395531156583,2,Bloomberg Crypto
2026-08-06 00:00:00+00:00,-0.20948395419315574,2,CoinTelegraph
2026-08-06 01:00:00+00:00,0.9335425852453476,2,Bloomberg Crypto
2026-08-06 02:00:00+00:00,-0.10562819257124692,5,Bloomberg Crypto
2026-08-06 03:00:00+00:00,0.08348207809217226,3,Decrypt
2026-08-06 04:00:00+00:00,0.06898752512966314,1,Bloomberg Crypto
2026-08-06 05:00:00+00:00,0.051015502753028324,2,CoinDesk
2026-08-06 06:00:00+00:00,0.41692797837847057,1,Decrypt
2026-08-06 07:00:00+00:00,0.5322691919292772,1,Reuters
2026-08-06 08:00:00+00:00,0.0942939362342014,1,Bloomberg Crypto
2026-08-06 09:00:00+00:00,-0.23043431465743988,4,Reuters
2026-08-06 10:00:00+00:00,0.6493385164611223,6,CoinDesk
2026-08-06 11:00:00+00:00,0.17086264092426484,3,CoinDesk
2026-08-06 12:00:00+00:00,0.8107884616873919,3,CoinDesk
2026-08-06 13:00:00+00:00,-0.5798392339807076,2,Reuters
2026-08-06 14:00:00+00:00,0.27544314392205227,3,Reuters
2026-08-06 15:00:00+00:00,0.8794965849227655,3,CoinTelegraph
2026-08-06 16:00:00+00:00,0.08527042027570528,4,Decrypt
2026-08-06 17:00:00+00:00,0.1309147999483714,2,Bloomberg Crypto
2026-08-06 18:00:00+00:00,0.31418733430736495,4,Decrypt
2026-08-06 19:00:00+00:00,0.01609654642241698,3,CoinDesk
2026-08-06 20:00:00+00:00,0.10336282726088104,3,Bloomberg Crypto
2026-08-06 21:00:00+00:00,0.0952617037175404,2,CoinTelegraph
2026-08-06 22:00:00+00:00,-0.0051952412363423794,2,Decrypt
2026-08-06 23:00:00+00:00,0.6454028666729837,6,CoinDesk
2026-08-07 00:00:00+00:00,0.3775774561699094,4,Bloomberg Crypto
2026-08-07 01:00:00+00:00,0.30481309272492907,1,Bloomberg Crypto
2026-08-07 02:00:00+00:00,0.5009821098421097,4,CoinDesk
2026-08-07 03:00:00+00:00,0.12634272460473284,2,Reuters
2026-08-07 04:00:00+00:00,-0.051223114939442094,3,Decrypt
2026-08-07 05:00:00+00:00,0.00970660027409942,1,Bloomberg Crypto
2026-08-07 06:00:00+00:00,0.22212197058754476,5,Reuters
2026-08-07 07:00:00+00:00,-0.1483574946759378,1,CoinTelegraph
2026-08-07 08:00:00+00:00,0.04813982615607179,2,Bloomberg Crypto
2026-08-07 09:00:00+00:00,0.04345080165396392,1,Bloomberg Crypto
2026-08-07 10:00:00+00:00,0.9685426008015242,3,CoinTelegraph
2026-08-07 11:00:00+00:00,-0.7450351807172686,3,CoinTelegraph
2026-08-07 12:00:00+00:00,0.16378109172983168,2,Bloomberg Crypto
2026-08-07 13:00:00+00:00,0.8314845700287371,4,CoinDesk
2026-08-07 14:00:00+00:00,0.27097684004459077,1,CoinTelegraph
2026-08-07 15:00:00+00:00,0.4928626995345442,4,Reuters
2026-08-07 16:00:00+00:00,0.2649368560749663,3,CoinTelegraph
2026-08-07 17:00:00+00:00,-0.002742235360587486,2,Bloomberg Crypto
2026-08-07 18:00:00+00:00,-0.5530236017283714,1,Bloomberg Crypto
2026-08-07 19:00:00+00:00,0.30437470287281776,2,Decrypt
2026-08-07 20:00:00+00:00,-0.03818316751874978,3,Reuters
2026-08-07 21:00:00+00:00,-0.04602863683662378,4,Decrypt
2026-08-07 22:00:00+00:00,0.060248491510429075,1,CoinTelegraph
2026-08-07 23:00:00+00:00,0.8463964488418358,3,Decrypt
2026-08-08 00:00:00+00:00,1.0,2,Bloomberg Crypto
2026-08-08 01:00:00+00:00,0.3133064751619726,6,CoinDesk
2026-08-08 02:00:00+00:00,0.0754029543165394,3,CoinTelegraph
2026-08-08 03:00:00+00:00,-0.17317438697313953,8,Bloomberg Crypto
2026-08-08 04:00:00+00:00,0.40362286840703254,4,CoinTelegraph
2026-08-08 05:00:00+00:00,0.864425286475203,1,Decrypt
2026-08-08 06:00:00+00:00,0.15460925309104073,2,Decrypt
2026-08-08 07:00:00+00:00,-0.5907046303673451,2,CoinTelegraph
2026-08-08 08:00:00+00:00,0.47722248344791696,8,CoinTelegraph
2026-08-08 09:00:00+00:00,0.5883516167097245,0,Decrypt
2026-08-08 10:00:00+00:00,-0.3108321460825815,3,CoinTelegraph
2026-08-08 11:00:00+00:00,0.30673087971580754,6,Decrypt
2026-08-08 12:00:00+00:00,0.4036335716480585,3,CoinTelegraph
2026-08-08 13:00:00+00:00,0.2208554102875953,0,CoinDesk
2026-08-08 14:00:00+00:00,-0.029592919952608487,2,CoinTelegraph
2026-08-08 15:00:00+00:00,0.6034842878644173,3,CoinTelegraph
2026-08-08 16:00:00+00:00,0.1074481150633115,4,Bloomberg Crypto
2026-08-08 17:00:00+00:00,-0.27046396903523373,1,CoinDesk
2026-08-08 18:00:00+00:00,-0.46724933843281774,6,Decrypt
2026-08-08 19:00:00+00:00,0.6920749758253485,3,Decrypt
2026-08-08 20:00:00+00:00,0.4673163033302235,4,Reuters
2026-08-08 21:00:00+00:00,0.2829762631855519,2,CoinDesk
2026-08-08 22:00:00+00:00,0.09878633830865252,5,CoinDesk
2026-08-08 23:00:00+00:00,0.06842527223482414,5,CoinTelegraph
2026-08-09 00:00:00+00:00,-0.12224555008671545,8,Bloomberg Crypto
2026-08-09 01:00:00+00:00,0.10393565186229853,4,Decrypt
2026-08-09 02:00:00+00:00,-0.48640726896166886,2,Decrypt
2026-08-09 03:00:00+00:00,-0.0013256277890328905,3,Bloomberg Crypto
2026-08-09 04:00:00+00:00,0.1481371680474179,2,Bloomberg Crypto
2026-08-09 05:00:00+00:00,0.4710872039993867,1,CoinDesk
2026-08-09 06:00:00+00:00,0.24431404258602085,3,Bloomberg Crypto
2026-08-09 07:00:00+00:00,0.5371657282714185,3,Bloomberg Crypto
2026-08-09 08:00:00+00:00,0.7317894630986612,1,CoinTelegraph
2026-08-09 09:00:00+00:00,0.6305964392573142,1,CoinDesk
2026-08-09 10:00:00+00:00,0.4255552633864775,1,Reuters
2026-08-09 11:00:00+00:00,0.26566383332607096,2,Reuters
2026-08-09 12:00:00+00:00,-0.08113367186142195,2,Decrypt
2026-08-09 13:00:00+00:00,0.5217479295260327,1,Bloomberg Crypto
2026-08-09 14:00:00+00:00,0.8512996091878013,0,CoinTelegraph
2026-08-09 15:00:00+00:00,0.3837407750697064,2,Bloomberg Crypto
2026-08-09 16:00:00+00:00,0.9356551094358991,2,Decrypt
2026-08-09 17:00:00+00:00,-0.2687298448383706,3,Bloomberg Crypto
2026-08-09 18:00:00+00:00,-0.13813599821259892,7,Reuters
2026-08-09 19:00:00+00:00,0.5657377245007396,3,CoinDesk
2026-08-09 20:00:00+00:00,0.3595098464840403,2,Bloomberg Crypto
2026-08-09 21:00:00+00:00,0.7274181657379972,0,Reuters
2026-08-09 22:00:00+00:00,0.2627605047014179,1,Reuters
2026-08-09 23:00:00+00:00,-0.035039610664444276,1,Decrypt
2026-08-10 00:00:00+00:00,0.19456538328850512,4,CoinDesk
2026-08-10 01:00:00+00:00,-0.2665501289276344,3,Decrypt
2026-08-10 02:00:00+00:00,-0.12455623034439683,2,CoinTelegraph
2026-08-10 03:00:00+00:00,0.6113621399687086,3,CoinDesk
2026-08-10 04:00:00+00:00,0.577033552031782,2,CoinTelegraph
2026-08-10 05:00:00+00:00,0.39915564352291755,2,CoinDesk
2026-08-10 06:00:00+00:00,-0.3297318411343139,5,Reuters
2026-08-10 07:00:00+00:00,0.14774013759875307,6,CoinTelegraph
2026-08-10 08:00:00+00:00,-0.15503753363979983,6,CoinDesk
2026-08-10 09:00:00+00:00,0.6860250352813173,5,CoinDesk
2026-08-10 10:00:00+00:00,0.07045653973327562,4,CoinTelegraph
2026-08-10 11:00:00+00:00,-0.10473661095572462,3,CoinDesk
2026-08-10 12:00:00+00:00,0.28621444870808094,2,Decrypt
2026-08-10 13:00:00+00:00,0.05223732642287601,4,Decrypt
2026-08-10 14:00:00+00:00,0.7961022332234431,1,CoinTelegraph
2026-08-10 15:00:00+00:00,0.0201034025209611,2,Reuters
2026-08-10 16:00:00+00:00,-0.21195245757046632,4,Bloomberg Crypto
2026-08-10 17:00:00+00:00,-0.47525722544137217,3,CoinTelegraph
2026-08-10 18:00:00+00:00,0.2679671475762567,3,CoinTelegraph
2026-08-10 19:00:00+00:00,0.08254163946111906,2,CoinTelegraph
2026-08-10 20:00:00+00:00,-0.2204298483267504,2,CoinTelegraph
2026-08-10 21:00:00+00:00,0.696380430086402,2,Decrypt
2026-08-10 22:00:00+00:00,0.5141461863941785,3,CoinTelegraph
2026-08-10 23:00:00+00:00,0.27118814626059884,4,Reuters
2026-08-11 00:00:00+00:00,0.7590274029820621,3,Bloomberg Crypto
2026-08-11 01:00:00+00:00,0.5138444290720832,4,Bloomberg Crypto
2026-08-11 02:00:00+00:00,-0.00560437027759747,2,Reuters
2026-08-11 03:00:00+00:00,-0.08089871437964252,4,CoinTelegraph
2026-08-11 04:00:00+00:00,0.5695497932091111,3,Bloomberg Crypto
2026-08-11 05:00:00+00:00,0.42240735099171517,2,Decrypt
2026-08-11 06:00:00+00:00,0.3435080447125542,4,Bloomberg Crypto
2026-08-11 07:00:00+00:00,-0.011765757000466337,2,Reuters
2026-08-11 08:00:00+00:00,0.49769700128944283,4,Bloomberg Crypto
2026-08-11 09:00:00+00:00,0.02089234579166377,8,Reuters
2026-08-11 10:00:00+00:00,0.25001794361133156,3,CoinTelegraph
2026-08-11 11:00:00+00:00,0.7925347502245766,3,Bloomberg Crypto
2026-08-11 12:00:00+00:00,0.055198043923025325,0,Reuters
2026-08-11 13:00:00+00:00,-0.2636757919979301,4,Decrypt
2026-08-11 14:00:00+00:00,-0.08114596064802693,2,Decrypt
2026-08-11 15:00:00+00:00,0.6356199344368567,3,CoinDesk
2026-08-11 16:00:00+00:00,0.37713570498099613,4,Bloomberg Crypto
2026-08-11 17:00:00+00:00,0.24323185262062627,6,CoinTelegraph
2026-08-11 18:00:00+00:00,0.11050989137719483,6,CoinDesk
2026-08-11 19:00:00+00:00,0.45891713221286107,1,Bloomberg Crypto
2026-08-11 20:00:00+00:00,-0.007802445139205472,2,Decrypt
2026-08-11 21:00:00+00:00,0.3967049303213645,4,CoinTelegraph
2026-08-11 22:00:00+00:00,0.03411524499704821,1,Decrypt
2026-08-11 23:00:00+00:00,-0.023799449939049977,2,Bloomberg Crypto
2026-08-12 00:00:00+00:00,0.06758234552856773,2,CoinTelegraph
2026-08-12 01:00:00+00:00,0.1596265702860652,4,CoinTelegraph
2026-08-12 02:00:00+00:00,0.27423957298808854,3,CoinDesk
2026-08-12 03:00:00+00:00,0.37404498727760827,4,CoinTelegraph
2026-08-12 04:00:00+00:00,-0.9989923508299772,4,Bloomberg Crypto
2026-08-12 05:00:00+00:00,0.00955244134035843,2,Reuters
2026-08-12 06:00:00+00:00,0.15546986760254447,4,Reuters
2026-08-12 07:00:00+00:00,0.8195748787026255,6,CoinTelegraph
2026-08-12 08:00:00+00:00,-0.08491936510059184,4,Reuters
2026-08-12 09:00:00+00:00,0.3503333187866661,4,Bloomberg Crypto
2026-08-12 10:00:00+00:00,0.8168826323976176,3,CoinDesk
2026-08-12 11:00:00+00:00,-0.16565487798789869,3,Decrypt
2026-08-12 12:00:00+00:00,0.4320320771610301,3,Decrypt
2026-08-12 13:00:00+00:00,0.0135967992044006,3,Bloomberg Crypto
2026-08-12 14:00:00+00:00,0.11801587195916782,2,CoinDesk
2026-08-12 15:00:00+00:00,0.013789173710334612,2,Bloomberg Crypto
2026-08-12 16:00:00+00:00,0.03896273018652269,4,CoinTelegraph
2026-08-12 17:00:00+00:00,1.0,3,CoinDesk
2026-08-12 18:00:00+00:00,0.5911255872519011,1,Reuters
2026-08-12 19:00:00+00:00,0.681392696614322,4,CoinTelegraph
2026-08-12 20:00:00+00:00,0.4681951002602707,3,Reuters
2026-08-12 21:00:00+00:00,-0.26598504322248945,2,CoinTelegraph
2026-08-12 22:00:00+00:00,0.43464208931226656,3,CoinTelegraph
2026-08-12 23:00:00+00:00,0.6721286421472734,2,CoinTelegraph
2026-08-13 00:00:00+00:00,-0.0018955547225792957,1,CoinTelegraph
2026-08-13 01:00:00+00:00,0.6348440820325999,3,CoinDesk
2026-08-13 02:00:00+00:00,0.5436774090885943,1,CoinDesk
2026-08-13 03:00:00+00:00,0.9455482348828206,1,CoinTelegraph
2026-08-13 04:00:00+00:00,0.1512791415900204,3,Bloomberg Crypto
2026-08-13 05:00:00+00:00,-0.0864971809711248,0,CoinTelegraph
2026-08-13 06:00:00+00:00,0.17125477845693082,5,CoinTelegraph
2026-08-13 07:00:00+00:00,0.8004269023874924,3,Bloomberg Crypto
2026-08-13 08:00:00+00:00,-0.3418180841638337,1,Bloomberg Crypto
2026-08-13 09:00:00+00:00,-0.42566612833267575,2,CoinTelegraph
2026-08-13 10:00:00+00:00,0.3296895935995208,0,Decrypt
2026-08-13 11:00:00+00:00,0.14362534085925444,2,Decrypt
2026-08-13 12:00:00+00:00,0.3013611743358321,2,Bloomberg Crypto
2026-08-13 13:00:00+00:00,0.6296348187767064,2,CoinTelegraph
2026-08-13 14:00:00+00:00,0.10549018133878393,3,Reuters
2026-08-13 15:00:00+00:00,-0.35655437029946624,1,Reuters
2026-08-13 16:00:00+00:00,1.0,4,CoinTelegraph
2026-08-13 17:00:00+00:00,-0.04983240867112504,4,CoinTelegraph
2026-08-13 18:00:00+00:00,-0.07137390111225855,2,CoinTelegraph
2026-08-13 19:00:00+00:00,0.6856771530625263,2,Reuters
2026-08-13 20:00:00+00:00,0.16488446797702624,3,Reuters
2026-08-13 21:00:00+00:00,0.27734417813448536,1,Bloomberg Crypto
2026-08-13 22:00:00+00:00,0.46857658830765403,4,CoinDesk
2026-08-13 23:00:00+00:00,0.6789180007640084,1,Bloomberg Crypto
2026-08-14 00:00:00+00:00,0.1830109919170488,1,Bloomberg Crypto
2026-08-14 01:00:00+00:00,0.8317582054419097,3,Decrypt
2026-08-14 02:00:00+00:00,-0.44770772683527055,4,Bloomberg Crypto
2026-08-14 03:00:00+00:00,0.5657894171397841,4,Bloomberg Crypto
2026-08-14 04:00:00+00:00,0.006065349246973273,5,Bloomberg Crypto
2026-08-14 05:00:00+00:00,0.7802255114067641,1,Bloomberg Crypto
2026-08-14 06:00:00+00:00,0.34967111935342565,6,CoinDesk
2026-08-14 07:00:00+00:00,0.06445813139313078,8,Decrypt
2026-08-14 08:00:00+00:00,0.531983270292451,5,Reuters
2026-08-14 09:00:00+00:00,0.612613143443395,6,CoinTelegraph
2026-08-14 10:00:00+00:00,0.5246629430005234,3,Reuters
2026-08-14 11:00:00+00:00,-0.060396461950714075,0,Decrypt
2026-08-14 12:00:00+00:00,0.13058289446715,3,Bloomberg Crypto
2026-08-14 13:00:00+00:00,0.2985495046039191,2,Reuters
2026-08-14 14:00:00+00:00,0.28551467333521374,3,Bloomberg Crypto
2026-08-14 15:00:00+00:00,0.562341466997389,4,CoinDesk
2026-08-14 16:00:00+00:00,-0.40531543682415944,1,CoinDesk
2026-08-14 17:00:00+00:00,0.41687835329993345,3,Decrypt
2026-08-14 18:00:00+00:00,0.19832874616908744,3,Reuters
2026-08-14 19:00:00+00:00,0.006299787637521759,5,CoinDesk
2026-08-14 20:00:00+00:00,0.039851862311309216,6,Decrypt
2026-08-14 21:00:00+00:00,0.22457573209422282,2,Decrypt
2026-08-14 22:00:00+00:00,-0.9607797416742883,4,Decrypt
2026-08-14 23:00:00+00:00,0.0540792765696268,3,Reuters
2026-08-15 00:00:00+00:00,-0.007079528284645031,3,Reuters
2026-08-15 01:00:00+00:00,0.4858492715225362,2,Decrypt
2026-08-15 02:00:00+00:00,0.01735475271329362,3,CoinTelegraph
2026-08-15 03:00:00+00:00,0.22390766187277525,1,Reuters
2026-08-15 04:00:00+00:00,0.8388971706589602,3,Reuters
2026-08-15 05:00:00+00:00,0.6470207024616492,2,CoinTelegraph
2026-08-15 06:00:00+00:00,0.6146844424605908,1,Reuters
2026-08-15 07:00:00+00:00,0.12382034820035562,4,Reuters
2026-08-15 08:00:00+00:00,0.48871770947572096,2,CoinDesk
2026-08-15 09:00:00+00:00,0.21666736317145135,5,CoinTelegraph
2026-08-15 10:00:00+00:00,0.22976862223652816,4,CoinDesk
2026-08-15 11:00:00+00:00,0.4416552423794782,3,CoinTelegraph
2026-08-15 12:00:00+00:00,0.08917621818352711,5,CoinTelegraph
2026-08-15 13:00:00+00:00,0.8205281413353456,2,CoinTelegraph
2026-08-15 14:00:00+00:00,0.24177906787804426,6,Reuters
2026-08-15 15:00:00+00:00,0.5140928610162625,2,Decrypt
2026-08-15 16:00:00+00:00,0.8069633637098415,2,Bloomberg Crypto
2026-08-15 17:00:00+00:00,0.6584130402993477,3,Decrypt
2026-08-15 18:00:00+00:00,-0.19596195030201663,3,Reuters
2026-08-15 19:00:00+00:00,0.45269331177966565,3,Reuters
2026-08-15 20:00:00+00:00,0.5945460492523365,3,Bloomberg Crypto
2026-08-15 21:00:00+00:00,0.6087553348259644,6,Reuters
2026-08-15 22:00:00+00:00,-0.09324639224101161,5,CoinTelegraph
2026-08-15 23:00:00+00:00,0.06624249976213273,4,CoinDesk
2026-08-16 00:00:00+00:00,0.6440927623770649,3,CoinDesk
2026-08-16 01:00:00+00:00,0.02916831525022323,2,CoinTelegraph
2026-08-16 02:00:00+00:00,0.19067241219430847,2,Decrypt
2026-08-16 03:00:00+00:00,0.8468986783513168,1,CoinDesk
2026-08-16 04:00:00+00:00,0.27838305049740664,2,CoinTelegraph
2026-08-16 05:00:00+00:00,0.040507017352149954,3,Decrypt
2026-08-16 06:00:00+00:00,-0.012528393141616467,3,CoinDesk
2026-08-16 07:00:00+00:00,0.4108437064362988,4,CoinTelegraph
2026-08-16 08:00:00+00:00,-0.17246105485853347,0,CoinDesk
2026-08-16 09:00:00+00:00,0.20731652012990082,1,CoinDesk
2026-08-16 10:00:00+00:00,0.4102527112365825,3,CoinDesk
2026-08-16 11:00:00+00:00,0.7480569396433807,3,Bloomberg Crypto
2026-08-16 12:00:00+00:00,0.5267233759626533,6,Decrypt
2026-08-16 13:00:00+00:00,0.042880373895947954,2,CoinDesk
2026-08-16 14:00:00+00:00,0.7049661208244606,3,CoinTelegraph
2026-08-16 15:00:00+00:00,0.18739987341010939,2,Bloomberg Crypto
2026-08-16 16:00:00+00:00,-0.14056055654731442,5,Reuters
2026-08-16 17:00:00+00:00,0.2314209832458033,3,Reuters
2026-08-16 18:00:00+00:00,0.7946892359658808,2,Decrypt
2026-08-16 19:00:00+00:00,0.3488531940781761,1,CoinTelegraph
2026-08-16 20:00:00+00:00,0.2950856002327475,2,Bloomberg Crypto
2026-08-16 21:00:00+00:00,0.8634054105532181,10,CoinTelegraph
2026-08-16 22:00:00+00:00,-0.2109198523874658,4,Bloomberg Crypto
2026-08-16 23:00:00+00:00,-0.16023770862201325,5,Bloomberg Crypto
2026-08-17 00:00:00+00:00,-0.276162012131018,3,Reuters
2026-08-17 01:00:00+00:00,0.41946802983726433,3,Decrypt
2026-08-17 02:00:00+00:00,0.3469653177265382,2,Decrypt
2026-08-17 03:00:00+00:00,0.8282966637096121,3,CoinTelegraph
2026-08-17 04:00:00+00:00,0.3731960838957935,2,Bloomberg Crypto
2026-08-17 05:00:00+00:00,0.1461603392784332,0,Bloomberg Crypto
2026-08-17 06:00:00+00:00,0.2878737620138497,2,CoinDesk
2026-08-17 07:00:00+00:00,0.328068044438907,3,Decrypt
2026-08-17 08:00:00+00:00,-0.29862641920828153,2,Bloomberg Crypto
2026-08-17 09:00:00+00:00,1.0,3,CoinTelegraph
2026-08-17 10:00:00+00:00,0.4676681290547884,6,Reuters
2026-08-17 11:00:00+00:00,0.3588198626964527,1,Reuters
2026-08-17 12:00:00+00:00,0.5002227473349327,3,Decrypt
2026-08-17 13:00:00+00:00,0.5328023172089635,1,Decrypt
2026-08-17 14:00:00+00:00,0.23490260599697205,5,CoinDesk
2026-08-17 15:00:00+00:00,0.06274451854389779,4,Decrypt
2026-08-17 16:00:00+00:00,0.4930639928628566,2,Bloomberg Crypto
2026-08-17 17:00:00+00:00,0.4178271372031346,3,Bloomberg Crypto
2026-08-17 18:00:00+00:00,-0.0010663394274383897,2,Bloomberg Crypto
2026-08-17 19:00:00+00:00,0.7786192813611116,2,Bloomberg Crypto
2026-08-17 20:00:00+00:00,0.38418643023530363,5,CoinDesk
2026-08-17 21:00:00+00:00,0.5365011806823006,1,Decrypt
2026-08-17 22:00:00+00:00,0.767782695481916,2,Decrypt
2026-08-17 23:00:00+00:00,0.28781225605457,5,Decrypt
2026-08-18 00:00:00+00:00,0.39061996639679497,3,CoinDesk
2026-08-18 01:00:00+00:00,0.5627267127885347,5,CoinDesk
2026-08-18 02:00:00+00:00,0.025041044090934494,1,Bloomberg Crypto
2026-08-18 03:00:00+00:00,0.29718058706985934,3,CoinDesk
2026-08-18 04:00:00+00:00,0.32171943848605716,5,CoinDesk
2026-08-18 05:00:00+00:00,-0.05733327643125952,4,CoinTelegraph
2026-08-18 06:00:00+00:00,1.0,2,Bloomberg Crypto
2026-08-18 07:00:00+00:00,-0.21626131890735,2,Bloomberg Crypto
2026-08-18 08:00:00+00:00,-0.17855057537492125,3,CoinTelegraph
2026-08-18 09:00:00+00:00,0.735254389314071,3,Decrypt
2026-08-18 10:00:00+00:00,0.5244024742589766,5,CoinTelegraph
2026-08-18 11:00:00+00:00,-0.08484928966267202,3,CoinTelegraph
2026-08-18 12:00:00+00:00,0.48626358267681113,2,CoinTelegraph
2026-08-18 13:00:00+00:00,0.7869290447773241,6,CoinDesk
2026-08-18 14:00:00+00:00,0.2620532210429061,5,CoinTelegraph
2026-08-18 15:00:00+00:00,1.0,4,Reuters
2026-08-18 16:00:00+00:00,-0.3318636768363931,3,CoinTelegraph
2026-08-18 17:00:00+00:00,0.5138449495480915,5,Decrypt
2026-08-18 18:00:00+00:00,0.6787354229169171,6,Decrypt
2026-08-18 19:00:00+00:00,0.5818596264575095,0,Decrypt
2026-08-18 20:00:00+00:00,0.19779851373429386,6,CoinTelegraph
2026-08-18 21:00:00+00:00,0.16709726851657042,2,Bloomberg Crypto
2026-08-18 22:00:00+00:00,0.42362638883631765,3,Decrypt
2026-08-18 23:00:00+00:00,0.5531084742660897,5,CoinTelegraph
2026-08-19 00:00:00+00:00,0.4778739756292304,3,Decrypt
2026-08-19 01:00:00+00:00,0.6304374585665348,3,CoinDesk
2026-08-19 02:00:00+00:00,-0.0907832985131159,4,CoinDesk
2026-08-19 03:00:00+00:00,0.18550041028973738,2,CoinTelegraph
2026-08-19 04:00:00+00:00,-0.06439116875655704,4,Decrypt
2026-08-19 05:00:00+00:00,0.1288641895619113,1,Decrypt
2026-08-19 06:00:00+00:00,0.6187153375452739,5,Reuters
2026-08-19 07:00:00+00:00,0.30056188379710297,2,Decrypt
2026-08-19 08:00:00+00:00,1.0,2,Bloomberg Crypto
2026-08-19 09:00:00+00:00,0.32920412412919836,6,CoinDesk
2026-08-19 10:00:00+00:00,0.2817689750068912,3,Decrypt
2026-08-19 11:00:00+00:00,0.29740092822295533,2,Bloomberg Crypto
2026-08-19 12:00:00+00:00,0.03635913380798425,2,CoinTelegraph
2026-08-19 13:00:00+00:00,0.23869982408281604,3,CoinDesk
2026-08-19 14:00:00+00:00,0.6530141142557752,4,CoinTelegraph
2026-08-19 15:00:00+00:00,0.29751892132746144,2,Decrypt
2026-08-19 16:00:00+00:00,-0.020745606688913232,5,CoinTelegraph
2026-08-19 17:00:00+00:00,-0.06748296624257316,1,CoinDesk
2026-08-19 18:00:00+00:00,0.09805259424734794,3,CoinTelegraph
2026-08-19 19:00:00+00:00,0.28079732950206726,2,CoinTelegraph
2026-08-19 20:00:00+00:00,0.6720175642845412,3,CoinTelegraph
2026-08-19 21:00:00+00:00,-0.2155963072723333,2,Bloomberg Crypto
2026-08-19 22:00:00+00:00,0.14094326394537127,6,Bloomberg Crypto
2026-08-19 23:00:00+00:00,0.3026940284926214,2,Decrypt
2026-08-20 00:00:00+00:00,-0.3903131071049689,3,CoinTelegraph
2026-08-20 01:00:00+00:00,-0.04098175521265107,4,Bloomberg Crypto
2026-08-20 02:00:00+00:00,0.012105742643906348,3,CoinDesk
2026-08-20 03:00:00+00:00,-0.02923844293793096,5,CoinDesk
2026-08-20 04:00:00+00:00,0.315792366909928,3,CoinTelegraph
2026-08-20 05:00:00+00:00,0.19171039629154457,5,Decrypt
2026-08-20 06:00:00+00:00,0.052826765816903654,3,Bloomberg Crypto
2026-08-20 07:00:00+00:00,0.39622988528414704,2,Bloomberg Crypto
2026-08-20 08:00:00+00:00,0.8487806171766124,1,Bloomberg Crypto
2026-08-20 09:00:00+00:00,0.8187011962933883,1,Decrypt
2026-08-20 10:00:00+00:00,-0.42875629216935157,0,Reuters
2026-08-20 11:00:00+00:00,0.4454369820445072,3,Bloomberg Crypto
2026-08-20 12:00:00+00:00,0.18039694679014132,2,CoinTelegraph
2026-08-20 13:00:00+00:00,0.2962483538991591,2,Bloomberg Crypto
2026-08-20 14:00:00+00:00,0.10177932680995466,1,Bloomberg Crypto
2026-08-20 15:00:00+00:00,0.28156434691292453,4,Reuters
2026-08-20 16:00:00+00:00,0.292626400491116,4,CoinTelegraph
2026-08-20 17:00:00+00:00,0.036221744062662126,6,CoinTelegraph
2026-08-20 18:00:00+00:00,-0.07565715905316803,1,CoinTelegraph
2026-08-20 19:00:00+00:00,0.08024020811021396,3,Bloomberg Crypto
2026-08-20 20:00:00+00:00,0.31848225930902635,0,Bloomberg Crypto
2026-08-20 21:00:00+00:00,0.44534367611310666,1,CoinDesk
2026-08-20 22:00:00+00:00,0.5335661731721706,8,Reuters
2026-08-20 23:00:00+00:00,0.061122247247814204,3,CoinTelegraph
2026-08-21 00:00:00+00:00,0.33262474264804615,2,CoinTelegraph
2026-08-21 01:00:00+00:00,0.5693411195937674,2,CoinDesk
2026-08-21 02:00:00+00:00,0.6396051886501954,2,Bloomberg Crypto
2026-08-21 03:00:00+00:00,0.21023294911914903,3,CoinDesk
2026-08-21 04:00:00+00:00,0.15267154206118433,4,CoinDesk
2026-08-21 05:00:00+00:00,0.29606006567990023,1,Bloomberg Crypto
2026-08-21 06:00:00+00:00,-0.17406633791585888,5,Decrypt
2026-08-21 07:00:00+00:00,0.1597284136811422,5,Reuters
2026-08-21 08:00:00+00:00,0.4872532336873999,4,Decrypt
2026-08-21 09:00:00+00:00,0.4504815435648989,1,Decrypt
2026-08-21 10:00:00+00:00,0.13035425883400956,6,Reuters
2026-08-21 11:00:00+00:00,0.3002929966894756,1,Decrypt
2026-08-21 12:00:00+00:00,-0.06539643714033114,5,Bloomberg Crypto
2026-08-21 13:00:00+00:00,0.4685888551333378,3,Decrypt
2026-08-21 14:00:00+00:00,0.19426040355316734,3,Decrypt
2026-08-21 15:00:00+00:00,0.12404209879554741,6,Decrypt
2026-08-21 16:00:00+00:00,0.093144878851389,0,Bloomberg Crypto
2026-08-21 17:00:00+00:00,0.19685441281099714,1,CoinDesk
2026-08-21 18:00:00+00:00,0.06122508170438459,4,CoinTelegraph
2026-08-21 19:00:00+00:00,0.44744327408967177,5,Reuters
2026-08-21 20:00:00+00:00,0.07785090306049516,10,Reuters
2026-08-21 21:00:00+00:00,0.7728405077123727,3,Bloomberg Crypto
2026-08-21 22:00:00+00:00,0.7272256920313729,4,CoinTelegraph
2026-08-21 23:00:00+00:00,-0.09854323476454391,6,Decrypt
2026-08-22 00:00:00+00:00,0.2369844977795869,2,Reuters
2026-08-22 01:00:00+00:00,-0.01605473443551486,3,Decrypt
2026-08-22 02:00:00+00:00,0.09643159513473368,7,Bloomberg Crypto
2026-08-22 03:00:00+00:00,0.9106871117911742,3,Bloomberg Crypto
2026-08-22 04:00:00+00:00,0.10126287168853222,5,Bloomberg Crypto
2026-08-22 05:00:00+00:00,0.33406348104319417,4,CoinDesk
2026-08-22 06:00:00+00:00,0.39651446937578894,5,Bloomberg Crypto
2026-08-22 07:00:00+00:00,-0.14410445020203355,3,Decrypt
2026-08-22 08:00:00+00:00,-0.09410758955583734,3,CoinDesk
2026-08-22 09:00:00+00:00,-0.21787580714973648,6,Decrypt
2026-08-22 10:00:00+00:00,-0.10680532015021438,1,Bloomberg Crypto
2026-08-22 11:00:00+00:00,-0.7951774526111286,3,CoinDesk
2026-08-22 12:00:00+00:00,0.3919818275480298,1,CoinTelegraph
2026-08-22 13:00:00+00:00,0.9193870037036855,2,Bloomberg Crypto
2026-08-22 14:00:00+00:00,0.25119387805207055,4,CoinDesk
2026-08-22 15:00:00+00:00,-0.2972037152965282,2,CoinDesk
2026-08-22 16:00:00+00:00,-0.02745125860556566,3,CoinDesk
2026-08-22 17:00:00+00:00,0.03594001140397712,2,Reuters
2026-08-22 18:00:00+00:00,-0.16058497326106658,2,CoinDesk
2026-08-22 19:00:00+00:00,0.4956527917487994,4,CoinTelegraph
2026-08-22 20:00:00+00:00,0.47719544950023274,1,Bloomberg Crypto
2026-08-22 21:00:00+00:00,-0.2117917138652103,2,Bloomberg Crypto
2026-08-22 22:00:00+00:00,0.44540319217208635,2,Bloomberg Crypto
2026-08-22 23:00:00+00:00,0.7250141225190971,2,CoinDesk
2026-08-23 00:00:00+00:00,0.8555263951865506,1,Bloomberg Crypto
2026-08-23 01:00:00+00:00,1.0,2,CoinTelegraph
2026-08-23 02:00:00+00:00,-0.12807425540954376,5,Reuters
2026-08-23 03:00:00+00:00,1.0,4,CoinTelegraph
2026-08-23 04:00:00+00:00,0.06162918500067621,4,Reuters
2026-08-23 05:00:00+00:00,-0.02277752939418165,3,Bloomberg Crypto
2026-08-23 06:00:00+00:00,0.2980412515878639,3,Decrypt
2026-08-23 07:00:00+00:00,-0.02117840589801509,0,Reuters
2026-08-23 08:00:00+00:00,0.3211822701209392,2,CoinTelegraph
2026-08-23 09:00:00+00:00,-0.2815397967405777,1,CoinTelegraph
2026-08-23 10:00:00+00:00,0.0958908635995729,1,Decrypt
2026-08-23 11:00:00+00:00,0.6283717881148174,5,Reuters
2026-08-23 12:00:00+00:00,0.15740698145817025,3,Reuters
2026-08-23 13:00:00+00:00,0.22589410104670127,1,CoinTelegraph
2026-08-23 14:00:00+00:00,0.34162996373957055,4,Reuters
2026-08-23 15:00:00+00:00,0.583971652297323,5,Decrypt
2026-08-23 16:00:00+00:00,-0.40614116430078273,2,Reuters
2026-08-23 17:00:00+00:00,0.3767150985144009,1,Reuters
2026-08-23 18:00:00+00:00,0.07722398907291925,4,Decrypt
2026-08-23 19:00:00+00:00,0.22833379024647973,5,Bloomberg Crypto
2026-08-23 20:00:00+00:00,0.5399277766993089,5,Reuters
2026-08-23 21:00:00+00:00,-0.25008854927109186,2,CoinTelegraph
2026-08-23 22:00:00+00:00,-0.18762032350796665,5,CoinDesk
2026-08-23 23:00:00+00:00,-0.511669891949546,4,CoinTelegraph
2026-08-24 00:00:00+00:00,-0.02755274213190506,4,CoinTelegraph
2026-08-24 01:00:00+00:00,0.6292234520947826,3,Bloomberg Crypto
2026-08-24 02:00:00+00:00,0.1202828302310806,0,Bloomberg Crypto
2026-08-24 03:00:00+00:00,-0.30764216201768385,5,CoinTelegraph
2026-08-24 04:00:00+00:00,-0.009675793116972586,2,Reuters
2026-08-24 05:00:00+00:00,-0.3615325817731371,5,CoinTelegraph
2026-08-24 06:00:00+00:00,-0.23569182301319336,5,Reuters
2026-08-24 07:00:00+00:00,0.29311130080196524,2,Decrypt
2026-08-24 08:00:00+00:00,-0.2549325205604541,5,Decrypt
2026-08-24 09:00:00+00:00,0.5442407241259115,5,Bloomberg Crypto
2026-08-24 10:00:00+00:00,0.12881932184791028,2,CoinDesk
2026-08-24 11:00:00+00:00,0.1825594295362168,6,CoinDesk
2026-08-24 12:00:00+00:00,0.054057777753693664,2,Bloomberg Crypto
2026-08-24 13:00:00+00:00,0.42086928752403696,3,Decrypt
2026-08-24 14:00:00+00:00,0.423359947394108,3,Bloomberg Crypto
2026-08-24 15:00:00+00:00,0.26540168821725396,6,Decrypt
2026-08-24 16:00:00+00:00,0.3446847869963961,6,Reuters
2026-08-24 17:00:00+00:00,0.07165042766045845,2,Decrypt
2026-08-24 18:00:00+00:00,0.3345233749465336,1,Decrypt
2026-08-24 19:00:00+00:00,0.025362930618904184,4,Decrypt
2026-08-24 20:00:00+00:00,0.14326638937695652,3,CoinDesk
2026-08-24 21:00:00+00:00,0.04522254002395654,2,Decrypt
2026-08-24 22:00:00+00:00,-0.01981872361431755,4,CoinTelegraph
2026-08-24 23:00:00+00:00,-0.10212404793177018,1,Reuters
2026-08-25 00:00:00+00:00,0.30161135818624296,3,CoinDesk
2026-08-25 01:00:00+00:00,0.5954840775372504,2,CoinTelegraph
2026-08-25 02:00:00+00:00,0.5455073512640385,2,CoinDesk
2026-08-25 03:00:00+00:00,-0.3053290650587789,5,CoinDesk
2026-08-25 04:00:00+00:00,0.5845345214237907,2,CoinTelegraph
2026-08-25 05:00:00+00:00,0.020800159738875168,1,Bloomberg Crypto
2026-08-25 06:00:00+00:00,0.34125192488777684,3,Bloomberg Crypto
2026-08-25 07:00:00+00:00,-0.18734268845139312,0,Decrypt
2026-08-25 08:00:00+00:00,0.17836055122964717,3,CoinTelegraph
2026-08-25 09:00:00+00:00,0.23730321600478466,3,Decrypt
2026-08-25 10:00:00+00:00,-0.39328141593304977,1,Bloomberg Crypto
2026-08-25 11:00:00+00:00,0.3380515890041619,1,CoinTelegraph
2026-08-25 12:00:00+00:00,0.5950608350782829,3,CoinTelegraph
2026-08-25 13:00:00+00:00,0.061680006656116844,6,CoinTelegraph
2026-08-25 14:00:00+00:00,0.5976865642978046,3,Decrypt
2026-08-25 15:00:00+00:00,0.054053674053451004,4,CoinDesk
2026-08-25 16:00:00+00:00,0.4166174301510833,4,CoinDesk
2026-08-25 17:00:00+00:00,-0.6584224050859435,2,CoinDesk
2026-08-25 18:00:00+00:00,0.9634613576189487,2,CoinTelegraph
2026-08-25 19:00:00+00:00,0.639109407708118,2,Bloomberg Crypto
2026-08-25 20:00:00+00:00,0.01488783959121176,1,Decrypt
2026-08-25 21:00:00+00:00,-0.5769187697641464,3,Decrypt
2026-08-25 22:00:00+00:00,0.21292584334406311,2,Bloomberg Crypto
2026-08-25 23:00:00+00:00,-0.39445657860861283,3,CoinDesk
2026-08-26 00:00:00+00:00,0.2654154951943024,1,Reuters
2026-08-26 01:00:00+00:00,0.25256212092643054,3,Bloomberg Crypto
2026-08-26 02:00:00+00:00,-0.22218163750077063,5,CoinDesk
2026-08-26 03:00:00+00:00,0.49844129491794487,2,CoinTelegraph
2026-08-26 04:00:00+00:00,0.38684538255752926,1,Bloomberg Crypto
2026-08-26 05:00:00+00:00,0.44522186185221796,1,CoinDesk
2026-08-26 06:00:00+00:00,0.10557142703447162,6,Decrypt
2026-08-26 07:00:00+00:00,-0.39417655354156295,7,Reuters
2026-08-26 08:00:00+00:00,0.4422959289493553,0,Reuters
2026-08-26 09:00:00+00:00,0.004192554969834075,0,Reuters
2026-08-26 10:00:00+00:00,-0.3888204247038394,1,CoinDesk
2026-08-26 11:00:00+00:00,0.5695946765987249,1,CoinDesk
2026-08-26 12:00:00+00:00,0.8299500187526103,3,CoinTelegraph
2026-08-26 13:00:00+00:00,0.079495267138028,4,Reuters
2026-08-26 14:00:00+00:00,0.8483975024236383,3,Decrypt
2026-08-26 15:00:00+00:00,0.12343652241085976,3,Reuters
2026-08-26 16:00:00+00:00,-0.04291362416752116,2,Bloomberg Crypto
2026-08-26 17:00:00+00:00,-0.1316466131828698,5,Bloomberg Crypto
2026-08-26 18:00:00+00:00,0.6607589434874653,3,Decrypt
2026-08-26 19:00:00+00:00,-0.18650562862153558,5,CoinDesk
2026-08-26 20:00:00+00:00,0.3426520146755473,2,Reuters
2026-08-26 21:00:00+00:00,-0.11163813971095662,2,Bloomberg Crypto
2026-08-26 22:00:00+00:00,-0.07827827497178623,1,Decrypt
2026-08-26 23:00:00+00:00,0.442174840149581,4,CoinTelegraph
2026-08-27 00:00:00+00:00,-0.0526686046526197,4,Bloomberg Crypto
2026-08-27 01:00:00+00:00,-0.06257873497869987,2,Bloomberg Crypto
2026-08-27 02:00:00+00:00,0.47433518313212375,2,Reuters
2026-08-27 03:00:00+00:00,0.6356950411624243,5,CoinDesk
2026-08-27 04:00:00+00:00,0.3009984503149284,3,Bloomberg Crypto
2026-08-27 05:00:00+00:00,-0.1550627673240998,2,Bloomberg Crypto
2026-08-27 06:00:00+00:00,-0.1058580581253716,4,Reuters
2026-08-27 07:00:00+00:00,0.09957217211079947,4,CoinDesk
2026-08-27 08:00:00+00:00,0.1826729385451031,0,CoinTelegraph
2026-08-27 09:00:00+00:00,-0.2766613674797356,7,CoinTelegraph
2026-08-27 10:00:00+00:00,0.3208979845054405,5,CoinTelegraph
2026-08-27 11:00:00+00:00,0.09650611927510974,2,CoinTelegraph
2026-08-27 12:00:00+00:00,-0.5351809424043845,2,CoinDesk
2026-08-27 13:00:00+00:00,-0.2610679942293168,3,CoinTelegraph
2026-08-27 14:00:00+00:00,-0.11365064198916693,5,Reuters
2026-08-27 15:00:00+00:00,0.03603115886621813,2,Reuters
2026-08-27 16:00:00+00:00,0.7215147449655895,2,Reuters
2026-08-27 17:00:00+00:00,0.14236182408694398,2,CoinTelegraph
2026-08-27 18:00:00+00:00,-0.23653468687326773,4,Reuters
2026-08-27 19:00:00+00:00,0.13368879446048115,7,Reuters
2026-08-27 20:00:00+00:00,-0.0680312061115527,3,Decrypt
2026-08-27 21:00:00+00:00,0.16759535955440857,4,CoinTelegraph
2026-08-27 22:00:00+00:00,0.25585813758889475,6,Reuters
2026-08-27 23:00:00+00:00,0.4746186697828235,2,CoinDesk
2026-08-28 00:00:00+00:00,0.04161521416612741,4,Reuters
2026-08-28 01:00:00+00:00,0.6224782885414981,0,Decrypt
2026-08-28 02:00:00+00:00,0.36537574741860757,2,CoinDesk
2026-08-28 03:00:00+00:00,-0.2013111944849803,3,CoinDesk
2026-08-28 04:00:00+00:00,0.8184661025153601,3,Bloomberg Crypto
2026-08-28 05:00:00+00:00,0.1581878387204972,6,Decrypt
2026-08-28 06:00:00+00:00,-0.2498314878251679,3,Decrypt
2026-08-28 07:00:00+00:00,0.6197031995646273,5,Reuters
2026-08-28 08:00:00+00:00,0.7671265667797152,3,Decrypt
2026-08-28 09:00:00+00:00,0.027065610933929892,3,CoinDesk
2026-08-28 10:00:00+00:00,-0.1389338119654214,2,CoinDesk
2026-08-28 11:00:00+00:00,-0.024268821638974473,2,Reuters
2026-08-28 12:00:00+00:00,0.2849364845098452,2,CoinDesk
2026-08-28 13:00:00+00:00,0.4807475313971892,2,Reuters
2026-08-28 14:00:00+00:00,0.23188496980150142,6,Bloomberg Crypto
2026-08-28 15:00:00+00:00,0.06653363219935038,3,Decrypt
2026-08-28 16:00:00+00:00,0.5539501612264124,0,Decrypt
2026-08-28 17:00:00+00:00,-0.08113174062287291,3,Decrypt
2026-08-28 18:00:00+00:00,0.38789725143773063,5,Bloomberg Crypto
2026-08-28 19:00:00+00:00,-0.07503253980171185,4,Decrypt
2026-08-28 20:00:00+00:00,0.1753609539029398,3,Bloomberg Crypto
2026-08-28 21:00:00+00:00,-0.016530953906617817,0,Bloomberg Crypto
2026-08-28 22:00:00+00:00,0.002380275040939451,3,Reuters
2026-08-28 23:00:00+00:00,-0.11144455307107666,4,CoinTelegraph
2026-08-29 00:00:00+00:00,0.49005144574803955,4,CoinTelegraph
2026-08-29 01:00:00+00:00,-0.23846013012824896,4,Reuters
2026-08-29 02:00:00+00:00,-0.24230619136186576,5,Reuters
2026-08-29 03:00:00+00:00,0.7578336482127663,3,Reuters
2026-08-29 04:00:00+00:00,0.3564430641257463,4,Decrypt
2026-08-29 05:00:00+00:00,-0.821883124641202,2,CoinDesk
2026-08-29 06:00:00+00:00,-0.1862238744559886,3,Reuters
2026-08-29 07:00:00+00:00,-0.6238697846598941,1,Bloomberg Crypto
2026-08-29 08:00:00+00:00,-0.3237056512412648,3,CoinTelegraph
2026-08-29 09:00:00+00:00,-1.0,1,Decrypt
2026-08-29 10:00:00+00:00,-0.04149152296201163,3,CoinDesk
2026-08-29 11:00:00+00:00,-0.39451562985970834,3,CoinTelegraph
2026-08-29 12:00:00+00:00,0.024839928701257234,1,CoinTelegraph
2026-08-29 13:00:00+00:00,-0.5662103415422752,1,CoinTelegraph
2026-08-29 14:00:00+00:00,0.030310210099087846,6,Bloomberg Crypto
2026-08-29 15:00:00+00:00,-0.14522069734211307,5,Bloomberg Crypto
2026-08-29 16:00:00+00:00,0.5243924763271354,2,Bloomberg Crypto
2026-08-29 17:00:00+00:00,0.4913928025443632,2,CoinDesk
2026-08-29 18:00:00+00:00,0.27099787223109817,2,CoinTelegraph
2026-08-29 19:00:00+00:00,-0.11947883007817424,3,Reuters
2026-08-29 20:00:00+00:00,0.6884283091102373,4,CoinDesk
2026-08-29 21:00:00+00:00,-0.5513078793120769,0,Bloomberg Crypto
2026-08-29 22:00:00+00:00,-0.5002816118013533,4,Bloomberg Crypto
2026-08-29 23:00:00+00:00,-0.03965056844799456,5,Bloomberg Crypto
2026-08-30 00:00:00+00:00,0.7772966538547399,2,Decrypt
2026-08-30 01:00:00+00:00,-0.08372528730588844,3,CoinTelegraph
2026-08-30 02:00:00+00:00,-0.07833225161997819,2,Reuters
2026-08-30 03:00:00+00:00,-0.5201545248061085,1,CoinTelegraph
2026-08-30 04:00:00+00:00,0.3143002578144532,2,CoinDesk
2026-08-30 05:00:00+00:00,0.31554770580553637,3,Decrypt
2026-08-30 06:00:00+00:00,0.2568237856551749,3,CoinDesk
2026-08-30 07:00:00+00:00,-0.2408679635372728,4,Bloomberg Crypto
2026-08-30 08:00:00+00:00,-0.2692759078999744,4,Bloomberg Crypto
2026-08-30 09:00:00+00:00,-0.4758087314117769,6,Reuters
2026-08-30 10:00:00+00:00,0.004852457017200364,1,CoinTelegraph
2026-08-30 11:00:00+00:00,-0.40393200486870834,5,CoinDesk
2026-08-30 12:00:00+00:00,-0.4391712598465613,5,Bloomberg Crypto
2026-08-30 13:00:00+00:00,-0.17665277586389558,3,Reuters
2026-08-30 14:00:00+00:00,-0.2008507029343355,6,Reuters
2026-08-30 15:00:00+00:00,-0.21922299432191442,7,CoinDesk
2026-08-30 16:00:00+00:00,0.13104120489484367,4,CoinTelegraph
2026-08-30 17:00:00+00:00,-0.005830971383908649,3,Decrypt
2026-08-30 18:00:00+00:00,-0.13563499055754066,5,Reuters
2026-08-30 19:00:00+00:00,0.027992111439214422,3,CoinDesk
2026-08-30 20:00:00+00:00,-0.38437824355265776,6,Bloomberg Crypto
2026-08-30 21:00:00+00:00,-0.0017769348673858792,1,Decrypt
2026-08-30 22:00:00+00:00,0.012806460535364952,1,Decrypt
2026-08-30 23:00:00+00:00,-0.567250032409097,2,CoinTelegraph
2026-08-31 00:00:00+00:00,0.30603072546451515,3,CoinDesk
2026-08-31 01:00:00+00:00,-0.3522415559054106,4,CoinTelegraph
2026-08-31 02:00:00+00:00,-0.013408189781142561,3,Reuters
2026-08-31 03:00:00+00:00,0.36125146298806204,4,Reuters
2026-08-31 04:00:00+00:00,0.27641904966891445,2,CoinDesk
2026-08-31 05:00:00+00:00,-0.036825417882461235,0,Bloomberg Crypto
2026-08-31 06:00:00+00:00,-0.17699013865935964,2,Reuters
2026-08-31 07:00:00+00:00,0.28024122474700613,3,Reuters
2026-08-31 08:00:00+00:00,0.18348379510659027,2,Bloomberg Crypto
2026-08-31 09:00:00+00:00,-0.27035773273311364,3,Decrypt
2026-08-31 10:00:00+00:00,-0.33341228194789435,3,CoinDesk
2026-08-31 11:00:00+00:00,-0.7817923265465725,4,Decrypt
2026-08-31 12:00:00+00:00,-0.003824330001992525,0,CoinTelegraph
2026-08-31 13:00:00+00:00,-0.08794607769451074,3,Bloomberg Crypto
2026-08-31 14:00:00+00:00,0.3373998145856997,4,CoinDesk
2026-08-31 15:00:00+00:00,0.0641379327575438,3,Bloomberg Crypto
2026-08-31 16:00:00+00:00,0.40418582417152704,4,Bloomberg Crypto
2026-08-31 17:00:00+00:00,-0.30813375440259777,4,Decrypt
2026-08-31 18:00:00+00:00,0.33303564671970853,1,Decrypt
2026-08-31 19:00:00+00:00,-0.2516971865878786,2,CoinTelegraph
2026-08-31 20:00:00+00:00,0.20432391597480992,2,CoinDesk
2026-08-31 21:00:00+00:00,-0.5796571384549244,2,Bloomberg Crypto
2026-08-31 22:00:00+00:00,0.011949937907043795,4,CoinTelegraph
2026-08-31 23:00:00+00:00,-0.766242609307852,1,Bloomberg Crypto
2026-09-01 00:00:00+00:00,-0.16635303670839452,4,CoinTelegraph
2026-09-01 01:00:00+00:00,0.08001724371299015,0,Bloomberg Crypto
2026-09-01 02:00:00+00:00,-0.2576960120963274,5,Decrypt
2026-09-01 03:00:00+00:00,-0.444259158599444,4,Reuters
2026-09-01 04:00:00+00:00,0.21828792513263834,3,CoinTelegraph
2026-09-01 05:00:00+00:00,-0.11531162426482514,0,CoinTelegraph
2026-09-01 06:00:00+00:00,-0.2516940180093863,2,Reuters
2026-09-01 07:00:00+00:00,-0.06692387485623305,0,Decrypt
2026-09-01 08:00:00+00:00,0.8400051077517159,2,CoinTelegraph
2026-09-01 09:00:00+00:00,0.31965679486377685,4,Decrypt
2026-09-01 10:00:00+00:00,0.32159302768144316,2,Bloomberg Crypto
2026-09-01 11:00:00+00:00,0.06589648178314568,3,Bloomberg Crypto
2026-09-01 12:00:00+00:00,-0.029510255288001296,1,Reuters
2026-09-01 13:00:00+00:00,-0.9276426466976921,2,CoinDesk
2026-09-01 14:00:00+00:00,-0.3278890635527952,2,Decrypt
2026-09-01 15:00:00+00:00,-0.2596774120177527,2,CoinDesk
2026-09-01 16:00:00+00:00,-0.7489173207291199,1,CoinDesk
2026-09-01 17:00:00+00:00,-0.49902763885614804,2,Decrypt
2026-09-01 18:00:00+00:00,-0.7884501513996532,4,CoinDesk
2026-09-01 19:00:00+00:00,-0.10979424100178845,4,CoinTelegraph
2026-09-01 20:00:00+00:00,0.18896546438349157,4,Bloomberg Crypto
2026-09-01 21:00:00+00:00,0.28854853685115683,5,Reuters
2026-09-01 22:00:00+00:00,0.04513392805227995,2,Decrypt
2026-09-01 23:00:00+00:00,-0.4384455892977327,1,Reuters
2026-09-02 00:00:00+00:00,-0.7786940362323412,4,Bloomberg Crypto
2026-09-02 01:00:00+00:00,-0.7185877385917436,2,Reuters
2026-09-02 02:00:00+00:00,-0.5490381386144423,3,Decrypt
2026-09-02 03:00:00+00:00,-0.41720373096539604,0,Reuters
2026-09-02 04:00:00+00:00,-0.16322144594699262,2,CoinDesk
2026-09-02 05:00:00+00:00,-0.46347159556336803,3,CoinDesk
2026-09-02 06:00:00+00:00,0.008924805734712674,1,Bloomberg Crypto
2026-09-02 07:00:00+00:00,-0.19221308884701674,0,CoinDesk
2026-09-02 08:00:00+00:00,-0.10842491532778023,3,Reuters
2026-09-02 09:00:00+00:00,0.2857753038737325,6,CoinTelegraph
2026-09-02 10:00:00+00:00,-0.5275878730501262,3,Reuters
2026-09-02 11:00:00+00:00,0.030847580529248603,5,CoinTelegraph
2026-09-02 12:00:00+00:00,-0.1217797648258614,4,Reuters
2026-09-02 13:00:00+00:00,-0.23479728133633193,2,CoinTelegraph
2026-09-02 14:00:00+00:00,0.19057686801831955,5,CoinTelegraph
2026-09-02 15:00:00+00:00,0.18720855733316166,1,Decrypt
2026-09-02 16:00:00+00:00,-0.4528994971039472,1,Decrypt
2026-09-02 17:00:00+00:00,-0.1865629919949593,5,Reuters
2026-09-02 18:00:00+00:00,-0.02555949343044704,3,CoinDesk
2026-09-02 19:00:00+00:00,-0.22071044259159947,2,Decrypt
2026-09-02 20:00:00+00:00,0.07842720506190345,1,CoinTelegraph
2026-09-02 21:00:00+00:00,-0.029082895722268118,5,Reuters
2026-09-02 22:00:00+00:00,0.5127288527508598,4,CoinDesk
2026-09-02 23:00:00+00:00,-0.6654303753405537,3,Reuters
2026-09-03 00:00:00+00:00,-0.17384796599840818,0,CoinTelegraph
2026-09-03 01:00:00+00:00,-0.4501315143344145,1,Decrypt
2026-09-03 02:00:00+00:00,0.07812415597228303,2,Decrypt
2026-09-03 03:00:00+00:00,-0.7004789640380633,9,Bloomberg Crypto
2026-09-03 04:00:00+00:00,-0.014412212600979774,1,Bloomberg Crypto
2026-09-03 05:00:00+00:00,-0.357288959024457,2,Reuters
2026-09-03 06:00:00+00:00,-0.3948764749779854,3,Reuters
2026-09-03 07:00:00+00:00,-0.6453394525100942,4,CoinDesk
2026-09-03 08:00:00+00:00,-0.3029843463177524,1,Decrypt
2026-09-03 09:00:00+00:00,0.23822733329966592,2,Decrypt
2026-09-03 10:00:00+00:00,-0.15130136085543106,3,Bloomberg Crypto
2026-09-03 11:00:00+00:00,0.07606799422133023,3,CoinTelegraph
2026-09-03 12:00:00+00:00,0.4378723151598322,6,CoinTelegraph
2026-09-03 13:00:00+00:00,-0.05356735744470521,5,Bloomberg Crypto
2026-09-03 14:00:00+00:00,-0.34258845015053596,3,Reuters
2026-09-03 15:00:00+00:00,0.015405610265984998,1,Decrypt
2026-09-03 16:00:00+00:00,-0.3397576378821557,2,Decrypt
2026-09-03 17:00:00+00:00,-0.3269204831877406,2,Decrypt
2026-09-03 18:00:00+00:00,-0.6834507962831006,2,CoinTelegraph
2026-09-03 19:00:00+00:00,0.17158883872390693,2,Reuters
2026-09-03 20:00:00+00:00,-0.2888123251158291,6,CoinTelegraph
2026-09-03 21:00:00+00:00,-0.09108433126920354,4,Reuters
2026-09-03 22:00:00+00:00,-0.5185098186589772,3,Bloomberg Crypto
2026-09-03 23:00:00+00:00,-0.004443011809249553,2,Reuters
2026-09-04 00:00:00+00:00,-0.42480274593999,1,CoinTelegraph
2026-09-04 01:00:00+00:00,-0.20881706704421685,1,Decrypt
2026-09-04 02:00:00+00:00,0.1469273434494009,4,CoinTelegraph
2026-09-04 03:00:00+00:00,0.11536420781989656,5,Bloomberg Crypto
2026-09-04 04:00:00+00:00,-0.17019887157772345,4,Decrypt
2026-09-04 05:00:00+00:00,-0.7824179930095458,1,CoinTelegraph
2026-09-04 06:00:00+00:00,0.8828308120358103,4,Decrypt
2026-09-04 07:00:00+00:00,0.44532004564531213,2,Bloomberg Crypto
2026-09-04 08:00:00+00:00,0.08613095771379228,4,Reuters
2026-09-04 09:00:00+00:00,-0.43149810227989266,1,Reuters
2026-09-04 10:00:00+00:00,-0.20870247387816246,2,CoinDesk
2026-09-04 11:00:00+00:00,-0.36020767730911474,4,Decrypt
2026-09-04 12:00:00+00:00,0.2712768908762002,1,Bloomberg Crypto
2026-09-04 13:00:00+00:00,-0.08025566857315454,3,CoinTelegraph
2026-09-04 14:00:00+00:00,-0.44764483539145966,3,CoinTelegraph
2026-09-04 15:00:00+00:00,-0.33900436672981327,7,CoinDesk
2026-09-04 16:00:00+00:00,0.21712639781095747,4,CoinTelegraph
2026-09-04 17:00:00+00:00,0.38369867069942576,3,Bloomberg Crypto
2026-09-04 18:00:00+00:00,0.3575376137611135,1,Bloomberg Crypto
2026-09-04 19:00:00+00:00,0.08654321668066481,3,Reuters
2026-09-04 20:00:00+00:00,-0.26787297840269714,2,Decrypt
2026-09-04 21:00:00+00:00,-1.0,3,Decrypt
2026-09-04 22:00:00+00:00,-0.0775108125617769,3,CoinTelegraph
2026-09-04 23:00:00+00:00,-0.18318312662997205,2,Decrypt
2026-09-05 00:00:00+00:00,-0.13457218666814186,5,CoinDesk
2026-09-05 01:00:00+00:00,-0.1657213085273755,3,Decrypt
2026-09-05 02:00:00+00:00,-0.6497931776609547,0,CoinTelegraph
2026-09-05 03:00:00+00:00,0.008478970365654953,2,Decrypt
2026-09-05 04:00:00+00:00,0.03365253801557458,2,Bloomberg Crypto
2026-09-05 05:00:00+00:00,0.050189729342131895,1,Bloomberg Crypto
2026-09-05 06:00:00+00:00,0.1416709278944812,3,Reuters
2026-09-05 07:00:00+00:00,0.020788385455516062,7,Reuters
2026-09-05 08:00:00+00:00,-0.3351351206540768,1,Reuters
2026-09-05 09:00:00+00:00,-0.21740931074159983,6,Reuters
2026-09-05 10:00:00+00:00,-0.16171073043018172,6,Decrypt
2026-09-05 11:00:00+00:00,-0.1568940611231775,3,CoinTelegraph
2026-09-05 12:00:00+00:00,0.1538064808264927,2,Decrypt
2026-09-05 13:00:00+00:00,0.028737156395146346,1,CoinTelegraph
2026-09-05 14:00:00+00:00,0.5295497284400696,5,CoinTelegraph
2026-09-05 15:00:00+00:00,0.573773757486953,3,CoinTelegraph
2026-09-05 16:00:00+00:00,-0.1715792654744118,1,CoinTelegraph
2026-09-05 17:00:00+00:00,-1.0,3,Bloomberg Crypto
2026-09-05 18:00:00+00:00,0.23151337587428386,3,CoinTelegraph
2026-09-05 19:00:00+00:00,-0.391464804295352,6,Decrypt
2026-09-05 20:00:00+00:00,-0.48380380935485773,3,CoinTelegraph
2026-09-05 21:00:00+00:00,-0.34368786908938287,3,Bloomberg Crypto
2026-09-05 22:00:00+00:00,-0.36150089287249443,1,Decrypt
2026-09-05 23:00:00+00:00,0.00817860336978729,1,CoinDesk
2026-09-06 00:00:00+00:00,-0.7528545391670698,2,Decrypt
2026-09-06 01:00:00+00:00,-0.5851866290931526,6,Bloomberg Crypto
2026-09-06 02:00:00+00:00,-0.0888073737099656,5,Bloomberg Crypto
2026-09-06 03:00:00+00:00,0.008192912529164598,1,Reuters
2026-09-06 04:00:00+00:00,0.013781333476858587,2,CoinDesk
2026-09-06 05:00:00+00:00,-0.4871377806588074,2,CoinTelegraph
2026-09-06 06:00:00+00:00,-0.5549809807225208,2,Bloomberg Crypto
2026-09-06 07:00:00+00:00,-0.3908191785103039,3,Reuters
2026-09-06 08:00:00+00:00,-0.13044655251323367,2,Reuters
2026-09-06 09:00:00+00:00,0.30461400514260517,1,CoinTelegraph
2026-09-06 10:00:00+00:00,-0.9328031598859203,5,Decrypt
2026-09-06 11:00:00+00:00,-0.2943482764242009,2,CoinDesk
2026-09-06 12:00:00+00:00,-0.6844197117893908,3,CoinTelegraph
2026-09-06 13:00:00+00:00,-0.7971522032996669,0,CoinTelegraph
2026-09-06 14:00:00+00:00,0.11868660438661349,3,Decrypt
2026-09-06 15:00:00+00:00,-0.03000650581442668,5,Decrypt
2026-09-06 16:00:00+00:00,-0.06419617561938917,2,Bloomberg Crypto
2026-09-06 17:00:00+00:00,0.09999244065126911,5,Decrypt
2026-09-06 18:00:00+00:00,-0.3911327958295551,7,Decrypt
2026-09-06 19:00:00+00:00,-0.3755147570257002,2,CoinDesk
2026-09-06 20:00:00+00:00,0.5400577954915309,6,CoinDesk
2026-09-06 21:00:00+00:00,-0.31209991725045255,4,CoinDesk
2026-09-06 22:00:00+00:00,0.0306482453471279,4,CoinTelegraph
2026-09-06 23:00:00+00:00,-0.22525820320640783,1,CoinDesk
2026-09-07 00:00:00+00:00,-0.8752217631256765,4,CoinDesk
2026-09-07 01:00:00+00:00,-0.9447867351676064,2,Reuters
2026-09-07 02:00:00+00:00,-0.43264212276901354,8,CoinDesk
2026-09-07 03:00:00+00:00,0.13881099001931482,3,CoinTelegraph
2026-09-07 04:00:00+00:00,0.04425510447285258,5,Reuters
2026-09-07 05:00:00+00:00,0.08746179506830068,1,CoinTelegraph
2026-09-07 06:00:00+00:00,-0.5787453067197981,5,CoinTelegraph
2026-09-07 07:00:00+00:00,0.3314666162215779,3,Reuters
2026-09-07 08:00:00+00:00,-0.5726066861683534,6,Reuters
2026-09-07 09:00:00+00:00,-0.1612064169891247,2,Reuters
2026-09-07 10:00:00+00:00,-0.2401148182168644,2,Reuters
2026-09-07 11:00:00+00:00,-0.2981395341371381,5,CoinTelegraph
2026-09-07 12:00:00+00:00,0.23043576571781887,4,Reuters
2026-09-07 13:00:00+00:00,-0.4856435411928696,2,Decrypt
2026-09-07 14:00:00+00:00,-0.7119956513650838,2,CoinDesk
2026-09-07 15:00:00+00:00,-0.23340990628015523,0,CoinDesk
2026-09-07 16:00:00+00:00,-0.38111774555013045,2,Decrypt
2026-09-07 17:00:00+00:00,0.9401400377826432,3,CoinTelegraph
2026-09-07 18:00:00+00:00,-0.005927481558491793,3,CoinTelegraph
2026-09-07 19:00:00+00:00,-0.38673091902872636,3,CoinDesk
2026-09-07 20:00:00+00:00,-0.6138528772679447,1,Bloomberg Crypto
2026-09-07 21:00:00+00:00,-0.9030623591328493,3,Decrypt
2026-09-07 22:00:00+00:00,-0.6045311460085249,4,Decrypt
2026-09-07 23:00:00+00:00,-0.20621334587502704,2,CoinDesk
2026-09-08 00:00:00+00:00,0.2523881263309034,4,Reuters
2026-09-08 01:00:00+00:00,0.14468494021859962,3,Bloomberg Crypto
2026-09-08 02:00:00+00:00,-0.16844783507611819,6,CoinTelegraph
2026-09-08 03:00:00+00:00,-0.3624598709056114,3,CoinTelegraph
2026-09-08 04:00:00+00:00,-0.15598240680731595,4,CoinTelegraph
2026-09-08 05:00:00+00:00,-0.43230094294519233,3,CoinTelegraph
2026-09-08 06:00:00+00:00,0.349943486952025,1,Decrypt
2026-09-08 07:00:00+00:00,-0.3184020851366213,2,Decrypt
2026-09-08 08:00:00+00:00,-0.2831007115927887,2,Reuters
2026-09-08 09:00:00+00:00,-1.0,3,Decrypt
2026-09-08 10:00:00+00:00,-0.3226644731508164,5,Reuters
2026-09-08 11:00:00+00:00,0.03782432082947168,2,Reuters
2026-09-08 12:00:00+00:00,-0.6293261582938836,4,CoinTelegraph
2026-09-08 13:00:00+00:00,-0.519048767997432,4,CoinTelegraph
2026-09-08 14:00:00+00:00,0.020483557436482447,3,Decrypt
2026-09-08 15:00:00+00:00,-0.7744592157140593,3,Decrypt
2026-09-08 16:00:00+00:00,0.1119420478729738,6,Reuters
2026-09-08 17:00:00+00:00,-0.44519299997555906,4,CoinDesk
2026-09-08 18:00:00+00:00,-0.3955910534808824,2,CoinTelegraph
2026-09-08 19:00:00+00:00,-0.6535943482128361,3,Bloomberg Crypto
2026-09-08 20:00:00+00:00,-0.128560625654224,0,CoinDesk
2026-09-08 21:00:00+00:00,0.599443299147487,4,CoinTelegraph
2026-09-08 22:00:00+00:00,0.011381902727898019,4,CoinTelegraph
2026-09-08 23:00:00+00:00,-0.56526735322246,1,Decrypt
2026-09-09 00:00:00+00:00,0.1340791795117509,1,Bloomberg Crypto
2026-09-09 01:00:00+00:00,-0.37484150226904783,6,Bloomberg Crypto
2026-09-09 02:00:00+00:00,0.2164553360128902,2,CoinTelegraph
2026-09-09 03:00:00+00:00,0.01711648777451885,1,Reuters
2026-09-09 04:00:00+00:00,-1.0,2,Bloomberg Crypto
2026-09-09 05:00:00+00:00,-0.6178450683231068,3,CoinDesk
2026-09-09 06:00:00+00:00,0.06352655506198351,1,Reuters
2026-09-09 07:00:00+00:00,-0.2145143586871079,3,Decrypt
2026-09-09 08:00:00+00:00,-0.6264901606535239,3,CoinTelegraph
2026-09-09 09:00:00+00:00,-0.49050811764330676,2,CoinTelegraph
2026-09-09 10:00:00+00:00,-0.9365058350915526,2,CoinDesk
2026-09-09 11:00:00+00:00,-0.3008199115299115,3,CoinDesk
2026-09-09 12:00:00+00:00,0.5032908988659528,6,Decrypt
2026-09-09 13:00:00+00:00,0.010719946058909469,3,Decrypt
2026-09-09 14:00:00+00:00,0.4950879934485291,4,Bloomberg Crypto
2026-09-09 15:00:00+00:00,0.036734837585702895,3,Reuters
2026-09-09 16:00:00+00:00,0.08697247897159122,0,CoinTelegraph
2026-09-09 17:00:00+00:00,0.4177461516824939,2,Bloomberg Crypto
2026-09-09 18:00:00+00:00,-0.1416702866214382,4,Decrypt
2026-09-09 19:00:00+00:00,-0.33976795898300804,1,CoinDesk
2026-09-09 20:00:00+00:00,0.0866708443375187,4,Bloomberg Crypto
2026-09-09 21:00:00+00:00,0.23356899517484164,2,CoinDesk
2026-09-09 22:00:00+00:00,-0.44377341586485586,4,Reuters
2026-09-09 23:00:00+00:00,-0.5288405651339999,2,CoinDesk
2026-09-10 00:00:00+00:00,-0.22819225330133805,5,CoinTelegraph
2026-09-10 01:00:00+00:00,0.013737386768154225,2,Reuters
2026-09-10 02:00:00+00:00,0.0015544338733924357,5,CoinDesk
2026-09-10 03:00:00+00:00,-0.7767211651394184,5,Bloomberg Crypto
2026-09-10 04:00:00+00:00,0.3903197000512109,1,CoinTelegraph
2026-09-10 05:00:00+00:00,-0.5036249046002913,2,CoinTelegraph
2026-09-10 06:00:00+00:00,-0.3724595128633563,2,Decrypt
2026-09-10 07:00:00+00:00,-0.5960801946426137,2,Decrypt
2026-09-10 08:00:00+00:00,0.6638047077840364,5,Bloomberg Crypto
2026-09-10 09:00:00+00:00,-0.1963396692878403,2,Decrypt
2026-09-10 10:00:00+00:00,-0.5793544957608068,3,CoinDesk
2026-09-10 11:00:00+00:00,0.020416425104287816,4,Decrypt
2026-09-10 12:00:00+00:00,-0.013197672495341872,4,CoinTelegraph
2026-09-10 13:00:00+00:00,-0.34853280127008535,3,Bloomberg Crypto
2026-09-10 14:00:00+00:00,0.010956096823924732,2,CoinDesk
2026-09-10 15:00:00+00:00,-0.5725311025189452,6,CoinTelegraph
2026-09-10 16:00:00+00:00,-0.45661772215506047,2,CoinTelegraph
2026-09-10 17:00:00+00:00,-0.9880843031017729,2,Reuters
2026-09-10 18:00:00+00:00,-0.7482982323142762,2,Decrypt
2026-09-10 19:00:00+00:00,0.3473538270961944,1,CoinDesk
2026-09-10 20:00:00+00:00,0.2887867469836909,1,Bloomberg Crypto
2026-09-10 21:00:00+00:00,-0.2630782719619965,4,Bloomberg Crypto
2026-09-10 22:00:00+00:00,0.2955359800598671,1,Bloomberg Crypto
2026-09-10 23:00:00+00:00,-0.3428965182904782,1,Reuters
2026-09-11 00:00:00+00:00,-0.37243916240527913,2,CoinDesk
2026-09-11 01:00:00+00:00,-0.2678366181332441,4,CoinTelegraph
2026-09-11 02:00:00+00:00,-0.331702365261171,5,Reuters
2026-09-11 03:00:00+00:00,-0.3636576484077529,4,Decrypt
2026-09-11 04:00:00+00:00,0.11149661426609897,0,CoinTelegraph
2026-09-11 05:00:00+00:00,-0.23649368568457318,2,Bloomberg Crypto
2026-09-11 06:00:00+00:00,-0.040015635155541435,3,Decrypt
2026-09-11 07:00:00+00:00,0.07126120255060958,3,CoinDesk
2026-09-11 08:00:00+00:00,-0.15418931560242613,4,CoinDesk
2026-09-11 09:00:00+00:00,-0.6299762989751028,1,Reuters
2026-09-11 10:00:00+00:00,-0.7642060088547351,4,CoinDesk
2026-09-11 11:00:00+00:00,-0.23894595437289481,2,Bloomberg Crypto
2026-09-11 12:00:00+00:00,-0.35126972225361197,3,Reuters
2026-09-11 13:00:00+00:00,-0.2610484588666754,3,Reuters
2026-09-11 14:00:00+00:00,-0.2975544149069837,2,Bloomberg Crypto
2026-09-11 15:00:00+00:00,0.6120206445065726,3,CoinDesk
2026-09-11 16:00:00+00:00,-0.7580985491516262,3,Decrypt
2026-09-11 17:00:00+00:00,-0.9892843596271039,5,Reuters
2026-09-11 18:00:00+00:00,-0.1767496561012908,1,Decrypt
2026-09-11 19:00:00+00:00,-0.4251023965575653,4,Decrypt
2026-09-11 20:00:00+00:00,-0.1829982695845914,3,Decrypt
2026-09-11 21:00:00+00:00,-0.08952504969424624,6,Decrypt
2026-09-11 22:00:00+00:00,0.15529589520412462,2,Bloomberg Crypto
2026-09-11 23:00:00+00:00,-0.8219209782158609,3,CoinTelegraph
2026-09-12 00:00:00+00:00,-0.48948894601040716,2,CoinDesk
2026-09-12 01:00:00+00:00,-0.14481152498572716,3,CoinTelegraph
2026-09-12 02:00:00+00:00,-0.02545052964155331,5,CoinTelegraph
2026-09-12 03:00:00+00:00,0.4723651975753074,2,Reuters
2026-09-12 04:00:00+00:00,0.03893035786303556,4,CoinTelegraph
2026-09-12 05:00:00+00:00,-0.3156604535493461,2,CoinTelegraph
2026-09-12 06:00:00+00:00,-0.6076498933974285,0,Bloomberg Crypto
2026-09-12 07:00:00+00:00,-0.49370628116985227,2,Decrypt
2026-09-12 08:00:00+00:00,-0.5038527877340964,5,CoinTelegraph
2026-09-12 09:00:00+00:00,-0.06727150708988569,1,CoinTelegraph
2026-09-12 10:00:00+00:00,-0.2068451552360692,1,Reuters
2026-09-12 11:00:00+00:00,-0.7602570983209684,5,CoinDesk
2026-09-12 12:00:00+00:00,-0.4497252498213181,6,Reuters
2026-09-12 13:00:00+00:00,0.009807424509960916,3,CoinDesk
2026-09-12 14:00:00+00:00,-0.17442137172886615,4,CoinDesk
2026-09-12 15:00:00+00:00,-0.09864104722091002,4,CoinDesk
2026-09-12 16:00:00+00:00,-0.16380201821727985,3,Bloomberg Crypto
2026-09-12 17:00:00+00:00,0.2712737023328766,2,Bloomberg Crypto
2026-09-12 18:00:00+00:00,-0.21550890179232385,4,Decrypt
2026-09-12 19:00:00+00:00,-0.43337335132292976,4,CoinDesk
2026-09-12 20:00:00+00:00,-0.6189155103702023,4,Bloomberg Crypto
2026-09-12 21:00:00+00:00,-0.21116828295681006,4,Bloomberg Crypto
2026-09-12 22:00:00+00:00,-1.0,1,CoinTelegraph
2026-09-12 23:00:00+00:00,-0.36327684948560285,2,CoinDesk
2026-09-13 00:00:00+00:00,-0.37093340345285264,3,Reuters
2026-09-13 01:00:00+00:00,-0.7765624692922992,13,CoinTelegraph
2026-09-13 02:00:00+00:00,-0.623993394507103,4,Bloomberg Crypto
2026-09-13 03:00:00+00:00,-0.015817356380562142,1,Bloomberg Crypto
2026-09-13 04:00:00+00:00,-0.21853997941573874,0,Bloomberg Crypto
2026-09-13 05:00:00+00:00,-0.263749231462053,2,Bloomberg Crypto
2026-09-13 06:00:00+00:00,-0.19223402346534954,5,Reuters
2026-09-13 07:00:00+00:00,-0.26711097056454597,3,Decrypt
2026-09-13 08:00:00+00:00,0.1354018521138674,3,Decrypt
2026-09-13 09:00:00+00:00,-0.256463701079233,2,CoinDesk
2026-09-13 10:00:00+00:00,-0.8100968243672315,4,Bloomberg Crypto
2026-09-13 11:00:00+00:00,0.27077048433413853,3,CoinDesk
2026-09-13 12:00:00+00:00,-0.17020312665681542,4,Reuters
2026-09-13 13:00:00+00:00,-0.5061026899844808,1,CoinDesk
2026-09-13 14:00:00+00:00,-0.7385905959564099,4,Decrypt
2026-09-13 15:00:00+00:00,-0.16136057325865136,2,Decrypt
2026-09-13 16:00:00+00:00,-0.34096575350376623,3,Decrypt
2026-09-13 17:00:00+00:00,0.2509763775149217,4,CoinDesk
2026-09-13 18:00:00+00:00,-0.42105643596826936,2,Bloomberg Crypto
2026-09-13 19:00:00+00:00,-0.5930804983097204,1,CoinTelegraph
2026-09-13 20:00:00+00:00,0.013528676382574933,4,Decrypt
2026-09-13 21:00:00+00:00,0.023851440530033907,3,CoinDesk
2026-09-13 22:00:00+00:00,-0.2409609090713112,1,CoinTelegraph
2026-09-13 23:00:00+00:00,-0.06325003091020348,4,Decrypt
2026-09-14 00:00:00+00:00,-0.3131460440225181,2,Decrypt
2026-09-14 01:00:00+00:00,-0.2180777652407308,4,Reuters
2026-09-14 02:00:00+00:00,0.10784681434421961,1,Decrypt
2026-09-14 03:00:00+00:00,-0.08100246729868113,6,CoinTelegraph
2026-09-14 04:00:00+00:00,-0.3590682736383301,6,CoinTelegraph
2026-09-14 05:00:00+00:00,0.17355188770224755,2,Bloomberg Crypto
2026-09-14 06:00:00+00:00,-1.0,2,CoinTelegraph
2026-09-14 07:00:00+00:00,0.4185617443221671,1,CoinDesk
2026-09-14 08:00:00+00:00,-0.8966857280983,3,CoinDesk
2026-09-14 09:00:00+00:00,-0.5190131150169729,6,Decrypt
2026-09-14 10:00:00+00:00,-0.3137767976598319,1,Bloomberg Crypto
2026-09-14 11:00:00+00:00,-0.3506433830144742,3,Decrypt
2026-09-14 12:00:00+00:00,0.05295477241731833,0,Bloomberg Crypto
2026-09-14 13:00:00+00:00,-0.6694403084460286,3,Reuters
2026-09-14 14:00:00+00:00,-0.20783196485843247,1,Bloomberg Crypto
2026-09-14 15:00:00+00:00,-0.5013719049031651,3,Reuters
2026-09-14 16:00:00+00:00,-0.19559010971228652,2,Reuters
2026-09-14 17:00:00+00:00,-0.3214459897734106,6,Decrypt
2026-09-14 18:00:00+00:00,-0.2661289332853003,3,CoinDesk
2026-09-14 19:00:00+00:00,-0.4910052846927303,3,Bloomberg Crypto
2026-09-14 20:00:00+00:00,-0.47692362850708536,4,Decrypt
2026-09-14 21:00:00+00:00,-0.19771999215858624,3,Reuters
2026-09-14 22:00:00+00:00,0.032176452883761864,3,Reuters
2026-09-14 23:00:00+00:00,-0.507374821749471,1,CoinTelegraph
2026-09-15 00:00:00+00:00,-0.6018932573378406,5,CoinTelegraph
2026-09-15 01:00:00+00:00,-0.08295560484023695,3,Bloomberg Crypto
2026-09-15 02:00:00+00:00,-0.30887955853997834,5,CoinDesk
2026-09-15 03:00:00+00:00,-0.006659872302953396,5,CoinTelegraph
2026-09-15 04:00:00+00:00,-0.6141887603195685,2,Reuters
2026-09-15 05:00:00+00:00,-0.9197833724244068,2,Decrypt
2026-09-15 06:00:00+00:00,-0.4833456898303271,2,CoinDesk
2026-09-15 07:00:00+00:00,-0.5648266903124578,4,Bloomberg Crypto
2026-09-15 08:00:00+00:00,-0.3239827397272144,3,Decrypt
2026-09-15 09:00:00+00:00,-0.5191006577128322,2,Bloomberg Crypto
2026-09-15 10:00:00+00:00,-0.03664144689974003,5,Decrypt
2026-09-15 11:00:00+00:00,-0.39663703683703,2,Decrypt
2026-09-15 12:00:00+00:00,-0.24289995745595291,4,CoinDesk
2026-09-15 13:00:00+00:00,-0.2401700495712975,6,Bloomberg Crypto
2026-09-15 14:00:00+00:00,-0.22687850578781774,3,CoinTelegraph
2026-09-15 15:00:00+00:00,-0.3033231542532355,4,Decrypt
2026-09-15 16:00:00+00:00,-0.11592744011679074,2,Decrypt
2026-09-15 17:00:00+00:00,-0.5728712379205154,4,CoinTelegraph
2026-09-15 18:00:00+00:00,0.1956555262203692,1,CoinDesk
2026-09-15 19:00:00+00:00,-0.3766721916726347,1,CoinDesk
2026-09-15 20:00:00+00:00,-0.7526642222546133,2,CoinDesk
2026-09-15 21:00:00+00:00,-0.2275288275045768,5,Reuters
2026-09-15 22:00:00+00:00,-0.5909947166897742,1,Reuters
2026-09-15 23:00:00+00:00,-0.05993607811160448,3,CoinDesk
2026-09-16 00:00:00+00:00,0.48084259193767326,2,CoinDesk
2026-09-16 01:00:00+00:00,-0.5675303685969738,5,CoinTelegraph
2026-09-16 02:00:00+00:00,-0.17560518454158425,4,Reuters
2026-09-16 03:00:00+00:00,-0.906062415035338,3,Bloomberg Crypto
2026-09-16 04:00:00+00:00,-0.13246318526041384,6,CoinDesk
2026-09-16 05:00:00+00:00,-0.601019006485344,3,CoinDesk
2026-09-16 06:00:00+00:00,-0.5093950641693908,4,CoinDesk
2026-09-16 07:00:00+00:00,-0.6758316063511594,3,Decrypt
2026-09-16 08:00:00+00:00,-0.03380141496242589,3,Reuters
2026-09-16 09:00:00+00:00,0.06283454381918513,1,Bloomberg Crypto
2026-09-16 10:00:00+00:00,-0.2811994275768958,2,Decrypt
2026-09-16 11:00:00+00:00,-0.5915905114367466,5,Decrypt
2026-09-16 12:00:00+00:00,0.2676403394001068,2,Bloomberg Crypto
2026-09-16 13:00:00+00:00,-0.5509824798758198,5,Bloomberg Crypto
2026-09-16 14:00:00+00:00,-1.0,6,Bloomberg Crypto
2026-09-16 15:00:00+00:00,-0.1271791916112155,3,Bloomberg Crypto
2026-09-16 16:00:00+00:00,-0.6739166922810427,2,Bloomberg Crypto
2026-09-16 17:00:00+00:00,0.059142629747139075,2,CoinDesk
2026-09-16 18:00:00+00:00,-0.41988822029227313,3,Bloomberg Crypto
2026-09-16 19:00:00+00:00,-0.07480466479866527,4,Bloomberg Crypto
2026-09-16 20:00:00+00:00,0.20481184857413554,1,Reuters
2026-09-16 21:00:00+00:00,-0.7084175575057988,4,CoinDesk
2026-09-16 22:00:00+00:00,-0.48299334864977184,2,Decrypt
2026-09-16 23:00:00+00:00,-0.3109933494336243,3,CoinDesk
2026-09-17 00:00:00+00:00,0.25404663573919734,0,CoinTelegraph
2026-09-17 01:00:00+00:00,-0.5141128675072992,3,Bloomberg Crypto
2026-09-17 02:00:00+00:00,-0.49133254623241246,5,Decrypt
2026-09-17 03:00:00+00:00,-0.11547914157259367,2,CoinTelegraph
2026-09-17 04:00:00+00:00,-0.4844252492525546,6,Decrypt
2026-09-17 05:00:00+00:00,-0.2285727583684031,3,CoinDesk
2026-09-17 06:00:00+00:00,-0.8245513148611041,0,CoinTelegraph
2026-09-17 07:00:00+00:00,0.49395107600617927,2,Bloomberg Crypto
2026-09-17 08:00:00+00:00,-0.752308615402236,1,Bloomberg Crypto
2026-09-17 09:00:00+00:00,-0.3927646150434511,8,CoinTelegraph
2026-09-17 10:00:00+00:00,-0.29105512649708737,4,CoinDesk
2026-09-17 11:00:00+00:00,0.39022366771348405,3,CoinTelegraph
2026-09-17 12:00:00+00:00,-0.7424384467474113,4,CoinDesk
2026-09-17 13:00:00+00:00,0.41603394234380353,3,Decrypt
2026-09-17 14:00:00+00:00,-0.012765545772447817,4,CoinDesk
2026-09-17 15:00:00+00:00,-0.13130385310979212,5,CoinTelegraph
2026-09-17 16:00:00+00:00,-0.6214136551084313,5,CoinTelegraph
2026-09-17 17:00:00+00:00,-0.07639195160166468,2,Decrypt
2026-09-17 18:00:00+00:00,-0.5290061087625135,2,CoinTelegraph
2026-09-17 19:00:00+00:00,0.1680563508016254,4,Reuters
2026-09-17 20:00:00+00:00,-0.6146309966678929,4,CoinTelegraph
2026-09-17 21:00:00+00:00,-0.31384386951523013,6,Reuters
2026-09-17 22:00:00+00:00,-0.4680580081958282,5,CoinTelegraph
2026-09-17 23:00:00+00:00,-0.6188144258777134,2,CoinTelegraph
2026-09-18 00:00:00+00:00,-0.0131833552840816,5,Decrypt
2026-09-18 01:00:00+00:00,-0.08469358224741924,2,Reuters
2026-09-18 02:00:00+00:00,0.1515956126479292,5,Decrypt
2026-09-18 03:00:00+00:00,-0.8939630285702638,6,Reuters
2026-09-18 04:00:00+00:00,0.10200924057979976,4,Reuters
2026-09-18 05:00:00+00:00,0.607017855979239,3,Bloomberg Crypto
2026-09-18 06:00:00+00:00,-0.4273973992722017,4,Reuters
2026-09-18 07:00:00+00:00,0.3945502270176662,2,Decrypt
2026-09-18 08:00:00+00:00,-0.36028202417671734,4,Decrypt
2026-09-18 09:00:00+00:00,-0.7479378120843223,2,CoinDesk
2026-09-18 10:00:00+00:00,-0.3739796277727822,2,CoinTelegraph
2026-09-18 11:00:00+00:00,0.10045419189749849,5,Bloomberg Crypto
2026-09-18 12:00:00+00:00,-0.5591829552762779,2,CoinTelegraph
2026-09-18 13:00:00+00:00,-0.4753387836352805,5,Decrypt
2026-09-18 14:00:00+00:00,-0.05687560618413967,4,Bloomberg Crypto
2026-09-18 15:00:00+00:00,-0.2629326203335609,1,Reuters
2026-09-18 16:00:00+00:00,-0.05876999203990729,2,Decrypt
2026-09-18 17:00:00+00:00,-0.1795271722778559,9,Decrypt
2026-09-18 18:00:00+00:00,-0.09427326924027465,4,Decrypt
2026-09-18 19:00:00+00:00,-0.41281731064613625,5,Decrypt
2026-09-18 20:00:00+00:00,-0.1797709870933466,3,Bloomberg Crypto
2026-09-18 21:00:00+00:00,-0.5848174584124559,3,CoinTelegraph
2026-09-18 22:00:00+00:00,0.1913595915672236,4,CoinTelegraph
2026-09-18 23:00:00+00:00,-0.4809387893010342,3,Reuters
2026-09-19 00:00:00+00:00,0.13680831587558773,2,Decrypt
2026-09-19 01:00:00+00:00,-0.33939162382674454,4,Decrypt
2026-09-19 02:00:00+00:00,-0.18626564500523873,2,CoinTelegraph
2026-09-19 03:00:00+00:00,-0.4295342437366938,8,Reuters
2026-09-19 04:00:00+00:00,-0.6112216572392039,1,CoinDesk
2026-09-19 05:00:00+00:00,-0.865611263120114,4,Bloomberg Crypto
2026-09-19 06:00:00+00:00,-0.6236257323752109,5,CoinTelegraph
2026-09-19 07:00:00+00:00,-0.36694281583149163,1,Bloomberg Crypto
2026-09-19 08:00:00+00:00,-0.1787247486163259,1,CoinTelegraph
2026-09-19 09:00:00+00:00,0.10144723795879779,3,Reuters
2026-09-19 10:00:00+00:00,-0.40749902249422965,2,Decrypt
2026-09-19 11:00:00+00:00,-0.5594639113191027,4,CoinDesk
2026-09-19 12:00:00+00:00,-0.7550169066525214,4,Bloomberg Crypto
2026-09-19 13:00:00+00:00,-0.08132892164330649,0,CoinDesk
2026-09-19 14:00:00+00:00,0.23548705421291805,2,Decrypt
2026-09-19 15:00:00+00:00,0.19530933416752788,5,CoinTelegraph
2026-09-19 16:00:00+00:00,0.0012995601242661026,4,Reuters
2026-09-19 17:00:00+00:00,-0.022952804947065808,2,Decrypt
2026-09-19 18:00:00+00:00,0.34846385689784487,2,CoinDesk
2026-09-19 19:00:00+00:00,-0.1287329039378921,3,CoinDesk
2026-09-19 20:00:00+00:00,-0.01806844144400549,2,CoinDesk
2026-09-19 21:00:00+00:00,-0.35573606935040863,3,CoinTelegraph
2026-09-19 22:00:00+00:00,-0.7194202781116505,3,CoinDesk
2026-09-19 23:00:00+00:00,-0.4812910990711355,2,CoinTelegraph
2026-09-20 00:00:00+00:00,-0.24438405203697666,4,CoinDesk
2026-09-20 01:00:00+00:00,-0.21913344607694712,0,Bloomberg Crypto
2026-09-20 02:00:00+00:00,0.43456623733347743,3,Bloomberg Crypto
2026-09-20 03:00:00+00:00,-0.21040785047791183,2,Decrypt
2026-09-20 04:00:00+00:00,0.17452372272333067,1,Decrypt
2026-09-20 05:00:00+00:00,-0.3895607315787447,6,Reuters
2026-09-20 06:00:00+00:00,-0.3455780767669897,3,CoinDesk
2026-09-20 07:00:00+00:00,-0.7008476295518218,2,CoinDesk
2026-09-20 08:00:00+00:00,-0.4947088356099202,2,CoinTelegraph
2026-09-20 09:00:00+00:00,-0.04964526834391944,1,Decrypt
2026-09-20 10:00:00+00:00,-0.23063308095414234,2,Bloomberg Crypto
2026-09-20 11:00:00+00:00,0.09756330455391948,3,CoinTelegraph
2026-09-20 12:00:00+00:00,-0.1682080934289823,3,Bloomberg Crypto
2026-09-20 13:00:00+00:00,-0.35418325413839213,4,CoinTelegraph
2026-09-20 14:00:00+00:00,0.5219062565353875,2,Decrypt
2026-09-20 15:00:00+00:00,-0.2620328328867302,1,CoinDesk
2026-09-20 16:00:00+00:00,0.17871906179862398,0,CoinDesk
2026-09-20 17:00:00+00:00,-0.3679149648342065,4,Decrypt
2026-09-20 18:00:00+00:00,0.021711823562443028,3,Bloomberg Crypto
2026-09-20 19:00:00+00:00,0.09900543244348756,2,Reuters
2026-09-20 20:00:00+00:00,-0.15197573065991818,1,Reuters
2026-09-20 21:00:00+00:00,-1.0,2,Decrypt
2026-09-20 22:00:00+00:00,-0.21684282066176924,4,CoinTelegraph
2026-09-20 23:00:00+00:00,0.20829441346141153,1,CoinDesk
2026-09-21 00:00:00+00:00,-0.03687961464122658,6,Bloomberg Crypto
2026-09-21 01:00:00+00:00,-0.06458150055896023,2,Reuters
2026-09-21 02:00:00+00:00,-0.8225381483692067,6,CoinDesk
2026-09-21 03:00:00+00:00,-0.4710265409622174,5,Decrypt
2026-09-21 04:00:00+00:00,-0.07400708652756713,6,CoinDesk
2026-09-21 05:00:00+00:00,-0.07345906461336174,2,Reuters
2026-09-21 06:00:00+00:00,0.20893322818035673,5,Bloomberg Crypto
2026-09-21 07:00:00+00:00,-0.266006438403923,4,CoinTelegraph
2026-09-21 08:00:00+00:00,-0.07236358547705382,3,CoinTelegraph
2026-09-21 09:00:00+00:00,-0.20776600200858072,1,CoinDesk
2026-09-21 10:00:00+00:00,-0.558017961254883,1,CoinTelegraph
2026-09-21 11:00:00+00:00,-1.0,2,Reuters
2026-09-21 12:00:00+00:00,-0.059904850005221666,2,Bloomberg Crypto
2026-09-21 13:00:00+00:00,-0.1489559751710106,3,CoinTelegraph
2026-09-21 14:00:00+00:00,-0.4252741324141219,4,CoinTelegraph
2026-09-21 15:00:00+00:00,-0.7746949378466461,2,Decrypt
2026-09-21 16:00:00+00:00,0.013356813570165965,1,CoinTelegraph
2026-09-21 17:00:00+00:00,-0.29918785613554466,3,CoinTelegraph
2026-09-21 18:00:00+00:00,-0.010269673658532652,1,Reuters
2026-09-21 19:00:00+00:00,0.4481849628010095,5,CoinTelegraph
2026-09-21 20:00:00+00:00,-0.9527852448259034,2,Decrypt
2026-09-21 21:00:00+00:00,-0.4471933686957117,2,Decrypt
2026-09-21 22:00:00+00:00,-0.2746594519294305,2,Decrypt
2026-09-21 23:00:00+00:00,0.3087700016872673,1,CoinTelegraph
2026-09-22 00:00:00+00:00,-0.7721976761115567,4,CoinDesk
2026-09-22 01:00:00+00:00,0.47906097351552807,3,CoinDesk
2026-09-22 02:00:00+00:00,-0.1499709098612137,4,Reuters
2026-09-22 03:00:00+00:00,-0.23014713876957726,7,CoinDesk
2026-09-22 04:00:00+00:00,-0.26489061589023133,2,Reuters
2026-09-22 05:00:00+00:00,-0.34728092957350554,6,Reuters
2026-09-22 06:00:00+00:00,0.17323643177533737,3,Decrypt
2026-09-22 07:00:00+00:00,-0.5665986778998233,2,Bloomberg Crypto
2026-09-22 08:00:00+00:00,-0.0707298630401107,1,Reuters
2026-09-22 09:00:00+00:00,-0.325093273264495,5,CoinTelegraph
2026-09-22 10:00:00+00:00,-0.4563777303361398,2,Decrypt
2026-09-22 11:00:00+00:00,0.7164624671106116,4,CoinTelegraph
2026-09-22 12:00:00+00:00,-0.04095541473186351,4,CoinTelegraph
2026-09-22 13:00:00+00:00,0.028028916099138823,4,CoinDesk
2026-09-22 14:00:00+00:00,0.2126204522552805,2,CoinTelegraph
2026-09-22 15:00:00+00:00,-0.6820578608504907,1,Reuters
2026-09-22 16:00:00+00:00,0.4297362478120922,4,CoinTelegraph
2026-09-22 17:00:00+00:00,-1.0,2,CoinTelegraph
2026-09-22 18:00:00+00:00,-0.45058506440813817,7,CoinDesk
2026-09-22 19:00:00+00:00,-0.34114830458009204,4,CoinTelegraph
2026-09-22 20:00:00+00:00,0.02414890341790127,3,Reuters
2026-09-22 21:00:00+00:00,-0.10186661293870988,6,Reuters
2026-09-22 22:00:00+00:00,-0.23576359270351163,4,CoinTelegraph
2026-09-22 23:00:00+00:00,-0.18053464630744648,3,Reuters
2026-09-23 00:00:00+00:00,-0.5175975103214095,5,Reuters
2026-09-23 01:00:00+00:00,-0.6982714201056017,2,CoinDesk
2026-09-23 02:00:00+00:00,0.08109158285210133,5,Decrypt
2026-09-23 03:00:00+00:00,0.07066545901636692,2,Decrypt
2026-09-23 04:00:00+00:00,0.3835003434974332,2,Bloomberg Crypto
2026-09-23 05:00:00+00:00,-0.4465165107726582,1,Decrypt
2026-09-23 06:00:00+00:00,0.07354010632284652,4,CoinTelegraph
2026-09-23 07:00:00+00:00,-0.26717413365071063,4,Reuters
2026-09-23 08:00:00+00:00,0.24986101382060497,3,Decrypt
2026-09-23 09:00:00+00:00,0.1919563778870625,2,CoinDesk
2026-09-23 10:00:00+00:00,-0.09072959775685598,4,Bloomberg Crypto
2026-09-23 11:00:00+00:00,-0.28240768639529135,2,CoinTelegraph
2026-09-23 12:00:00+00:00,0.17383791631609563,2,Decrypt
2026-09-23 13:00:00+00:00,0.06501503167830772,1,Reuters
2026-09-23 14:00:00+00:00,-0.39986590821445867,1,CoinDesk
2026-09-23 15:00:00+00:00,-0.6239485501663826,0,Decrypt
2026-09-23 16:00:00+00:00,-0.25910982783134107,2,Reuters
2026-09-23 17:00:00+00:00,0.3733701531622067,5,Decrypt
2026-09-23 18:00:00+00:00,0.24534736190990838,4,CoinTelegraph
2026-09-23 19:00:00+00:00,-0.5441333316894601,1,Bloomberg Crypto
2026-09-23 20:00:00+00:00,-0.5624265192035012,1,Reuters
2026-09-23 21:00:00+00:00,0.2935380642321882,4,Bloomberg Crypto
2026-09-23 22:00:00+00:00,-0.5489608830816977,3,Bloomberg Crypto
2026-09-23 23:00:00+00:00,0.0278808192409698,5,CoinDesk
2026-09-24 00:00:00+00:00,-0.36487891203986844,3,Reuters
2026-09-24 01:00:00+00:00,0.41783305853459385,4,CoinDesk
2026-09-24 02:00:00+00:00,-0.41665727962697596,3,Bloomberg Crypto
2026-09-24 03:00:00+00:00,0.2542947234394315,1,CoinTelegraph
2026-09-24 04:00:00+00:00,-0.0800517936072381,2,CoinTelegraph
2026-09-24 05:00:00+00:00,-0.05535195305273717,2,Decrypt
2026-09-24 06:00:00+00:00,-0.8320933250931071,5,Decrypt
2026-09-24 07:00:00+00:00,-0.9123675259241611,4,Reuters
2026-09-24 08:00:00+00:00,-0.21740584424096188,1,CoinTelegraph
2026-09-24 09:00:00+00:00,-0.052647959075041356,4,Bloomberg Crypto
2026-09-24 10:00:00+00:00,-0.5317390615438353,2,CoinTelegraph
2026-09-24 11:00:00+00:00,-0.517814701719259,10,Reuters
2026-09-24 12:00:00+00:00,0.060893759259454755,2,Decrypt
2026-09-24 13:00:00+00:00,0.06253026563787126,2,Decrypt
2026-09-24 14:00:00+00:00,-0.18152282456715857,0,CoinDesk
2026-09-24 15:00:00+00:00,0.14091496710997686,2,Decrypt
2026-09-24 16:00:00+00:00,-0.5419661730888721,3,Bloomberg Crypto
2026-09-24 17:00:00+00:00,-0.2544098987455696,6,Reuters
2026-09-24 18:00:00+00:00,0.44808958065053933,2,Decrypt
2026-09-24 19:00:00+00:00,-0.10358735651193011,8,Decrypt
2026-09-24 20:00:00+00:00,-0.0821208811333779,1,Bloomberg Crypto
2026-09-24 21:00:00+00:00,0.6819232243050123,4,Decrypt
2026-09-24 22:00:00+00:00,-0.6137533403819414,3,Bloomberg Crypto
2026-09-24 23:00:00+00:00,0.15594384068005102,0,Decrypt
2026-09-25 00:00:00+00:00,0.4607674794248337,1,Bloomberg Crypto
2026-09-25 01:00:00+00:00,-0.23414667103628384,3,Decrypt
2026-09-25 02:00:00+00:00,0.1816079311144278,2,Reuters
2026-09-25 03:00:00+00:00,-0.461783907020757,2,CoinDesk
2026-09-25 04:00:00+00:00,-0.35724547330781053,0,CoinDesk
2026-09-25 05:00:00+00:00,0.01903922374358795,2,CoinTelegraph
2026-09-25 06:00:00+00:00,0.16499156950870808,0,CoinDesk
2026-09-25 07:00:00+00:00,0.27901538978099505,3,Bloomberg Crypto
2026-09-25 08:00:00+00:00,0.43725409099168155,4,Bloomberg Crypto
2026-09-25 09:00:00+00:00,-0.13452365836151678,2,CoinDesk
2026-09-25 10:00:00+00:00,0.3080473572612232,4,Bloomberg Crypto
2026-09-25 11:00:00+00:00,-0.22832081442613306,4,Reuters
2026-09-25 12:00:00+00:00,0.2084224874059547,4,Bloomberg Crypto
2026-09-25 13:00:00+00:00,-0.03348175740464811,2,Reuters
2026-09-25 14:00:00+00:00,0.05109303090330378,3,Reuters
2026-09-25 15:00:00+00:00,0.0445440621064913,0,Reuters
2026-09-25 16:00:00+00:00,-0.6641179841795914,4,Decrypt
2026-09-25 17:00:00+00:00,-0.49469952047950605,2,CoinTelegraph
2026-09-25 18:00:00+00:00,-0.06415112973932338,4,Bloomberg Crypto
2026-09-25 19:00:00+00:00,-0.689370222541769,1,Decrypt
2026-09-25 20:00:00+00:00,0.19332126070631866,4,CoinTelegraph
2026-09-25 21:00:00+00:00,0.20866368969313978,3,Decrypt
2026-09-25 22:00:00+00:00,0.019352306930493432,3,Bloomberg Crypto
2026-09-25 23:00:00+00:00,-0.4863290167460208,4,Reuters
2026-09-26 00:00:00+00:00,0.390343530291495,1,Decrypt
2026-09-26 01:00:00+00:00,0.6215473565045367,3,CoinTelegraph
2026-09-26 02:00:00+00:00,-0.038769052684609874,5,CoinTelegraph
2026-09-26 03:00:00+00:00,0.08967353667588433,3,CoinTelegraph
2026-09-26 04:00:00+00:00,-0.017171571511389233,3,Decrypt
2026-09-26 05:00:00+00:00,0.09908448628539616,4,CoinTelegraph
2026-09-26 06:00:00+00:00,-0.12715332100354138,2,CoinDesk
2026-09-26 07:00:00+00:00,-0.09616668650509644,4,CoinTelegraph
2026-09-26 08:00:00+00:00,0.23417206824483597,7,CoinTelegraph
2026-09-26 09:00:00+00:00,0.7393810094035205,2,Decrypt
2026-09-26 10:00:00+00:00,-0.5703692235892617,3,Bloomberg Crypto
2026-09-26 11:00:00+00:00,-0.1154340173594422,2,Decrypt
2026-09-26 12:00:00+00:00,-0.49101470895216903,2,Decrypt
2026-09-26 13:00:00+00:00,0.48060272596677184,2,CoinDesk
2026-09-26 14:00:00+00:00,-0.28106530842741223,2,Bloomberg Crypto
2026-09-26 15:00:00+00:00,-0.5792269319693093,2,Decrypt
2026-09-26 16:00:00+00:00,0.15051053296821842,4,CoinDesk
2026-09-26 17:00:00+00:00,0.5389070603583036,2,Decrypt
2026-09-26 18:00:00+00:00,0.1619118371251429,0,CoinDesk
2026-09-26 19:00:00+00:00,0.0025875559794854147,1,Reuters
2026-09-26 20:00:00+00:00,0.0753646173191107,2,CoinTelegraph
2026-09-26 21:00:00+00:00,0.42861777808769297,7,CoinTelegraph
2026-09-26 22:00:00+00:00,-0.37128671362391225,3,Decrypt
2026-09-26 23:00:00+00:00,-0.10320276106214941,1,CoinDesk
2026-09-27 00:00:00+00:00,-0.22123594576725314,3,Reuters
2026-09-27 01:00:00+00:00,-0.47028420751268496,4,CoinTelegraph
2026-09-27 02:00:00+00:00,-0.17519850733507283,5,Decrypt
2026-09-27 03:00:00+00:00,0.3287005166557839,3,Decrypt
2026-09-27 04:00:00+00:00,0.1405752773462039,3,CoinDesk
2026-09-27 05:00:00+00:00,0.16904066208489504,2,Bloomberg Crypto
2026-09-27 06:00:00+00:00,-0.0039330414186432225,0,Decrypt
2026-09-27 07:00:00+00:00,0.12923334823733598,1,Reuters
2026-09-27 08:00:00+00:00,-0.3328660669482654,3,Reuters
2026-09-27 09:00:00+00:00,-0.15971640332897447,2,Bloomberg Crypto
2026-09-27 10:00:00+00:00,0.017085995288399318,4,Reuters
2026-09-27 11:00:00+00:00,0.04828844672710604,0,CoinDesk
2026-09-27 12:00:00+00:00,0.06449793369171386,4,Decrypt
2026-09-27 13:00:00+00:00,-0.09470999490501666,4,CoinDesk
2026-09-27 14:00:00+00:00,-0.17711480989901207,3,Bloomberg Crypto
2026-09-27 15:00:00+00:00,1.0,4,Bloomberg Crypto
2026-09-27 16:00:00+00:00,0.2749134569612261,3,CoinDesk
2026-09-27 17:00:00+00:00,0.10341798494943713,0,CoinTelegraph
2026-09-27 18:00:00+00:00,-0.12152738633249875,1,Bloomberg Crypto
2026-09-27 19:00:00+00:00,-0.19655104266613185,3,Decrypt
2026-09-27 20:00:00+00:00,-0.08312398697047291,5,Bloomberg Crypto
2026-09-27 21:00:00+00:00,0.06642768178553302,4,CoinDesk
2026-09-27 22:00:00+00:00,-0.6929328203007298,3,CoinDesk
2026-09-27 23:00:00+00:00,-0.5827840605176496,3,Reuters
2026-09-28 00:00:00+00:00,-0.2551232401278848,1,CoinTelegraph
2026-09-28 01:00:00+00:00,0.04156829363826692,3,CoinDesk
2026-09-28 02:00:00+00:00,-0.11339164312300974,3,Reuters
2026-09-28 03:00:00+00:00,0.4889814041896585,4,Reuters
2026-09-28 04:00:00+00:00,-0.5459143584578333,5,Decrypt
2026-09-28 05:00:00+00:00,-0.28876035398241423,4,Reuters
2026-09-28 06:00:00+00:00,0.507529190747757,2,CoinTelegraph
2026-09-28 07:00:00+00:00,0.022675819866262218,2,Decrypt
2026-09-28 08:00:00+00:00,0.2877663650109811,2,CoinDesk
2026-09-28 09:00:00+00:00,0.6972957021036141,3,CoinDesk
2026-09-28 10:00:00+00:00,-0.2621840811004334,7,Reuters
2026-09-28 11:00:00+00:00,-0.052824001436950596,5,Bloomberg Crypto
2026-09-28 12:00:00+00:00,-0.11212451235598618,4,CoinTelegraph
2026-09-28 13:00:00+00:00,-0.6995934517361235,0,CoinTelegraph
2026-09-28 14:00:00+00:00,-0.12283529781132058,0,Reuters
2026-09-28 15:00:00+00:00,0.2954650956818732,6,CoinTelegraph
2026-09-28 16:00:00+00:00,0.17758965536663054,6,Decrypt
2026-09-28 17:00:00+00:00,0.20635262579897967,2,Reuters
2026-09-28 18:00:00+00:00,-0.14046423467789823,2,Bloomberg Crypto
2026-09-28 19:00:00+00:00,-0.23737956467011614,2,CoinDesk
2026-09-28 20:00:00+00:00,0.43778465593365,3,CoinTelegraph
2026-09-28 21:00:00+00:00,-0.1792250080719361,0,CoinDesk
2026-09-28 22:00:00+00:00,0.09905562475512002,0,Bloomberg Crypto
2026-09-28 23:00:00+00:00,0.05458503917053104,2,Bloomberg Crypto
2026-09-29 00:00:00+00:00,0.5103098942011164,6,Decrypt
2026-09-29 01:00:00+00:00,0.3399943251853254,4,Bloomberg Crypto
