timestamp,open,high,low,close,volume
2025-09-28 17:00:00+00:00,204.05,205.84,203.97,205.03,20348.437
2025-09-28 18:00:00+00:00,205.04,206.36,204.82,206.13,18116.609
2025-09-28 19:00:00+00:00,206.16,206.65,205.41,206.19,14819.431
2025-09-28 20:00:00+00:00,206.22,207.79,206.01,206.79,22116.247
2025-09-28 21:00:00+00:00,206.83,207.29,206.53,207.22,13439.222
2025-09-28 22:00:00+00:00,207.24,209.96,207.24,209.52,50427.487
2025-09-28 23:00:00+00:00,209.58,210.97,209.58,210.83,44626.888
2025-09-29 00:00:00+00:00,210.84,210.89,209.04,209.2,39429.752
2025-09-29 01:00:00+00:00,209.22,209.93,208.77,209.42,34238.407
2025-09-29 02:00:00+00:00,209.43,210.81,208.9,209.69,62619.958
2025-09-29 03:00:00+00:00,209.69,210.35,209.09,210.24,38682.511
2025-09-29 04:00:00+00:00,210.27,210.65,209.87,210.05,28940.242
2025-09-29 05:00:00+00:00,210.06,210.18,208.8,209.12,46504.907
2025-09-29 06:00:00+00:00,209.13,209.19,207.8,208.14,69742.699
2025-09-29 07:00:00+00:00,208.14,209.3,207.37,208.94,50029.538
2025-09-29 08:00:00+00:00,208.95,209.65,208.25,208.91,32666.683
2025-09-29 09:00:00+00:00,208.89,209.14,207.88,208.2,43480.422
2025-09-29 10:00:00+00:00,208.23,208.33,206.49,206.6,34775.977
2025-09-29 11:00:00+00:00,206.61,207.46,206.04,207.08,32317.157
2025-09-29 12:00:00+00:00,207.08,208.02,205.23,205.42,40382.313
2025-09-29 13:00:00+00:00,205.39,209.47,204.61,208.84,83780.794
2025-09-29 14:00:00+00:00,208.84,212.85,208.66,212.39,113881.431
2025-09-29 15:00:00+00:00,212.38,213.5,209.8,210.07,75432.268
2025-09-29 16:00:00+00:00,210.07,211.57,208.33,208.72,46687.692
2025-09-29 17:00:00+00:00,208.73,210.31,207.66,210.17,44361.575
2025-09-29 18:00:00+00:00,210.17,210.74,209.12,210.74,26845.341
2025-09-29 19:00:00+00:00,210.75,213.51,210.47,212.94,54522.173
2025-09-29 20:00:00+00:00,212.95,214.51,212.51,214.39,58649.042
2025-09-29 21:00:00+00:00,214.4,214.73,213.67,214.16,39140.298
2025-09-29 22:00:00+00:00,214.16,214.27,213.03,213.57,43009.124
2025-09-29 23:00:00+00:00,213.58,213.96,212.43,212.73,41684.571
2025-09-30 00:00:00+00:00,212.74,213.66,211.24,211.33,68075.735
2025-09-30 01:00:00+00:00,211.3,212.96,209.83,210.6,81454.406
2025-09-30 02:00:00+00:00,210.59,211.25,209.99,210.53,31681.373
2025-09-30 03:00:00+00:00,210.52,211.47,210.13,210.71,20626.895
2025-09-30 04:00:00+00:00,210.74,211.72,210.21,210.22,27159.263
2025-09-30 05:00:00+00:00,210.25,210.76,208.96,210.02,43668.929
2025-09-30 06:00:00+00:00,210.02,210.9,209.51,210.3,24347.691
2025-09-30 07:00:00+00:00,210.32,210.82,208.54,209.01,38859.258
2025-09-30 08:00:00+00:00,209.01,209.01,207.73,207.79,35117.811
2025-09-30 09:00:00+00:00,207.79,207.96,205.58,205.91,75438.801
2025-09-30 10:00:00+00:00,205.89,207.0,205.56,206.58,41672.451
2025-09-30 11:00:00+00:00,206.59,207.28,205.94,207.08,36313.368
2025-09-30 12:00:00+00:00,207.08,207.5,205.99,206.18,23645.609
2025-09-30 13:00:00+00:00,206.18,209.62,205.69,207.7,49791.958
2025-09-30 14:00:00+00:00,207.64,208.9,206.1,208.81,36930.071
2025-09-30 15:00:00+00:00,208.81,208.81,204.68,206.0,51948.997
2025-09-30 16:00:00+00:00,206.0,206.32,204.31,205.14,41772.346
2025-09-30 17:00:00+00:00,205.13,206.32,204.74,205.66,46406.73
2025-09-30 18:00:00+00:00,205.68,207.86,205.35,207.59,35734.771
2025-09-30 19:00:00+00:00,207.57,209.22,207.13,208.99,55757.004
2025-09-30 20:00:00+00:00,208.97,210.21,208.18,209.86,51994.991
2025-09-30 21:00:00+00:00,209.9,210.98,209.27,209.6,57510.917
2025-09-30 22:00:00+00:00,209.61,210.95,207.83,208.07,88009.071
2025-09-30 23:00:00+00:00,208.07,208.9,207.43,208.7,63736.23
2025-10-01 00:00:00+00:00,208.71,209.43,206.45,207.55,34907.822
2025-10-01 01:00:00+00:00,207.55,210.72,207.14,210.59,49547.993
2025-10-01 02:00:00+00:00,210.59,210.89,209.15,209.2,59908.083
2025-10-01 03:00:00+00:00,209.18,209.59,206.62,206.66,42315.927
2025-10-01 04:00:00+00:00,206.71,209.49,206.36,208.48,31072.869
2025-10-01 05:00:00+00:00,208.51,210.0,208.47,208.98,25911.259
2025-10-01 06:00:00+00:00,208.98,209.52,207.81,207.99,39813.1
2025-10-01 07:00:00+00:00,207.96,210.35,207.87,210.16,18803.608
2025-10-01 08:00:00+00:00,210.16,217.41,209.85,216.53,43840.032
2025-10-01 09:00:00+00:00,216.55,217.94,215.78,217.54,18062.587
2025-10-01 10:00:00+00:00,217.55,217.72,216.03,216.59,8128.63
2025-10-01 11:00:00+00:00,216.6,217.88,216.58,217.76,8427.166
2025-10-01 12:00:00+00:00,217.74,219.37,217.17,218.49,33322.575
2025-10-01 13:00:00+00:00,218.5,219.92,218.31,219.32,39105.918
2025-10-01 14:00:00+00:00,219.32,220.65,218.86,219.52,52126.035
2025-10-01 15:00:00+00:00,219.52,220.28,218.72,220.22,33960.341
2025-10-01 16:00:00+00:00,220.23,220.98,218.88,219.1,36835.339
2025-10-01 17:00:00+00:00,219.1,219.75,217.36,217.38,40259.323
2025-10-01 18:00:00+00:00,217.38,219.65,217.38,219.13,33067.356
2025-10-01 19:00:00+00:00,219.14,220.46,219.02,220.05,25999.09
2025-10-01 20:00:00+00:00,220.06,220.28,219.23,219.47,19443.127
2025-10-01 21:00:00+00:00,219.47,219.47,218.44,219.02,17693.936
2025-10-01 22:00:00+00:00,219.07,219.96,219.03,219.53,31369.785
2025-10-01 23:00:00+00:00,219.57,222.75,219.45,222.02,50294.033
2025-10-02 00:00:00+00:00,222.05,222.46,219.73,219.83,103512.126
2025-10-02 01:00:00+00:00,219.84,223.05,219.55,222.86,55862.262
2025-10-02 02:00:00+00:00,222.83,224.09,221.4,223.27,59096.934
2025-10-02 03:00:00+00:00,223.27,225.07,222.85,223.79,44467.491
2025-10-02 04:00:00+00:00,223.8,224.96,222.7,223.77,34034.512
2025-10-02 05:00:00+00:00,223.83,226.67,223.81,224.13,80617.977
2025-10-02 06:00:00+00:00,224.1,225.77,223.54,224.94,106045.277
2025-10-02 07:00:00+00:00,224.94,225.26,222.47,222.95,68397.964
2025-10-02 08:00:00+00:00,222.95,224.73,222.7,224.73,43989.558
2025-10-02 09:00:00+00:00,224.73,225.73,224.01,225.17,69534.37
2025-10-02 10:00:00+00:00,225.17,225.73,224.84,225.15,48523.52
2025-10-02 11:00:00+00:00,225.13,226.65,224.79,225.26,49472.725
2025-10-02 12:00:00+00:00,225.27,227.39,225.0,227.28,70222.211
2025-10-02 13:00:00+00:00,227.29,227.43,224.64,226.51,97254.09
2025-10-02 14:00:00+00:00,226.51,226.71,223.12,223.6,122892.862
2025-10-02 15:00:00+00:00,223.6,227.28,222.62,227.15,95912.83
2025-10-02 16:00:00+00:00,227.18,229.27,226.21,228.0,54375.588
2025-10-02 17:00:00+00:00,227.98,230.34,227.39,229.82,35483.136
2025-10-02 18:00:00+00:00,229.82,233.19,229.76,232.34,47752.406
2025-10-02 19:00:00+00:00,232.34,233.78,231.56,232.31,43945.858
2025-10-02 20:00:00+00:00,232.28,232.62,230.81,232.61,43362.797
2025-10-02 21:00:00+00:00,232.61,233.98,232.42,232.54,22021.198
2025-10-02 22:00:00+00:00,232.56,233.87,232.12,233.08,66084.716
2025-10-02 23:00:00+00:00,233.09,234.99,232.92,234.73,46922.233
2025-10-03 00:00:00+00:00,234.73,234.76,231.85,231.89,25246.277
2025-10-03 01:00:00+00:00,231.9,232.72,230.52,230.95,39893.518
2025-10-03 02:00:00+00:00,230.9,233.4,230.79,233.3,24611.35
2025-10-03 03:00:00+00:00,233.31,234.86,232.01,232.24,32439.523
2025-10-03 04:00:00+00:00,232.25,233.21,231.37,232.05,41372.722
2025-10-03 05:00:00+00:00,232.07,232.18,230.33,231.21,22804.866
2025-10-03 06:00:00+00:00,231.21,231.55,227.8,229.33,40242.441
2025-10-03 07:00:00+00:00,229.33,229.71,228.58,229.42,29596.939
2025-10-03 08:00:00+00:00,229.43,231.21,227.88,231.03,30547.795
2025-10-03 09:00:00+00:00,231.04,231.84,230.66,230.92,35654.246
2025-10-03 10:00:00+00:00,230.93,231.66,230.38,231.26,14722.517
2025-10-03 11:00:00+00:00,231.26,231.35,229.58,230.8,19254.326
2025-10-03 12:00:00+00:00,230.81,231.25,229.73,230.08,17688.473
2025-10-03 13:00:00+00:00,230.08,231.05,228.73,229.77,41517.913
2025-10-03 14:00:00+00:00,229.76,231.06,227.15,230.49,56029.509
2025-10-03 15:00:00+00:00,230.46,234.99,229.51,234.81,79280.068
2025-10-03 16:00:00+00:00,234.79,237.0,233.7,233.93,104463.314
2025-10-03 17:00:00+00:00,233.88,234.06,228.54,230.09,101358.563
2025-10-03 18:00:00+00:00,230.12,233.66,229.13,233.63,58906.103
2025-10-03 19:00:00+00:00,233.62,235.52,232.78,233.18,43681.524
2025-10-03 20:00:00+00:00,233.2,233.42,230.71,232.93,31564.876
2025-10-03 21:00:00+00:00,233.0,233.39,231.92,232.61,10278.836
2025-10-03 22:00:00+00:00,232.62,233.99,232.62,233.17,48829.759
2025-10-03 23:00:00+00:00,233.2,233.48,232.41,232.8,34621.785
2025-10-04 00:00:00+00:00,232.82,234.04,231.5,231.96,51504.453
2025-10-04 01:00:00+00:00,231.98,232.11,229.59,230.29,45102.083
2025-10-04 02:00:00+00:00,230.29,231.03,228.37,229.87,76909.245
2025-10-04 03:00:00+00:00,229.85,230.01,227.92,229.21,65167.681
2025-10-04 04:00:00+00:00,229.22,229.92,229.0,229.52,21272.098
2025-10-04 05:00:00+00:00,229.58,230.31,229.16,229.96,18729.525
2025-10-04 06:00:00+00:00,229.97,230.52,229.62,229.82,31634.045
2025-10-04 07:00:00+00:00,229.84,229.9,228.77,229.12,30810.223
2025-10-04 08:00:00+00:00,229.13,229.45,228.21,228.88,40652.2
2025-10-04 09:00:00+00:00,228.88,229.45,228.31,228.47,17564.432
2025-10-04 10:00:00+00:00,228.47,229.91,228.31,229.14,28052.433
2025-10-04 11:00:00+00:00,229.15,229.57,228.66,229.18,18978.736
2025-10-04 12:00:00+00:00,229.18,229.44,227.96,228.14,21974.713
2025-10-04 13:00:00+00:00,228.15,229.83,227.93,228.8,49443.817
2025-10-04 14:00:00+00:00,228.8,229.5,226.7,226.84,40914.642
2025-10-04 15:00:00+00:00,226.84,227.52,224.25,224.87,143668.999
2025-10-04 16:00:00+00:00,224.86,225.71,224.19,225.69,86214.443
2025-10-04 17:00:00+00:00,225.68,227.01,225.44,226.54,52882.852
2025-10-04 18:00:00+00:00,226.55,226.97,225.83,226.06,22778.641
2025-10-04 19:00:00+00:00,226.06,226.91,225.99,226.91,18549.15
2025-10-04 20:00:00+00:00,226.91,227.99,226.9,227.34,24168.761
2025-10-04 21:00:00+00:00,227.33,228.27,227.28,227.29,10649.349
2025-10-04 22:00:00+00:00,227.3,228.0,226.95,227.74,19999.835
2025-10-04 23:00:00+00:00,227.75,228.21,227.08,227.84,12374.973
2025-10-05 00:00:00+00:00,227.84,228.24,226.49,226.82,25444.535
2025-10-05 01:00:00+00:00,226.82,227.83,226.6,227.78,28673.742
2025-10-05 02:00:00+00:00,227.78,231.39,227.31,231.2,140112.025
2025-10-05 03:00:00+00:00,231.14,232.28,230.17,230.89,79130.387
2025-10-05 04:00:00+00:00,230.89,234.94,230.89,233.79,56591.542
2025-10-05 05:00:00+00:00,233.83,234.95,233.36,234.53,67019.746
2025-10-05 06:00:00+00:00,234.53,235.92,234.49,235.18,95072.873
2025-10-05 07:00:00+00:00,235.18,236.98,234.99,236.59,100372.269
2025-10-05 08:00:00+00:00,236.6,237.24,235.16,235.21,62697.87
2025-10-05 09:00:00+00:00,235.19,235.8,232.11,233.43,94332.263
2025-10-05 10:00:00+00:00,233.44,233.6,230.75,232.02,73667.391
2025-10-05 11:00:00+00:00,232.0,232.83,230.82,232.66,34477.257
2025-10-05 12:00:00+00:00,232.65,232.66,230.75,231.32,24782.946
2025-10-05 13:00:00+00:00,231.34,232.04,230.44,231.67,26665.685
2025-10-05 14:00:00+00:00,231.66,232.06,228.43,230.13,39399.801
2025-10-05 15:00:00+00:00,230.11,230.91,229.78,230.13,23672.209
2025-10-05 16:00:00+00:00,230.16,231.24,228.84,231.09,23393.871
2025-10-05 17:00:00+00:00,231.12,231.49,229.33,229.71,25723.211
2025-10-05 18:00:00+00:00,229.71,229.9,227.48,228.96,38721.665
2025-10-05 19:00:00+00:00,229.02,229.04,226.71,227.09,30462.833
2025-10-05 20:00:00+00:00,227.11,229.01,226.72,228.01,19956.808
2025-10-05 21:00:00+00:00,228.0,228.77,227.48,228.71,10393.781
2025-10-05 22:00:00+00:00,228.71,229.27,227.08,228.31,34437.339
2025-10-05 23:00:00+00:00,228.33,229.16,228.12,228.58,36533.658
2025-10-06 00:00:00+00:00,228.58,230.32,227.54,228.71,76991.647
2025-10-06 01:00:00+00:00,228.72,231.74,227.78,231.45,84672.657
2025-10-06 02:00:00+00:00,231.42,232.99,229.84,232.43,88952.72
2025-10-06 03:00:00+00:00,232.4,233.3,231.76,232.27,48486.028
2025-10-06 04:00:00+00:00,232.26,232.34,230.62,230.67,32216.981
2025-10-06 05:00:00+00:00,230.67,232.47,230.18,232.33,29161.951
2025-10-06 06:00:00+00:00,232.33,234.81,232.33,233.92,55517.622
2025-10-06 07:00:00+00:00,233.93,234.25,230.65,231.35,38573.878
2025-10-06 08:00:00+00:00,231.38,233.91,231.38,233.67,25601.802
2025-10-06 09:00:00+00:00,233.68,234.12,232.8,233.5,21053.018
2025-10-06 10:00:00+00:00,233.49,233.74,232.34,232.66,21708.691
2025-10-06 11:00:00+00:00,232.65,233.85,231.8,233.01,27118.607
2025-10-06 12:00:00+00:00,233.04,234.46,232.94,234.09,33171.475
2025-10-06 13:00:00+00:00,234.07,235.14,232.71,234.72,42232.71
2025-10-06 14:00:00+00:00,234.77,235.74,232.79,233.35,54758.171
2025-10-06 15:00:00+00:00,233.32,236.69,233.31,235.62,51410.321
2025-10-06 16:00:00+00:00,235.62,236.27,234.02,235.76,25202.448
2025-10-06 17:00:00+00:00,235.68,237.79,235.44,236.43,47002.292
2025-10-06 18:00:00+00:00,236.44,237.16,234.82,236.8,31740.837
2025-10-06 19:00:00+00:00,236.81,236.99,234.69,235.32,37173.399
2025-10-06 20:00:00+00:00,235.35,236.14,233.22,233.6,42938.359
2025-10-06 21:00:00+00:00,233.6,234.43,232.81,234.25,20364.07
2025-10-06 22:00:00+00:00,234.25,235.0,233.93,234.57,43704.239
2025-10-06 23:00:00+00:00,234.62,234.76,231.62,232.34,78033.467
2025-10-07 00:00:00+00:00,232.36,233.0,231.16,232.53,59711.815
2025-10-07 01:00:00+00:00,232.5,233.1,231.0,232.72,58451.876
2025-10-07 02:00:00+00:00,232.73,233.83,232.04,233.47,50895.761
2025-10-07 03:00:00+00:00,233.47,233.97,232.91,233.95,51796.033
2025-10-07 04:00:00+00:00,233.94,235.22,233.01,234.83,68753.954
2025-10-07 05:00:00+00:00,234.83,235.03,233.21,233.52,65419.755
2025-10-07 06:00:00+00:00,233.51,233.69,229.45,230.47,133066.349
2025-10-07 07:00:00+00:00,230.48,231.13,229.55,231.0,72470.377
2025-10-07 08:00:00+00:00,231.01,231.01,228.33,230.03,83161.816
2025-10-07 09:00:00+00:00,230.03,230.6,229.74,230.38,25568.52589674
2025-10-07 10:00:00+00:00,230.33,231.65,229.79,230.86,26127.929
2025-10-07 11:00:00+00:00,230.86,231.17,230.03,230.46,29305.373
2025-10-07 12:00:00+00:00,230.47,231.51,229.29,231.47,37478.23
2025-10-07 13:00:00+00:00,231.5,231.62,226.4,227.93,79638.299
2025-10-07 14:00:00+00:00,227.94,228.13,224.5,225.29,98170.486
2025-10-07 15:00:00+00:00,225.34,225.91,221.36,223.76,119211.916
2025-10-07 16:00:00+00:00,223.76,225.29,221.87,224.42,73604.542
2025-10-07 17:00:00+00:00,224.41,224.84,222.62,222.71,35464.172
2025-10-07 18:00:00+00:00,222.77,223.28,221.37,221.44,31678.556
2025-10-07 19:00:00+00:00,221.43,222.85,220.72,221.68,45391.376
2025-10-07 20:00:00+00:00,221.74,224.18,221.52,223.48,29663.629
2025-10-07 21:00:00+00:00,223.5,224.27,222.45,223.15,23232.902
2025-10-07 22:00:00+00:00,223.16,223.68,222.01,222.46,35280.096
2025-10-07 23:00:00+00:00,222.52,222.53,219.69,219.98,70222.294
2025-10-08 00:00:00+00:00,219.98,221.8,217.98,221.0,124313.842
2025-10-08 01:00:00+00:00,221.0,222.32,220.5,222.06,38198.391
2025-10-08 02:00:00+00:00,222.06,222.79,221.19,221.63,43421.34
2025-10-08 03:00:00+00:00,221.62,221.62,217.99,218.32,72789.296
2025-10-08 04:00:00+00:00,218.33,220.53,217.32,220.41,49603.74
2025-10-08 05:00:00+00:00,220.43,220.43,218.43,219.52,25676.414
2025-10-08 06:00:00+00:00,219.53,220.49,218.64,220.25,23429.507
2025-10-08 07:00:00+00:00,220.32,220.99,219.46,220.96,17201.785
2025-10-08 08:00:00+00:00,221.0,222.63,220.83,221.65,29009.611
2025-10-08 09:00:00+00:00,221.63,222.09,220.73,221.45,22432.391
2025-10-08 10:00:00+00:00,221.45,222.21,221.06,222.14,25428.637
2025-10-08 11:00:00+00:00,222.14,222.55,220.68,221.22,21982.385
2025-10-08 12:00:00+00:00,221.21,222.56,221.1,222.3,20407.088
2025-10-08 13:00:00+00:00,222.3,222.73,218.85,221.45,43519.929
2025-10-08 14:00:00+00:00,221.45,224.18,219.51,220.07,62789.709
2025-10-08 15:00:00+00:00,220.07,222.85,219.92,221.23,40911.792
2025-10-08 16:00:00+00:00,221.23,223.71,220.69,223.58,17423.049
2025-10-08 17:00:00+00:00,223.54,227.73,223.35,226.94,62352.268
2025-10-08 18:00:00+00:00,226.93,229.65,226.44,228.67,65964.089
2025-10-08 19:00:00+00:00,228.68,229.6,227.55,229.33,33348.428
2025-10-08 20:00:00+00:00,229.35,229.66,227.47,227.69,21752.4
2025-10-08 21:00:00+00:00,227.66,229.1,227.41,228.48,16095.614
2025-10-08 22:00:00+00:00,228.48,229.69,228.47,228.6,51502.847
2025-10-08 23:00:00+00:00,228.61,229.36,227.89,229.03,44943.112
2025-10-09 00:00:00+00:00,229.03,229.65,228.01,228.32,64699.604
2025-10-09 01:00:00+00:00,228.32,228.62,226.0,228.42,68135.923
2025-10-09 02:00:00+00:00,228.42,228.69,223.82,224.4,58661.945
2025-10-09 03:00:00+00:00,224.4,226.44,224.39,226.17,34739.591
2025-10-09 04:00:00+00:00,226.17,227.58,225.45,227.49,26810.186
2025-10-09 05:00:00+00:00,227.48,228.75,226.74,227.8,35870.107
2025-10-09 06:00:00+00:00,227.82,228.39,226.3,226.51,43662.793
2025-10-09 07:00:00+00:00,226.52,226.89,224.17,224.52,58670.696
2025-10-09 08:00:00+00:00,224.51,224.81,219.41,219.99,103654.354
2025-10-09 09:00:00+00:00,220.02,222.14,219.92,221.97,56473.517
2025-10-09 10:00:00+00:00,222.0,222.95,221.0,222.28,25428.79
2025-10-09 11:00:00+00:00,222.26,223.93,222.26,223.13,34902.842
2025-10-09 12:00:00+00:00,223.12,226.32,222.92,225.97,36009.471
2025-10-09 13:00:00+00:00,225.96,226.22,221.92,222.29,57075.358
2025-10-09 14:00:00+00:00,222.3,223.31,219.43,220.89,70230.752
2025-10-09 15:00:00+00:00,220.93,222.23,218.66,219.1,44228.429
2025-10-09 16:00:00+00:00,219.11,220.15,216.6,217.27,44588.983
2025-10-09 17:00:00+00:00,217.23,219.56,216.72,219.34,38253.494
2025-10-09 18:00:00+00:00,219.31,219.51,217.19,217.56,22078.402
2025-10-09 19:00:00+00:00,217.59,218.96,217.42,218.26,16332.225
2025-10-09 20:00:00+00:00,218.31,219.24,217.59,218.94,14242.003
2025-10-09 21:00:00+00:00,218.94,220.45,218.54,220.26,16502.755
2025-10-09 22:00:00+00:00,220.27,221.66,219.89,221.26,35923.563
2025-10-09 23:00:00+00:00,221.26,221.31,219.86,220.93,30111.176
2025-10-10 00:00:00+00:00,220.97,222.02,220.77,221.25,30198.605
2025-10-10 01:00:00+00:00,221.25,222.1,220.53,220.96,33762.364
2025-10-10 02:00:00+00:00,220.97,221.87,219.87,220.33,35357.007
2025-10-10 03:00:00+00:00,220.34,222.85,219.5,221.6,33339.538
2025-10-10 04:00:00+00:00,221.6,222.88,220.88,221.23,47755.099
2025-10-10 05:00:00+00:00,221.22,221.79,220.04,221.68,36045.455
2025-10-10 06:00:00+00:00,221.69,222.42,219.34,219.42,36750.866
2025-10-10 07:00:00+00:00,219.38,219.6,217.92,218.1,62602.161
2025-10-10 08:00:00+00:00,218.11,220.08,217.39,220.06,52252.163
2025-10-10 09:00:00+00:00,220.05,220.73,218.94,218.94,40282.456
2025-10-10 10:00:00+00:00,218.94,220.63,218.75,220.39,32157.979
2025-10-10 11:00:00+00:00,220.39,221.55,220.28,221.13,45229.577
2025-10-10 12:00:00+00:00,221.14,221.78,220.75,221.74,33438.44
2025-10-10 13:00:00+00:00,221.75,224.4,221.52,223.46,104004.774
2025-10-10 14:00:00+00:00,223.41,224.4,219.68,219.75,79427.634
2025-10-10 15:00:00+00:00,219.71,220.06,209.02,210.72,194054.44
2025-10-10 16:00:00+00:00,210.69,213.02,210.0,211.24,95375.135
2025-10-10 17:00:00+00:00,211.21,211.56,208.85,209.7,54776.022
2025-10-10 18:00:00+00:00,209.77,210.08,207.47,207.48,48101.077
2025-10-10 19:00:00+00:00,207.47,208.19,203.5,205.33,91299.693
2025-10-10 20:00:00+00:00,205.33,207.75,192.55,196.31,105232.022
2025-10-10 21:00:00+00:00,196.31,198.69,144.12,191.0,342696.773
2025-10-10 22:00:00+00:00,191.07,192.28,183.28,189.84,161974.068
2025-10-10 23:00:00+00:00,189.81,194.5,187.5,188.63,191474.872
2025-10-11 00:00:00+00:00,188.6,190.56,184.83,188.13,108862.724
2025-10-11 01:00:00+00:00,188.11,188.28,182.43,183.13,98664.511
2025-10-11 02:00:00+00:00,183.13,191.02,182.93,188.54,129995.5374
2025-10-11 03:00:00+00:00,188.54,189.06,182.52,184.73,140818.253
2025-10-11 04:00:00+00:00,184.74,186.86,183.79,186.07,71373.105
2025-10-11 05:00:00+00:00,186.11,186.32,180.0,182.41,75123.808
2025-10-11 06:00:00+00:00,182.42,185.98,182.21,183.14,74479.841
2025-10-11 07:00:00+00:00,183.18,183.93,181.77,182.75,68544.494
2025-10-11 08:00:00+00:00,182.76,187.3,182.02,186.61,55869.962
2025-10-11 09:00:00+00:00,186.55,188.24,184.07,184.5,63605.083
2025-10-11 10:00:00+00:00,184.5,186.03,183.04,183.95,77178.931
2025-10-11 11:00:00+00:00,183.95,184.25,181.73,183.77,101114.128
2025-10-11 12:00:00+00:00,183.77,184.64,181.73,183.11,77484.232
2025-10-11 13:00:00+00:00,183.12,184.52,180.72,184.19,105641.232
2025-10-11 14:00:00+00:00,184.19,184.65,181.59,182.62,83688.438
2025-10-11 15:00:00+00:00,182.61,184.96,182.56,183.72,75090.29
2025-10-11 16:00:00+00:00,183.72,184.62,181.76,182.66,64673.899
2025-10-11 17:00:00+00:00,182.65,184.63,182.44,183.06,47008.677
2025-10-11 18:00:00+00:00,183.06,183.09,182.28,182.56,42051.774
2025-10-11 19:00:00+00:00,182.56,182.6,176.58,177.57,97400.548
2025-10-11 20:00:00+00:00,177.54,178.12,173.99,175.54,70096.382
2025-10-11 21:00:00+00:00,175.56,177.48,172.58,176.9,68012.968
2025-10-11 22:00:00+00:00,176.97,178.1,175.91,177.37,77907.195
2025-10-11 23:00:00+00:00,177.35,178.73,176.77,177.59,49362.696
2025-10-12 00:00:00+00:00,177.61,177.7,173.01,173.28,53109.272
2025-10-12 01:00:00+00:00,173.28,175.44,173.16,174.03,43833.77
2025-10-12 02:00:00+00:00,174.01,176.56,173.46,174.75,86107.704
2025-10-12 03:00:00+00:00,174.75,178.5,174.32,177.04,60333.916
2025-10-12 04:00:00+00:00,177.05,180.85,176.61,180.1,62185.394
2025-10-12 05:00:00+00:00,180.11,182.03,179.55,181.45,49019.821
2025-10-12 06:00:00+00:00,181.45,182.67,180.85,182.58,107748.663
2025-10-12 07:00:00+00:00,182.58,182.98,181.51,182.54,83864.527
2025-10-12 08:00:00+00:00,182.55,182.74,181.41,181.81,81483.917
2025-10-12 09:00:00+00:00,181.81,182.26,180.33,182.04,72047.799
2025-10-12 10:00:00+00:00,182.08,182.75,180.66,180.75,72178.112
2025-10-12 11:00:00+00:00,180.75,181.92,180.51,181.0,55917.941
2025-10-12 12:00:00+00:00,180.97,183.17,180.8,181.68,90063.735
2025-10-12 13:00:00+00:00,181.69,181.8,178.24,179.21,66058.152
2025-10-12 14:00:00+00:00,179.21,188.9,179.08,186.31,135635.973
2025-10-12 15:00:00+00:00,186.31,191.82,185.58,191.23,131731.288
2025-10-12 16:00:00+00:00,191.21,195.48,191.21,193.8,99850.964
2025-10-12 17:00:00+00:00,193.8,196.1,193.3,194.59,39539.633
2025-10-12 18:00:00+00:00,194.6,195.61,191.79,193.83,38963.464
2025-10-12 19:00:00+00:00,193.82,196.56,193.5,195.85,31072.32
2025-10-12 20:00:00+00:00,195.86,198.93,195.37,196.76,52360.271
2025-10-12 21:00:00+00:00,196.75,197.9,193.11,195.61,47689.457
2025-10-12 22:00:00+00:00,195.61,198.07,195.48,197.42,40585.293
2025-10-12 23:00:00+00:00,197.43,197.47,195.35,197.01,35765.096
2025-10-13 00:00:00+00:00,197.01,199.26,195.75,197.25,50548.492
2025-10-13 01:00:00+00:00,197.25,199.46,196.04,199.43,42258.335
2025-10-13 02:00:00+00:00,199.44,200.0,195.7,196.5,52191.571
2025-10-13 03:00:00+00:00,196.5,197.17,194.34,194.8,33747.186
2025-10-13 04:00:00+00:00,194.81,196.44,194.24,196.19,24703.388
2025-10-13 05:00:00+00:00,196.19,196.31,193.68,194.06,32683.724
2025-10-13 06:00:00+00:00,194.06,197.4,192.94,197.09,34656.714
2025-10-13 07:00:00+00:00,197.11,199.53,195.98,196.8,56573.743
2025-10-13 08:00:00+00:00,196.8,198.72,196.21,198.29,41318.279
2025-10-13 09:00:00+00:00,198.29,198.29,196.71,197.02,32403.566
2025-10-13 10:00:00+00:00,197.02,197.07,194.93,195.43,52710.095
2025-10-13 11:00:00+00:00,195.42,195.56,190.38,192.59,109982.83
2025-10-13 12:00:00+00:00,192.57,194.46,191.4,191.89,67498.536
2025-10-13 13:00:00+00:00,191.83,196.96,191.32,196.24,117027.574
2025-10-13 14:00:00+00:00,196.23,196.8,192.52,193.42,57866.446
2025-10-13 15:00:00+00:00,193.4,197.66,193.28,196.42,50938.179
2025-10-13 16:00:00+00:00,196.44,200.37,196.24,200.09,72916.093
2025-10-13 17:00:00+00:00,200.09,205.84,199.99,205.07,97680.404
2025-10-13 18:00:00+00:00,205.07,206.65,203.98,205.97,114676.151
2025-10-13 19:00:00+00:00,205.97,208.77,205.6,207.11,56639.321
2025-10-13 20:00:00+00:00,207.12,208.79,206.83,208.61,44326.651
2025-10-13 21:00:00+00:00,208.6,208.96,207.72,208.0,42503.434
2025-10-13 22:00:00+00:00,208.01,209.27,207.68,208.45,58059.093
2025-10-13 23:00:00+00:00,208.43,209.2,207.31,208.69,45221.959
2025-10-14 00:00:00+00:00,208.7,211.28,208.08,209.33,59334.528
2025-10-14 01:00:00+00:00,209.29,210.13,207.91,208.43,61804.293
2025-10-14 02:00:00+00:00,208.43,208.6,205.83,206.3,79466.724
2025-10-14 03:00:00+00:00,206.31,206.97,204.97,205.72,57715.25
2025-10-14 04:00:00+00:00,205.71,205.82,201.1,202.08,52291.183
2025-10-14 05:00:00+00:00,202.08,203.89,198.99,199.71,71491.658
2025-10-14 06:00:00+00:00,199.71,200.77,192.17,195.34,109928.091
2025-10-14 07:00:00+00:00,195.35,197.23,193.43,194.5,27827.053
2025-10-14 08:00:00+00:00,194.49,197.09,193.17,196.14,15065.0804
2025-10-14 09:00:00+00:00,196.19,197.55,194.13,194.89,11135.938
2025-10-14 10:00:00+00:00,194.88,194.88,191.05,194.24,65120.926
2025-10-14 11:00:00+00:00,194.28,197.06,194.05,195.35,40578.367
2025-10-14 12:00:00+00:00,195.34,195.38,192.41,193.37,42840.203
2025-10-14 13:00:00+00:00,193.36,195.71,191.55,195.07,64947.568
2025-10-14 14:00:00+00:00,195.04,198.88,194.44,195.93,79159.379
2025-10-14 15:00:00+00:00,195.93,202.66,194.57,202.23,60578.179
2025-10-14 16:00:00+00:00,202.27,206.33,200.08,202.52,102046.524
2025-10-14 17:00:00+00:00,202.52,204.67,199.16,201.76,46628.186
2025-10-14 18:00:00+00:00,201.79,204.22,200.54,201.53,19125.518
2025-10-14 19:00:00+00:00,201.57,203.76,197.08,198.54,38349.654
2025-10-14 20:00:00+00:00,198.56,200.6,198.16,200.6,14845.015
2025-10-14 21:00:00+00:00,200.6,201.53,198.34,201.22,14639.646
2025-10-14 22:00:00+00:00,201.23,202.15,200.31,201.45,40465.269
2025-10-14 23:00:00+00:00,201.46,203.43,201.46,202.46,40367.775
2025-10-15 00:00:00+00:00,202.47,204.02,201.25,203.96,49193.95
2025-10-15 01:00:00+00:00,203.94,204.09,201.11,203.71,27401.778
2025-10-15 02:00:00+00:00,203.7,205.83,203.04,203.43,32278.154
2025-10-15 03:00:00+00:00,203.43,203.74,200.96,201.69,53552.229
2025-10-15 04:00:00+00:00,201.71,203.58,200.5,203.49,42114.391
2025-10-15 05:00:00+00:00,203.5,204.84,202.84,204.45,35874.021
2025-10-15 06:00:00+00:00,204.45,205.37,201.98,204.64,40446.88
2025-10-15 07:00:00+00:00,204.65,205.1,203.23,204.66,28313.111
2025-10-15 08:00:00+00:00,204.64,208.92,204.46,206.17,50386.121
2025-10-15 09:00:00+00:00,206.17,207.36,205.34,206.02,33012.062
2025-10-15 10:00:00+00:00,206.02,206.37,203.52,203.94,29719.028
2025-10-15 11:00:00+00:00,203.93,204.83,202.09,202.64,30312.197
2025-10-15 12:00:00+00:00,202.64,203.75,201.7,203.11,29843.45
2025-10-15 13:00:00+00:00,203.11,204.38,198.18,201.18,62459.716
2025-10-15 14:00:00+00:00,201.19,204.89,198.37,199.5,45072.405
2025-10-15 15:00:00+00:00,199.51,200.33,196.22,197.12,38789.89
2025-10-15 16:00:00+00:00,197.15,198.74,196.87,197.41,20785.024
2025-10-15 17:00:00+00:00,197.42,198.15,195.21,198.15,25678.772
2025-10-15 18:00:00+00:00,198.1,198.27,196.31,198.05,14594.573
2025-10-15 19:00:00+00:00,198.05,198.09,194.21,194.84,19528.997
2025-10-15 20:00:00+00:00,194.83,196.59,192.25,194.21,37700.01
2025-10-15 21:00:00+00:00,194.18,195.27,192.06,192.89,27230.853
2025-10-15 22:00:00+00:00,192.94,194.58,192.62,193.32,55225.127
2025-10-15 23:00:00+00:00,193.33,194.82,193.01,193.82,24918.686
2025-10-16 00:00:00+00:00,193.84,194.62,193.15,193.87,20237.895
2025-10-16 01:00:00+00:00,193.88,195.44,193.82,195.12,31901.73
2025-10-16 02:00:00+00:00,195.12,196.17,194.24,195.48,23900.008
2025-10-16 03:00:00+00:00,195.5,196.05,193.43,193.6,12317.927
2025-10-16 04:00:00+00:00,193.65,194.61,192.33,192.46,34787.051
2025-10-16 05:00:00+00:00,192.49,194.38,191.37,192.48,46165.997
2025-10-16 06:00:00+00:00,192.48,195.58,192.47,195.21,38650.256
2025-10-16 07:00:00+00:00,195.24,195.37,192.33,192.92,38242.678
2025-10-16 08:00:00+00:00,192.92,193.45,191.91,192.43,31988.096
2025-10-16 09:00:00+00:00,192.48,194.65,186.55,193.88,104755.427
2025-10-16 10:00:00+00:00,193.87,196.69,193.64,195.74,21544.759
2025-10-16 11:00:00+00:00,195.72,197.15,194.52,196.82,16548.587
2025-10-16 12:00:00+00:00,196.82,198.04,196.0,197.0,15422.98
2025-10-16 13:00:00+00:00,196.99,198.39,195.22,195.76,15274.385
2025-10-16 14:00:00+00:00,195.88,196.56,191.44,194.04,43661.085
2025-10-16 15:00:00+00:00,194.07,194.35,186.67,187.61,43433.323
2025-10-16 16:00:00+00:00,187.63,192.27,186.39,192.21,40284.774
2025-10-16 17:00:00+00:00,192.27,192.28,188.86,189.59,26108.96
2025-10-16 18:00:00+00:00,189.6,189.81,186.86,189.33,22006.635
2025-10-16 19:00:00+00:00,189.35,189.48,183.7,185.05,38254.65
2025-10-16 20:00:00+00:00,185.03,186.11,182.04,182.81,28468.769
2025-10-16 21:00:00+00:00,182.78,185.75,182.78,185.65,19496.147
2025-10-16 22:00:00+00:00,185.62,185.95,183.1,183.15,29600.262
2025-10-16 23:00:00+00:00,183.12,185.18,182.93,184.85,48095.665
2025-10-17 00:00:00+00:00,184.84,186.43,184.27,186.31,29748.067
2025-10-17 01:00:00+00:00,186.32,187.53,184.81,185.62,33271.2
2025-10-17 02:00:00+00:00,185.7,187.33,184.7,186.75,22301.334
2025-10-17 03:00:00+00:00,186.77,187.44,186.26,187.09,14751.866
2025-10-17 04:00:00+00:00,187.1,187.41,186.34,187.08,13689.083
2025-10-17 05:00:00+00:00,187.06,187.45,185.44,185.69,20082.777
2025-10-17 06:00:00+00:00,185.7,186.48,179.88,180.39,43299.91485554
2025-10-17 07:00:00+00:00,180.39,180.77,177.37,177.76,56358.617
2025-10-17 08:00:00+00:00,177.75,178.95,175.43,175.56,60100.18
2025-10-17 09:00:00+00:00,175.57,180.43,175.37,176.8,42467.028
2025-10-17 10:00:00+00:00,176.77,177.95,174.05,177.4,36124.708
2025-10-17 11:00:00+00:00,177.42,182.65,177.22,181.45,50285.524
2025-10-17 12:00:00+00:00,181.41,182.59,179.96,180.03,24779.611
2025-10-17 13:00:00+00:00,180.05,182.14,177.96,180.66,36233.632
2025-10-17 14:00:00+00:00,180.64,181.02,176.3,178.4,30432.308
2025-10-17 15:00:00+00:00,178.4,182.8,178.01,182.72,22860.9
2025-10-17 16:00:00+00:00,182.76,185.02,181.8,182.34,27630.738
2025-10-17 17:00:00+00:00,182.37,184.55,182.12,183.77,13208.296
2025-10-17 18:00:00+00:00,183.75,185.41,183.21,183.44,15071.438
2025-10-17 19:00:00+00:00,183.48,184.19,181.42,182.0,21440.314
2025-10-17 20:00:00+00:00,181.97,184.01,181.46,183.65,14172.539
2025-10-17 21:00:00+00:00,183.67,186.06,183.45,185.35,18735.765
2025-10-17 22:00:00+00:00,185.42,185.94,183.19,183.97,13399.609
2025-10-17 23:00:00+00:00,183.97,183.97,181.79,181.98,13190.668
2025-10-18 00:00:00+00:00,181.97,183.54,181.76,182.87,13410.738
2025-10-18 01:00:00+00:00,182.89,184.88,182.68,184.58,16449.412
2025-10-18 02:00:00+00:00,184.65,185.53,183.42,183.71,14953.689
2025-10-18 03:00:00+00:00,183.72,185.47,183.7,184.81,13953.436
2025-10-18 04:00:00+00:00,184.79,184.79,183.12,183.44,13165.386
2025-10-18 05:00:00+00:00,183.48,184.8,183.43,184.53,15750.679
2025-10-18 06:00:00+00:00,184.55,186.59,184.2,186.33,12718.544
2025-10-18 07:00:00+00:00,186.33,188.27,185.89,186.29,23153.669
2025-10-18 08:00:00+00:00,186.29,187.19,185.81,185.93,16271.94
2025-10-18 09:00:00+00:00,185.92,186.64,185.37,185.95,20641.027
2025-10-18 10:00:00+00:00,185.95,186.27,184.43,185.15,21390.566
2025-10-18 11:00:00+00:00,185.16,186.13,184.64,186.12,22628.081
2025-10-18 12:00:00+00:00,186.13,187.38,185.69,186.08,18287.176
2025-10-18 13:00:00+00:00,186.1,186.16,184.78,185.17,19892.938
2025-10-18 14:00:00+00:00,185.22,186.17,183.98,185.73,18392.651
2025-10-18 15:00:00+00:00,185.74,185.96,184.6,185.11,20527.23
2025-10-18 16:00:00+00:00,185.03,185.56,183.34,184.23,28060.958
2025-10-18 17:00:00+00:00,184.24,186.11,183.78,185.92,19688.186
2025-10-18 18:00:00+00:00,185.94,186.15,185.27,185.83,16396.713
2025-10-18 19:00:00+00:00,185.83,186.4,185.64,186.35,16378.288
2025-10-18 20:00:00+00:00,186.36,187.67,186.13,186.57,12904.239
2025-10-18 21:00:00+00:00,186.59,187.25,185.9,187.13,13878.809
2025-10-18 22:00:00+00:00,187.15,187.84,186.81,187.26,13744.97
2025-10-18 23:00:00+00:00,187.27,187.76,186.92,187.56,14082.334
2025-10-19 00:00:00+00:00,187.56,187.87,185.3,185.76,20196.522
2025-10-19 01:00:00+00:00,185.79,185.9,184.9,185.85,17058.217
2025-10-19 02:00:00+00:00,185.88,185.97,185.24,185.77,16913.074
2025-10-19 03:00:00+00:00,185.79,187.13,184.97,187.04,23000.131
2025-10-19 04:00:00+00:00,187.04,187.13,186.36,186.77,13062.858
2025-10-19 05:00:00+00:00,186.84,187.69,186.34,186.52,14983.042
2025-10-19 06:00:00+00:00,186.53,186.92,185.19,185.57,17857.415
2025-10-19 07:00:00+00:00,185.58,186.14,185.25,185.9,21568.155
2025-10-19 08:00:00+00:00,185.9,187.48,183.85,184.19,38100.986
2025-10-19 09:00:00+00:00,184.18,188.63,183.18,187.21,35508.137
2025-10-19 10:00:00+00:00,187.21,189.98,186.69,189.04,21470.278
2025-10-19 11:00:00+00:00,189.06,190.05,188.62,189.01,22377.123
2025-10-19 12:00:00+00:00,189.0,189.36,188.12,188.87,16644.483
2025-10-19 13:00:00+00:00,188.87,190.99,188.32,190.59,27161.038
2025-10-19 14:00:00+00:00,190.6,191.72,189.79,191.57,24709.511
2025-10-19 15:00:00+00:00,191.53,191.68,190.24,190.79,22438.807
2025-10-19 16:00:00+00:00,190.79,191.62,189.94,190.86,21413.193
2025-10-19 17:00:00+00:00,190.86,192.26,189.77,190.01,28694.106
2025-10-19 18:00:00+00:00,190.07,190.38,189.18,189.94,20015.382
2025-10-19 19:00:00+00:00,189.95,189.97,188.33,188.91,15995.005
2025-10-19 20:00:00+00:00,188.92,189.9,188.65,189.7,13094.946
2025-10-19 21:00:00+00:00,189.7,189.85,188.36,189.29,17506.809
2025-10-19 22:00:00+00:00,189.32,190.17,188.94,189.79,16679.345
2025-10-19 23:00:00+00:00,189.84,189.85,186.92,187.87,25155.557
2025-10-20 00:00:00+00:00,187.87,187.87,183.8,185.63,22337.586
2025-10-20 01:00:00+00:00,185.63,186.37,185.0,185.65,16302.052
2025-10-20 02:00:00+00:00,185.65,187.36,184.12,186.88,23164.281
2025-10-20 03:00:00+00:00,186.89,191.74,185.87,191.2,30535.726
2025-10-20 04:00:00+00:00,191.22,192.47,190.61,192.18,27954.184
2025-10-20 05:00:00+00:00,192.2,193.36,191.59,193.0,28216.147
2025-10-20 06:00:00+00:00,193.02,194.3,192.75,193.93,31419.899
2025-10-20 07:00:00+00:00,193.93,194.52,192.86,193.01,22024.072
2025-10-20 08:00:00+00:00,193.01,194.16,192.22,193.02,20012.588
2025-10-20 09:00:00+00:00,193.0,193.64,192.58,193.22,17654.334
2025-10-20 10:00:00+00:00,193.22,193.76,191.41,191.63,18446.753
2025-10-20 11:00:00+00:00,191.6,192.3,191.03,192.22,15195.999
2025-10-20 12:00:00+00:00,192.22,192.76,191.7,192.76,12038.538
2025-10-20 13:00:00+00:00,192.78,193.0,191.61,192.42,15086.723
2025-10-20 14:00:00+00:00,192.46,192.59,190.78,191.4,27228.971
2025-10-20 15:00:00+00:00,191.41,192.35,190.44,190.53,17252.138
2025-10-20 16:00:00+00:00,190.51,190.53,186.71,187.54,37354.258
2025-10-20 17:00:00+00:00,187.54,188.55,185.59,187.65,25733.262
2025-10-20 18:00:00+00:00,187.65,188.53,187.19,188.2,15838.44
2025-10-20 19:00:00+00:00,188.2,189.43,187.54,188.81,23390.811
2025-10-20 20:00:00+00:00,188.81,190.53,188.24,190.53,19010.209
2025-10-20 21:00:00+00:00,190.53,191.19,188.8,188.98,16665.182
2025-10-20 22:00:00+00:00,188.98,190.87,188.79,190.74,18340.006
2025-10-20 23:00:00+00:00,190.79,190.86,189.49,189.72,20881.317
2025-10-21 00:00:00+00:00,189.72,190.22,188.72,189.02,23295.596
2025-10-21 01:00:00+00:00,189.01,189.26,186.25,186.77,34011.455
2025-10-21 02:00:00+00:00,186.76,186.94,185.54,186.06,26291.852
2025-10-21 03:00:00+00:00,186.06,186.62,185.33,185.56,18419.848
2025-10-21 04:00:00+00:00,185.58,185.67,183.2,183.76,32639.856
2025-10-21 05:00:00+00:00,183.78,184.39,182.74,183.87,28731.031
2025-10-21 06:00:00+00:00,183.87,185.03,183.18,184.48,19619.042
2025-10-21 07:00:00+00:00,184.44,185.22,183.71,185.01,15080.441
2025-10-21 08:00:00+00:00,185.02,185.02,183.76,184.27,17916.57
2025-10-21 09:00:00+00:00,184.28,184.53,183.77,184.38,19494.466
2025-10-21 10:00:00+00:00,184.37,186.71,184.19,185.92,26510.304
2025-10-21 11:00:00+00:00,185.86,186.52,185.06,186.26,18520.974
2025-10-21 12:00:00+00:00,186.27,187.75,185.92,186.46,22512.844
2025-10-21 13:00:00+00:00,186.5,187.01,184.0,185.09,23390.155
2025-10-21 14:00:00+00:00,185.11,192.81,185.01,192.73,52726.968
2025-10-21 15:00:00+00:00,192.81,197.17,191.92,196.25,42596.086
2025-10-21 16:00:00+00:00,196.24,197.72,192.1,192.62,37992.7
2025-10-21 17:00:00+00:00,192.66,195.48,192.14,194.85,35328.187
2025-10-21 18:00:00+00:00,194.85,195.49,193.54,194.17,16525.182
2025-10-21 19:00:00+00:00,194.16,194.55,193.09,193.98,15876.335
2025-10-21 20:00:00+00:00,193.99,194.22,190.7,191.43,21206.651
2025-10-21 21:00:00+00:00,191.41,191.77,188.0,191.29,31697.906
2025-10-21 22:00:00+00:00,191.3,191.51,187.78,188.57,34799.609
2025-10-21 23:00:00+00:00,188.56,188.94,185.13,185.63,29632.225
2025-10-22 00:00:00+00:00,185.64,186.58,184.16,185.68,29406.451
2025-10-22 01:00:00+00:00,185.69,187.2,185.61,187.01,20442.049
2025-10-22 02:00:00+00:00,187.0,187.44,185.88,185.91,17092.071
2025-10-22 03:00:00+00:00,185.91,185.97,184.5,185.25,19087.349
2025-10-22 04:00:00+00:00,185.25,186.29,185.04,185.9,17536.632
2025-10-22 05:00:00+00:00,185.91,185.97,183.28,184.59,30481.761
2025-10-22 06:00:00+00:00,184.59,184.93,183.91,184.11,19563.277
2025-10-22 07:00:00+00:00,184.1,185.19,183.44,185.03,24322.112
2025-10-22 08:00:00+00:00,185.03,185.2,184.23,184.74,15497.417
2025-10-22 09:00:00+00:00,184.75,184.93,183.36,184.04,19998.082
2025-10-22 10:00:00+00:00,184.06,184.5,183.21,183.56,18656.356
2025-10-22 11:00:00+00:00,183.56,185.97,182.0,185.06,38382.786
2025-10-22 12:00:00+00:00,185.07,186.91,184.45,185.78,18546.229
2025-10-22 13:00:00+00:00,185.81,186.89,184.15,186.51,21102.267
2025-10-22 14:00:00+00:00,186.55,186.64,181.28,185.48,35360.165
2025-10-22 15:00:00+00:00,185.5,186.04,182.3,183.99,18972.897
2025-10-22 16:00:00+00:00,184.01,184.98,182.54,183.63,16776.863
2025-10-22 17:00:00+00:00,183.66,184.22,181.35,181.68,11269.733
2025-10-22 18:00:00+00:00,181.67,182.31,180.19,180.91,14036.65
2025-10-22 19:00:00+00:00,180.91,182.52,177.08,180.17,24979.695
2025-10-22 20:00:00+00:00,180.18,180.76,179.13,180.17,21115.542
2025-10-22 21:00:00+00:00,180.14,180.24,177.11,178.39,24384.638
2025-10-22 22:00:00+00:00,178.34,179.57,177.82,178.88,26005.08
2025-10-22 23:00:00+00:00,178.87,180.49,178.78,180.11,32908.428
2025-10-23 00:00:00+00:00,180.12,181.13,179.67,181.02,26823.986
2025-10-23 01:00:00+00:00,181.04,182.06,180.64,181.79,30870.776
2025-10-23 02:00:00+00:00,181.8,182.48,181.43,182.27,24080.208
2025-10-23 03:00:00+00:00,182.28,183.36,182.13,182.87,21110.542
2025-10-23 04:00:00+00:00,182.89,184.28,182.69,184.03,15827.96
2025-10-23 05:00:00+00:00,184.04,184.85,183.85,184.85,15526.084
2025-10-23 06:00:00+00:00,184.84,187.58,184.55,187.42,28622.478
2025-10-23 07:00:00+00:00,187.46,188.0,186.18,187.44,23052.744
2025-10-23 08:00:00+00:00,187.5,188.72,187.49,187.94,16932.735
2025-10-23 09:00:00+00:00,187.99,188.87,187.46,188.4,21192.779
2025-10-23 10:00:00+00:00,188.42,189.32,188.22,188.24,20674.606
2025-10-23 11:00:00+00:00,188.23,189.49,187.52,187.98,23884.17
2025-10-23 12:00:00+00:00,187.98,189.39,186.65,189.32,25995.994
2025-10-23 13:00:00+00:00,189.33,192.58,188.41,190.36,28752.768
2025-10-23 14:00:00+00:00,190.38,191.29,188.13,189.75,18444.949
2025-10-23 15:00:00+00:00,189.77,191.88,189.46,191.05,15233.271
2025-10-23 16:00:00+00:00,191.07,192.46,190.45,191.93,15704.916
2025-10-23 17:00:00+00:00,191.94,193.51,190.1,192.5,20271.0
2025-10-23 18:00:00+00:00,192.49,192.89,190.84,191.55,13112.355
2025-10-23 19:00:00+00:00,191.52,191.87,190.57,191.14,13211.751
2025-10-23 20:00:00+00:00,191.14,191.31,188.3,188.78,21002.479
2025-10-23 21:00:00+00:00,188.78,189.43,188.48,188.79,18763.134
2025-10-23 22:00:00+00:00,188.78,190.57,188.65,190.41,28973.352
2025-10-23 23:00:00+00:00,190.42,191.5,190.41,191.34,24314.03
2025-10-24 00:00:00+00:00,191.34,193.91,190.93,192.52,32499.553
2025-10-24 01:00:00+00:00,192.51,193.36,192.13,192.94,29052.287
2025-10-24 02:00:00+00:00,192.95,193.08,191.36,192.21,26723.147
2025-10-24 03:00:00+00:00,192.21,192.34,190.86,191.31,26004.053
2025-10-24 04:00:00+00:00,191.31,194.61,190.81,193.5,34723.16
2025-10-24 05:00:00+00:00,193.49,193.91,192.92,193.31,24672.547
2025-10-24 06:00:00+00:00,193.32,193.68,192.6,193.3,24378.328
2025-10-24 07:00:00+00:00,193.31,193.41,191.48,192.17,33267.736
2025-10-24 08:00:00+00:00,192.18,193.49,191.74,192.98,28536.266
2025-10-24 09:00:00+00:00,192.98,193.43,191.93,192.13,24687.702
2025-10-24 10:00:00+00:00,192.13,192.21,191.46,191.79,23270.69
2025-10-24 11:00:00+00:00,191.83,192.22,190.63,192.15,19124.381
2025-10-24 12:00:00+00:00,192.15,196.79,192.15,193.66,52088.157
2025-10-24 13:00:00+00:00,193.68,194.29,190.87,192.49,33432.297
2025-10-24 14:00:00+00:00,192.48,192.48,189.51,190.17,23433.615
2025-10-24 15:00:00+00:00,190.24,190.89,188.8,189.45,18690.602
2025-10-24 16:00:00+00:00,189.46,190.73,188.8,190.68,11647.851
2025-10-24 17:00:00+00:00,190.66,191.74,190.42,191.13,12727.914
2025-10-24 18:00:00+00:00,191.15,191.92,191.0,191.83,12632.787
2025-10-24 19:00:00+00:00,191.84,193.64,191.8,193.06,19471.197
2025-10-24 20:00:00+00:00,193.08,194.14,192.81,193.59,15442.975
2025-10-24 21:00:00+00:00,193.63,194.01,193.25,193.78,13066.716
2025-10-24 22:00:00+00:00,193.77,194.16,193.19,193.79,17358.088
2025-10-24 23:00:00+00:00,193.79,193.79,193.12,193.58,13590.25
2025-10-25 00:00:00+00:00,193.56,193.61,192.42,192.97,23470.911
2025-10-25 01:00:00+00:00,193.02,194.49,192.9,193.76,18526.198
2025-10-25 02:00:00+00:00,193.76,194.18,193.35,193.86,16933.995
2025-10-25 03:00:00+00:00,193.86,194.0,193.3,193.47,18138.347
2025-10-25 04:00:00+00:00,193.47,194.51,193.44,194.2,21612.286
2025-10-25 05:00:00+00:00,194.2,194.75,193.48,194.51,19142.035
2025-10-25 06:00:00+00:00,194.51,194.73,194.01,194.07,20464.485
2025-10-25 07:00:00+00:00,194.07,194.93,193.83,193.97,27459.731
2025-10-25 08:00:00+00:00,193.99,195.26,193.89,194.87,35681.831
2025-10-25 09:00:00+00:00,194.88,194.91,192.4,192.61,43971.296
2025-10-25 10:00:00+00:00,192.61,192.75,191.14,192.05,36147.795
2025-10-25 11:00:00+00:00,192.01,192.92,191.73,192.73,23311.096
2025-10-25 12:00:00+00:00,192.74,194.22,192.61,193.93,22839.238
2025-10-25 13:00:00+00:00,193.94,193.94,192.46,192.9,24930.323
2025-10-25 14:00:00+00:00,192.9,192.9,192.05,192.64,21351.694
2025-10-25 15:00:00+00:00,192.62,192.62,191.81,191.9,21569.073
2025-10-25 16:00:00+00:00,191.9,192.1,191.46,191.94,8835.37
2025-10-25 17:00:00+00:00,191.95,192.49,191.84,192.38,2055.278
2025-10-25 18:00:00+00:00,192.38,194.35,192.32,194.26,9391.146
2025-10-25 19:00:00+00:00,194.27,194.64,193.92,194.53,2946.1
2025-10-25 20:00:00+00:00,194.51,194.91,193.73,194.13,15219.754
2025-10-25 21:00:00+00:00,194.14,194.8,193.83,194.37,17105.224
2025-10-25 22:00:00+00:00,194.38,194.73,193.94,194.5,23894.041
2025-10-25 23:00:00+00:00,194.5,194.73,193.81,193.85,16226.123
2025-10-26 00:00:00+00:00,193.84,194.35,193.13,193.3,21655.926
2025-10-26 01:00:00+00:00,193.31,193.76,192.3,192.84,14375.183
2025-10-26 02:00:00+00:00,192.84,193.14,191.91,192.28,21517.82
2025-10-26 03:00:00+00:00,192.28,193.06,192.03,192.99,13644.162
2025-10-26 04:00:00+00:00,192.99,193.5,192.82,192.91,10674.069
2025-10-26 05:00:00+00:00,192.91,193.78,192.75,193.62,14454.639
2025-10-26 06:00:00+00:00,193.62,194.17,193.52,194.05,17304.654
2025-10-26 07:00:00+00:00,194.05,194.3,193.83,193.87,17038.995
2025-10-26 08:00:00+00:00,193.87,194.4,193.71,194.29,18431.439
2025-10-26 09:00:00+00:00,194.32,196.42,193.93,195.95,41137.03
2025-10-26 10:00:00+00:00,195.96,196.11,194.62,194.82,35225.192
2025-10-26 11:00:00+00:00,194.82,197.9,194.36,197.77,38611.171
2025-10-26 12:00:00+00:00,197.74,198.41,196.92,197.99,49566.445
2025-10-26 13:00:00+00:00,198.0,199.66,197.51,199.08,42946.473
2025-10-26 14:00:00+00:00,199.09,199.91,198.7,198.85,33903.724
2025-10-26 15:00:00+00:00,198.86,199.77,198.53,199.51,27216.251
2025-10-26 16:00:00+00:00,199.52,199.53,198.18,198.72,25537.91
2025-10-26 17:00:00+00:00,198.74,199.24,198.42,198.91,20062.354
2025-10-26 18:00:00+00:00,198.92,199.67,198.89,199.1,22280.554
2025-10-26 19:00:00+00:00,199.11,199.12,198.51,198.88,18958.538
2025-10-26 20:00:00+00:00,198.87,198.87,197.4,197.4,23739.071
2025-10-26 21:00:00+00:00,197.47,198.47,196.87,198.47,26122.052
2025-10-26 22:00:00+00:00,198.48,202.45,198.48,200.21,92732.633
2025-10-26 23:00:00+00:00,200.21,201.0,199.7,200.04,36912.972
2025-10-27 00:00:00+00:00,200.0,203.51,199.5,203.25,46508.31
2025-10-27 01:00:00+00:00,203.21,205.19,202.77,204.37,46923.871
2025-10-27 02:00:00+00:00,204.37,205.04,203.55,203.95,35853.697
2025-10-27 03:00:00+00:00,203.95,204.59,203.28,204.32,30548.357
2025-10-27 04:00:00+00:00,204.32,204.61,203.12,204.01,34979.644
2025-10-27 05:00:00+00:00,204.01,205.29,203.92,204.31,35078.454
2025-10-27 06:00:00+00:00,204.31,204.92,203.51,204.74,45372.597
2025-10-27 07:00:00+00:00,204.75,205.2,202.23,202.49,60844.241
2025-10-27 08:00:00+00:00,202.49,202.53,199.94,200.46,50009.51
2025-10-27 09:00:00+00:00,200.47,200.54,198.11,199.99,75991.868
2025-10-27 10:00:00+00:00,199.99,200.78,199.66,200.44,50836.587
2025-10-27 11:00:00+00:00,200.45,200.97,198.86,200.19,56089.551
2025-10-27 12:00:00+00:00,200.19,200.28,199.0,199.55,41467.639
2025-10-27 13:00:00+00:00,199.55,200.59,198.47,200.35,44342.122
2025-10-27 14:00:00+00:00,200.36,200.54,198.29,199.14,58404.441
2025-10-27 15:00:00+00:00,199.13,200.49,198.97,200.12,48534.915
2025-10-27 16:00:00+00:00,200.12,203.12,200.01,202.46,75219.891
2025-10-27 17:00:00+00:00,202.45,203.26,201.7,202.31,42969.819
2025-10-27 18:00:00+00:00,202.24,203.2,201.25,201.66,34088.637
2025-10-27 19:00:00+00:00,201.67,201.74,199.84,200.02,41676.056
2025-10-27 20:00:00+00:00,200.05,200.24,198.7,198.75,39620.932
2025-10-27 21:00:00+00:00,198.74,199.56,197.72,198.74,31882.84
2025-10-27 22:00:00+00:00,198.75,199.42,198.05,198.31,35162.36
2025-10-27 23:00:00+00:00,198.31,198.95,197.35,198.7,38382.493
2025-10-28 00:00:00+00:00,198.71,200.34,198.41,199.69,38829.512
2025-10-28 01:00:00+00:00,199.69,202.04,199.69,201.36,44960.469
2025-10-28 02:00:00+00:00,201.37,201.89,199.48,200.75,43778.978
2025-10-28 03:00:00+00:00,200.73,201.92,199.84,201.28,45558.142
2025-10-28 04:00:00+00:00,201.28,202.15,200.43,201.11,28949.455
2025-10-28 05:00:00+00:00,201.13,201.47,198.63,198.72,36559.967
2025-10-28 06:00:00+00:00,198.72,200.91,198.72,200.88,45843.736
2025-10-28 07:00:00+00:00,200.88,202.99,200.67,202.36,74398.902
2025-10-28 08:00:00+00:00,202.36,203.95,201.93,203.38,53940.739
2025-10-28 09:00:00+00:00,203.39,203.74,201.42,201.96,43166.331
2025-10-28 10:00:00+00:00,201.96,202.03,199.89,200.33,41361.25
2025-10-28 11:00:00+00:00,200.33,200.67,199.22,199.73,30142.913
2025-10-28 12:00:00+00:00,199.73,200.37,198.2,200.24,35780.937
2025-10-28 13:00:00+00:00,200.3,203.0,200.16,202.73,50710.339
2025-10-28 14:00:00+00:00,202.74,202.93,196.61,199.56,84908.646
2025-10-28 15:00:00+00:00,199.58,200.7,198.37,198.88,24612.057
2025-10-28 16:00:00+00:00,198.84,200.69,197.95,199.81,25466.224
2025-10-28 17:00:00+00:00,199.82,200.9,199.66,200.85,14075.665
2025-10-28 18:00:00+00:00,200.86,201.3,198.89,199.69,13472.905
2025-10-28 19:00:00+00:00,199.71,200.13,194.46,195.45,49319.631
2025-10-28 20:00:00+00:00,195.39,195.39,192.1,192.52,52362.775
2025-10-28 21:00:00+00:00,192.51,194.42,190.35,193.88,33928.591
2025-10-28 22:00:00+00:00,193.86,195.18,193.35,194.95,38460.45
2025-10-28 23:00:00+00:00,194.94,194.97,193.8,194.18,34157.249
2025-10-29 00:00:00+00:00,194.17,195.08,193.34,193.82,30420.086
2025-10-29 01:00:00+00:00,193.82,195.03,192.71,194.17,30589.23
2025-10-29 02:00:00+00:00,194.17,194.87,194.0,194.71,20034.286
2025-10-29 03:00:00+00:00,194.72,194.72,193.26,193.92,27873.43
2025-10-29 04:00:00+00:00,193.93,194.78,193.78,194.55,19644.171
2025-10-29 05:00:00+00:00,194.56,195.8,194.45,195.17,25327.061
2025-10-29 06:00:00+00:00,195.18,195.74,194.76,195.55,23183.745
2025-10-29 07:00:00+00:00,195.56,196.0,195.14,195.63,29148.947
2025-10-29 08:00:00+00:00,195.68,195.71,194.04,194.52,30945.205
2025-10-29 09:00:00+00:00,194.5,194.74,193.8,194.23,22141.416
2025-10-29 10:00:00+00:00,194.24,197.07,193.98,196.23,43651.671
2025-10-29 11:00:00+00:00,196.3,199.39,196.04,198.74,41635.19
2025-10-29 12:00:00+00:00,198.73,199.87,198.13,199.86,21414.284
2025-10-29 13:00:00+00:00,199.87,201.7,199.11,200.73,35442.257
2025-10-29 14:00:00+00:00,200.78,200.98,198.7,200.03,20977.626
2025-10-29 15:00:00+00:00,200.02,200.7,196.41,196.78,26780.324
2025-10-29 16:00:00+00:00,196.81,196.87,194.69,195.34,24529.317
2025-10-29 17:00:00+00:00,195.32,198.77,194.87,198.51,23415.047
2025-10-29 18:00:00+00:00,198.53,198.59,189.11,193.54,113580.95
2025-10-29 19:00:00+00:00,193.55,195.31,191.4,192.77,24718.643
2025-10-29 20:00:00+00:00,192.79,196.32,191.95,195.59,20698.778
2025-10-29 21:00:00+00:00,195.6,197.08,195.14,196.03,16305.184
2025-10-29 22:00:00+00:00,196.03,196.44,195.25,195.38,27134.24
2025-10-29 23:00:00+00:00,195.33,195.58,193.02,193.88,47498.766
2025-10-30 00:00:00+00:00,193.9,194.75,192.12,194.66,34421.756
2025-10-30 01:00:00+00:00,194.67,196.04,193.48,195.52,28771.539
2025-10-30 02:00:00+00:00,195.52,198.19,195.24,198.13,36490.601
2025-10-30 03:00:00+00:00,198.18,198.18,196.58,197.12,30805.952
2025-10-30 04:00:00+00:00,197.09,197.19,190.32,191.81,43094.883
2025-10-30 05:00:00+00:00,191.81,195.65,191.39,195.18,24997.017
2025-10-30 06:00:00+00:00,195.16,195.46,193.39,194.18,26145.554
2025-10-30 07:00:00+00:00,194.19,196.21,193.93,195.77,29576.104
2025-10-30 08:00:00+00:00,195.78,196.12,194.59,195.38,22856.503
2025-10-30 09:00:00+00:00,195.39,195.48,192.35,192.4,17168.674
2025-10-30 10:00:00+00:00,192.4,192.49,191.1,192.19,21106.916
2025-10-30 11:00:00+00:00,192.15,192.66,191.28,191.86,12958.833
2025-10-30 12:00:00+00:00,191.86,192.0,186.3,187.86,39264.015
2025-10-30 13:00:00+00:00,187.85,188.7,184.82,185.74,32366.172
2025-10-30 14:00:00+00:00,185.79,187.83,185.69,187.3,15175.966
2025-10-30 15:00:00+00:00,187.24,187.64,184.47,185.08,16166.412
2025-10-30 16:00:00+00:00,185.08,186.33,183.96,185.32,15973.647
2025-10-30 17:00:00+00:00,185.27,185.34,181.44,183.82,22745.386
2025-10-30 18:00:00+00:00,183.76,183.95,180.82,181.34,19986.829
2025-10-30 19:00:00+00:00,181.29,181.9,178.63,179.07,22128.272
2025-10-30 20:00:00+00:00,179.01,182.55,178.77,182.21,27995.86
2025-10-30 21:00:00+00:00,182.26,182.7,181.21,182.42,23740.559
2025-10-30 22:00:00+00:00,182.43,183.68,182.12,183.67,53021.772
2025-10-30 23:00:00+00:00,183.68,184.72,182.62,184.68,47443.173
2025-10-31 00:00:00+00:00,184.71,186.51,184.08,185.47,29929.182
2025-10-31 01:00:00+00:00,185.49,186.9,185.07,186.27,17708.991
2025-10-31 02:00:00+00:00,186.26,186.31,183.72,184.63,18006.758
2025-10-31 03:00:00+00:00,184.68,185.75,184.15,185.16,13355.418
2025-10-31 04:00:00+00:00,185.15,187.04,184.96,186.63,17075.111
2025-10-31 05:00:00+00:00,186.62,186.62,185.3,185.67,15711.395
2025-10-31 06:00:00+00:00,185.71,185.88,184.93,185.55,12038.096
2025-10-31 07:00:00+00:00,185.57,186.14,184.75,185.37,15208.382
2025-10-31 08:00:00+00:00,185.36,186.58,184.58,186.52,16237.22
2025-10-31 09:00:00+00:00,186.5,187.04,186.01,186.62,18199.336
2025-10-31 10:00:00+00:00,186.63,187.39,186.18,186.42,21761.837
2025-10-31 11:00:00+00:00,186.41,189.18,186.24,188.86,20403.879
2025-10-31 12:00:00+00:00,188.84,189.38,186.3,186.5,23855.073
2025-10-31 13:00:00+00:00,186.5,188.59,185.99,188.35,15785.293
2025-10-31 14:00:00+00:00,188.37,189.47,186.98,189.07,13327.494
2025-10-31 15:00:00+00:00,189.07,190.27,187.94,188.14,15019.043
2025-10-31 16:00:00+00:00,188.08,188.6,184.68,185.1,15829.451
2025-10-31 17:00:00+00:00,185.06,185.95,184.38,185.35,12702.365
2025-10-31 18:00:00+00:00,185.36,186.61,184.49,185.98,14930.152
2025-10-31 19:00:00+00:00,185.97,189.05,185.01,188.4,19994.186
2025-10-31 20:00:00+00:00,188.35,188.8,186.72,186.88,14718.303
2025-10-31 21:00:00+00:00,186.93,187.7,186.53,187.3,10924.615
2025-10-31 22:00:00+00:00,187.29,187.91,187.0,187.29,12998.549
2025-10-31 23:00:00+00:00,187.28,187.83,187.13,187.21,13367.09
2025-11-01 00:00:00+00:00,187.21,187.33,186.05,187.13,18785.892
2025-11-01 01:00:00+00:00,187.14,187.45,186.13,186.14,12450.979
2025-11-01 02:00:00+00:00,186.14,186.75,185.51,186.6,15203.85
2025-11-01 03:00:00+00:00,186.6,187.49,186.59,187.2,11835.723
2025-11-01 04:00:00+00:00,187.21,187.55,186.29,187.06,13895.693
2025-11-01 05:00:00+00:00,187.07,187.12,186.16,186.22,12173.846
2025-11-01 06:00:00+00:00,186.22,186.38,184.98,185.71,16372.999
2025-11-01 07:00:00+00:00,185.74,186.37,185.33,185.79,13464.928
2025-11-01 08:00:00+00:00,185.8,186.56,185.66,186.53,17997.433
2025-11-01 09:00:00+00:00,186.55,186.72,185.75,185.84,16366.975
2025-11-01 10:00:00+00:00,185.85,186.39,185.27,186.15,16240.242
2025-11-01 11:00:00+00:00,186.15,186.62,185.67,186.19,16567.43
2025-11-01 12:00:00+00:00,186.2,186.61,186.2,186.36,16225.169
2025-11-01 13:00:00+00:00,186.39,186.47,184.79,185.32,20696.563
2025-11-01 14:00:00+00:00,185.31,185.59,183.8,185.02,28929.798
2025-11-01 15:00:00+00:00,185.01,186.43,184.85,186.4,16947.246
2025-11-01 16:00:00+00:00,186.41,187.1,185.98,186.42,19860.556
2025-11-01 17:00:00+00:00,186.43,186.52,184.92,184.97,15345.621
2025-11-01 18:00:00+00:00,184.97,185.77,184.89,185.74,11694.257
2025-11-01 19:00:00+00:00,185.72,186.3,185.42,186.27,11013.172
2025-11-01 20:00:00+00:00,186.27,186.93,186.15,186.49,12053.539
2025-11-01 21:00:00+00:00,186.49,186.62,185.3,185.36,10991.363
2025-11-01 22:00:00+00:00,185.39,186.28,184.97,186.14,14216.392
2025-11-01 23:00:00+00:00,186.14,186.58,185.86,186.38,12593.642
2025-11-02 00:00:00+00:00,186.38,186.4,185.09,185.1,12986.851
2025-11-02 01:00:00+00:00,185.11,185.52,184.66,184.82,20780.212
2025-11-02 02:00:00+00:00,184.81,186.01,184.77,185.41,15657.124
2025-11-02 03:00:00+00:00,185.42,185.53,184.96,185.28,10185.047
2025-11-02 04:00:00+00:00,185.29,188.0,185.03,187.78,17488.284
2025-11-02 05:00:00+00:00,187.79,187.84,186.52,187.09,15946.749
2025-11-02 06:00:00+00:00,187.1,187.67,186.62,187.39,11988.155
2025-11-02 07:00:00+00:00,187.4,188.32,186.68,187.71,13531.405
2025-11-02 08:00:00+00:00,187.71,187.94,187.0,187.12,19584.719
2025-11-02 09:00:00+00:00,187.13,187.91,185.81,185.91,23536.494
2025-11-02 10:00:00+00:00,185.92,186.2,184.46,185.05,23997.028
2025-11-02 11:00:00+00:00,185.05,186.39,184.89,186.17,14541.354
2025-11-02 12:00:00+00:00,186.17,186.52,185.28,185.55,11861.277
2025-11-02 13:00:00+00:00,185.56,185.59,183.97,185.14,15681.513
2025-11-02 14:00:00+00:00,185.1,185.4,183.56,184.39,26426.575
2025-11-02 15:00:00+00:00,184.39,185.08,183.76,183.79,24126.67
2025-11-02 16:00:00+00:00,183.78,184.41,182.04,184.31,27644.537
2025-11-02 17:00:00+00:00,184.34,184.6,183.55,184.42,17471.422
2025-11-02 18:00:00+00:00,184.42,184.66,183.99,184.25,10691.9
2025-11-02 19:00:00+00:00,184.26,184.29,183.05,184.02,12995.419
2025-11-02 20:00:00+00:00,184.02,184.55,183.58,184.55,7997.858
2025-11-02 21:00:00+00:00,184.55,186.05,184.54,185.5,12715.741
2025-11-02 22:00:00+00:00,185.5,185.67,184.34,184.91,14416.178
2025-11-02 23:00:00+00:00,184.96,188.08,184.96,187.71,16225.607
2025-11-03 00:00:00+00:00,187.72,189.1,186.55,186.57,32988.093
2025-11-03 01:00:00+00:00,186.56,187.13,185.34,185.57,16544.555
2025-11-03 02:00:00+00:00,185.53,185.95,183.04,183.49,18954.573
2025-11-03 03:00:00+00:00,183.51,183.69,176.86,177.58,71380.718
2025-11-03 04:00:00+00:00,177.58,178.42,175.87,177.97,36107.869
2025-11-03 05:00:00+00:00,177.95,178.77,176.52,176.8,25979.404
2025-11-03 06:00:00+00:00,176.81,177.26,174.23,176.09,34528.422
2025-11-03 07:00:00+00:00,176.1,177.11,175.44,176.5,19304.76
2025-11-03 08:00:00+00:00,176.49,176.61,174.42,175.69,23029.446
2025-11-03 09:00:00+00:00,175.69,176.91,174.67,174.95,15515.295
2025-11-03 10:00:00+00:00,174.94,175.9,173.58,174.08,15889.794
2025-11-03 11:00:00+00:00,174.12,176.05,174.12,175.35,22297.138
2025-11-03 12:00:00+00:00,175.32,176.56,175.01,175.54,21181.398
2025-11-03 13:00:00+00:00,175.54,176.33,174.95,175.78,24349.145
2025-11-03 14:00:00+00:00,175.83,176.92,174.82,176.41,16421.505
2025-11-03 15:00:00+00:00,176.46,176.74,164.73,166.78,193251.612
2025-11-03 16:00:00+00:00,166.81,169.17,165.64,168.42,39546.489
2025-11-03 17:00:00+00:00,168.42,171.0,168.13,170.0,20056.786
2025-11-03 18:00:00+00:00,169.98,170.13,167.78,167.89,12593.437
2025-11-03 19:00:00+00:00,167.87,168.34,166.62,166.76,14435.875
2025-11-03 20:00:00+00:00,166.76,167.21,163.27,164.4,20694.435
2025-11-03 21:00:00+00:00,164.35,166.2,163.3,165.96,17828.265
2025-11-03 22:00:00+00:00,165.92,166.27,164.21,165.74,15943.662
2025-11-03 23:00:00+00:00,165.73,166.29,164.47,166.06,20565.036
2025-11-04 00:00:00+00:00,166.07,167.25,164.2,166.57,23460.121
2025-11-04 01:00:00+00:00,166.58,168.37,165.86,167.85,23384.562
2025-11-04 02:00:00+00:00,167.83,168.4,166.43,166.68,21993.132
2025-11-04 03:00:00+00:00,166.68,168.25,166.24,167.64,23067.01
2025-11-04 04:00:00+00:00,167.65,168.11,164.74,165.02,22643.314
2025-11-04 05:00:00+00:00,165.02,165.5,157.15,157.71,76777.973
2025-11-04 06:00:00+00:00,157.7,161.3,157.62,158.6,32299.381989
2025-11-04 07:00:00+00:00,158.56,158.89,155.85,157.04,37810.864
2025-11-04 08:00:00+00:00,157.08,160.49,156.4,159.28,40860.709
2025-11-04 09:00:00+00:00,159.27,160.46,158.66,160.38,22387.894
2025-11-04 10:00:00+00:00,160.35,161.35,159.93,160.51,19738.719
2025-11-04 11:00:00+00:00,160.5,162.22,160.31,161.72,19915.12
2025-11-04 12:00:00+00:00,161.72,162.53,160.81,161.43,18932.299
2025-11-04 13:00:00+00:00,161.42,162.62,160.5,161.28,18478.886
2025-11-04 14:00:00+00:00,161.26,164.73,159.33,164.39,32232.481
2025-11-04 15:00:00+00:00,164.4,165.26,161.3,161.46,25715.091
2025-11-04 16:00:00+00:00,161.48,162.34,158.16,158.21,23420.226
2025-11-04 17:00:00+00:00,158.2,158.2,153.05,156.19,47241.972
2025-11-04 18:00:00+00:00,156.14,156.58,152.28,156.44,36910.856
2025-11-04 19:00:00+00:00,156.38,157.43,154.23,154.65,18016.511
2025-11-04 20:00:00+00:00,154.62,155.07,148.29,153.39,77529.077
2025-11-04 21:00:00+00:00,153.42,154.08,145.82,151.17,70722.155
2025-11-04 22:00:00+00:00,151.2,155.58,150.46,155.22,32383.287
2025-11-04 23:00:00+00:00,155.22,155.93,153.92,155.03,36717.622
2025-11-05 00:00:00+00:00,155.03,155.64,152.5,153.3,30527.424
2025-11-05 01:00:00+00:00,153.35,153.54,147.28,152.66,60423.049
2025-11-05 02:00:00+00:00,152.63,156.21,152.59,156.18,39113.325
2025-11-05 03:00:00+00:00,156.12,157.39,155.04,156.89,21758.189
2025-11-05 04:00:00+00:00,156.9,157.95,155.65,157.05,18529.233
2025-11-05 05:00:00+00:00,157.05,158.55,156.77,157.53,23653.758
2025-11-05 06:00:00+00:00,157.52,158.18,156.55,158.03,26773.268
2025-11-05 07:00:00+00:00,158.04,158.1,155.97,156.48,22519.097
2025-11-05 08:00:00+00:00,156.49,156.49,153.67,155.74,25779.118
2025-11-05 09:00:00+00:00,155.68,157.33,155.58,157.04,16023.428
2025-11-05 10:00:00+00:00,157.03,157.09,154.7,154.88,13888.943
2025-11-05 11:00:00+00:00,154.89,157.62,154.87,157.45,9661.496
2025-11-05 12:00:00+00:00,157.44,158.7,156.75,158.29,17289.141
2025-11-05 13:00:00+00:00,158.29,159.94,157.6,159.46,22631.672
2025-11-05 14:00:00+00:00,159.43,159.62,156.95,158.72,16802.569
2025-11-05 15:00:00+00:00,158.74,160.52,157.87,160.49,16414.844
2025-11-05 16:00:00+00:00,160.51,162.06,158.55,161.82,14515.828
2025-11-05 17:00:00+00:00,161.83,162.5,160.93,162.06,15776.327
2025-11-05 18:00:00+00:00,162.02,163.94,161.7,163.11,19853.946
2025-11-05 19:00:00+00:00,163.08,163.4,162.18,162.55,19489.945
2025-11-05 20:00:00+00:00,162.55,163.97,162.37,162.56,17515.416
2025-11-05 21:00:00+00:00,162.53,162.53,161.12,161.85,19281.23
2025-11-05 22:00:00+00:00,161.85,162.89,161.33,162.8,13629.975
2025-11-05 23:00:00+00:00,162.8,163.06,162.14,162.37,19350.746
2025-11-06 00:00:00+00:00,162.37,162.37,160.46,161.38,23540.668
2025-11-06 01:00:00+00:00,161.39,161.7,159.7,160.83,27562.83
2025-11-06 02:00:00+00:00,160.82,162.33,160.12,161.74,18008.781
2025-11-06 03:00:00+00:00,161.75,162.93,161.6,162.43,16999.068
2025-11-06 04:00:00+00:00,162.47,162.78,161.74,162.13,14348.312
2025-11-06 05:00:00+00:00,162.13,162.13,158.9,159.34,17762.166
2025-11-06 06:00:00+00:00,159.31,160.02,158.81,158.81,14110.065
2025-11-06 07:00:00+00:00,158.82,159.99,158.25,158.86,24795.285
2025-11-06 08:00:00+00:00,158.83,159.61,158.52,159.35,18374.133
2025-11-06 09:00:00+00:00,159.36,159.89,158.79,158.81,18912.498
2025-11-06 10:00:00+00:00,158.8,159.78,157.68,159.06,24854.563
2025-11-06 11:00:00+00:00,159.07,159.45,158.2,158.88,25362.504
2025-11-06 12:00:00+00:00,158.85,159.43,157.12,157.51,24717.226
2025-11-06 13:00:00+00:00,157.5,161.3,157.5,160.66,41699.755
2025-11-06 14:00:00+00:00,160.69,161.55,157.39,157.81,26495.241
2025-11-06 15:00:00+00:00,157.8,158.99,155.4,155.91,34965.86
2025-11-06 16:00:00+00:00,155.91,156.98,153.82,155.39,24012.066
2025-11-06 17:00:00+00:00,155.4,157.63,154.85,157.24,18124.784
2025-11-06 18:00:00+00:00,157.24,158.68,155.45,157.51,13013.139
2025-11-06 19:00:00+00:00,157.48,157.82,156.1,156.88,12858.389
2025-11-06 20:00:00+00:00,156.91,157.79,154.62,155.29,12979.042
2025-11-06 21:00:00+00:00,155.29,156.93,154.68,156.5,12850.424
2025-11-06 22:00:00+00:00,156.49,156.78,154.26,155.58,14865.991
2025-11-06 23:00:00+00:00,155.57,155.57,153.45,155.28,17092.816
2025-11-07 00:00:00+00:00,155.29,157.13,154.88,156.76,15823.333
2025-11-07 01:00:00+00:00,156.81,157.24,154.21,157.05,17460.458
2025-11-07 02:00:00+00:00,157.01,158.14,156.16,158.01,18698.2
2025-11-07 03:00:00+00:00,158.06,158.6,156.81,156.91,15783.496
2025-11-07 04:00:00+00:00,156.87,157.1,155.26,156.18,15890.477
2025-11-07 05:00:00+00:00,156.19,158.26,156.17,158.08,15887.078
2025-11-07 06:00:00+00:00,158.11,158.28,156.8,156.8,20775.269
2025-11-07 07:00:00+00:00,156.81,157.87,156.37,157.78,15648.443
2025-11-07 08:00:00+00:00,157.78,158.19,156.84,157.29,16838.945
2025-11-07 09:00:00+00:00,157.3,157.33,154.12,154.75,21774.608
2025-11-07 10:00:00+00:00,154.74,155.79,153.63,154.26,26235.491
2025-11-07 11:00:00+00:00,154.24,154.24,151.61,153.87,20590.147
2025-11-07 12:00:00+00:00,153.84,154.15,150.95,151.64,18752.251
2025-11-07 13:00:00+00:00,151.65,153.25,151.01,152.3,16734.493
2025-11-07 14:00:00+00:00,152.28,155.13,149.81,154.64,35946.421
2025-11-07 15:00:00+00:00,154.71,156.27,153.31,155.4,25015.6
2025-11-07 16:00:00+00:00,155.41,158.11,154.4,157.26,22992.814
2025-11-07 17:00:00+00:00,157.26,161.51,156.5,161.17,37371.023
2025-11-07 18:00:00+00:00,161.18,162.96,160.92,162.11,21206.474
2025-11-07 19:00:00+00:00,162.09,164.47,161.53,164.16,21375.194
2025-11-07 20:00:00+00:00,164.16,164.39,161.94,163.38,23150.265
2025-11-07 21:00:00+00:00,163.38,163.81,162.69,163.5,16287.76
2025-11-07 22:00:00+00:00,163.51,163.9,162.76,163.21,15487.968
2025-11-07 23:00:00+00:00,163.25,163.28,161.6,161.79,14868.869
2025-11-08 00:00:00+00:00,161.8,162.61,160.56,160.89,15907.11
2025-11-08 01:00:00+00:00,160.89,162.48,160.8,162.05,17311.176
2025-11-08 02:00:00+00:00,162.04,164.51,161.92,163.42,18006.597
2025-11-08 03:00:00+00:00,163.4,164.9,162.5,162.52,18142.416
2025-11-08 04:00:00+00:00,162.55,163.68,162.54,162.75,14700.847
2025-11-08 05:00:00+00:00,162.71,163.1,161.03,161.37,16221.378
2025-11-08 06:00:00+00:00,161.38,161.99,160.18,161.13,15688.342
2025-11-08 07:00:00+00:00,161.13,161.19,159.62,161.04,14040.835
2025-11-08 08:00:00+00:00,161.05,162.05,160.33,161.56,13298.302
2025-11-08 09:00:00+00:00,161.56,162.34,161.0,161.15,12991.326
2025-11-08 10:00:00+00:00,161.15,161.24,160.54,160.85,13092.503
2025-11-08 11:00:00+00:00,160.82,161.19,159.13,159.38,16965.154
2025-11-08 12:00:00+00:00,159.39,159.71,158.81,159.45,13851.628
2025-11-08 13:00:00+00:00,159.45,159.48,158.14,158.23,15722.314
2025-11-08 14:00:00+00:00,158.22,158.5,156.82,157.68,19627.033
2025-11-08 15:00:00+00:00,157.69,157.85,155.93,156.64,14799.584
2025-11-08 16:00:00+00:00,156.68,157.38,155.83,156.78,14995.126
2025-11-08 17:00:00+00:00,156.79,157.67,156.05,157.59,12604.925
2025-11-08 18:00:00+00:00,157.61,158.18,156.95,157.93,10205.063
2025-11-08 19:00:00+00:00,157.96,158.04,156.26,157.36,12161.904
2025-11-08 20:00:00+00:00,157.36,158.26,157.22,157.68,12653.171
2025-11-08 21:00:00+00:00,157.66,158.25,157.6,158.04,10897.019
2025-11-08 22:00:00+00:00,158.04,158.38,157.61,158.01,9960.579
2025-11-08 23:00:00+00:00,158.01,158.42,157.84,158.02,15317.389
2025-11-09 00:00:00+00:00,158.02,158.02,156.61,156.85,16606.078
2025-11-09 01:00:00+00:00,156.85,158.3,156.78,158.17,12555.327
2025-11-09 02:00:00+00:00,158.17,158.17,155.72,156.03,15570.419
2025-11-09 03:00:00+00:00,156.05,156.49,155.09,155.89,16599.876
2025-11-09 04:00:00+00:00,155.9,157.47,155.86,157.21,17390.349
2025-11-09 05:00:00+00:00,157.21,158.33,157.11,158.1,12046.686
2025-11-09 06:00:00+00:00,158.1,159.1,157.85,158.25,17034.059
2025-11-09 07:00:00+00:00,158.24,159.56,157.84,159.28,19719.54
2025-11-09 08:00:00+00:00,159.29,159.68,158.76,159.42,12783.541
2025-11-09 09:00:00+00:00,159.47,159.93,158.18,158.26,15232.955
2025-11-09 10:00:00+00:00,158.25,158.43,157.28,158.43,13852.202
2025-11-09 11:00:00+00:00,158.44,159.46,158.44,159.07,12602.767
2025-11-09 12:00:00+00:00,159.07,159.88,158.6,159.11,13630.509
2025-11-09 13:00:00+00:00,159.12,160.5,159.01,160.07,21701.373
2025-11-09 14:00:00+00:00,160.06,163.09,159.26,160.15,30505.402
2025-11-09 15:00:00+00:00,160.15,163.95,159.8,162.51,23705.362
2025-11-09 16:00:00+00:00,162.52,163.18,161.83,162.95,15229.175
2025-11-09 17:00:00+00:00,162.95,163.01,161.25,161.83,23700.49
2025-11-09 18:00:00+00:00,161.83,164.11,161.38,163.99,12815.851
2025-11-09 19:00:00+00:00,163.99,166.29,163.39,166.18,21300.388
2025-11-09 20:00:00+00:00,166.19,166.38,165.06,165.36,17677.845
2025-11-09 21:00:00+00:00,165.37,165.83,164.4,165.24,15828.164
2025-11-09 22:00:00+00:00,165.24,165.67,164.13,165.45,17151.94
2025-11-09 23:00:00+00:00,165.45,166.59,163.94,164.54,16971.052
2025-11-10 00:00:00+00:00,164.53,168.36,163.44,167.5,25623.213
2025-11-10 01:00:00+00:00,167.46,168.28,166.35,167.06,16939.43
2025-11-10 02:00:00+00:00,167.08,167.98,166.4,167.78,16142.587
2025-11-10 03:00:00+00:00,167.75,168.76,167.19,168.12,13313.732
2025-11-10 04:00:00+00:00,168.13,168.93,166.68,168.01,13384.977
2025-11-10 05:00:00+00:00,168.05,168.59,166.94,167.57,16519.198
2025-11-10 06:00:00+00:00,167.57,167.72,166.38,166.92,15677.296
2025-11-10 07:00:00+00:00,166.94,168.19,166.81,167.4,14642.523
2025-11-10 08:00:00+00:00,167.4,167.46,166.13,166.64,14200.82
2025-11-10 09:00:00+00:00,166.65,169.79,166.33,169.45,23100.045
2025-11-10 10:00:00+00:00,169.48,169.66,167.99,168.35,23044.912
2025-11-10 11:00:00+00:00,168.36,168.82,168.03,168.34,14456.642
2025-11-10 12:00:00+00:00,168.3,168.52,166.93,168.11,16409.525
2025-11-10 13:00:00+00:00,168.12,170.47,168.0,169.78,22547.246
2025-11-10 14:00:00+00:00,169.73,169.75,165.3,166.16,23800.773
2025-11-10 15:00:00+00:00,166.15,167.29,165.18,166.27,14819.024
2025-11-10 16:00:00+00:00,166.27,167.06,165.25,166.14,12815.644
2025-11-10 17:00:00+00:00,166.11,168.47,165.93,167.81,11124.068
2025-11-10 18:00:00+00:00,167.82,168.11,165.67,165.67,13915.697
2025-11-10 19:00:00+00:00,165.67,167.69,165.6,167.16,11674.621
2025-11-10 20:00:00+00:00,167.21,168.42,166.84,167.86,9503.328
2025-11-10 21:00:00+00:00,167.87,167.9,164.82,165.53,14499.176
2025-11-10 22:00:00+00:00,165.53,167.79,165.13,167.6,17436.206
2025-11-10 23:00:00+00:00,167.65,168.09,167.18,167.32,16944.872
2025-11-11 00:00:00+00:00,167.32,167.62,166.0,167.48,20164.918
2025-11-11 01:00:00+00:00,167.48,171.0,166.64,167.38,30844.473
2025-11-11 02:00:00+00:00,167.42,170.99,166.26,170.27,20375.331
2025-11-11 03:00:00+00:00,170.27,171.94,169.48,169.97,20889.468
2025-11-11 04:00:00+00:00,169.96,170.1,166.56,166.92,20212.32
2025-11-11 05:00:00+00:00,166.93,166.93,165.01,165.18,21877.77
2025-11-11 06:00:00+00:00,165.17,165.3,163.6,164.97,25459.268
2025-11-11 07:00:00+00:00,164.97,165.24,163.88,163.98,17116.958
2025-11-11 08:00:00+00:00,163.98,164.89,163.63,164.04,15101.432
2025-11-11 09:00:00+00:00,164.01,164.96,163.12,164.04,20710.176
2025-11-11 10:00:00+00:00,164.01,164.36,162.69,163.78,29520.168
2025-11-11 11:00:00+00:00,163.79,164.57,163.04,163.68,16373.25
2025-11-11 12:00:00+00:00,163.68,164.37,162.54,163.31,14518.444
2025-11-11 13:00:00+00:00,163.33,163.94,162.42,162.8,16760.46
2025-11-11 14:00:00+00:00,162.82,163.22,161.13,162.97,28027.909
2025-11-11 15:00:00+00:00,162.97,162.97,160.1,160.89,49530.999
2025-11-11 16:00:00+00:00,160.9,161.24,159.74,160.64,30122.672
2025-11-11 17:00:00+00:00,160.65,161.07,158.26,159.52,23545.234
2025-11-11 18:00:00+00:00,159.5,159.8,158.36,158.97,17987.448
2025-11-11 19:00:00+00:00,158.96,158.96,157.43,157.6,20181.896
2025-11-11 20:00:00+00:00,157.59,157.86,156.3,156.76,20357.813
2025-11-11 21:00:00+00:00,156.79,157.39,155.65,156.1,21877.439
2025-11-11 22:00:00+00:00,156.07,157.26,155.53,156.69,24819.765
2025-11-11 23:00:00+00:00,156.73,156.87,153.9,154.58,25209.413
2025-11-12 00:00:00+00:00,154.64,155.3,153.55,153.8,19671.039
2025-11-12 01:00:00+00:00,153.84,155.49,153.68,155.42,23852.49861964
2025-11-12 02:00:00+00:00,155.43,155.59,153.76,154.29,21981.93
2025-11-12 03:00:00+00:00,154.31,155.0,153.96,154.58,22414.554
2025-11-12 04:00:00+00:00,154.57,155.03,154.16,154.95,20521.858
2025-11-12 05:00:00+00:00,154.96,156.06,154.92,155.48,28324.365
2025-11-12 06:00:00+00:00,155.47,156.5,155.33,155.87,19601.637
2025-11-12 07:00:00+00:00,155.87,156.54,154.81,155.01,22045.102
2025-11-12 08:00:00+00:00,155.02,158.1,155.01,157.99,32525.493
2025-11-12 09:00:00+00:00,157.99,158.9,157.77,158.07,22997.118
2025-11-12 10:00:00+00:00,158.08,160.49,157.97,160.28,32914.156
2025-11-12 11:00:00+00:00,160.25,161.11,159.51,160.01,21176.521
2025-11-12 12:00:00+00:00,159.99,160.79,159.1,159.86,30331.512
2025-11-12 13:00:00+00:00,159.85,161.0,158.86,160.56,25850.54
2025-11-12 14:00:00+00:00,160.56,161.05,157.14,158.58,38960.415
2025-11-12 15:00:00+00:00,158.48,159.58,155.23,155.71,27683.706
2025-11-12 16:00:00+00:00,155.72,156.25,152.19,152.78,44003.991
2025-11-12 17:00:00+00:00,152.83,154.81,152.36,153.3,14932.193
2025-11-12 18:00:00+00:00,153.31,154.21,152.78,152.78,17921.619
2025-11-12 19:00:00+00:00,152.77,153.79,151.17,153.04,25869.536
2025-11-12 20:00:00+00:00,153.05,154.66,152.52,153.72,14692.175
2025-11-12 21:00:00+00:00,153.74,154.29,153.34,154.13,13814.785
2025-11-12 22:00:00+00:00,154.13,154.13,152.72,153.88,15600.306
2025-11-12 23:00:00+00:00,153.87,153.91,152.85,153.42,17532.381
2025-11-13 00:00:00+00:00,153.43,154.42,152.38,153.01,21849.152
2025-11-13 01:00:00+00:00,153.01,154.43,152.26,152.73,18693.938
2025-11-13 02:00:00+00:00,152.74,153.39,152.4,152.9,14964.897
2025-11-13 03:00:00+00:00,152.91,155.8,150.41,154.34,29094.035
2025-11-13 04:00:00+00:00,154.35,154.93,153.4,154.29,21446.785
2025-11-13 05:00:00+00:00,154.27,156.82,153.79,156.14,15840.149
2025-11-13 06:00:00+00:00,156.14,157.12,155.74,156.72,17216.699
2025-11-13 07:00:00+00:00,156.73,157.21,154.87,155.31,23380.78
2025-11-13 08:00:00+00:00,155.31,156.51,155.0,155.95,13096.14
2025-11-13 09:00:00+00:00,155.94,156.06,153.84,154.98,15468.504
2025-11-13 10:00:00+00:00,155.04,156.16,154.9,155.41,16640.731
2025-11-13 11:00:00+00:00,155.41,156.5,155.41,156.27,17980.796
2025-11-13 12:00:00+00:00,156.28,156.96,155.79,156.43,17714.084
2025-11-13 13:00:00+00:00,156.42,156.53,153.66,153.83,21921.184
2025-11-13 14:00:00+00:00,153.84,156.71,152.21,155.28,24948.895
2025-11-13 15:00:00+00:00,155.31,155.84,152.51,153.09,14451.85
2025-11-13 16:00:00+00:00,153.08,153.36,150.76,151.1,15324.036
2025-11-13 17:00:00+00:00,151.11,151.25,146.76,147.1,23457.055
2025-11-13 18:00:00+00:00,147.09,147.79,144.57,145.45,27296.309
2025-11-13 19:00:00+00:00,145.47,146.33,142.01,142.75,23464.33
2025-11-13 20:00:00+00:00,142.72,143.27,141.04,142.74,27268.366
2025-11-13 21:00:00+00:00,142.75,143.71,141.29,142.1,20529.691
2025-11-13 22:00:00+00:00,142.08,144.84,141.74,144.63,21513.07
2025-11-13 23:00:00+00:00,144.66,146.25,143.93,144.75,26407.821
2025-11-14 00:00:00+00:00,144.76,145.29,142.94,143.3,20139.908
2025-11-14 01:00:00+00:00,143.31,144.56,142.78,143.7,21247.58
2025-11-14 02:00:00+00:00,143.71,145.67,143.66,145.3,16090.983
2025-11-14 03:00:00+00:00,145.31,145.57,143.65,144.28,21318.31
2025-11-14 04:00:00+00:00,144.29,144.39,138.75,141.91,45434.619
2025-11-14 05:00:00+00:00,141.92,143.65,141.44,143.14,16296.463
2025-11-14 06:00:00+00:00,143.17,144.11,139.97,143.96,18741.606
2025-11-14 07:00:00+00:00,143.9,144.49,142.38,142.84,18974.614
2025-11-14 08:00:00+00:00,142.84,142.97,141.42,142.48,11186.739
2025-11-14 09:00:00+00:00,142.48,143.22,140.5,140.91,14077.616
2025-11-14 10:00:00+00:00,140.92,142.96,140.85,141.96,14671.025
2025-11-14 11:00:00+00:00,141.92,142.2,139.83,140.76,23195.422
2025-11-14 12:00:00+00:00,140.75,140.75,135.75,138.72,38594.568
2025-11-14 13:00:00+00:00,138.74,139.75,135.94,138.96,47283.81
2025-11-14 14:00:00+00:00,138.93,142.81,137.54,142.23,38165.998
2025-11-14 15:00:00+00:00,142.18,143.74,140.22,142.21,23445.229
2025-11-14 16:00:00+00:00,142.26,144.23,141.57,143.44,21113.6
2025-11-14 17:00:00+00:00,143.42,143.92,140.58,141.42,14437.649
2025-11-14 18:00:00+00:00,141.41,142.9,140.7,141.31,11745.53
2025-11-14 19:00:00+00:00,141.3,143.59,140.95,143.15,11644.728
2025-11-14 20:00:00+00:00,143.13,143.22,139.26,139.51,17741.216
2025-11-14 21:00:00+00:00,139.63,141.21,139.11,140.67,13036.007
2025-11-14 22:00:00+00:00,140.67,141.8,139.63,140.28,15000.229
2025-11-14 23:00:00+00:00,140.35,140.35,137.22,138.91,19637.035
2025-11-15 00:00:00+00:00,138.92,141.31,138.76,141.12,22352.665
2025-11-15 01:00:00+00:00,141.1,142.34,140.28,142.03,26299.046
2025-11-15 02:00:00+00:00,142.05,143.17,141.59,143.12,26800.242
2025-11-15 03:00:00+00:00,143.09,143.33,142.43,142.53,25710.245
2025-11-15 04:00:00+00:00,142.53,143.09,141.83,142.4,21547.224
2025-11-15 05:00:00+00:00,142.4,143.19,142.32,142.83,20373.66
2025-11-15 06:00:00+00:00,142.85,143.6,142.36,142.69,25412.469
2025-11-15 07:00:00+00:00,142.67,143.37,142.33,142.75,24591.975
2025-11-15 08:00:00+00:00,142.75,142.84,140.52,140.79,27581.969
2025-11-15 09:00:00+00:00,140.79,141.69,140.52,140.94,27129.389
2025-11-15 10:00:00+00:00,140.95,141.42,140.61,141.24,26916.641
2025-11-15 11:00:00+00:00,141.23,141.39,139.97,140.21,19134.533
2025-11-15 12:00:00+00:00,140.22,141.02,139.99,140.9,22019.434
2025-11-15 13:00:00+00:00,140.9,141.97,140.64,141.64,24230.564
2025-11-15 14:00:00+00:00,141.66,141.74,140.76,141.51,25244.239
2025-11-15 15:00:00+00:00,141.5,142.25,141.27,141.72,22515.512
2025-11-15 16:00:00+00:00,141.73,142.83,140.83,142.75,20635.796
2025-11-15 17:00:00+00:00,142.76,144.67,142.48,143.44,31410.043
2025-11-15 18:00:00+00:00,143.44,143.44,142.17,142.5,18016.599
2025-11-15 19:00:00+00:00,142.5,142.91,141.69,141.77,17090.782
2025-11-15 20:00:00+00:00,141.77,141.96,140.13,140.43,21851.081
2025-11-15 21:00:00+00:00,140.43,140.82,138.61,138.98,18913.028
2025-11-15 22:00:00+00:00,138.98,140.01,138.65,139.83,19930.902
2025-11-15 23:00:00+00:00,139.86,140.19,139.48,139.62,17364.678
2025-11-16 00:00:00+00:00,139.63,139.8,138.64,139.25,21154.728
2025-11-16 01:00:00+00:00,139.26,139.53,137.39,138.79,22421.969
2025-11-16 02:00:00+00:00,138.78,140.84,138.46,140.84,20692.351
2025-11-16 03:00:00+00:00,140.85,141.49,140.3,141.41,18988.826
2025-11-16 04:00:00+00:00,141.41,141.61,140.72,141.34,16045.056
2025-11-16 05:00:00+00:00,141.36,142.2,141.25,141.44,19803.019
2025-11-16 06:00:00+00:00,141.45,142.17,141.33,141.67,18782.249
2025-11-16 07:00:00+00:00,141.68,142.47,141.23,142.31,23139.883
2025-11-16 08:00:00+00:00,142.32,142.61,141.64,142.19,17477.71
2025-11-16 09:00:00+00:00,142.21,143.35,141.36,143.28,23062.507
2025-11-16 10:00:00+00:00,143.28,143.34,142.71,142.94,21307.913
2025-11-16 11:00:00+00:00,142.94,143.11,139.55,139.97,23813.064
2025-11-16 12:00:00+00:00,139.97,140.65,139.14,140.05,13749.879
2025-11-16 13:00:00+00:00,140.04,140.6,138.83,139.46,17186.44
2025-11-16 14:00:00+00:00,139.48,140.87,139.46,140.43,18002.56
2025-11-16 15:00:00+00:00,140.43,140.48,137.18,137.48,23917.593
2025-11-16 16:00:00+00:00,137.51,138.25,135.37,135.73,34670.12
2025-11-16 17:00:00+00:00,135.73,136.42,134.42,135.82,29668.461
2025-11-16 18:00:00+00:00,135.79,138.52,135.25,135.84,28769.295
2025-11-16 19:00:00+00:00,135.85,138.03,135.75,136.83,22265.591
2025-11-16 20:00:00+00:00,136.84,138.17,136.62,136.63,15422.324
2025-11-16 21:00:00+00:00,136.64,136.77,135.44,136.44,19231.785
2025-11-16 22:00:00+00:00,136.47,137.96,135.1,137.3,22969.617
2025-11-16 23:00:00+00:00,137.33,138.16,134.93,137.18,43666.556
2025-11-17 00:00:00+00:00,137.18,139.51,136.1,139.18,27924.986
2025-11-17 01:00:00+00:00,139.18,139.49,138.16,138.27,25143.607
2025-11-17 02:00:00+00:00,138.28,139.34,137.98,138.9,24047.201
2025-11-17 03:00:00+00:00,138.92,140.65,138.86,140.25,26742.437
2025-11-17 04:00:00+00:00,140.28,140.81,139.67,140.36,20828.561
2025-11-17 05:00:00+00:00,140.37,140.81,139.86,140.57,22535.097
2025-11-17 06:00:00+00:00,140.59,141.59,140.14,141.4,26382.275
2025-11-17 07:00:00+00:00,141.41,141.84,141.1,141.32,24436.244
2025-11-17 08:00:00+00:00,141.33,141.78,141.01,141.36,29495.922
2025-11-17 09:00:00+00:00,141.37,142.6,140.95,141.99,24718.811
2025-11-17 10:00:00+00:00,142.0,142.51,141.79,142.25,18939.419
2025-11-17 11:00:00+00:00,142.26,142.8,141.73,141.87,22886.182
2025-11-17 12:00:00+00:00,141.88,142.66,141.57,141.8,23488.808
2025-11-17 13:00:00+00:00,141.8,142.02,137.15,138.05,46131.692
2025-11-17 14:00:00+00:00,138.06,143.33,136.82,140.14,54672.929
2025-11-17 15:00:00+00:00,140.18,140.8,136.85,137.14,29656.039
2025-11-17 16:00:00+00:00,137.13,137.19,133.3,135.83,45157.252
2025-11-17 17:00:00+00:00,135.86,135.94,131.74,132.02,39296.337
2025-11-17 18:00:00+00:00,132.02,133.15,130.42,130.52,40322.8
2025-11-17 19:00:00+00:00,130.51,131.28,129.36,129.65,43084.601
2025-11-17 20:00:00+00:00,129.63,130.88,128.79,130.31,29587.763
2025-11-17 21:00:00+00:00,130.29,130.99,129.81,130.68,26546.864
2025-11-17 22:00:00+00:00,130.7,131.95,130.31,131.3,30857.563
2025-11-17 23:00:00+00:00,131.34,131.77,130.25,130.98,28667.354
2025-11-18 00:00:00+00:00,130.98,131.54,129.01,131.3,25600.54
2025-11-18 01:00:00+00:00,131.3,132.39,130.99,131.97,26137.684
2025-11-18 02:00:00+00:00,131.95,134.68,130.46,132.38,40720.788
2025-11-18 03:00:00+00:00,132.4,135.22,131.43,134.51,40909.513
2025-11-18 04:00:00+00:00,134.53,136.12,132.54,135.54,29265.519
2025-11-18 05:00:00+00:00,135.56,136.73,134.9,135.95,28765.469
2025-11-18 06:00:00+00:00,135.96,137.1,135.03,135.72,33044.015
2025-11-18 07:00:00+00:00,135.67,137.82,135.03,136.97,28716.775
2025-11-18 08:00:00+00:00,136.95,138.26,136.94,137.73,21005.486
2025-11-18 09:00:00+00:00,137.71,138.16,136.48,137.86,21557.346
2025-11-18 10:00:00+00:00,137.85,139.12,137.6,137.98,22204.68
2025-11-18 11:00:00+00:00,137.95,138.22,137.3,137.86,20547.297
2025-11-18 12:00:00+00:00,137.88,138.58,136.99,138.22,19100.642
2025-11-18 13:00:00+00:00,138.21,138.39,136.84,138.3,18719.399
2025-11-18 14:00:00+00:00,138.25,139.88,137.5,137.5,24724.225
2025-11-18 15:00:00+00:00,137.49,142.11,137.21,139.71,36784.374
2025-11-18 16:00:00+00:00,139.71,141.97,138.77,141.1,26376.731
2025-11-18 17:00:00+00:00,141.08,141.19,139.32,140.02,20405.613
2025-11-18 18:00:00+00:00,140.08,141.82,139.99,141.47,20702.94
2025-11-18 19:00:00+00:00,141.48,142.12,140.9,141.45,26056.667
2025-11-18 20:00:00+00:00,141.46,142.12,141.14,141.14,18584.504
2025-11-18 21:00:00+00:00,141.13,141.58,139.67,139.75,22732.58
2025-11-18 22:00:00+00:00,139.77,141.85,139.76,141.45,17563.937
2025-11-18 23:00:00+00:00,141.43,141.6,140.48,140.71,19040.311
2025-11-19 00:00:00+00:00,140.7,141.62,139.3,141.15,29996.842
2025-11-19 01:00:00+00:00,141.16,141.8,139.82,140.35,31217.039
2025-11-19 02:00:00+00:00,140.38,142.83,140.07,142.2,32587.827
2025-11-19 03:00:00+00:00,142.2,142.46,139.45,139.81,29365.535
2025-11-19 04:00:00+00:00,139.77,140.25,138.44,138.67,20221.095
2025-11-19 05:00:00+00:00,138.7,139.13,137.11,138.01,25541.234
2025-11-19 06:00:00+00:00,138.04,139.33,137.6,139.06,21292.242
2025-11-19 07:00:00+00:00,139.03,141.09,138.98,140.56,25458.963
2025-11-19 08:00:00+00:00,140.57,141.01,139.8,140.19,24194.195
2025-11-19 09:00:00+00:00,140.17,140.19,139.01,139.66,22342.193
2025-11-19 10:00:00+00:00,139.72,140.32,139.25,139.56,21574.291
2025-11-19 11:00:00+00:00,139.54,139.82,138.38,138.58,22252.166
2025-11-19 12:00:00+00:00,138.58,139.21,138.19,138.96,22206.634
2025-11-19 13:00:00+00:00,138.97,138.97,136.68,136.75,26715.333
2025-11-19 14:00:00+00:00,136.73,137.84,136.0,137.21,31497.354
2025-11-19 15:00:00+00:00,137.22,139.07,134.4,134.62,38669.939
2025-11-19 16:00:00+00:00,134.61,135.44,132.87,133.37,26246.268
2025-11-19 17:00:00+00:00,133.35,133.8,131.36,132.23,18929.339
2025-11-19 18:00:00+00:00,132.18,132.49,130.54,131.48,18479.375
2025-11-19 19:00:00+00:00,131.48,132.11,130.83,131.74,19826.8
2025-11-19 20:00:00+00:00,131.75,133.56,131.37,133.17,19965.429
2025-11-19 21:00:00+00:00,133.23,135.99,132.74,135.44,38115.68
2025-11-19 22:00:00+00:00,135.41,135.7,134.19,135.56,20778.315
2025-11-19 23:00:00+00:00,135.56,137.06,135.4,137.06,23292.08
2025-11-20 00:00:00+00:00,137.06,138.13,136.36,137.72,21716.191
2025-11-20 01:00:00+00:00,137.72,139.82,137.46,139.67,25272.967
2025-11-20 02:00:00+00:00,139.67,144.2,139.39,143.66,70640.613
2025-11-20 03:00:00+00:00,143.65,144.43,142.94,143.17,26418.585
2025-11-20 04:00:00+00:00,143.2,144.73,142.4,144.66,23361.722
2025-11-20 05:00:00+00:00,144.65,144.79,143.62,144.11,22031.656
2025-11-20 06:00:00+00:00,144.11,144.34,142.2,142.84,25875.461
2025-11-20 07:00:00+00:00,142.84,143.88,142.71,143.79,21987.773
2025-11-20 08:00:00+00:00,143.79,143.94,142.94,143.37,23167.275
2025-11-20 09:00:00+00:00,143.41,143.41,141.39,142.03,33847.861
2025-11-20 10:00:00+00:00,142.06,142.33,141.11,142.26,22121.097
2025-11-20 11:00:00+00:00,142.26,142.51,141.56,142.12,21778.019
2025-11-20 12:00:00+00:00,142.11,142.4,141.35,142.02,26781.927
2025-11-20 13:00:00+00:00,142.02,143.36,140.51,140.71,40954.721
2025-11-20 14:00:00+00:00,140.72,141.52,138.99,140.93,31759.418
2025-11-20 15:00:00+00:00,140.97,141.1,138.34,138.57,19980.544
2025-11-20 16:00:00+00:00,138.53,138.73,131.58,132.66,58098.121
2025-11-20 17:00:00+00:00,132.63,133.14,131.15,132.82,33334.773
2025-11-20 18:00:00+00:00,132.77,134.59,132.02,132.58,28042.3
2025-11-20 19:00:00+00:00,132.59,134.46,131.65,133.92,23368.775
2025-11-20 20:00:00+00:00,133.88,134.66,132.67,133.72,26262.961
2025-11-20 21:00:00+00:00,133.72,135.29,133.55,134.15,22536.76
2025-11-20 22:00:00+00:00,134.08,136.68,133.94,136.43,19933.202
2025-11-20 23:00:00+00:00,136.44,136.54,133.32,133.65,17779.859
2025-11-21 00:00:00+00:00,133.67,135.07,133.63,134.22,17790.365
2025-11-21 01:00:00+00:00,134.2,135.06,133.64,134.25,14884.074
2025-11-21 02:00:00+00:00,134.26,134.66,131.06,131.4,21565.817
2025-11-21 03:00:00+00:00,131.37,133.62,131.37,132.61,18112.408
2025-11-21 04:00:00+00:00,132.6,133.01,130.47,132.64,16942.869
2025-11-21 05:00:00+00:00,132.64,133.1,131.59,132.08,14668.053
2025-11-21 06:00:00+00:00,132.12,132.37,130.55,130.86,17803.146
2025-11-21 07:00:00+00:00,130.87,131.37,121.9,127.53,122960.233
2025-11-21 08:00:00+00:00,127.54,129.43,126.87,128.07,38905.863
2025-11-21 09:00:00+00:00,128.09,128.93,125.48,125.51,27218.106
2025-11-21 10:00:00+00:00,125.5,126.6,124.84,125.1,31301.499
2025-11-21 11:00:00+00:00,125.1,126.33,123.79,124.33,31157.599
2025-11-21 12:00:00+00:00,124.33,127.25,121.63,126.23,48374.152
2025-11-21 13:00:00+00:00,126.23,128.31,125.53,127.2,35322.78
2025-11-21 14:00:00+00:00,127.19,129.6,126.21,128.61,36203.066
2025-11-21 15:00:00+00:00,128.64,128.97,124.77,125.39,28254.253
2025-11-21 16:00:00+00:00,125.41,128.81,123.58,128.63,25356.182
2025-11-21 17:00:00+00:00,128.68,130.61,128.37,129.23,20784.209
2025-11-21 18:00:00+00:00,129.23,130.38,126.55,129.53,15130.72
2025-11-21 19:00:00+00:00,129.51,129.87,127.56,128.13,9507.075
2025-11-21 20:00:00+00:00,128.11,128.41,125.99,127.13,14546.275
2025-11-21 21:00:00+00:00,127.16,129.3,126.67,128.88,15367.499
2025-11-21 22:00:00+00:00,128.86,129.36,125.45,125.49,16142.139
2025-11-21 23:00:00+00:00,125.5,128.87,125.13,128.68,19956.327
2025-11-22 00:00:00+00:00,128.68,129.43,127.99,128.44,14015.616
2025-11-22 01:00:00+00:00,128.46,129.92,128.38,129.46,14292.385
2025-11-22 02:00:00+00:00,129.48,129.62,127.28,128.06,15992.901
2025-11-22 03:00:00+00:00,128.07,128.42,126.85,127.13,15093.859
2025-11-22 04:00:00+00:00,127.14,127.42,125.68,126.95,12569.878
2025-11-22 05:00:00+00:00,127.0,127.29,125.37,126.23,15013.24
2025-11-22 06:00:00+00:00,126.26,128.3,125.37,128.07,16196.398
2025-11-22 07:00:00+00:00,128.04,128.38,127.36,127.73,15346.117
2025-11-22 08:00:00+00:00,127.74,127.74,125.51,125.92,18363.335
2025-11-22 09:00:00+00:00,125.96,127.55,125.7,126.46,18702.112
2025-11-22 10:00:00+00:00,126.48,127.21,125.56,125.93,14602.951
2025-11-22 11:00:00+00:00,125.94,127.48,125.34,126.7,18418.551
2025-11-22 12:00:00+00:00,126.69,126.73,125.24,125.82,17187.556
2025-11-22 13:00:00+00:00,125.83,126.41,125.12,125.6,16376.693
2025-11-22 14:00:00+00:00,125.61,127.52,125.56,127.12,15159.749
2025-11-22 15:00:00+00:00,127.12,127.77,126.15,127.14,13255.446
2025-11-22 16:00:00+00:00,127.14,128.59,126.86,128.2,17905.315
2025-11-22 17:00:00+00:00,128.2,128.44,127.3,127.59,19030.68
2025-11-22 18:00:00+00:00,127.59,128.05,127.4,127.76,13304.427
2025-11-22 19:00:00+00:00,127.77,128.09,126.79,127.19,14704.882
2025-11-22 20:00:00+00:00,127.2,127.63,126.11,126.43,15363.755
2025-11-22 21:00:00+00:00,126.45,126.86,126.11,126.64,14361.908
2025-11-22 22:00:00+00:00,126.66,128.9,126.19,128.28,15899.956
2025-11-22 23:00:00+00:00,128.23,128.46,127.3,127.58,15075.275
2025-11-23 00:00:00+00:00,127.59,128.65,127.54,128.01,13771.148
2025-11-23 01:00:00+00:00,128.04,129.86,127.89,129.47,20546.801
2025-11-23 02:00:00+00:00,129.48,130.82,129.1,130.03,26090.318
2025-11-23 03:00:00+00:00,130.05,130.42,129.38,129.96,23622.936
2025-11-23 04:00:00+00:00,129.96,131.92,129.96,130.77,31495.185
2025-11-23 05:00:00+00:00,130.75,130.94,130.2,130.55,23045.803
2025-11-23 06:00:00+00:00,130.55,130.91,129.17,129.34,26359.88447368
2025-11-23 07:00:00+00:00,129.35,129.44,128.12,128.87,26870.077
2025-11-23 08:00:00+00:00,128.86,129.78,128.83,129.68,23366.006
2025-11-23 09:00:00+00:00,129.68,130.93,129.45,130.07,31323.132
2025-11-23 10:00:00+00:00,130.08,130.18,129.42,129.97,17419.572
2025-11-23 11:00:00+00:00,129.96,129.99,129.01,129.76,12330.457
2025-11-23 12:00:00+00:00,129.76,131.71,129.66,130.87,20641.023
2025-11-23 13:00:00+00:00,130.87,131.73,130.35,131.57,20746.877
2025-11-23 14:00:00+00:00,131.58,132.75,130.52,130.76,19112.436
2025-11-23 15:00:00+00:00,130.76,133.11,130.44,132.87,19823.31
2025-11-23 16:00:00+00:00,132.87,133.44,131.76,131.76,18990.227
2025-11-23 17:00:00+00:00,131.79,131.92,130.86,131.39,16506.466
2025-11-23 18:00:00+00:00,131.4,132.92,131.39,132.22,14544.889
2025-11-23 19:00:00+00:00,132.25,133.09,131.99,132.38,13247.431
2025-11-23 20:00:00+00:00,132.4,132.84,132.1,132.64,11698.863
2025-11-23 21:00:00+00:00,132.65,133.54,131.5,133.16,20282.765
2025-11-23 22:00:00+00:00,133.15,133.34,132.29,132.66,15999.89
2025-11-23 23:00:00+00:00,132.67,132.87,130.51,130.58,23168.557
2025-11-24 00:00:00+00:00,130.59,132.09,129.31,130.82,30048.275
2025-11-24 01:00:00+00:00,130.81,131.76,130.01,131.51,18041.528
2025-11-24 02:00:00+00:00,131.51,134.38,131.43,133.41,27452.536
2025-11-24 03:00:00+00:00,133.41,134.4,132.84,133.43,20441.213
2025-11-24 04:00:00+00:00,133.43,133.53,130.6,131.41,24957.686
2025-11-24 05:00:00+00:00,131.41,133.94,131.23,132.96,22383.243
2025-11-24 06:00:00+00:00,132.95,133.03,130.69,131.19,30431.569
2025-11-24 07:00:00+00:00,131.14,131.43,130.22,130.33,24731.77
2025-11-24 08:00:00+00:00,130.31,130.76,129.65,130.59,25601.705
2025-11-24 09:00:00+00:00,130.57,130.68,128.43,128.88,23391.563
2025-11-24 10:00:00+00:00,128.9,129.47,128.77,129.25,21556.583
2025-11-24 11:00:00+00:00,129.24,129.92,128.78,129.62,17410.038
2025-11-24 12:00:00+00:00,129.62,130.01,129.01,129.53,21234.703
2025-11-24 13:00:00+00:00,129.53,130.59,129.4,129.75,24961.177
2025-11-24 14:00:00+00:00,129.73,131.59,128.54,130.77,31604.261
2025-11-24 15:00:00+00:00,130.79,132.61,130.06,131.96,16810.847
2025-11-24 16:00:00+00:00,131.95,134.4,131.81,133.74,21756.543
2025-11-24 17:00:00+00:00,133.72,137.19,133.56,136.91,25362.598
2025-11-24 18:00:00+00:00,136.92,138.0,136.49,137.4,12784.998
2025-11-24 19:00:00+00:00,137.38,137.82,136.68,137.19,10047.164
2025-11-24 20:00:00+00:00,137.24,139.35,137.24,139.05,19366.161
2025-11-24 21:00:00+00:00,138.96,139.17,138.05,139.02,8106.079
2025-11-24 22:00:00+00:00,138.98,139.86,138.47,139.09,9335.865
2025-11-24 23:00:00+00:00,139.06,139.2,138.21,138.45,6667.602
2025-11-25 00:00:00+00:00,138.45,138.97,137.66,138.42,8620.963
2025-11-25 01:00:00+00:00,138.45,138.98,137.79,137.85,6871.209
2025-11-25 02:00:00+00:00,137.83,138.38,137.24,138.14,6450.197
2025-11-25 03:00:00+00:00,138.18,138.66,137.3,137.82,3660.056
2025-11-25 04:00:00+00:00,137.81,138.95,137.77,138.6,4507.299
2025-11-25 05:00:00+00:00,138.57,138.8,137.9,138.56,3174.594
2025-11-25 06:00:00+00:00,138.59,138.62,137.43,138.16,5319.739
2025-11-25 07:00:00+00:00,138.18,138.18,136.31,136.36,7657.276
2025-11-25 08:00:00+00:00,136.35,136.7,135.15,135.45,14092.39
2025-11-25 09:00:00+00:00,135.46,136.32,134.78,136.32,10729.415
2025-11-25 10:00:00+00:00,136.31,136.84,135.88,136.61,4999.617
2025-11-25 11:00:00+00:00,136.56,136.74,135.97,136.35,5394.44
2025-11-25 12:00:00+00:00,136.33,136.99,135.68,136.33,6753.531
2025-11-25 13:00:00+00:00,136.32,136.97,135.19,135.48,15447.738
2025-11-25 14:00:00+00:00,135.48,136.22,133.13,134.68,30231.29
2025-11-25 15:00:00+00:00,134.72,135.5,133.47,134.86,22651.269
2025-11-25 16:00:00+00:00,134.84,137.11,134.55,136.08,19966.582
2025-11-25 17:00:00+00:00,136.08,138.03,135.75,136.93,25159.392
2025-11-25 18:00:00+00:00,136.93,137.68,136.29,136.33,21985.018
2025-11-25 19:00:00+00:00,136.33,136.73,134.22,136.71,21455.368
2025-11-25 20:00:00+00:00,136.72,138.03,136.25,137.77,20215.464
2025-11-25 21:00:00+00:00,137.76,138.14,136.99,137.17,24501.384
2025-11-25 22:00:00+00:00,137.17,139.55,135.98,138.98,23956.066
2025-11-25 23:00:00+00:00,138.96,140.5,138.57,138.96,27655.986
2025-11-26 00:00:00+00:00,138.97,139.89,138.82,139.05,18982.109
2025-11-26 01:00:00+00:00,139.04,140.68,138.59,140.02,19460.261
2025-11-26 02:00:00+00:00,140.02,140.21,139.07,139.27,17097.912
2025-11-26 03:00:00+00:00,139.27,139.78,137.93,138.16,21376.314
2025-11-26 04:00:00+00:00,138.16,138.54,137.73,138.03,18684.83
2025-11-26 05:00:00+00:00,138.02,139.29,137.97,139.01,17807.86
2025-11-26 06:00:00+00:00,139.02,139.77,138.42,139.58,24112.883
2025-11-26 07:00:00+00:00,139.57,139.95,139.11,139.89,21703.143
2025-11-26 08:00:00+00:00,139.9,139.91,137.92,137.94,23637.205
2025-11-26 09:00:00+00:00,137.95,138.13,136.23,136.73,32880.538
2025-11-26 10:00:00+00:00,136.73,137.46,136.62,137.29,18133.532
2025-11-26 11:00:00+00:00,137.28,137.38,136.62,136.9,12478.084
2025-11-26 12:00:00+00:00,136.89,137.13,135.6,135.67,11899.778
2025-11-26 13:00:00+00:00,135.65,136.94,135.53,136.74,18023.986
2025-11-26 14:00:00+00:00,136.73,138.31,135.72,136.36,29110.876
2025-11-26 15:00:00+00:00,136.34,137.46,135.79,136.67,25786.982
2025-11-26 16:00:00+00:00,136.68,138.12,136.46,137.05,17816.67
2025-11-26 17:00:00+00:00,137.07,141.02,136.75,140.74,25949.081
2025-11-26 18:00:00+00:00,140.77,144.7,140.68,144.62,40302.021
2025-11-26 19:00:00+00:00,144.63,144.71,143.67,143.97,19558.326
2025-11-26 20:00:00+00:00,143.99,144.0,142.52,142.88,17313.296
2025-11-26 21:00:00+00:00,142.89,144.22,142.85,143.53,16954.975
2025-11-26 22:00:00+00:00,143.53,144.07,142.82,143.08,17739.188
2025-11-26 23:00:00+00:00,143.04,143.45,142.52,143.03,16850.731
2025-11-27 00:00:00+00:00,143.02,143.75,142.21,142.86,20835.833
2025-11-27 01:00:00+00:00,142.86,143.68,142.08,143.32,17867.868
2025-11-27 02:00:00+00:00,143.3,144.1,142.79,143.0,17656.764
2025-11-27 03:00:00+00:00,143.01,143.73,142.37,142.54,16151.347
2025-11-27 04:00:00+00:00,142.55,143.03,142.33,142.87,13125.227
2025-11-27 05:00:00+00:00,142.86,143.48,142.56,142.77,18279.233
2025-11-27 06:00:00+00:00,142.78,144.14,142.77,143.95,19084.304
2025-11-27 07:00:00+00:00,143.96,144.28,143.6,143.76,15696.136
2025-11-27 08:00:00+00:00,143.76,143.9,142.13,142.56,30736.303
2025-11-27 09:00:00+00:00,142.58,143.07,141.65,141.75,20835.714
2025-11-27 10:00:00+00:00,141.73,142.35,141.54,142.32,19937.976
2025-11-27 11:00:00+00:00,142.31,142.34,141.68,142.07,17285.289
2025-11-27 12:00:00+00:00,142.08,142.19,141.01,141.12,20561.994
2025-11-27 13:00:00+00:00,141.14,141.54,140.7,141.25,25072.354
2025-11-27 14:00:00+00:00,141.25,141.81,140.86,141.27,23005.058
2025-11-27 15:00:00+00:00,141.26,142.54,141.06,142.16,22934.108
2025-11-27 16:00:00+00:00,142.14,142.48,141.6,142.2,18121.769
2025-11-27 17:00:00+00:00,142.2,142.26,141.42,141.63,19505.689
2025-11-27 18:00:00+00:00,141.6,143.13,141.51,142.94,22046.139
2025-11-27 19:00:00+00:00,142.91,142.93,142.24,142.7,12731.725
2025-11-27 20:00:00+00:00,142.71,142.89,142.41,142.47,12830.579
2025-11-27 21:00:00+00:00,142.47,142.55,141.79,141.92,14614.604
2025-11-27 22:00:00+00:00,141.91,142.03,140.51,140.8,17936.05
2025-11-27 23:00:00+00:00,140.81,141.45,140.47,140.86,19017.506
2025-11-28 00:00:00+00:00,140.86,141.46,140.51,140.99,19221.241
2025-11-28 01:00:00+00:00,141.0,141.05,138.84,139.05,25521.787
2025-11-28 02:00:00+00:00,139.06,139.62,138.61,139.49,18897.926
2025-11-28 03:00:00+00:00,139.51,139.75,139.17,139.68,18055.948
2025-11-28 04:00:00+00:00,139.68,140.25,139.55,140.06,14974.523
2025-11-28 05:00:00+00:00,140.05,140.58,139.84,140.36,21259.386
2025-11-28 06:00:00+00:00,140.36,140.36,139.2,139.44,18878.119
2025-11-28 07:00:00+00:00,139.45,140.03,138.97,139.0,18722.252
2025-11-28 08:00:00+00:00,138.98,141.61,138.95,141.5,25260.881
2025-11-28 09:00:00+00:00,141.48,142.64,141.02,141.68,42080.92
2025-11-28 10:00:00+00:00,141.69,142.35,141.57,142.08,19024.67
2025-11-28 11:00:00+00:00,142.03,142.03,139.94,140.99,21180.763
2025-11-28 12:00:00+00:00,141.0,141.55,140.77,140.79,24710.126
2025-11-28 13:00:00+00:00,140.8,143.41,140.43,142.51,40579.081
2025-11-28 14:00:00+00:00,142.52,143.54,141.72,142.56,41096.61
2025-11-28 15:00:00+00:00,142.59,143.58,141.31,141.6,38134.804
2025-11-28 16:00:00+00:00,141.63,141.66,138.76,138.8,31749.122
2025-11-28 17:00:00+00:00,138.83,138.86,136.78,137.21,38478.34
2025-11-28 18:00:00+00:00,137.21,137.54,136.02,137.2,31718.761
2025-11-28 19:00:00+00:00,137.18,137.98,137.05,137.54,26149.592
2025-11-28 20:00:00+00:00,137.54,137.98,136.93,137.91,20172.548
2025-11-28 21:00:00+00:00,137.91,138.05,137.29,137.4,16977.944
2025-11-28 22:00:00+00:00,137.4,137.88,136.63,137.8,26736.824
2025-11-28 23:00:00+00:00,137.81,138.3,137.27,137.34,19775.603
2025-11-29 00:00:00+00:00,137.34,137.89,137.15,137.65,14484.413
2025-11-29 01:00:00+00:00,137.64,137.83,137.26,137.43,16331.443
2025-11-29 02:00:00+00:00,137.43,137.72,136.9,137.21,20814.846
2025-11-29 03:00:00+00:00,137.22,137.41,136.76,136.83,13928.966
2025-11-29 04:00:00+00:00,136.85,137.74,136.84,137.67,15172.491
2025-11-29 05:00:00+00:00,137.67,137.67,137.14,137.21,15777.821
2025-11-29 06:00:00+00:00,137.22,137.62,136.29,137.11,32751.143
2025-11-29 07:00:00+00:00,137.11,137.56,136.94,137.29,24914.348
2025-11-29 08:00:00+00:00,137.29,137.48,136.64,136.99,28192.431
2025-11-29 09:00:00+00:00,136.99,137.16,136.62,136.7,26695.372
2025-11-29 10:00:00+00:00,136.7,137.03,136.44,136.82,31166.33
2025-11-29 11:00:00+00:00,136.81,137.37,136.66,137.34,20445.736
2025-11-29 12:00:00+00:00,137.35,137.48,136.86,136.95,7011.456
2025-11-29 13:00:00+00:00,136.95,137.07,136.67,136.89,9177.008
2025-11-29 14:00:00+00:00,136.91,136.91,136.48,136.55,17240.78
2025-11-29 15:00:00+00:00,136.54,137.66,136.54,137.57,31261.42
2025-11-29 16:00:00+00:00,137.57,137.82,137.03,137.66,27062.664
2025-11-29 17:00:00+00:00,137.67,138.06,136.14,136.19,29660.529
2025-11-29 18:00:00+00:00,136.2,136.36,134.81,135.69,34686.181
2025-11-29 19:00:00+00:00,135.71,136.26,135.4,135.69,21097.386
2025-11-29 20:00:00+00:00,135.68,136.32,135.33,136.22,17027.162
2025-11-29 21:00:00+00:00,136.24,136.53,135.76,136.47,17755.733
2025-11-29 22:00:00+00:00,136.46,136.47,135.42,135.82,17073.132
2025-11-29 23:00:00+00:00,135.84,136.21,135.5,135.93,18087.766
2025-11-30 00:00:00+00:00,135.93,136.45,135.74,135.96,18517.221
2025-11-30 01:00:00+00:00,135.96,136.61,135.88,136.31,17577.496
2025-11-30 02:00:00+00:00,136.32,136.82,135.86,135.93,20203.47
2025-11-30 03:00:00+00:00,135.94,136.49,135.25,136.42,24724.744
2025-11-30 04:00:00+00:00,136.42,136.95,136.21,136.38,18581.571
2025-11-30 05:00:00+00:00,136.34,136.35,135.55,135.78,16852.08
2025-11-30 06:00:00+00:00,135.78,136.48,135.51,136.32,17804.918
2025-11-30 07:00:00+00:00,136.32,136.72,136.2,136.52,15734.463
2025-11-30 08:00:00+00:00,136.52,137.06,136.11,136.8,23262.275
2025-11-30 09:00:00+00:00,136.81,137.1,136.45,136.81,24385.223
2025-11-30 10:00:00+00:00,136.81,136.96,136.52,136.68,17543.517
2025-11-30 11:00:00+00:00,136.68,136.89,136.23,136.43,16482.208
2025-11-30 12:00:00+00:00,136.45,137.7,136.18,137.57,23405.545
2025-11-30 13:00:00+00:00,137.57,140.18,137.33,139.24,61605.76
2025-11-30 14:00:00+00:00,139.26,139.47,138.15,138.51,34568.997
2025-11-30 15:00:00+00:00,138.5,138.54,137.5,138.33,25436.2
2025-11-30 16:00:00+00:00,138.35,139.82,138.3,139.51,22170.157
2025-11-30 17:00:00+00:00,139.52,139.52,138.34,138.46,23310.322
2025-11-30 18:00:00+00:00,138.47,138.65,137.84,138.63,15457.099
2025-11-30 19:00:00+00:00,138.63,138.68,137.4,137.63,18676.271
2025-11-30 20:00:00+00:00,137.64,137.94,136.87,137.28,18492.09
2025-11-30 21:00:00+00:00,137.27,137.4,136.61,137.04,18855.738
2025-11-30 22:00:00+00:00,137.06,137.89,137.01,137.76,14201.623
2025-11-30 23:00:00+00:00,137.74,137.79,133.27,133.46,50100.815
2025-12-01 00:00:00+00:00,133.47,133.73,127.51,127.57,122532.647
2025-12-01 01:00:00+00:00,127.56,129.32,127.47,127.96,43138.595
2025-12-01 02:00:00+00:00,127.96,128.67,127.47,127.57,42141.133
2025-12-01 03:00:00+00:00,127.58,127.58,126.54,126.99,40399.084
2025-12-01 04:00:00+00:00,126.97,127.04,126.17,126.37,31497.371
2025-12-01 05:00:00+00:00,126.37,126.57,125.81,126.11,42537.106
2025-12-01 06:00:00+00:00,126.11,126.84,126.01,126.69,33369.697
2025-12-01 07:00:00+00:00,126.73,127.46,126.32,127.43,55090.16
2025-12-01 08:00:00+00:00,127.42,127.82,126.99,127.73,36534.045
2025-12-01 09:00:00+00:00,127.67,128.02,126.9,127.03,33451.824
2025-12-01 10:00:00+00:00,127.03,127.57,126.97,127.25,20115.667
2025-12-01 11:00:00+00:00,127.27,127.39,126.9,127.13,24932.347
2025-12-01 12:00:00+00:00,127.13,127.19,125.43,126.59,42169.824
2025-12-01 13:00:00+00:00,126.58,127.74,126.14,126.46,39743.888
2025-12-01 14:00:00+00:00,126.51,127.07,125.54,126.12,29888.825
2025-12-01 15:00:00+00:00,126.12,126.33,123.12,125.12,63318.05
2025-12-01 16:00:00+00:00,125.12,125.36,123.38,123.55,38261.201
2025-12-01 17:00:00+00:00,123.55,124.99,123.53,124.45,30528.145
2025-12-01 18:00:00+00:00,124.45,125.32,123.75,124.5,31948.213
2025-12-01 19:00:00+00:00,124.52,124.6,123.28,123.86,33628.33
2025-12-01 20:00:00+00:00,123.83,125.36,123.82,124.46,29626.17
2025-12-01 21:00:00+00:00,124.42,126.4,124.23,126.09,43584.974
2025-12-01 22:00:00+00:00,126.09,127.41,125.86,126.82,43110.401
2025-12-01 23:00:00+00:00,126.82,127.38,126.54,126.66,52588.383
2025-12-02 00:00:00+00:00,126.65,127.56,126.46,127.35,37889.871
2025-12-02 01:00:00+00:00,127.35,128.54,126.79,127.0,32224.224
2025-12-02 02:00:00+00:00,127.01,128.14,126.61,126.96,30635.857
2025-12-02 03:00:00+00:00,126.97,127.7,126.03,127.26,35624.607
2025-12-02 04:00:00+00:00,127.25,127.85,126.87,126.89,24429.069
2025-12-02 05:00:00+00:00,126.9,127.1,126.47,126.71,25155.099
2025-12-02 06:00:00+00:00,126.71,127.87,126.44,127.69,49982.3
2025-12-02 07:00:00+00:00,127.68,127.72,127.0,127.27,28820.705
2025-12-02 08:00:00+00:00,127.27,127.33,126.0,126.15,36841.227
2025-12-02 09:00:00+00:00,126.16,127.22,126.13,126.77,50226.093
2025-12-02 10:00:00+00:00,126.75,128.84,126.71,128.31,31935.613
2025-12-02 11:00:00+00:00,128.3,128.54,127.82,128.31,32370.98
2025-12-02 12:00:00+00:00,128.31,129.03,128.19,128.86,36130.874
2025-12-02 13:00:00+00:00,128.88,131.01,128.45,130.6,63390.182
2025-12-02 14:00:00+00:00,130.62,133.45,130.36,132.99,61102.074
2025-12-02 15:00:00+00:00,132.96,140.0,132.95,137.82,137831.285
2025-12-02 16:00:00+00:00,137.85,139.71,137.37,139.37,74046.786
2025-12-02 17:00:00+00:00,139.37,140.92,139.25,139.47,63312.413
2025-12-02 18:00:00+00:00,139.47,140.3,139.36,139.84,36712.453
2025-12-02 19:00:00+00:00,139.84,140.64,139.76,140.27,34638.982
2025-12-02 20:00:00+00:00,140.26,140.38,138.21,138.75,34841.15
2025-12-02 21:00:00+00:00,138.72,139.31,138.36,139.11,23281.609
2025-12-02 22:00:00+00:00,139.11,139.98,138.88,139.89,23082.035
2025-12-02 23:00:00+00:00,139.92,139.93,138.4,138.68,36617.007
2025-12-03 00:00:00+00:00,138.68,138.96,137.75,138.15,39380.673
2025-12-03 01:00:00+00:00,138.18,139.24,137.89,138.87,37077.221
2025-12-03 02:00:00+00:00,138.86,140.32,138.8,140.04,63677.977
2025-12-03 03:00:00+00:00,140.05,140.66,139.79,140.34,49637.361
2025-12-03 04:00:00+00:00,140.33,142.5,140.18,142.28,56496.972
2025-12-03 05:00:00+00:00,142.27,143.25,142.16,143.06,50279.506
2025-12-03 06:00:00+00:00,143.06,144.25,142.38,142.48,69514.136
2025-12-03 07:00:00+00:00,142.47,142.58,141.84,141.88,36454.322
2025-12-03 08:00:00+00:00,141.88,142.67,141.47,142.14,33820.861
2025-12-03 09:00:00+00:00,142.14,142.44,141.55,142.1,37858.821
2025-12-03 10:00:00+00:00,142.1,142.29,141.2,141.3,28162.708
2025-12-03 11:00:00+00:00,141.31,141.79,140.77,141.75,38338.207
2025-12-03 12:00:00+00:00,141.75,142.09,141.1,141.92,38876.689
2025-12-03 13:00:00+00:00,141.92,142.47,141.51,141.86,44401.22
2025-12-03 14:00:00+00:00,141.88,143.53,138.8,140.95,86764.66
2025-12-03 15:00:00+00:00,140.99,142.11,140.15,141.01,39419.884
2025-12-03 16:00:00+00:00,141.01,141.89,139.91,140.7,46384.627
2025-12-03 17:00:00+00:00,140.7,142.07,140.48,141.81,47871.88
2025-12-03 18:00:00+00:00,141.81,142.37,140.66,141.17,55920.6
2025-12-03 19:00:00+00:00,141.16,141.6,141.02,141.27,33766.748
2025-12-03 20:00:00+00:00,141.28,142.28,140.74,141.68,29578.397
2025-12-03 21:00:00+00:00,141.72,146.1,141.63,145.51,31885.913
2025-12-03 22:00:00+00:00,145.53,145.94,143.12,144.54,39497.342
2025-12-03 23:00:00+00:00,144.57,145.62,144.47,144.66,46037.087
2025-12-04 00:00:00+00:00,144.67,145.39,143.66,145.03,42254.67
2025-12-04 01:00:00+00:00,145.04,146.91,144.13,144.18,26660.028
2025-12-04 02:00:00+00:00,144.19,146.1,143.99,145.61,20075.802
2025-12-04 03:00:00+00:00,145.59,145.62,144.34,144.66,20004.382
2025-12-04 04:00:00+00:00,144.67,144.91,143.73,144.17,22149.128
2025-12-04 05:00:00+00:00,144.17,144.24,142.97,143.26,33346.444
2025-12-04 06:00:00+00:00,143.27,144.29,143.12,143.97,41531.362
2025-12-04 07:00:00+00:00,143.97,144.04,142.64,143.46,35678.039
2025-12-04 08:00:00+00:00,143.47,144.06,142.74,142.9,37120.634
2025-12-04 09:00:00+00:00,142.93,144.21,142.9,143.9,36483.009
2025-12-04 10:00:00+00:00,143.92,144.18,143.3,143.35,21622.482
2025-12-04 11:00:00+00:00,143.33,143.51,142.7,143.05,24009.441
2025-12-04 12:00:00+00:00,143.05,143.49,142.4,142.87,19987.809
2025-12-04 13:00:00+00:00,142.9,143.17,141.8,142.24,31048.48
2025-12-04 14:00:00+00:00,142.23,143.34,141.45,141.83,27770.066
2025-12-04 15:00:00+00:00,141.8,144.24,141.8,143.21,28039.93
2025-12-04 16:00:00+00:00,143.19,143.84,142.25,142.63,19707.94
2025-12-04 17:00:00+00:00,142.62,142.82,141.11,142.14,17656.278
2025-12-04 18:00:00+00:00,142.16,142.23,140.32,140.74,15932.698
2025-12-04 19:00:00+00:00,140.75,140.85,137.8,139.67,29429.742
2025-12-04 20:00:00+00:00,139.66,140.5,139.19,140.37,13191.409
2025-12-04 21:00:00+00:00,140.36,140.43,138.54,138.73,18155.615
2025-12-04 22:00:00+00:00,138.73,139.78,138.73,139.38,15035.397
2025-12-04 23:00:00+00:00,139.39,139.42,138.71,139.0,16435.389
2025-12-05 00:00:00+00:00,139.01,139.74,138.92,139.26,23057.238
2025-12-05 01:00:00+00:00,139.25,140.21,139.15,139.8,19355.573
2025-12-05 02:00:00+00:00,139.81,140.16,139.23,139.81,17373.903
2025-12-05 03:00:00+00:00,139.81,140.16,138.31,138.56,21485.382
2025-12-05 04:00:00+00:00,138.56,139.15,138.06,138.52,17060.0
2025-12-05 05:00:00+00:00,138.53,138.75,137.78,138.06,19610.531
2025-12-05 06:00:00+00:00,138.06,139.0,138.04,138.9,23875.369
2025-12-05 07:00:00+00:00,138.9,140.75,138.78,139.67,35921.411
2025-12-05 08:00:00+00:00,139.68,139.68,137.8,138.2,34282.113
2025-12-05 09:00:00+00:00,138.21,138.27,136.3,136.36,32141.328
2025-12-05 10:00:00+00:00,136.35,137.98,136.16,137.71,20396.727
2025-12-05 11:00:00+00:00,137.73,138.08,136.86,137.0,19080.922
2025-12-05 12:00:00+00:00,137.02,137.12,136.4,136.67,21787.96
2025-12-05 13:00:00+00:00,136.66,137.05,135.79,135.95,20945.864
2025-12-05 14:00:00+00:00,135.96,136.3,134.41,134.75,21507.976
2025-12-05 15:00:00+00:00,134.72,137.2,134.63,135.06,22472.64
2025-12-05 16:00:00+00:00,135.05,135.2,131.19,132.2,26105.7
2025-12-05 17:00:00+00:00,132.21,132.71,131.13,132.17,15246.486
2025-12-05 18:00:00+00:00,132.16,133.03,131.16,131.36,19118.242
2025-12-05 19:00:00+00:00,131.36,132.99,130.79,132.49,16120.951
2025-12-05 20:00:00+00:00,132.49,132.9,131.97,132.52,16447.3
2025-12-05 21:00:00+00:00,132.57,133.14,132.0,132.4,19952.645
2025-12-05 22:00:00+00:00,132.42,132.85,132.12,132.71,14065.715
2025-12-05 23:00:00+00:00,132.71,133.37,132.26,133.29,15232.887
2025-12-06 00:00:00+00:00,133.3,133.7,132.8,133.46,16046.824
2025-12-06 01:00:00+00:00,133.46,133.83,133.21,133.51,18141.107
2025-12-06 02:00:00+00:00,133.51,133.51,132.87,133.44,14326.08
2025-12-06 03:00:00+00:00,133.45,134.13,133.33,133.73,22539.813
2025-12-06 04:00:00+00:00,133.74,133.75,133.0,133.2,18168.504
2025-12-06 05:00:00+00:00,133.21,133.42,132.9,133.08,13578.45
2025-12-06 06:00:00+00:00,133.09,133.23,132.8,132.96,10321.977
2025-12-06 07:00:00+00:00,132.96,133.19,132.56,132.7,14773.262
2025-12-06 08:00:00+00:00,132.73,132.88,131.87,131.98,19614.29
2025-12-06 09:00:00+00:00,131.98,132.81,131.98,132.52,20236.891
2025-12-06 10:00:00+00:00,132.52,132.98,132.4,132.71,14164.838
2025-12-06 11:00:00+00:00,132.7,133.28,132.68,133.21,14302.184
2025-12-06 12:00:00+00:00,133.21,133.21,132.63,132.65,12985.85
2025-12-06 13:00:00+00:00,132.66,133.27,132.6,132.96,10488.652
2025-12-06 14:00:00+00:00,132.96,133.99,132.83,133.71,28184.433
2025-12-06 15:00:00+00:00,133.72,133.78,132.24,132.88,33765.114
2025-12-06 16:00:00+00:00,132.88,133.55,132.79,133.08,25660.936
2025-12-06 17:00:00+00:00,133.08,133.38,132.69,132.96,20305.128
2025-12-06 18:00:00+00:00,132.97,133.2,132.62,132.81,17648.376
2025-12-06 19:00:00+00:00,132.81,132.98,131.78,132.07,25042.695
2025-12-06 20:00:00+00:00,132.07,132.62,132.06,132.5,17053.466
2025-12-06 21:00:00+00:00,132.49,132.93,132.24,132.41,26909.873
2025-12-06 22:00:00+00:00,132.41,132.63,131.79,132.17,21807.002
2025-12-06 23:00:00+00:00,132.17,132.35,131.23,132.19,22813.519
2025-12-07 00:00:00+00:00,132.2,132.71,131.91,132.37,19955.12
2025-12-07 01:00:00+00:00,132.38,132.79,132.31,132.31,11089.101
2025-12-07 02:00:00+00:00,132.33,133.46,132.3,133.27,16633.514
2025-12-07 03:00:00+00:00,133.27,133.58,133.01,133.49,16538.358
2025-12-07 04:00:00+00:00,133.5,133.53,132.86,133.01,15587.517
2025-12-07 05:00:00+00:00,133.02,133.23,132.67,132.82,12893.056
2025-12-07 06:00:00+00:00,132.83,133.22,132.75,133.12,10304.988
2025-12-07 07:00:00+00:00,133.09,133.14,131.93,132.1,22540.809
2025-12-07 08:00:00+00:00,132.09,132.57,131.7,131.9,26351.395
2025-12-07 09:00:00+00:00,131.91,132.11,131.55,131.89,27636.171
2025-12-07 10:00:00+00:00,131.89,132.52,131.71,132.27,20580.629
2025-12-07 11:00:00+00:00,132.27,132.52,132.15,132.44,14647.016
2025-12-07 12:00:00+00:00,132.44,133.06,132.37,132.89,19515.145
2025-12-07 13:00:00+00:00,132.9,133.0,131.5,131.73,33390.354
2025-12-07 14:00:00+00:00,131.72,131.83,127.71,128.18,78277.763
2025-12-07 15:00:00+00:00,128.16,132.2,128.06,132.02,53058.261
2025-12-07 16:00:00+00:00,132.02,132.02,130.49,131.98,26173.519
2025-12-07 17:00:00+00:00,131.99,135.55,131.3,134.81,39930.593
2025-12-07 18:00:00+00:00,134.8,136.27,134.8,136.05,21403.093
2025-12-07 19:00:00+00:00,136.07,136.15,135.2,135.71,18750.259
2025-12-07 20:00:00+00:00,135.73,136.36,135.64,136.21,17917.219
2025-12-07 21:00:00+00:00,136.19,136.19,132.48,133.11,27866.688
2025-12-07 22:00:00+00:00,133.08,133.08,129.79,131.27,21569.997
2025-12-07 23:00:00+00:00,131.24,132.41,130.61,132.26,30431.613
2025-12-08 00:00:00+00:00,132.28,132.77,131.5,131.62,35538.901
2025-12-08 01:00:00+00:00,131.63,134.48,131.51,133.39,45803.375
2025-12-08 02:00:00+00:00,133.39,134.2,133.15,134.04,28756.461
2025-12-08 03:00:00+00:00,134.04,134.7,133.76,134.31,29479.856
2025-12-08 04:00:00+00:00,134.31,135.19,134.06,135.05,22096.883
2025-12-08 05:00:00+00:00,135.06,135.44,134.58,135.19,22944.802
2025-12-08 06:00:00+00:00,135.19,135.99,134.7,135.74,31971.375
2025-12-08 07:00:00+00:00,135.74,135.99,134.91,135.85,53438.822
2025-12-08 08:00:00+00:00,135.86,136.95,135.66,136.71,44362.429
2025-12-08 09:00:00+00:00,136.7,138.89,136.69,138.15,60927.191
2025-12-08 10:00:00+00:00,138.17,139.35,138.06,138.75,50511.663
2025-12-08 11:00:00+00:00,138.76,139.13,138.13,138.36,51090.613
2025-12-08 12:00:00+00:00,138.37,138.59,137.27,137.83,57475.2
2025-12-08 13:00:00+00:00,137.86,139.3,137.56,138.15,56364.331
2025-12-08 14:00:00+00:00,138.15,139.0,136.91,137.2,57646.613
2025-12-08 15:00:00+00:00,137.25,137.58,135.25,135.55,60369.899
2025-12-08 16:00:00+00:00,135.53,136.54,134.88,135.58,40485.891
2025-12-08 17:00:00+00:00,135.61,136.29,134.78,135.8,39730.307
2025-12-08 18:00:00+00:00,135.84,136.26,133.03,133.62,21777.763
2025-12-08 19:00:00+00:00,133.59,134.67,133.5,133.65,6017.594
2025-12-08 20:00:00+00:00,133.65,134.94,133.45,134.1,14984.855
2025-12-08 21:00:00+00:00,134.09,134.58,133.23,134.48,18848.73
2025-12-08 22:00:00+00:00,134.48,134.54,133.38,133.6,15684.773
2025-12-08 23:00:00+00:00,133.59,133.81,132.43,133.26,40237.554
2025-12-09 00:00:00+00:00,133.26,133.61,132.59,133.0,36718.061
2025-12-09 01:00:00+00:00,133.02,133.34,132.6,133.12,33020.166
2025-12-09 02:00:00+00:00,133.13,133.65,132.77,132.78,34448.724
2025-12-09 03:00:00+00:00,132.8,134.39,132.49,134.16,41675.384
2025-12-09 04:00:00+00:00,134.17,134.27,132.35,132.66,39218.449
2025-12-09 05:00:00+00:00,132.62,133.03,131.76,132.1,38066.216
2025-12-09 06:00:00+00:00,132.13,132.77,131.98,132.63,33460.656
2025-12-09 07:00:00+00:00,132.63,133.29,132.37,133.18,30882.861
2025-12-09 08:00:00+00:00,133.22,133.42,132.66,133.12,27735.814
2025-12-09 09:00:00+00:00,133.13,133.13,132.31,132.36,26475.927
2025-12-09 10:00:00+00:00,132.35,132.87,132.02,132.74,24044.42
2025-12-09 11:00:00+00:00,132.75,133.02,132.45,132.94,18215.309
2025-12-09 12:00:00+00:00,132.95,133.58,132.73,133.11,30049.363
2025-12-09 13:00:00+00:00,133.11,133.3,132.03,132.41,39994.974
2025-12-09 14:00:00+00:00,132.42,132.85,131.62,132.52,38507.082
2025-12-09 15:00:00+00:00,132.52,138.47,132.41,138.44,88257.98
2025-12-09 16:00:00+00:00,138.45,144.61,138.44,143.66,116805.071
2025-12-09 17:00:00+00:00,143.67,144.91,142.51,143.1,90519.259
2025-12-09 18:00:00+00:00,143.14,143.26,141.65,142.49,44993.205
2025-12-09 19:00:00+00:00,142.49,142.85,141.7,142.1,45057.617
2025-12-09 20:00:00+00:00,142.1,142.34,139.65,140.14,45614.229
2025-12-09 21:00:00+00:00,140.15,140.46,136.73,137.75,46464.423
2025-12-09 22:00:00+00:00,137.8,139.44,137.45,138.77,30346.406
2025-12-09 23:00:00+00:00,138.75,138.8,137.68,137.86,38822.783
2025-12-10 00:00:00+00:00,137.87,138.33,137.19,137.29,29948.56
2025-12-10 01:00:00+00:00,137.32,138.47,137.19,137.86,50612.763
2025-12-10 02:00:00+00:00,137.81,138.12,137.21,137.75,31814.198
2025-12-10 03:00:00+00:00,137.76,138.61,137.56,138.17,39782.434
2025-12-10 04:00:00+00:00,138.16,140.23,138.05,139.06,48653.523
2025-12-10 05:00:00+00:00,139.02,139.59,138.65,139.15,35781.185
2025-12-10 06:00:00+00:00,139.17,139.45,138.73,139.22,32909.815
2025-12-10 07:00:00+00:00,139.21,139.23,138.38,139.21,35723.597
2025-12-10 08:00:00+00:00,139.21,139.44,138.43,138.5,33591.841
2025-12-10 09:00:00+00:00,138.5,139.11,138.14,138.99,40572.162
2025-12-10 10:00:00+00:00,138.96,139.83,136.81,136.97,56593.858
2025-12-10 11:00:00+00:00,136.97,137.51,136.34,137.22,29721.758
2025-12-10 12:00:00+00:00,137.24,138.16,136.81,137.9,19682.634
2025-12-10 13:00:00+00:00,137.89,138.16,137.47,137.7,35907.532
2025-12-10 14:00:00+00:00,137.69,137.75,136.52,137.22,43311.112
2025-12-10 15:00:00+00:00,137.18,137.65,135.73,136.17,50135.307
2025-12-10 16:00:00+00:00,136.17,137.47,135.73,136.13,45043.268
2025-12-10 17:00:00+00:00,136.14,137.16,135.91,136.84,24641.084
2025-12-10 18:00:00+00:00,136.81,139.5,136.41,137.77,33926.15
2025-12-10 19:00:00+00:00,137.74,139.63,136.22,138.67,81588.838
2025-12-10 20:00:00+00:00,138.71,142.58,137.44,138.33,57064.732
2025-12-10 21:00:00+00:00,138.31,138.86,136.79,137.16,20301.332
2025-12-10 22:00:00+00:00,137.18,137.84,135.39,137.61,19290.98
2025-12-10 23:00:00+00:00,137.58,137.84,136.13,136.25,29365.036
2025-12-11 00:00:00+00:00,136.26,136.43,133.46,133.86,50801.065
2025-12-11 01:00:00+00:00,133.82,134.2,132.66,132.87,35359.8
2025-12-11 02:00:00+00:00,132.87,132.94,130.55,130.78,58553.493
2025-12-11 03:00:00+00:00,130.79,130.79,129.04,129.39,58280.057
2025-12-11 04:00:00+00:00,129.39,131.54,129.07,131.05,43110.939
2025-12-11 05:00:00+00:00,131.05,131.29,130.48,131.21,38708.485
2025-12-11 06:00:00+00:00,131.21,131.44,130.39,131.05,40174.962
2025-12-11 07:00:00+00:00,131.05,131.36,130.66,131.04,40034.101
2025-12-11 08:00:00+00:00,131.03,131.12,130.2,131.11,41490.487
2025-12-11 09:00:00+00:00,131.1,131.4,130.83,130.95,55061.641
2025-12-11 10:00:00+00:00,130.95,131.12,130.52,130.82,40693.128
2025-12-11 11:00:00+00:00,130.82,131.22,130.75,130.91,44895.518
2025-12-11 12:00:00+00:00,130.92,131.87,130.72,131.23,53073.78
2025-12-11 13:00:00+00:00,131.25,131.52,130.89,131.33,38003.808
2025-12-11 14:00:00+00:00,131.32,131.53,129.86,130.67,30474.964
2025-12-11 15:00:00+00:00,130.65,132.81,130.33,131.2,21639.171
2025-12-11 16:00:00+00:00,131.18,131.99,130.14,131.35,14283.188
2025-12-11 17:00:00+00:00,131.32,132.58,130.82,132.34,14617.042
2025-12-11 18:00:00+00:00,132.35,135.56,132.02,134.46,27259.683
2025-12-11 19:00:00+00:00,134.48,135.48,133.6,133.92,19749.346
2025-12-11 20:00:00+00:00,133.9,136.96,133.84,136.04,14184.609
2025-12-11 21:00:00+00:00,136.11,137.78,136.1,137.02,24251.509
2025-12-11 22:00:00+00:00,137.03,137.49,135.84,136.14,18646.032
2025-12-11 23:00:00+00:00,136.15,136.77,135.67,136.41,35234.504
2025-12-12 00:00:00+00:00,136.41,137.48,135.34,135.49,42902.639
2025-12-12 01:00:00+00:00,135.56,137.23,135.56,136.73,48201.139
2025-12-12 02:00:00+00:00,136.73,137.94,136.53,137.2,26561.396
2025-12-12 03:00:00+00:00,137.21,137.44,136.57,137.1,24574.313
2025-12-12 04:00:00+00:00,137.07,137.2,136.78,137.06,24585.373
2025-12-12 05:00:00+00:00,137.06,138.94,136.56,138.9,41700.83
2025-12-12 06:00:00+00:00,138.9,140.15,138.74,139.15,56013.65
2025-12-12 07:00:00+00:00,139.15,139.42,138.8,139.09,39128.252
2025-12-12 08:00:00+00:00,139.08,139.15,137.55,137.94,56980.798
2025-12-12 09:00:00+00:00,137.93,138.48,137.23,138.25,64559.823
2025-12-12 10:00:00+00:00,138.23,138.58,137.96,138.37,48641.06
2025-12-12 11:00:00+00:00,138.37,138.77,137.87,138.73,37147.71
2025-12-12 12:00:00+00:00,138.72,139.86,138.34,139.64,25395.167
2025-12-12 13:00:00+00:00,139.63,139.63,138.73,138.98,28865.157
2025-12-12 14:00:00+00:00,138.99,139.57,138.1,138.51,28616.804
2025-12-12 15:00:00+00:00,138.48,138.52,132.87,133.51,54630.702
2025-12-12 16:00:00+00:00,133.46,133.94,131.54,132.2,37487.008
2025-12-12 17:00:00+00:00,132.2,133.58,131.37,132.15,26158.615
2025-12-12 18:00:00+00:00,132.19,133.25,131.47,132.73,21346.688
2025-12-12 19:00:00+00:00,132.75,132.8,130.34,131.27,19866.273
2025-12-12 20:00:00+00:00,131.28,131.91,130.99,131.58,19233.873
2025-12-12 21:00:00+00:00,131.57,132.07,131.25,131.85,21086.477
2025-12-12 22:00:00+00:00,131.85,132.85,131.8,132.74,19706.774
2025-12-12 23:00:00+00:00,132.75,133.04,132.2,132.27,25610.609
2025-12-13 00:00:00+00:00,132.28,132.74,132.28,132.62,24269.046
2025-12-13 01:00:00+00:00,132.64,132.99,132.38,132.64,26602.668
2025-12-13 02:00:00+00:00,132.66,133.0,132.58,132.6,25930.308
2025-12-13 03:00:00+00:00,132.63,133.01,132.55,132.86,16176.459
2025-12-13 04:00:00+00:00,132.87,132.93,132.58,132.86,14908.59
2025-12-13 05:00:00+00:00,132.86,132.99,132.35,132.66,20154.125
2025-12-13 06:00:00+00:00,132.67,132.96,132.41,132.88,14431.777
2025-12-13 07:00:00+00:00,132.88,133.02,132.78,132.94,18225.618
2025-12-13 08:00:00+00:00,132.95,134.19,132.95,134.0,37757.283
2025-12-13 09:00:00+00:00,134.0,134.26,133.53,133.58,28145.95
2025-12-13 10:00:00+00:00,133.58,134.26,133.47,133.96,24160.862
2025-12-13 11:00:00+00:00,133.97,134.06,133.21,133.31,25744.195
2025-12-13 12:00:00+00:00,133.32,133.68,132.63,132.97,26527.118
2025-12-13 13:00:00+00:00,132.97,133.36,132.63,133.13,24640.729
2025-12-13 14:00:00+00:00,133.14,133.42,132.61,133.19,19832.401
2025-12-13 15:00:00+00:00,133.19,133.68,133.09,133.26,27754.206
2025-12-13 16:00:00+00:00,133.27,133.81,132.88,133.2,19165.743
2025-12-13 17:00:00+00:00,133.18,133.21,132.15,132.22,28474.387
2025-12-13 18:00:00+00:00,132.22,132.79,132.14,132.33,23143.308
2025-12-13 19:00:00+00:00,132.33,132.96,132.31,132.74,19997.495
2025-12-13 20:00:00+00:00,132.75,132.98,132.23,132.31,11665.223
2025-12-13 21:00:00+00:00,132.28,132.73,131.63,132.69,25058.115
2025-12-13 22:00:00+00:00,132.7,133.05,132.21,132.83,20630.203
2025-12-13 23:00:00+00:00,132.83,133.26,132.6,133.14,22947.454
2025-12-14 00:00:00+00:00,133.14,133.66,132.71,133.26,26001.545
2025-12-14 01:00:00+00:00,133.27,133.55,133.02,133.3,14891.721
2025-12-14 02:00:00+00:00,133.31,133.54,133.08,133.35,11514.8
2025-12-14 03:00:00+00:00,133.35,133.47,132.83,132.94,13724.855
2025-12-14 04:00:00+00:00,132.95,133.19,132.43,132.5,17398.609
2025-12-14 05:00:00+00:00,132.49,132.7,132.1,132.67,23967.539
2025-12-14 06:00:00+00:00,132.68,133.04,132.49,132.92,15692.171
2025-12-14 07:00:00+00:00,132.94,133.38,132.83,133.26,16227.086
2025-12-14 08:00:00+00:00,133.26,133.5,132.67,132.68,25034.492
2025-12-14 09:00:00+00:00,132.69,132.8,132.34,132.35,23048.062
2025-12-14 10:00:00+00:00,132.35,132.61,130.99,131.79,67172.741
2025-12-14 11:00:00+00:00,131.79,131.98,130.13,131.47,35376.088
2025-12-14 12:00:00+00:00,131.47,131.9,130.89,131.37,35185.873
2025-12-14 13:00:00+00:00,131.38,131.64,130.94,131.64,24956.615
2025-12-14 14:00:00+00:00,131.64,131.79,130.41,130.89,25798.446
2025-12-14 15:00:00+00:00,130.89,131.06,130.31,130.67,28963.129
2025-12-14 16:00:00+00:00,130.68,131.6,130.5,131.01,27039.242
2025-12-14 17:00:00+00:00,131.01,131.21,129.4,130.03,38945.72
2025-12-14 18:00:00+00:00,130.05,130.73,129.9,130.65,19887.012
2025-12-14 19:00:00+00:00,130.61,130.64,130.0,130.32,17714.357
2025-12-14 20:00:00+00:00,130.32,130.73,129.87,130.05,21365.101
2025-12-14 21:00:00+00:00,130.03,130.34,129.58,129.88,19015.136
2025-12-14 22:00:00+00:00,129.9,130.29,129.6,130.2,17543.369
2025-12-14 23:00:00+00:00,130.26,130.81,127.95,129.37,42961.976
2025-12-15 00:00:00+00:00,129.39,130.37,129.3,130.13,26080.575
2025-12-15 01:00:00+00:00,130.14,131.62,129.83,131.17,23455.853
2025-12-15 02:00:00+00:00,131.18,133.24,131.18,131.52,30911.253
2025-12-15 03:00:00+00:00,131.53,131.7,130.94,131.16,24193.118
2025-12-15 04:00:00+00:00,131.18,132.02,130.89,131.79,20773.384
2025-12-15 05:00:00+00:00,131.84,132.14,131.69,131.98,20046.523
2025-12-15 06:00:00+00:00,131.99,132.69,131.7,132.4,21173.654
2025-12-15 07:00:00+00:00,132.41,132.65,131.82,132.34,23179.314
2025-12-15 08:00:00+00:00,132.35,132.7,132.12,132.39,20875.562
2025-12-15 09:00:00+00:00,132.39,133.0,132.13,132.74,22096.163
2025-12-15 10:00:00+00:00,132.74,133.03,132.32,132.63,20301.94
2025-12-15 11:00:00+00:00,132.64,132.81,132.07,132.27,20388.133
2025-12-15 12:00:00+00:00,132.28,133.14,131.8,132.77,29888.74
2025-12-15 13:00:00+00:00,132.77,133.29,131.73,132.69,41364.172
2025-12-15 14:00:00+00:00,132.69,135.43,129.6,130.48,65581.381
2025-12-15 15:00:00+00:00,130.46,130.6,126.43,126.88,77362.905
2025-12-15 16:00:00+00:00,126.88,127.28,125.57,126.5,38897.633
2025-12-15 17:00:00+00:00,126.46,126.77,124.54,124.94,31511.276
2025-12-15 18:00:00+00:00,124.93,125.29,123.65,124.88,27158.94
2025-12-15 19:00:00+00:00,124.9,125.85,124.7,125.01,28115.361
2025-12-15 20:00:00+00:00,125.03,125.63,123.9,124.99,20950.647
2025-12-15 21:00:00+00:00,125.03,126.45,124.98,125.84,20364.045
2025-12-15 22:00:00+00:00,125.86,126.43,125.62,126.38,17172.916
2025-12-15 23:00:00+00:00,126.38,127.86,126.31,127.82,24059.493
2025-12-16 00:00:00+00:00,127.82,128.04,126.15,126.2,27091.938
2025-12-16 01:00:00+00:00,126.2,126.86,125.54,126.38,24089.56
2025-12-16 02:00:00+00:00,126.39,127.31,125.95,126.76,15339.513
2025-12-16 03:00:00+00:00,126.77,126.95,124.94,126.51,16876.32
2025-12-16 04:00:00+00:00,126.54,126.8,124.9,126.13,16207.949
2025-12-16 05:00:00+00:00,126.14,126.68,125.94,126.39,13205.604
2025-12-16 06:00:00+00:00,126.4,127.46,126.3,127.35,15065.282
2025-12-16 07:00:00+00:00,127.38,127.4,125.55,125.56,17051.866
2025-12-16 08:00:00+00:00,125.58,126.62,125.44,125.98,15805.761
2025-12-16 09:00:00+00:00,125.98,126.51,125.91,126.31,14615.08
2025-12-16 10:00:00+00:00,126.34,128.87,126.15,128.46,15737.234
2025-12-16 11:00:00+00:00,128.49,129.04,127.95,128.63,21211.09
2025-12-16 12:00:00+00:00,128.63,128.99,128.24,128.64,14038.356
2025-12-16 13:00:00+00:00,128.63,129.87,126.76,126.76,28840.87
2025-12-16 14:00:00+00:00,126.77,129.79,126.13,128.59,26183.076
2025-12-16 15:00:00+00:00,128.57,130.13,127.28,129.74,16156.513
2025-12-16 16:00:00+00:00,129.76,129.86,127.78,128.33,12929.095
2025-12-16 17:00:00+00:00,128.36,128.58,127.14,127.27,13017.404
2025-12-16 18:00:00+00:00,127.28,128.59,126.95,128.03,13040.35
2025-12-16 19:00:00+00:00,128.02,128.11,126.78,127.74,12411.802
2025-12-16 20:00:00+00:00,127.73,128.92,127.46,128.42,15144.31
2025-12-16 21:00:00+00:00,128.43,128.73,128.0,128.52,11676.52
2025-12-16 22:00:00+00:00,128.48,129.01,128.26,128.61,14507.865
2025-12-16 23:00:00+00:00,128.63,129.52,128.15,129.12,21200.717
2025-12-17 00:00:00+00:00,129.17,129.17,128.27,128.92,18694.672
2025-12-17 01:00:00+00:00,128.93,129.82,128.76,129.18,20576.207
2025-12-17 02:00:00+00:00,129.17,129.51,128.45,129.3,19505.803
2025-12-17 03:00:00+00:00,129.3,129.65,128.22,128.25,23115.053
2025-12-17 04:00:00+00:00,128.27,128.46,127.44,127.87,21278.432
2025-12-17 05:00:00+00:00,127.87,128.1,127.03,127.63,23372.025
2025-12-17 06:00:00+00:00,127.63,128.01,127.57,127.76,14202.379
2025-12-17 07:00:00+00:00,127.79,128.59,127.66,128.27,16941.917
2025-12-17 08:00:00+00:00,128.28,128.28,126.81,126.92,22538.89
2025-12-17 09:00:00+00:00,126.93,127.04,126.0,126.76,26618.624
2025-12-17 10:00:00+00:00,126.76,126.96,126.3,126.6,24811.518
2025-12-17 11:00:00+00:00,126.59,127.93,126.52,127.61,24011.341
2025-12-17 12:00:00+00:00,127.62,128.16,127.36,127.95,25836.34
2025-12-17 13:00:00+00:00,127.95,129.46,127.56,129.21,28122.921
2025-12-17 14:00:00+00:00,129.22,132.65,127.0,132.63,51631.052
2025-12-17 15:00:00+00:00,132.62,134.0,126.59,126.78,80354.17
2025-12-17 16:00:00+00:00,126.75,127.98,123.81,124.92,52269.223
2025-12-17 17:00:00+00:00,124.91,125.19,122.59,123.06,58960.201
2025-12-17 18:00:00+00:00,123.1,123.99,121.72,122.09,32593.99
2025-12-17 19:00:00+00:00,122.11,122.5,121.38,122.4,26946.947
2025-12-17 20:00:00+00:00,122.4,123.77,122.02,123.04,23730.611
2025-12-17 21:00:00+00:00,122.98,123.12,121.98,122.43,19836.95
2025-12-17 22:00:00+00:00,122.42,123.55,122.09,123.5,18480.518
2025-12-17 23:00:00+00:00,123.5,123.53,122.79,123.25,20380.525
2025-12-18 00:00:00+00:00,123.26,123.78,123.02,123.67,18070.793
2025-12-18 01:00:00+00:00,123.69,123.79,122.99,123.4,18702.246
2025-12-18 02:00:00+00:00,123.4,124.15,123.11,123.72,20904.535
2025-12-18 03:00:00+00:00,123.73,123.97,123.04,123.66,20781.174
2025-12-18 04:00:00+00:00,123.66,124.15,123.59,123.67,21594.646
2025-12-18 05:00:00+00:00,123.66,123.66,122.35,122.42,25394.764
2025-12-18 06:00:00+00:00,122.42,122.87,122.23,122.8,17468.534
2025-12-18 07:00:00+00:00,122.8,123.39,122.44,122.83,22287.923
2025-12-18 08:00:00+00:00,122.84,123.42,122.45,123.03,22624.181
2025-12-18 09:00:00+00:00,123.03,123.9,122.67,123.68,19537.687
2025-12-18 10:00:00+00:00,123.69,124.15,123.36,123.92,23686.763
2025-12-18 11:00:00+00:00,123.94,124.06,123.22,124.06,26499.595
2025-12-18 12:00:00+00:00,124.07,124.52,123.65,123.95,22992.347
2025-12-18 13:00:00+00:00,123.95,126.87,123.95,126.4,59819.819
2025-12-18 14:00:00+00:00,126.4,127.92,124.77,125.88,51013.019
2025-12-18 15:00:00+00:00,125.89,129.03,125.61,127.41,54019.259
2025-12-18 16:00:00+00:00,127.41,127.48,126.1,126.86,23655.4
2025-12-18 17:00:00+00:00,126.86,126.89,120.59,122.99,75061.761
2025-12-18 18:00:00+00:00,122.99,123.94,121.15,121.53,58607.974
2025-12-18 19:00:00+00:00,121.53,121.64,117.43,117.58,70567.147
2025-12-18 20:00:00+00:00,117.55,119.0,116.88,117.19,32403.201
2025-12-18 21:00:00+00:00,117.18,120.2,117.1,120.08,40357.071
2025-12-18 22:00:00+00:00,120.12,120.12,119.2,119.79,22311.715
2025-12-18 23:00:00+00:00,119.8,119.98,119.29,119.59,21604.526
2025-12-19 00:00:00+00:00,119.62,119.87,117.9,118.43,26059.949
2025-12-19 01:00:00+00:00,118.43,118.57,117.62,118.39,22052.304
2025-12-19 02:00:00+00:00,118.37,119.21,117.92,118.96,22025.82
2025-12-19 03:00:00+00:00,118.98,122.5,118.92,121.6,43241.859
2025-12-19 04:00:00+00:00,121.58,123.05,121.37,122.83,20560.208
2025-12-19 05:00:00+00:00,122.85,123.37,121.97,122.62,24976.564
2025-12-19 06:00:00+00:00,122.62,123.69,122.22,123.45,15607.731
2025-12-19 07:00:00+00:00,123.45,125.34,123.45,124.44,26425.532
2025-12-19 08:00:00+00:00,124.45,125.63,123.86,124.99,18051.526
2025-12-19 09:00:00+00:00,124.96,125.06,124.38,124.73,16424.259
2025-12-19 10:00:00+00:00,124.74,125.05,124.53,124.76,16128.766
2025-12-19 11:00:00+00:00,124.76,125.75,124.69,125.37,20175.503
2025-12-19 12:00:00+00:00,125.38,126.18,124.93,125.79,25776.885
2025-12-19 13:00:00+00:00,125.82,126.52,125.62,125.91,27059.819
2025-12-19 14:00:00+00:00,125.91,126.89,124.69,126.02,43638.077
2025-12-19 15:00:00+00:00,126.04,127.63,124.78,125.06,27371.635
2025-12-19 16:00:00+00:00,125.06,126.96,124.83,125.29,19809.331
2025-12-19 17:00:00+00:00,125.32,126.13,123.64,123.64,26015.369
2025-12-19 18:00:00+00:00,123.69,125.38,123.6,124.8,18456.03
2025-12-19 19:00:00+00:00,124.8,126.65,124.8,126.28,17150.651
2025-12-19 20:00:00+00:00,126.26,127.86,126.08,127.19,19615.645
2025-12-19 21:00:00+00:00,127.16,127.37,126.49,126.79,17183.81
2025-12-19 22:00:00+00:00,126.83,127.34,126.78,126.88,13653.046
2025-12-19 23:00:00+00:00,126.87,126.87,126.13,126.26,13250.635
2025-12-20 00:00:00+00:00,126.28,126.35,125.61,125.8,15158.726
2025-12-20 01:00:00+00:00,125.79,126.02,125.54,125.58,17541.404
2025-12-20 02:00:00+00:00,125.58,126.18,125.3,125.84,19243.012
2025-12-20 03:00:00+00:00,125.85,126.49,125.53,126.2,20172.479
2025-12-20 04:00:00+00:00,126.22,126.42,125.85,126.26,19287.149
2025-12-20 05:00:00+00:00,126.27,126.66,126.09,126.38,22477.228
2025-12-20 06:00:00+00:00,126.38,126.66,126.24,126.29,11302.92
2025-12-20 07:00:00+00:00,126.3,126.37,125.94,126.17,13885.678
2025-12-20 08:00:00+00:00,126.17,126.89,126.13,126.49,20455.463
2025-12-20 09:00:00+00:00,126.46,126.75,126.24,126.27,16890.371
2025-12-20 10:00:00+00:00,126.27,126.39,126.02,126.04,19891.922
2025-12-20 11:00:00+00:00,126.04,126.51,125.87,126.47,19452.239
2025-12-20 12:00:00+00:00,126.48,126.48,126.08,126.28,16295.592
2025-12-20 13:00:00+00:00,126.29,126.38,125.44,126.12,30139.395
2025-12-20 14:00:00+00:00,126.13,126.4,125.58,126.36,24387.396
2025-12-20 15:00:00+00:00,126.37,126.66,125.99,126.55,23077.607
2025-12-20 16:00:00+00:00,126.59,126.7,126.12,126.29,20085.9
2025-12-20 17:00:00+00:00,126.3,126.46,125.99,126.01,33818.498
2025-12-20 18:00:00+00:00,126.01,126.14,125.74,126.02,25818.258
2025-12-20 19:00:00+00:00,126.03,126.2,125.79,126.06,18010.921
2025-12-20 20:00:00+00:00,126.06,126.45,125.92,126.43,16557.907
2025-12-20 21:00:00+00:00,126.44,126.54,126.24,126.34,20522.174
2025-12-20 22:00:00+00:00,126.34,126.38,125.77,126.07,17398.698
2025-12-20 23:00:00+00:00,126.03,126.07,125.62,125.81,21338.717
2025-12-21 00:00:00+00:00,125.81,126.11,125.71,126.04,26637.791
2025-12-21 01:00:00+00:00,126.02,126.03,125.09,125.11,31040.713
2025-12-21 02:00:00+00:00,125.12,125.36,124.68,124.89,32976.167
2025-12-21 03:00:00+00:00,124.9,125.55,124.86,125.23,24077.754
2025-12-21 04:00:00+00:00,125.23,125.45,125.14,125.19,23744.881
2025-12-21 05:00:00+00:00,125.19,125.48,125.08,125.29,19460.439
2025-12-21 06:00:00+00:00,125.29,125.5,125.16,125.41,12463.571
2025-12-21 07:00:00+00:00,125.41,125.54,125.22,125.3,17079.819
2025-12-21 08:00:00+00:00,125.31,125.91,124.8,125.58,34731.96
2025-12-21 09:00:00+00:00,125.58,126.58,125.48,126.26,36019.156
2025-12-21 10:00:00+00:00,126.28,126.64,125.6,125.83,32122.175
2025-12-21 11:00:00+00:00,125.84,125.87,125.35,125.5,23261.022
2025-12-21 12:00:00+00:00,125.5,126.07,125.11,125.56,21503.558
2025-12-21 13:00:00+00:00,125.57,125.6,123.43,123.64,36036.504
2025-12-21 14:00:00+00:00,123.64,124.7,123.52,124.42,32776.214
2025-12-21 15:00:00+00:00,124.42,125.26,123.96,125.05,32380.479
2025-12-21 16:00:00+00:00,125.05,125.6,124.8,125.47,23588.345
2025-12-21 17:00:00+00:00,125.48,126.33,125.38,125.49,23333.258
2025-12-21 18:00:00+00:00,125.47,125.47,124.37,125.14,19937.316
2025-12-21 19:00:00+00:00,125.15,125.87,125.07,125.67,19367.13
2025-12-21 20:00:00+00:00,125.67,125.78,125.32,125.35,12620.212
2025-12-21 21:00:00+00:00,125.36,125.38,124.69,124.88,18903.295
2025-12-21 22:00:00+00:00,124.88,125.89,124.77,125.8,17900.525
2025-12-21 23:00:00+00:00,125.85,126.31,125.51,126.02,23002.969
2025-12-22 00:00:00+00:00,126.03,128.53,125.98,126.3,34242.198
2025-12-22 01:00:00+00:00,126.26,127.35,125.81,126.05,27932.498
2025-12-22 02:00:00+00:00,126.03,126.06,124.54,125.25,33069.204
2025-12-22 03:00:00+00:00,125.25,126.51,124.93,126.03,25257.882
2025-12-22 04:00:00+00:00,126.03,126.73,125.85,126.54,20693.66
2025-12-22 05:00:00+00:00,126.54,126.7,126.08,126.33,17770.522
2025-12-22 06:00:00+00:00,126.33,126.56,125.77,125.77,21866.475
2025-12-22 07:00:00+00:00,125.76,126.51,125.54,126.31,32047.482
2025-12-22 08:00:00+00:00,126.3,127.36,125.56,125.63,43768.715
2025-12-22 09:00:00+00:00,125.64,126.37,125.5,126.24,34270.979
2025-12-22 10:00:00+00:00,126.24,126.91,125.89,126.7,26539.623
2025-12-22 11:00:00+00:00,126.7,127.46,126.38,127.01,31853.064
2025-12-22 12:00:00+00:00,127.0,127.72,126.68,126.97,27115.981
2025-12-22 13:00:00+00:00,126.98,127.12,126.33,127.03,31744.44
2025-12-22 14:00:00+00:00,127.03,128.25,126.51,127.83,37027.838
2025-12-22 15:00:00+00:00,127.83,128.75,126.45,128.08,36610.628
2025-12-22 16:00:00+00:00,128.1,128.37,127.14,127.26,26919.814
2025-12-22 17:00:00+00:00,127.25,127.31,126.47,126.92,28449.845
2025-12-22 18:00:00+00:00,126.92,127.5,126.34,126.51,29882.631
2025-12-22 19:00:00+00:00,126.5,126.52,124.64,124.65,48369.982
2025-12-22 20:00:00+00:00,124.67,125.29,124.2,124.46,44009.307
2025-12-22 21:00:00+00:00,124.43,125.6,124.37,125.19,37780.803
2025-12-22 22:00:00+00:00,125.16,126.07,125.01,125.87,27112.971
2025-12-22 23:00:00+00:00,125.88,125.97,125.46,125.93,26425.86
2025-12-23 00:00:00+00:00,125.95,126.92,125.79,126.72,27398.147
2025-12-23 01:00:00+00:00,126.72,126.81,125.94,126.19,29914.423
2025-12-23 02:00:00+00:00,126.2,126.6,125.48,125.65,43154.185
2025-12-23 03:00:00+00:00,125.65,126.15,124.91,125.66,52201.032
2025-12-23 04:00:00+00:00,125.64,126.08,125.42,125.43,25002.214
2025-12-23 05:00:00+00:00,125.44,125.53,124.59,125.0,27436.059
2025-12-23 06:00:00+00:00,124.99,125.34,124.15,124.35,43802.664
2025-12-23 07:00:00+00:00,124.35,124.64,123.77,124.21,42043.211
2025-12-23 08:00:00+00:00,124.2,124.65,124.03,124.19,24653.261
2025-12-23 09:00:00+00:00,124.19,124.39,123.94,124.17,23238.345
2025-12-23 10:00:00+00:00,124.17,124.88,124.12,124.85,24407.629
2025-12-23 11:00:00+00:00,124.84,125.23,124.73,124.86,25157.237
2025-12-23 12:00:00+00:00,124.87,124.93,123.96,124.17,26803.539
2025-12-23 13:00:00+00:00,124.16,124.65,122.91,123.34,45835.661
2025-12-23 14:00:00+00:00,123.34,123.74,122.18,122.69,37884.039
2025-12-23 15:00:00+00:00,122.67,123.5,122.39,123.36,28972.542
2025-12-23 16:00:00+00:00,123.37,124.93,123.03,124.63,30724.181
2025-12-23 17:00:00+00:00,124.62,124.84,122.79,122.84,31103.152
2025-12-23 18:00:00+00:00,122.85,124.17,122.85,123.98,22261.064
2025-12-23 19:00:00+00:00,124.0,124.54,123.48,123.98,15667.066
2025-12-23 20:00:00+00:00,123.98,125.6,123.47,124.7,22785.274
2025-12-23 21:00:00+00:00,124.73,124.75,123.95,124.27,20839.823
2025-12-23 22:00:00+00:00,124.28,124.48,123.6,123.86,17331.602
2025-12-23 23:00:00+00:00,123.89,124.17,123.46,124.01,23616.111
2025-12-24 00:00:00+00:00,124.03,124.3,123.6,123.89,24002.25
2025-12-24 01:00:00+00:00,123.89,124.21,122.95,123.11,25800.529
2025-12-24 02:00:00+00:00,123.12,123.16,121.8,122.33,25421.149
2025-12-24 03:00:00+00:00,122.3,122.82,121.77,122.72,21579.578
2025-12-24 04:00:00+00:00,122.72,123.06,121.52,121.65,25067.818
2025-12-24 05:00:00+00:00,121.64,122.02,121.13,121.46,26950.34
2025-12-24 06:00:00+00:00,121.46,121.59,120.62,121.58,23604.083
2025-12-24 07:00:00+00:00,121.59,121.87,121.3,121.31,19414.72
2025-12-24 08:00:00+00:00,121.33,121.68,121.12,121.4,26031.747
2025-12-24 09:00:00+00:00,121.42,121.74,121.29,121.43,24863.82
2025-12-24 10:00:00+00:00,121.42,122.23,121.38,121.76,23098.953
2025-12-24 11:00:00+00:00,121.76,122.22,121.76,122.05,26377.311
2025-12-24 12:00:00+00:00,122.06,122.55,121.94,122.45,18195.503
2025-12-24 13:00:00+00:00,122.46,122.46,121.73,121.96,21525.297
2025-12-24 14:00:00+00:00,121.96,122.3,120.69,121.5,21206.853
2025-12-24 15:00:00+00:00,121.51,122.94,121.31,122.76,23664.629
2025-12-24 16:00:00+00:00,122.74,123.46,122.42,122.72,21486.008
2025-12-24 17:00:00+00:00,122.72,122.98,121.99,122.04,20957.143
2025-12-24 18:00:00+00:00,122.05,122.7,121.79,122.48,17180.166
2025-12-24 19:00:00+00:00,122.48,122.87,122.01,122.85,19807.277
2025-12-24 20:00:00+00:00,122.87,123.12,122.59,122.66,20519.433
2025-12-24 21:00:00+00:00,122.67,123.08,122.62,122.99,16128.466
2025-12-24 22:00:00+00:00,123.0,123.4,122.94,123.29,18018.964
2025-12-24 23:00:00+00:00,123.3,123.34,122.46,122.52,16248.542
2025-12-25 00:00:00+00:00,122.53,122.7,122.09,122.17,17163.114
2025-12-25 01:00:00+00:00,122.19,122.78,122.15,122.75,14856.487
2025-12-25 02:00:00+00:00,122.75,123.15,122.46,123.05,12292.63
2025-12-25 03:00:00+00:00,123.05,123.13,122.55,122.69,15737.295
2025-12-25 04:00:00+00:00,122.69,122.85,122.6,122.77,8885.734
2025-12-25 05:00:00+00:00,122.77,122.77,122.21,122.37,14887.279
2025-12-25 06:00:00+00:00,122.37,122.53,122.19,122.48,18855.574
2025-12-25 07:00:00+00:00,122.48,122.48,122.1,122.3,18418.863
2025-12-25 08:00:00+00:00,122.3,122.67,121.65,122.12,25009.299
2025-12-25 09:00:00+00:00,122.12,122.2,121.82,122.11,16373.507
2025-12-25 10:00:00+00:00,122.12,122.12,121.31,121.56,23352.806
2025-12-25 11:00:00+00:00,121.57,121.86,121.54,121.66,15928.827
2025-12-25 12:00:00+00:00,121.67,122.05,121.6,122.05,12438.937
2025-12-25 13:00:00+00:00,122.05,122.35,121.69,122.07,20475.405
2025-12-25 14:00:00+00:00,122.06,122.33,121.78,122.12,19041.331
2025-12-25 15:00:00+00:00,122.12,124.08,121.88,123.61,34991.904
2025-12-25 16:00:00+00:00,123.67,124.44,123.34,123.51,34037.243
2025-12-25 17:00:00+00:00,123.51,123.61,122.8,123.07,31886.419
2025-12-25 18:00:00+00:00,123.08,124.17,123.08,124.0,30435.107
2025-12-25 19:00:00+00:00,124.01,124.06,123.34,123.48,13148.113
2025-12-25 20:00:00+00:00,123.48,123.5,122.96,123.3,14017.395
2025-12-25 21:00:00+00:00,123.3,123.52,123.11,123.22,15171.731
2025-12-25 22:00:00+00:00,123.22,123.43,121.37,121.83,23428.209
2025-12-25 23:00:00+00:00,121.83,122.13,119.73,120.07,45670.333
2025-12-26 00:00:00+00:00,120.06,120.33,119.27,120.33,29584.616
2025-12-26 01:00:00+00:00,120.33,121.18,120.21,120.81,25235.32
2025-12-26 02:00:00+00:00,120.82,124.38,120.81,123.45,55470.543
2025-12-26 03:00:00+00:00,123.45,123.73,122.46,122.68,33815.704
2025-12-26 04:00:00+00:00,122.68,123.0,121.81,122.84,20469.05
2025-12-26 05:00:00+00:00,122.85,123.48,122.67,123.29,20632.545
2025-12-26 06:00:00+00:00,123.32,123.77,123.32,123.48,20132.759
2025-12-26 07:00:00+00:00,123.51,123.99,122.59,122.72,30378.763
2025-12-26 08:00:00+00:00,122.72,123.13,122.3,122.69,26717.737
2025-12-26 09:00:00+00:00,122.69,124.19,122.54,123.68,29335.138
2025-12-26 10:00:00+00:00,123.69,123.91,123.46,123.75,14613.678
2025-12-26 11:00:00+00:00,123.75,123.9,123.35,123.83,15337.595
2025-12-26 12:00:00+00:00,123.83,124.19,123.76,123.97,18550.575
2025-12-26 13:00:00+00:00,123.97,125.11,123.89,124.9,25669.017
2025-12-26 14:00:00+00:00,124.93,124.98,122.07,122.25,28119.252
2025-12-26 15:00:00+00:00,122.22,122.22,120.46,121.55,37863.436
2025-12-26 16:00:00+00:00,121.58,122.25,121.19,121.25,18478.774
2025-12-26 17:00:00+00:00,121.26,122.4,121.26,121.87,16129.688
2025-12-26 18:00:00+00:00,121.86,122.23,121.73,122.08,11967.028
2025-12-26 19:00:00+00:00,122.08,122.4,121.75,122.17,14051.585
2025-12-26 20:00:00+00:00,122.18,122.66,121.91,122.42,20203.406
2025-12-26 21:00:00+00:00,122.42,122.62,122.07,122.07,15382.515
2025-12-26 22:00:00+00:00,122.07,122.43,121.83,122.43,12782.983
2025-12-26 23:00:00+00:00,122.44,122.56,122.18,122.28,12904.095
2025-12-27 00:00:00+00:00,122.29,122.38,121.94,122.12,20153.296
2025-12-27 01:00:00+00:00,122.12,122.36,121.87,122.34,17493.293
2025-12-27 02:00:00+00:00,122.34,122.45,122.15,122.34,10984.3
2025-12-27 03:00:00+00:00,122.33,123.8,122.3,123.66,35019.071
2025-12-27 04:00:00+00:00,123.67,123.74,122.91,122.99,10967.011
2025-12-27 05:00:00+00:00,122.99,123.29,122.98,123.16,6712.264
2025-12-27 06:00:00+00:00,123.18,123.18,122.78,123.04,7712.09
2025-12-27 07:00:00+00:00,123.04,123.44,123.03,123.18,14170.755
2025-12-27 08:00:00+00:00,123.17,123.35,122.83,122.85,10015.265
2025-12-27 09:00:00+00:00,122.85,123.23,122.84,123.0,11127.475
2025-12-27 10:00:00+00:00,123.01,123.14,122.51,122.89,16811.763
2025-12-27 11:00:00+00:00,122.89,123.21,122.85,122.98,12014.469
2025-12-27 12:00:00+00:00,122.99,123.2,122.76,122.89,9840.908
2025-12-27 13:00:00+00:00,122.89,123.29,122.75,123.01,17693.499
2025-12-27 14:00:00+00:00,123.01,123.35,122.86,123.32,8737.347
2025-12-27 15:00:00+00:00,123.34,123.66,123.16,123.3,21101.035
2025-12-27 16:00:00+00:00,123.33,123.45,122.93,122.99,22483.595
2025-12-27 17:00:00+00:00,122.99,123.45,122.77,123.39,26905.801
2025-12-27 18:00:00+00:00,123.41,123.46,123.01,123.21,16151.788
2025-12-27 19:00:00+00:00,123.22,123.45,123.06,123.28,11059.828
2025-12-27 20:00:00+00:00,123.28,123.8,123.27,123.57,16872.934
2025-12-27 21:00:00+00:00,123.58,124.59,123.57,124.55,29389.391
2025-12-27 22:00:00+00:00,124.56,124.96,123.67,123.89,28908.966
2025-12-27 23:00:00+00:00,123.89,125.07,123.89,124.73,25679.798
2025-12-28 00:00:00+00:00,124.74,124.9,124.28,124.37,15646.497
2025-12-28 01:00:00+00:00,124.38,124.61,123.98,123.98,20522.353
2025-12-28 02:00:00+00:00,123.99,124.45,123.91,124.23,18293.099
2025-12-28 03:00:00+00:00,124.23,124.33,123.97,124.14,15563.779
2025-12-28 04:00:00+00:00,124.11,124.32,123.99,124.11,12416.453
2025-12-28 05:00:00+00:00,124.11,124.11,123.64,123.81,21346.941
2025-12-28 06:00:00+00:00,123.81,124.22,123.75,124.12,17742.526
2025-12-28 07:00:00+00:00,124.12,124.36,123.85,124.21,14284.612
2025-12-28 08:00:00+00:00,124.23,124.68,124.16,124.28,14600.683
2025-12-28 09:00:00+00:00,124.28,124.38,123.97,124.07,14487.121
2025-12-28 10:00:00+00:00,124.08,124.61,124.01,124.5,15844.533
2025-12-28 11:00:00+00:00,124.5,124.84,124.39,124.64,15013.525
2025-12-28 12:00:00+00:00,124.65,124.78,124.38,124.41,14167.018
2025-12-28 13:00:00+00:00,124.42,124.81,124.3,124.65,18037.897
2025-12-28 14:00:00+00:00,124.66,124.98,124.51,124.57,21275.657
2025-12-28 15:00:00+00:00,124.58,125.01,124.41,124.44,25430.177
2025-12-28 16:00:00+00:00,124.44,124.66,124.19,124.31,19576.004
2025-12-28 17:00:00+00:00,124.31,124.78,124.31,124.43,13605.434
2025-12-28 18:00:00+00:00,124.46,124.51,123.14,123.16,28688.957
2025-12-28 19:00:00+00:00,123.17,123.65,123.09,123.32,28139.672
2025-12-28 20:00:00+00:00,123.3,123.69,123.1,123.44,12525.028
2025-12-28 21:00:00+00:00,123.43,123.87,123.31,123.86,22412.056
2025-12-28 22:00:00+00:00,123.87,124.35,123.53,124.25,20614.074
2025-12-28 23:00:00+00:00,124.25,125.64,123.94,125.26,32430.193
2025-12-29 00:00:00+00:00,125.27,128.18,125.0,127.03,63701.525
2025-12-29 01:00:00+00:00,127.01,130.16,126.25,128.71,48098.861
2025-12-29 02:00:00+00:00,128.72,129.46,128.18,128.72,32478.773
2025-12-29 03:00:00+00:00,128.76,129.53,128.52,128.59,39006.822
2025-12-29 04:00:00+00:00,128.59,129.15,128.23,128.58,34897.287
2025-12-29 05:00:00+00:00,128.58,128.58,127.62,127.74,29258.162
2025-12-29 06:00:00+00:00,127.74,128.07,127.52,127.78,30079.58
2025-12-29 07:00:00+00:00,127.8,127.99,127.24,127.89,36805.155
2025-12-29 08:00:00+00:00,127.89,128.5,127.7,127.91,36667.881
2025-12-29 09:00:00+00:00,127.92,128.01,125.45,126.06,56227.07498254
2025-12-29 10:00:00+00:00,126.09,126.37,125.53,125.71,50981.97
2025-12-29 11:00:00+00:00,125.7,125.7,125.05,125.09,49717.663
2025-12-29 12:00:00+00:00,125.09,125.41,122.92,123.72,70437.716
2025-12-29 13:00:00+00:00,123.73,124.09,122.96,123.26,39919.483
2025-12-29 14:00:00+00:00,123.26,124.55,122.36,123.45,53237.946
2025-12-29 15:00:00+00:00,123.47,124.14,123.16,123.46,28701.513
2025-12-29 16:00:00+00:00,123.43,123.77,122.63,123.49,33039.591
2025-12-29 17:00:00+00:00,123.49,123.89,123.05,123.89,27980.264
2025-12-29 18:00:00+00:00,123.9,123.97,122.98,123.13,26719.246
2025-12-29 19:00:00+00:00,123.15,123.51,122.88,123.08,37140.409
2025-12-29 20:00:00+00:00,123.07,123.63,122.88,123.35,29393.521
2025-12-29 21:00:00+00:00,123.33,123.6,123.18,123.45,18736.212
2025-12-29 22:00:00+00:00,123.45,123.62,123.19,123.44,20014.414
2025-12-29 23:00:00+00:00,123.44,123.61,123.2,123.27,25781.406
2025-12-30 00:00:00+00:00,123.27,123.35,122.91,123.12,30197.652
2025-12-30 01:00:00+00:00,123.13,123.48,122.79,123.2,30669.684
2025-12-30 02:00:00+00:00,123.23,123.27,122.61,123.02,37786.19
2025-12-30 03:00:00+00:00,123.02,123.92,122.78,123.8,31828.844
2025-12-30 04:00:00+00:00,123.8,124.21,123.59,123.93,38326.095
2025-12-30 05:00:00+00:00,123.94,124.01,123.2,123.42,22264.667
2025-12-30 06:00:00+00:00,123.42,124.05,123.38,123.9,18334.454
2025-12-30 07:00:00+00:00,123.9,124.35,123.8,124.02,29603.579
2025-12-30 08:00:00+00:00,124.03,125.16,123.99,124.77,40759.295
2025-12-30 09:00:00+00:00,124.78,125.09,124.38,124.86,31878.426
2025-12-30 10:00:00+00:00,124.84,124.97,124.5,124.59,22564.023
2025-12-30 11:00:00+00:00,124.59,124.65,124.04,124.3,31704.897
2025-12-30 12:00:00+00:00,124.3,124.66,124.13,124.3,24917.349
2025-12-30 13:00:00+00:00,124.3,124.46,123.95,124.29,32925.003
2025-12-30 14:00:00+00:00,124.26,125.37,123.55,125.06,44473.297
2025-12-30 15:00:00+00:00,125.03,125.25,124.02,125.14,43351.181
2025-12-30 16:00:00+00:00,125.16,126.53,124.88,125.64,30033.029
2025-12-30 17:00:00+00:00,125.66,125.99,124.43,124.7,24406.35
2025-12-30 18:00:00+00:00,124.7,124.72,124.21,124.58,24190.653
2025-12-30 19:00:00+00:00,124.55,124.81,123.78,124.7,27091.82
2025-12-30 20:00:00+00:00,124.7,124.8,123.87,124.04,20340.287
2025-12-30 21:00:00+00:00,124.04,124.19,123.52,124.0,23422.157
2025-12-30 22:00:00+00:00,124.0,124.6,123.9,124.43,20086.445
2025-12-30 23:00:00+00:00,124.42,125.14,124.28,125.0,38113.583
2025-12-31 00:00:00+00:00,125.01,125.08,124.42,124.93,34474.705
2025-12-31 01:00:00+00:00,124.92,125.94,124.84,125.54,44873.763
2025-12-31 02:00:00+00:00,125.54,126.09,125.32,125.99,32562.834
2025-12-31 03:00:00+00:00,126.0,126.08,125.17,125.81,29860.526
2025-12-31 04:00:00+00:00,125.82,125.95,125.39,125.46,27828.191
2025-12-31 05:00:00+00:00,125.46,125.77,125.4,125.65,29305.575
2025-12-31 06:00:00+00:00,125.65,126.09,125.61,125.9,25546.084
2025-12-31 07:00:00+00:00,125.89,126.05,125.64,125.98,31865.201
2025-12-31 08:00:00+00:00,125.98,126.3,125.45,125.56,32383.823
2025-12-31 09:00:00+00:00,125.56,126.39,125.55,126.28,26821.035
2025-12-31 10:00:00+00:00,126.29,126.41,125.99,126.38,34379.833
2025-12-31 11:00:00+00:00,126.39,126.84,126.22,126.73,47361.215
2025-12-31 12:00:00+00:00,126.73,126.76,126.09,126.19,32291.385
2025-12-31 13:00:00+00:00,126.19,126.52,125.94,126.29,33098.088
2025-12-31 14:00:00+00:00,126.3,127.42,125.38,125.81,75211.478
2025-12-31 15:00:00+00:00,125.8,125.84,125.01,125.58,96912.132
2025-12-31 16:00:00+00:00,125.6,125.76,124.32,124.85,73838.562
2025-12-31 17:00:00+00:00,124.83,125.26,124.58,125.04,37727.505
2025-12-31 18:00:00+00:00,125.05,125.53,124.63,124.79,35724.265
2025-12-31 19:00:00+00:00,124.8,125.22,124.38,124.38,22207.699
2025-12-31 20:00:00+00:00,124.4,125.36,123.45,124.2,174412.581
2025-12-31 21:00:00+00:00,124.23,124.48,123.98,124.46,72842.325
2025-12-31 22:00:00+00:00,124.46,125.21,124.27,124.84,52689.97
2025-12-31 23:00:00+00:00,124.84,125.04,124.62,124.65,34457.316
2026-01-01 00:00:00+00:00,124.66,125.25,124.6,125.14,30046.562
2026-01-01 01:00:00+00:00,125.13,125.8,124.91,124.98,51058.972
2026-01-01 02:00:00+00:00,124.98,125.23,124.79,125.18,43004.132
2026-01-01 03:00:00+00:00,125.18,125.41,125.01,125.18,23714.872
2026-01-01 04:00:00+00:00,125.2,125.26,124.8,124.96,29107.589
2026-01-01 05:00:00+00:00,124.96,125.31,124.95,125.29,18482.669
2026-01-01 06:00:00+00:00,125.29,125.31,124.88,124.88,12309.134
2026-01-01 07:00:00+00:00,124.89,125.0,124.24,124.24,28552.152
2026-01-01 08:00:00+00:00,124.25,124.72,124.17,124.7,27078.288
2026-01-01 09:00:00+00:00,124.7,125.11,124.6,125.05,39210.139
2026-01-01 10:00:00+00:00,125.05,125.28,124.95,125.0,29977.039
2026-01-01 11:00:00+00:00,125.01,125.19,124.76,125.19,27459.432
2026-01-01 12:00:00+00:00,125.21,125.24,124.98,124.99,30365.831
2026-01-01 13:00:00+00:00,125.0,125.13,124.69,124.74,30405.782
2026-01-01 14:00:00+00:00,124.74,124.91,124.42,124.74,44755.031
2026-01-01 15:00:00+00:00,124.74,125.24,124.59,124.94,40680.69
2026-01-01 16:00:00+00:00,124.95,125.0,124.3,124.46,43350.255
2026-01-01 17:00:00+00:00,124.47,125.61,124.33,125.2,104369.03
2026-01-01 18:00:00+00:00,125.22,125.37,125.01,125.34,58655.583
2026-01-01 19:00:00+00:00,125.35,125.79,125.22,125.73,37028.235
2026-01-01 20:00:00+00:00,125.75,125.96,125.33,125.39,37518.645
2026-01-01 21:00:00+00:00,125.39,125.68,125.31,125.42,13827.404
2026-01-01 22:00:00+00:00,125.41,126.24,125.38,126.09,28324.046
2026-01-01 23:00:00+00:00,126.1,127.25,125.76,126.9,91551.292
2026-01-02 00:00:00+00:00,126.9,127.15,126.45,126.78,47267.386
2026-01-02 01:00:00+00:00,126.79,126.95,126.07,126.18,45974.844
2026-01-02 02:00:00+00:00,126.19,126.67,125.86,126.58,40551.533
2026-01-02 03:00:00+00:00,126.58,127.99,126.44,127.53,67754.029
2026-01-02 04:00:00+00:00,127.53,127.69,126.95,126.99,24433.057
2026-01-02 05:00:00+00:00,126.97,127.42,126.75,127.34,22843.478
2026-01-02 06:00:00+00:00,127.34,127.73,127.27,127.32,32804.707
2026-01-02 07:00:00+00:00,127.33,127.57,126.92,127.13,26445.507
2026-01-02 08:00:00+00:00,127.15,127.96,127.14,127.96,33805.32
2026-01-02 09:00:00+00:00,127.96,129.85,127.82,129.37,91311.849
2026-01-02 10:00:00+00:00,129.4,129.98,128.89,128.95,60889.026
2026-01-02 11:00:00+00:00,128.95,128.97,127.99,128.22,53907.842
2026-01-02 12:00:00+00:00,128.22,128.65,127.91,128.43,32980.807
2026-01-02 13:00:00+00:00,128.43,128.79,128.28,128.36,34502.324
2026-01-02 14:00:00+00:00,128.37,129.64,126.85,128.73,102360.568
2026-01-02 15:00:00+00:00,128.73,129.53,127.42,128.99,77870.987
2026-01-02 16:00:00+00:00,128.98,131.8,128.66,130.93,69646.063
2026-01-02 17:00:00+00:00,130.92,132.32,130.7,131.43,63201.05
2026-01-02 18:00:00+00:00,131.44,132.03,130.32,130.79,40644.02
2026-01-02 19:00:00+00:00,130.77,131.79,130.64,131.61,31752.484
2026-01-02 20:00:00+00:00,131.63,132.13,130.83,131.14,29510.585
2026-01-02 21:00:00+00:00,131.15,132.14,131.15,131.9,34893.139
2026-01-02 22:00:00+00:00,131.93,133.25,131.9,132.64,34970.038
2026-01-02 23:00:00+00:00,132.62,132.76,131.91,132.3,34283.239
2026-01-03 00:00:00+00:00,132.29,132.95,132.26,132.53,27774.608
2026-01-03 01:00:00+00:00,132.53,132.98,132.36,132.64,18005.61
2026-01-03 02:00:00+00:00,132.65,133.1,132.07,132.87,30568.036
2026-01-03 03:00:00+00:00,132.87,133.17,132.19,132.83,33795.22
2026-01-03 04:00:00+00:00,132.84,132.91,132.2,132.37,23098.229
2026-01-03 05:00:00+00:00,132.37,132.53,131.64,131.9,27614.705
2026-01-03 06:00:00+00:00,131.9,132.3,131.09,131.18,29002.521
2026-01-03 07:00:00+00:00,131.19,131.39,129.61,130.1,54364.273
2026-01-03 08:00:00+00:00,130.11,131.03,129.81,130.69,38747.499
2026-01-03 09:00:00+00:00,130.7,131.44,130.39,131.17,29970.451
2026-01-03 10:00:00+00:00,131.17,131.22,130.82,130.93,23626.389
2026-01-03 11:00:00+00:00,130.94,131.0,130.48,130.71,21685.599
2026-01-03 12:00:00+00:00,130.71,130.95,130.52,130.9,26106.976
2026-01-03 13:00:00+00:00,130.91,131.4,130.82,131.3,27395.46
2026-01-03 14:00:00+00:00,131.3,132.17,131.14,132.0,26020.325
2026-01-03 15:00:00+00:00,132.01,132.02,131.24,131.48,26836.194
2026-01-03 16:00:00+00:00,131.48,132.0,131.48,131.76,34582.84
2026-01-03 17:00:00+00:00,131.77,132.04,131.65,131.89,15335.905
2026-01-03 18:00:00+00:00,131.9,132.12,131.62,131.96,18182.986
2026-01-03 19:00:00+00:00,131.96,131.96,131.68,131.79,14343.927
2026-01-03 20:00:00+00:00,131.8,132.03,131.36,131.99,13981.179
2026-01-03 21:00:00+00:00,131.99,133.06,131.82,132.87,25244.453
2026-01-03 22:00:00+00:00,132.87,133.99,132.59,133.43,28315.643
2026-01-03 23:00:00+00:00,133.45,133.76,133.11,133.37,23455.164
2026-01-04 00:00:00+00:00,133.38,134.96,133.32,134.58,53403.598
2026-01-04 01:00:00+00:00,134.57,134.75,133.42,133.96,37155.408
2026-01-04 02:00:00+00:00,133.96,134.0,133.47,133.74,22172.938
2026-01-04 03:00:00+00:00,133.74,134.7,133.65,134.6,34524.928
2026-01-04 04:00:00+00:00,134.61,134.87,134.24,134.3,27440.905
2026-01-04 05:00:00+00:00,134.3,134.6,134.27,134.55,15867.964
2026-01-04 06:00:00+00:00,134.56,134.99,133.69,133.76,41494.979
2026-01-04 07:00:00+00:00,133.78,134.15,133.68,133.82,27493.497
2026-01-04 08:00:00+00:00,133.82,134.17,133.25,134.12,37531.1
2026-01-04 09:00:00+00:00,134.11,134.58,133.85,134.32,26983.568
2026-01-04 10:00:00+00:00,134.33,134.88,134.24,134.7,32798.076
2026-01-04 11:00:00+00:00,134.7,134.7,134.15,134.38,19973.432
2026-01-04 12:00:00+00:00,134.39,134.9,134.2,134.33,30721.468
2026-01-04 13:00:00+00:00,134.33,134.54,133.74,134.52,33902.338
2026-01-04 14:00:00+00:00,134.52,134.97,134.26,134.95,44755.903
2026-01-04 15:00:00+00:00,134.96,135.4,134.28,134.9,59421.767
2026-01-04 16:00:00+00:00,134.9,135.52,134.77,135.11,42681.925
2026-01-04 17:00:00+00:00,135.11,135.36,134.8,134.83,29449.208
2026-01-04 18:00:00+00:00,134.84,134.88,133.71,134.21,40280.456
2026-01-04 19:00:00+00:00,134.21,134.21,133.12,133.57,51728.159
2026-01-04 20:00:00+00:00,133.58,134.24,133.4,134.02,21311.962
2026-01-04 21:00:00+00:00,134.03,134.59,133.73,133.94,24037.995
2026-01-04 22:00:00+00:00,133.92,134.43,133.81,134.16,18367.545
2026-01-04 23:00:00+00:00,134.17,134.86,133.67,134.12,53268.099
2026-01-05 00:00:00+00:00,134.12,135.82,134.01,135.52,94787.703
2026-01-05 01:00:00+00:00,135.54,137.73,135.28,136.75,117770.254
2026-01-05 02:00:00+00:00,136.76,137.23,135.72,136.89,54592.635
2026-01-05 03:00:00+00:00,136.89,137.33,136.58,136.65,40259.25
2026-01-05 04:00:00+00:00,136.65,136.78,135.0,135.68,39892.225
2026-01-05 05:00:00+00:00,135.69,136.31,135.04,135.07,33702.311
2026-01-05 06:00:00+00:00,135.06,135.7,134.64,135.63,42225.632
2026-01-05 07:00:00+00:00,135.62,135.76,135.13,135.44,30372.545
2026-01-05 08:00:00+00:00,135.44,135.94,135.22,135.22,31666.272
2026-01-05 09:00:00+00:00,135.22,135.68,134.76,135.45,35976.526
2026-01-05 10:00:00+00:00,135.45,136.04,135.27,135.82,27375.37
2026-01-05 11:00:00+00:00,135.83,135.83,135.25,135.76,31141.451
2026-01-05 12:00:00+00:00,135.76,135.82,134.91,135.13,32888.298
2026-01-05 13:00:00+00:00,135.13,135.39,133.29,133.82,70894.595
2026-01-05 14:00:00+00:00,133.81,135.6,133.2,134.98,53440.352
2026-01-05 15:00:00+00:00,134.98,136.48,134.16,136.13,35592.155
2026-01-05 16:00:00+00:00,136.12,136.3,134.98,135.39,23116.288
2026-01-05 17:00:00+00:00,135.4,136.86,134.32,136.52,20287.484
2026-01-05 18:00:00+00:00,136.53,137.56,135.68,137.37,25399.423
2026-01-05 19:00:00+00:00,137.38,138.81,137.12,138.23,27824.943
2026-01-05 20:00:00+00:00,138.24,139.87,137.75,137.83,26285.092
2026-01-05 21:00:00+00:00,137.87,138.72,137.87,138.4,23382.006
2026-01-05 22:00:00+00:00,138.39,139.15,138.28,138.79,25537.314
2026-01-05 23:00:00+00:00,138.8,138.94,137.88,137.89,47335.772
2026-01-06 00:00:00+00:00,137.9,138.19,136.9,137.74,56888.338
2026-01-06 01:00:00+00:00,137.73,138.52,137.36,137.56,66841.572
2026-01-06 02:00:00+00:00,137.57,138.01,137.32,137.6,40107.053
2026-01-06 03:00:00+00:00,137.61,138.64,137.57,138.38,37694.866
2026-01-06 04:00:00+00:00,138.38,139.0,138.21,138.43,46267.361
2026-01-06 05:00:00+00:00,138.43,140.04,138.09,139.56,90728.11
2026-01-06 06:00:00+00:00,139.56,139.76,138.85,139.0,70284.115
2026-01-06 07:00:00+00:00,139.01,139.1,137.36,137.6,74420.34
2026-01-06 08:00:00+00:00,137.61,138.16,137.36,137.61,75086.052
2026-01-06 09:00:00+00:00,137.6,138.41,137.5,137.79,50058.569
2026-01-06 10:00:00+00:00,137.78,138.11,137.41,137.73,49906.072
2026-01-06 11:00:00+00:00,137.73,139.67,137.65,139.49,74776.436
2026-01-06 12:00:00+00:00,139.5,139.62,138.9,139.09,37666.424
2026-01-06 13:00:00+00:00,139.09,139.45,138.73,139.09,39223.033
2026-01-06 14:00:00+00:00,139.1,143.48,139.1,141.99,128162.749
2026-01-06 15:00:00+00:00,141.98,143.21,141.13,141.59,32820.662
2026-01-06 16:00:00+00:00,141.59,141.97,138.17,138.93,33383.029
2026-01-06 17:00:00+00:00,138.93,139.17,136.44,136.53,33025.869
2026-01-06 18:00:00+00:00,136.53,138.02,136.21,137.57,27952.465
2026-01-06 19:00:00+00:00,137.6,138.07,137.31,137.56,20851.98
2026-01-06 20:00:00+00:00,137.56,139.2,137.52,138.95,24109.509
2026-01-06 21:00:00+00:00,138.96,141.98,138.67,140.22,31201.986
2026-01-06 22:00:00+00:00,140.21,140.99,139.53,140.04,22159.898
2026-01-06 23:00:00+00:00,140.03,141.35,140.03,141.07,50148.813
2026-01-07 00:00:00+00:00,141.08,141.38,139.78,139.85,42616.163
2026-01-07 01:00:00+00:00,139.85,140.63,138.82,138.9,53987.166
2026-01-07 02:00:00+00:00,138.91,140.1,138.51,139.96,40417.398
2026-01-07 03:00:00+00:00,139.97,140.54,139.4,139.58,22620.547
2026-01-07 04:00:00+00:00,139.59,139.72,138.74,138.79,15948.86
2026-01-07 05:00:00+00:00,138.79,139.35,138.19,138.52,28635.083
2026-01-07 06:00:00+00:00,138.53,139.07,138.48,138.79,17110.354
2026-01-07 07:00:00+00:00,138.78,139.44,138.78,139.38,20206.866
2026-01-07 08:00:00+00:00,139.39,139.79,139.09,139.4,27030.761
2026-01-07 09:00:00+00:00,139.41,139.48,136.58,136.91,34829.811
2026-01-07 10:00:00+00:00,136.91,137.73,136.75,137.58,25028.417
2026-01-07 11:00:00+00:00,137.59,138.21,137.51,137.95,21125.343
2026-01-07 12:00:00+00:00,137.95,138.2,137.62,137.92,22311.839
2026-01-07 13:00:00+00:00,137.93,138.51,137.55,138.13,32327.123
2026-01-07 14:00:00+00:00,138.13,138.22,136.59,138.04,34719.057
2026-01-07 15:00:00+00:00,138.04,138.09,135.28,135.7,36899.267
2026-01-07 16:00:00+00:00,135.71,136.66,135.34,135.7,19757.378
2026-01-07 17:00:00+00:00,135.71,136.47,135.4,135.59,21694.869
2026-01-07 18:00:00+00:00,135.59,135.92,134.76,135.26,26417.323
2026-01-07 19:00:00+00:00,135.25,135.99,134.44,135.76,22367.471
2026-01-07 20:00:00+00:00,135.76,136.0,135.02,135.81,16224.0
2026-01-07 21:00:00+00:00,135.81,136.35,135.68,136.19,15965.543
2026-01-07 22:00:00+00:00,136.19,136.85,135.77,136.49,15480.11
2026-01-07 23:00:00+00:00,136.49,137.06,135.87,136.4,21880.697
2026-01-08 00:00:00+00:00,136.41,136.97,136.02,136.83,15407.049
2026-01-08 01:00:00+00:00,136.84,137.41,136.7,136.82,16658.334
2026-01-08 02:00:00+00:00,136.83,138.03,136.54,137.9,48696.218
2026-01-08 03:00:00+00:00,137.91,138.3,136.58,136.75,32602.079
2026-01-08 04:00:00+00:00,136.76,138.33,136.43,137.64,24691.449
2026-01-08 05:00:00+00:00,137.65,138.07,136.52,136.64,22695.686
2026-01-08 06:00:00+00:00,136.65,136.75,134.74,134.84,26638.388
2026-01-08 07:00:00+00:00,134.84,135.99,133.8,135.9,30161.581
2026-01-08 08:00:00+00:00,135.9,136.22,135.06,135.11,22509.575
2026-01-08 09:00:00+00:00,135.12,135.51,134.36,134.48,27733.257
2026-01-08 10:00:00+00:00,134.48,135.43,133.92,135.11,29876.294
2026-01-08 11:00:00+00:00,135.1,135.3,134.25,134.79,38564.899
2026-01-08 12:00:00+00:00,134.8,134.84,133.72,134.13,31541.001
2026-01-08 13:00:00+00:00,134.14,134.56,133.73,134.47,28062.617
2026-01-08 14:00:00+00:00,134.47,134.47,132.72,134.04,36650.896
2026-01-08 15:00:00+00:00,134.03,136.54,133.41,136.42,29141.44
2026-01-08 16:00:00+00:00,136.43,138.2,136.25,138.17,25494.851
2026-01-08 17:00:00+00:00,138.16,138.82,137.27,138.73,25584.357
2026-01-08 18:00:00+00:00,138.73,139.07,137.89,138.08,19028.563
2026-01-08 19:00:00+00:00,138.09,138.4,137.21,137.53,21666.188
2026-01-08 20:00:00+00:00,137.53,137.86,136.53,137.69,18591.656
2026-01-08 21:00:00+00:00,137.7,139.83,137.7,139.6,19730.664
2026-01-08 22:00:00+00:00,139.61,140.05,138.3,138.86,27864.968
2026-01-08 23:00:00+00:00,138.87,139.18,138.24,138.36,24219.483
2026-01-09 00:00:00+00:00,138.35,139.32,138.29,139.12,22148.86
2026-01-09 01:00:00+00:00,139.14,139.61,137.75,138.28,28610.115
2026-01-09 02:00:00+00:00,138.28,139.54,138.23,138.96,15595.848
2026-01-09 03:00:00+00:00,138.97,141.18,138.92,140.79,23023.971
2026-01-09 04:00:00+00:00,140.8,141.06,139.64,139.74,15054.843
2026-01-09 05:00:00+00:00,139.75,140.15,139.46,139.93,15837.558
2026-01-09 06:00:00+00:00,139.94,140.88,139.66,140.69,14952.378
2026-01-09 07:00:00+00:00,140.68,140.72,139.53,139.56,15795.362
2026-01-09 08:00:00+00:00,139.57,139.69,137.02,137.94,27649.125
2026-01-09 09:00:00+00:00,137.94,139.08,137.91,138.47,20649.584
2026-01-09 10:00:00+00:00,138.47,139.0,138.17,138.74,14642.369
2026-01-09 11:00:00+00:00,138.73,138.9,138.08,138.29,19630.562
2026-01-09 12:00:00+00:00,138.29,138.63,137.59,137.72,14215.759
2026-01-09 13:00:00+00:00,137.73,139.39,137.68,138.63,23885.696
2026-01-09 14:00:00+00:00,138.64,138.64,136.48,136.88,16402.615
2026-01-09 15:00:00+00:00,136.89,140.89,136.21,138.83,29675.068
2026-01-09 16:00:00+00:00,138.83,140.25,138.72,139.95,19527.732
2026-01-09 17:00:00+00:00,139.95,140.05,137.35,138.45,25356.668
2026-01-09 18:00:00+00:00,138.45,138.47,135.8,136.84,22504.693
2026-01-09 19:00:00+00:00,136.84,136.84,135.45,135.81,16454.645
2026-01-09 20:00:00+00:00,135.81,136.06,135.0,135.6,18099.404
2026-01-09 21:00:00+00:00,135.61,136.47,135.43,136.02,15693.84
2026-01-09 22:00:00+00:00,136.02,136.23,135.59,136.17,13953.377
2026-01-09 23:00:00+00:00,136.18,136.44,135.77,135.97,22348.201
2026-01-10 00:00:00+00:00,135.98,136.13,135.69,135.89,17647.06
2026-01-10 01:00:00+00:00,135.9,136.5,135.81,136.48,20171.648
2026-01-10 02:00:00+00:00,136.48,136.68,135.93,136.39,18695.984
2026-01-10 03:00:00+00:00,136.39,136.41,135.93,136.17,14187.697
2026-01-10 04:00:00+00:00,136.17,136.19,135.76,135.85,12074.685
2026-01-10 05:00:00+00:00,135.85,136.35,135.79,135.95,10327.424
2026-01-10 06:00:00+00:00,135.95,136.2,135.77,135.99,12258.623
2026-01-10 07:00:00+00:00,136.0,136.28,135.97,136.08,12563.972
2026-01-10 08:00:00+00:00,136.09,136.35,136.01,136.24,10400.45
2026-01-10 09:00:00+00:00,136.23,136.64,136.1,136.63,15039.512
2026-01-10 10:00:00+00:00,136.64,137.04,136.42,136.99,22965.248
2026-01-10 11:00:00+00:00,137.0,137.0,136.42,136.59,16122.015
2026-01-10 12:00:00+00:00,136.59,137.05,136.57,136.65,16014.679
2026-01-10 13:00:00+00:00,136.65,136.65,136.1,136.37,16792.998
2026-01-10 14:00:00+00:00,136.36,136.47,136.03,136.15,14406.303
2026-01-10 15:00:00+00:00,136.17,136.53,136.09,136.43,14965.739
2026-01-10 16:00:00+00:00,136.43,136.66,136.18,136.42,12086.818
2026-01-10 17:00:00+00:00,136.43,136.7,136.14,136.15,11079.712
2026-01-10 18:00:00+00:00,136.15,136.33,135.9,136.16,12178.883
2026-01-10 19:00:00+00:00,136.17,136.28,135.99,136.24,8739.83
2026-01-10 20:00:00+00:00,136.24,136.29,136.0,136.09,9147.082
2026-01-10 21:00:00+00:00,136.09,136.1,135.74,135.78,13343.556
2026-01-10 22:00:00+00:00,135.79,135.93,135.36,135.56,15243.531
2026-01-10 23:00:00+00:00,135.57,136.06,135.51,135.84,19053.47
2026-01-11 00:00:00+00:00,135.85,136.45,135.75,136.39,16476.539
2026-01-11 01:00:00+00:00,136.39,136.49,136.1,136.3,12228.607
2026-01-11 02:00:00+00:00,136.3,136.45,135.94,136.01,14616.947
2026-01-11 03:00:00+00:00,136.01,136.31,135.85,136.25,17973.728
2026-01-11 04:00:00+00:00,136.26,136.4,135.97,136.19,14043.647
2026-01-11 05:00:00+00:00,136.19,136.41,135.98,136.27,13283.636
2026-01-11 06:00:00+00:00,136.28,136.39,135.88,136.15,15923.051
2026-01-11 07:00:00+00:00,136.15,136.25,135.98,136.2,9348.327
2026-01-11 08:00:00+00:00,136.2,136.88,136.11,136.76,17527.905
2026-01-11 09:00:00+00:00,136.77,136.81,136.35,136.47,19984.585
2026-01-11 10:00:00+00:00,136.48,136.71,136.29,136.55,11159.705
2026-01-11 11:00:00+00:00,136.56,136.77,136.49,136.55,11505.602
2026-01-11 12:00:00+00:00,136.56,137.27,136.51,137.09,20204.548
2026-01-11 13:00:00+00:00,137.1,137.34,136.94,137.26,25625.788
2026-01-11 14:00:00+00:00,137.26,139.43,137.25,139.21,41006.305
2026-01-11 15:00:00+00:00,139.23,139.54,137.84,138.43,53743.372
2026-01-11 16:00:00+00:00,138.44,141.58,138.44,140.02,73886.483
2026-01-11 17:00:00+00:00,140.02,140.17,138.76,139.69,29817.569
2026-01-11 18:00:00+00:00,139.68,140.2,139.14,140.02,19809.454
2026-01-11 19:00:00+00:00,140.03,140.15,139.06,139.42,24887.624
2026-01-11 20:00:00+00:00,139.42,139.42,137.97,138.54,23185.205
2026-01-11 21:00:00+00:00,138.54,138.94,137.99,138.68,17624.949
2026-01-11 22:00:00+00:00,138.68,138.68,137.72,138.22,17208.867
2026-01-11 23:00:00+00:00,138.22,139.78,137.52,139.7,47899.163
2026-01-12 00:00:00+00:00,139.7,141.35,138.92,141.32,66047.92
2026-01-12 01:00:00+00:00,141.32,141.94,140.7,141.03,64504.46
2026-01-12 02:00:00+00:00,141.03,142.74,140.94,142.41,51068.72
2026-01-12 03:00:00+00:00,142.41,144.37,142.4,142.53,99212.791
2026-01-12 04:00:00+00:00,142.54,143.0,142.43,142.73,54169.5
2026-01-12 05:00:00+00:00,142.74,143.21,142.46,142.79,35583.292
2026-01-12 06:00:00+00:00,142.79,143.31,141.87,141.99,46280.289
2026-01-12 07:00:00+00:00,142.0,142.47,141.37,141.4,47548.141
2026-01-12 08:00:00+00:00,141.41,142.04,139.05,140.07,68210.723
2026-01-12 09:00:00+00:00,140.08,140.28,139.0,139.57,54801.083
2026-01-12 10:00:00+00:00,139.57,140.19,139.06,139.26,33783.199
2026-01-12 11:00:00+00:00,139.25,140.17,139.19,140.03,33292.132
2026-01-12 12:00:00+00:00,140.03,140.29,139.68,139.75,34884.396
2026-01-12 13:00:00+00:00,139.75,140.13,139.37,139.76,33033.373
2026-01-12 14:00:00+00:00,139.75,140.82,138.7,140.45,48758.622
2026-01-12 15:00:00+00:00,140.44,142.74,140.05,142.59,53138.314
2026-01-12 16:00:00+00:00,142.59,144.3,142.1,142.96,60142.589
2026-01-12 17:00:00+00:00,142.97,143.72,141.16,141.93,53221.47
2026-01-12 18:00:00+00:00,141.94,142.85,140.59,141.24,42866.108
2026-01-12 19:00:00+00:00,141.22,141.49,140.63,140.98,32276.601
2026-01-12 20:00:00+00:00,140.98,141.84,139.99,140.23,28581.409
2026-01-12 21:00:00+00:00,140.22,140.23,138.35,138.81,35365.659
2026-01-12 22:00:00+00:00,138.82,139.81,138.78,139.18,28086.324
2026-01-12 23:00:00+00:00,139.18,139.52,138.65,139.22,34183.755
2026-01-13 00:00:00+00:00,139.22,139.42,138.7,139.29,35764.655
2026-01-13 01:00:00+00:00,139.3,139.58,138.5,138.88,39680.645
2026-01-13 02:00:00+00:00,138.89,139.33,138.12,138.37,36801.976
2026-01-13 03:00:00+00:00,138.37,138.79,137.85,138.75,38210.497
2026-01-13 04:00:00+00:00,138.75,139.15,138.4,139.15,21102.097
2026-01-13 05:00:00+00:00,139.15,140.51,138.83,139.94,53842.994
2026-01-13 06:00:00+00:00,139.95,140.75,139.84,140.61,34219.187
2026-01-13 07:00:00+00:00,140.62,140.68,139.97,139.97,29868.406
2026-01-13 08:00:00+00:00,139.97,141.83,139.96,141.59,31076.855
2026-01-13 09:00:00+00:00,141.6,143.1,141.26,141.92,60633.457
2026-01-13 10:00:00+00:00,141.92,142.61,141.71,142.09,39442.662
2026-01-13 11:00:00+00:00,142.09,142.26,141.54,141.82,34409.379
2026-01-13 12:00:00+00:00,141.83,142.38,141.36,142.23,31386.639
2026-01-13 13:00:00+00:00,142.23,143.45,141.8,142.44,63387.608
2026-01-13 14:00:00+00:00,142.44,143.82,141.68,142.06,49922.44
2026-01-13 15:00:00+00:00,142.05,143.52,141.22,143.51,42511.872
2026-01-13 16:00:00+00:00,143.5,144.55,142.87,143.17,53283.487
2026-01-13 17:00:00+00:00,143.18,143.61,142.45,142.9,34120.225
2026-01-13 18:00:00+00:00,142.89,143.89,142.69,143.49,26508.539
2026-01-13 19:00:00+00:00,143.49,144.43,143.08,144.23,37608.242
2026-01-13 20:00:00+00:00,144.23,144.43,143.04,143.82,36251.395
2026-01-13 21:00:00+00:00,143.81,144.3,143.37,143.38,34765.761
2026-01-13 22:00:00+00:00,143.38,148.71,143.38,146.95,92400.636
2026-01-13 23:00:00+00:00,146.96,147.59,144.62,145.51,42240.444
2026-01-14 00:00:00+00:00,145.51,145.88,144.33,145.07,32046.525
2026-01-14 01:00:00+00:00,145.06,146.2,144.93,145.69,32119.14
2026-01-14 02:00:00+00:00,145.7,146.6,145.33,145.5,28391.917
2026-01-14 03:00:00+00:00,145.51,146.36,145.16,146.27,26478.471
2026-01-14 04:00:00+00:00,146.28,146.46,144.81,144.93,25151.156
2026-01-14 05:00:00+00:00,144.92,145.21,144.37,144.48,21273.845
2026-01-14 06:00:00+00:00,144.49,144.72,143.95,144.71,20956.375
2026-01-14 07:00:00+00:00,144.71,145.06,144.17,144.86,26523.844
2026-01-14 08:00:00+00:00,144.87,145.19,144.65,144.91,22838.409
2026-01-14 09:00:00+00:00,144.92,145.62,144.88,145.49,19885.627
2026-01-14 10:00:00+00:00,145.5,145.76,144.56,144.73,25658.864
2026-01-14 11:00:00+00:00,144.73,144.74,143.55,143.78,31768.385
2026-01-14 12:00:00+00:00,143.77,144.76,143.37,144.59,25899.808
2026-01-14 13:00:00+00:00,144.59,144.92,144.07,144.24,33676.356
2026-01-14 14:00:00+00:00,144.25,147.56,144.24,146.65,54910.256
2026-01-14 15:00:00+00:00,146.65,147.54,145.96,147.07,43273.632
2026-01-14 16:00:00+00:00,147.08,148.41,146.84,147.09,50673.811
2026-01-14 17:00:00+00:00,147.09,147.64,145.75,145.98,37874.815
2026-01-14 18:00:00+00:00,145.98,147.45,145.33,146.34,32380.133
2026-01-14 19:00:00+00:00,146.36,147.58,146.14,146.78,27436.134
2026-01-14 20:00:00+00:00,146.78,147.74,146.56,147.54,23878.511
2026-01-14 21:00:00+00:00,147.54,147.54,146.27,146.96,23360.083
2026-01-14 22:00:00+00:00,146.94,147.16,145.84,146.18,22978.396
2026-01-14 23:00:00+00:00,146.18,147.11,146.05,146.69,25492.036
2026-01-15 00:00:00+00:00,146.69,146.71,145.49,146.04,24860.839
2026-01-15 01:00:00+00:00,146.05,146.5,144.79,145.17,29610.407
2026-01-15 02:00:00+00:00,145.16,145.59,144.3,144.53,26802.452
2026-01-15 03:00:00+00:00,144.54,144.72,143.23,143.49,40253.526
2026-01-15 04:00:00+00:00,143.5,144.47,143.31,144.47,32846.75
2026-01-15 05:00:00+00:00,144.46,144.87,144.32,144.58,26486.859
2026-01-15 06:00:00+00:00,144.59,144.88,144.06,144.19,34708.33
2026-01-15 07:00:00+00:00,144.19,145.29,144.09,145.01,36465.739
2026-01-15 08:00:00+00:00,145.01,145.24,144.03,144.87,30544.688
2026-01-15 09:00:00+00:00,144.88,146.0,144.48,145.61,32455.544
2026-01-15 10:00:00+00:00,145.62,145.67,145.21,145.43,23836.431
2026-01-15 11:00:00+00:00,145.42,145.69,144.82,144.85,27287.595
2026-01-15 12:00:00+00:00,144.85,145.07,144.33,144.88,32949.724
2026-01-15 13:00:00+00:00,144.89,145.33,144.5,145.2,38281.449
2026-01-15 14:00:00+00:00,145.2,145.65,143.23,143.94,35770.053
2026-01-15 15:00:00+00:00,143.93,144.36,141.81,143.53,55468.572
2026-01-15 16:00:00+00:00,143.51,144.02,142.8,143.55,27827.152
2026-01-15 17:00:00+00:00,143.55,144.22,142.5,142.66,28199.838
2026-01-15 18:00:00+00:00,142.66,143.02,141.46,141.56,28844.017
2026-01-15 19:00:00+00:00,141.54,141.85,140.93,141.54,23288.086
2026-01-15 20:00:00+00:00,141.54,141.9,141.03,141.45,18655.712
2026-01-15 21:00:00+00:00,141.44,142.28,141.29,142.12,18735.115
2026-01-15 22:00:00+00:00,142.12,142.57,141.98,142.41,16530.486
2026-01-15 23:00:00+00:00,142.38,142.67,142.07,142.4,20142.172
2026-01-16 00:00:00+00:00,142.41,142.82,142.24,142.44,17801.047
2026-01-16 01:00:00+00:00,142.44,142.73,141.99,142.33,17906.224
2026-01-16 02:00:00+00:00,142.35,142.35,141.71,142.2,24017.948
2026-01-16 03:00:00+00:00,142.21,142.48,141.89,141.96,17278.121
2026-01-16 04:00:00+00:00,141.97,142.73,141.44,141.68,28073.864
2026-01-16 05:00:00+00:00,141.67,143.63,141.5,143.18,29225.242
2026-01-16 06:00:00+00:00,143.18,143.36,142.74,143.32,18274.819
2026-01-16 07:00:00+00:00,143.32,143.33,142.62,142.93,19435.721
2026-01-16 08:00:00+00:00,142.93,143.45,142.93,143.16,21150.151
2026-01-16 09:00:00+00:00,143.17,143.46,142.88,143.07,21869.26
2026-01-16 10:00:00+00:00,143.07,143.16,142.7,143.08,15606.7
2026-01-16 11:00:00+00:00,143.1,143.53,142.8,143.13,23522.868
2026-01-16 12:00:00+00:00,143.14,143.84,143.11,143.67,23632.757
2026-01-16 13:00:00+00:00,143.68,143.68,142.68,143.09,27342.676
2026-01-16 14:00:00+00:00,143.08,143.75,142.84,143.03,24595.493
2026-01-16 15:00:00+00:00,143.03,143.68,140.25,140.76,42028.118
2026-01-16 16:00:00+00:00,140.76,142.0,140.64,141.92,23780.584
2026-01-16 17:00:00+00:00,141.92,143.4,141.41,143.31,28697.343
2026-01-16 18:00:00+00:00,143.31,144.17,142.99,143.53,20122.262
2026-01-16 19:00:00+00:00,143.53,144.52,143.01,144.17,24172.013
2026-01-16 20:00:00+00:00,144.18,144.99,143.49,144.95,19282.972
2026-01-16 21:00:00+00:00,144.95,145.55,144.71,145.03,23708.653
2026-01-16 22:00:00+00:00,145.03,145.13,144.59,144.93,22850.308
2026-01-16 23:00:00+00:00,144.94,145.2,144.75,144.9,23969.495
2026-01-17 00:00:00+00:00,144.9,144.98,144.21,144.32,21089.826
2026-01-17 01:00:00+00:00,144.31,144.8,144.22,144.66,25568.794
2026-01-17 02:00:00+00:00,144.65,144.68,144.25,144.6,14312.106
2026-01-17 03:00:00+00:00,144.6,144.62,144.23,144.37,10835.859
2026-01-17 04:00:00+00:00,144.37,144.5,144.22,144.31,11471.665
2026-01-17 05:00:00+00:00,144.31,144.35,143.94,143.97,15497.924
2026-01-17 06:00:00+00:00,143.97,144.08,143.76,143.85,13195.211
2026-01-17 07:00:00+00:00,143.85,143.96,143.63,143.63,11334.559
2026-01-17 08:00:00+00:00,143.64,144.27,143.6,144.21,14324.076
2026-01-17 09:00:00+00:00,144.22,144.64,144.0,144.47,17934.651
2026-01-17 10:00:00+00:00,144.47,144.63,143.94,143.99,18485.638
2026-01-17 11:00:00+00:00,143.99,144.19,143.34,144.0,29461.9
2026-01-17 12:00:00+00:00,144.0,144.08,143.67,143.77,14470.3
2026-01-17 13:00:00+00:00,143.77,144.05,143.59,144.02,23820.713
2026-01-17 14:00:00+00:00,144.01,144.27,143.74,143.93,21316.856
2026-01-17 15:00:00+00:00,143.93,144.35,143.71,144.33,27570.937
2026-01-17 16:00:00+00:00,144.33,144.33,143.62,143.89,28418.463
2026-01-17 17:00:00+00:00,143.89,144.25,143.83,144.07,14627.667
2026-01-17 18:00:00+00:00,144.08,144.29,144.0,144.28,9700.246
2026-01-17 19:00:00+00:00,144.29,144.52,144.12,144.28,14600.72
2026-01-17 20:00:00+00:00,144.28,144.56,144.2,144.49,7823.052
2026-01-17 21:00:00+00:00,144.5,144.57,144.22,144.25,11631.46
2026-01-17 22:00:00+00:00,144.25,144.25,143.51,143.78,18864.956
2026-01-17 23:00:00+00:00,143.77,144.06,143.66,143.74,16205.286
2026-01-18 00:00:00+00:00,143.74,144.0,143.12,143.26,24502.087
2026-01-18 01:00:00+00:00,143.26,143.4,142.05,142.81,58536.341
2026-01-18 02:00:00+00:00,142.79,143.04,141.96,142.55,27303.349
2026-01-18 03:00:00+00:00,142.56,142.94,142.39,142.83,20698.845
2026-01-18 04:00:00+00:00,142.83,142.92,142.54,142.85,13141.89
2026-01-18 05:00:00+00:00,142.86,143.01,142.55,142.85,20811.03
2026-01-18 06:00:00+00:00,142.86,143.03,142.56,142.71,20173.237
2026-01-18 07:00:00+00:00,142.71,142.72,142.04,142.14,21240.882
2026-01-18 08:00:00+00:00,142.14,142.48,141.94,142.45,25176.498
2026-01-18 09:00:00+00:00,142.46,142.67,142.36,142.57,20045.466
2026-01-18 10:00:00+00:00,142.57,142.58,142.2,142.44,17992.422
2026-01-18 11:00:00+00:00,142.45,142.51,142.24,142.42,13714.703
2026-01-18 12:00:00+00:00,142.42,142.52,142.21,142.27,11031.48
2026-01-18 13:00:00+00:00,142.27,142.52,142.02,142.4,24161.628
2026-01-18 14:00:00+00:00,142.39,142.75,141.66,141.74,26962.88
2026-01-18 15:00:00+00:00,141.74,142.13,141.51,142.0,25148.673
2026-01-18 16:00:00+00:00,142.0,142.23,141.77,142.04,14719.664
2026-01-18 17:00:00+00:00,142.04,142.47,141.87,142.37,27610.503
2026-01-18 18:00:00+00:00,142.37,142.96,142.09,142.75,33229.821
2026-01-18 19:00:00+00:00,142.77,143.25,142.12,142.28,33820.482
2026-01-18 20:00:00+00:00,142.29,142.56,141.95,142.46,17774.887
2026-01-18 21:00:00+00:00,142.46,142.79,142.4,142.66,7300.895
2026-01-18 22:00:00+00:00,142.67,143.04,142.49,142.87,22191.658
2026-01-18 23:00:00+00:00,142.87,142.87,137.77,137.88,102005.536
2026-01-19 00:00:00+00:00,137.87,137.87,130.0,133.76,203958.146
2026-01-19 01:00:00+00:00,133.74,134.47,133.43,133.81,43947.572
2026-01-19 02:00:00+00:00,133.8,134.12,133.46,133.82,35183.368
2026-01-19 03:00:00+00:00,133.82,134.11,133.62,133.92,34415.58
2026-01-19 04:00:00+00:00,133.93,134.07,133.53,133.7,31096.969
2026-01-19 05:00:00+00:00,133.69,133.98,133.33,133.36,43418.313
2026-01-19 06:00:00+00:00,133.36,133.44,132.71,133.29,31836.503
2026-01-19 07:00:00+00:00,133.29,133.6,133.2,133.46,26418.923
2026-01-19 08:00:00+00:00,133.46,134.05,133.29,133.88,38869.63
2026-01-19 09:00:00+00:00,133.86,134.05,133.55,133.72,32270.566
2026-01-19 10:00:00+00:00,133.74,133.84,133.52,133.79,22328.816
2026-01-19 11:00:00+00:00,133.8,134.37,133.64,134.11,29633.99
2026-01-19 12:00:00+00:00,134.11,134.2,133.71,134.12,26442.62
2026-01-19 13:00:00+00:00,134.12,134.13,133.58,133.72,23602.346
2026-01-19 14:00:00+00:00,133.73,133.79,133.26,133.52,24010.337
2026-01-19 15:00:00+00:00,133.52,133.91,133.43,133.54,27754.347
2026-01-19 16:00:00+00:00,133.55,134.64,133.47,134.46,23048.333
2026-01-19 17:00:00+00:00,134.47,134.54,134.07,134.28,21256.452
2026-01-19 18:00:00+00:00,134.29,134.43,133.89,134.27,21043.622
2026-01-19 19:00:00+00:00,134.28,134.7,134.24,134.46,13824.774
2026-01-19 20:00:00+00:00,134.46,135.15,134.45,134.69,16275.453
2026-01-19 21:00:00+00:00,134.69,134.98,134.07,134.1,16416.95
2026-01-19 22:00:00+00:00,134.09,134.21,132.9,132.97,20793.743
2026-01-19 23:00:00+00:00,132.96,133.93,132.75,133.47,23611.392
2026-01-20 00:00:00+00:00,133.47,133.94,133.08,133.74,23094.324
2026-01-20 01:00:00+00:00,133.71,134.3,133.3,133.87,21237.319
2026-01-20 02:00:00+00:00,133.87,134.16,133.36,133.86,26307.591
2026-01-20 03:00:00+00:00,133.86,134.66,133.52,134.25,36661.64
2026-01-20 04:00:00+00:00,134.26,134.26,133.22,133.42,25681.953
2026-01-20 05:00:00+00:00,133.42,133.55,132.4,133.04,41544.752
2026-01-20 06:00:00+00:00,133.04,133.04,131.09,131.22,44262.084
2026-01-20 07:00:00+00:00,131.23,131.78,130.57,130.63,37258.734
2026-01-20 08:00:00+00:00,130.62,130.79,128.37,129.1,94587.037
2026-01-20 09:00:00+00:00,129.1,129.17,128.53,128.92,41920.612
2026-01-20 10:00:00+00:00,128.93,129.37,128.75,128.91,31778.096
2026-01-20 11:00:00+00:00,128.92,129.47,128.72,128.81,35268.256
2026-01-20 12:00:00+00:00,128.82,129.48,128.74,129.35,29695.161
2026-01-20 13:00:00+00:00,129.35,129.37,128.4,128.43,45079.389
2026-01-20 14:00:00+00:00,128.43,129.76,127.92,128.87,63227.308
2026-01-20 15:00:00+00:00,128.88,128.97,127.24,127.87,64780.933
2026-01-20 16:00:00+00:00,127.86,128.58,126.3,127.07,44740.892
2026-01-20 17:00:00+00:00,127.06,127.96,126.37,126.98,37632.117
2026-01-20 18:00:00+00:00,126.97,127.71,126.84,126.97,37967.325
2026-01-20 19:00:00+00:00,126.98,127.52,126.59,127.25,31633.401
2026-01-20 20:00:00+00:00,127.25,128.08,127.01,127.83,36511.808
2026-01-20 21:00:00+00:00,127.86,127.98,126.97,126.97,25158.124
2026-01-20 22:00:00+00:00,126.97,127.48,124.68,126.11,42471.807
2026-01-20 23:00:00+00:00,126.11,126.51,125.62,125.8,45992.201
2026-01-21 00:00:00+00:00,125.81,127.52,125.76,127.31,31418.172
2026-01-21 01:00:00+00:00,127.32,127.86,127.21,127.35,33386.082
2026-01-21 02:00:00+00:00,127.38,127.8,126.78,126.94,24362.037
2026-01-21 03:00:00+00:00,126.93,127.84,126.89,127.61,25456.264
2026-01-21 04:00:00+00:00,127.59,128.04,127.45,127.78,17906.883
2026-01-21 05:00:00+00:00,127.78,128.75,127.75,128.52,28682.922
2026-01-21 06:00:00+00:00,128.52,128.62,128.03,128.25,30413.243
2026-01-21 07:00:00+00:00,128.25,128.45,127.51,127.61,33303.52
2026-01-21 08:00:00+00:00,127.61,127.69,127.0,127.17,28930.123
2026-01-21 09:00:00+00:00,127.17,127.79,127.05,127.47,33848.884
2026-01-21 10:00:00+00:00,127.48,128.2,127.43,127.74,23964.723
2026-01-21 11:00:00+00:00,127.74,127.92,126.82,126.96,27390.056
2026-01-21 12:00:00+00:00,126.95,127.44,126.16,127.41,37671.702
2026-01-21 13:00:00+00:00,127.41,127.63,126.81,127.1,31867.067
2026-01-21 14:00:00+00:00,127.09,129.75,126.96,129.55,54906.805
2026-01-21 15:00:00+00:00,129.54,131.19,129.38,130.44,53976.666
2026-01-21 16:00:00+00:00,130.44,130.45,125.53,125.58,43168.477
2026-01-21 17:00:00+00:00,125.58,127.04,125.27,126.93,39839.383
2026-01-21 18:00:00+00:00,126.93,127.88,126.36,127.61,26205.871
2026-01-21 19:00:00+00:00,127.62,131.69,127.21,131.51,70022.339
2026-01-21 20:00:00+00:00,131.51,131.64,130.04,131.12,31626.621
2026-01-21 21:00:00+00:00,131.15,132.17,130.76,131.05,33331.644
2026-01-21 22:00:00+00:00,131.06,131.75,130.6,130.6,22494.215
2026-01-21 23:00:00+00:00,130.6,131.05,129.17,129.54,28945.087
2026-01-22 00:00:00+00:00,129.54,130.35,129.54,130.0,21069.662
2026-01-22 01:00:00+00:00,129.99,130.63,129.9,130.25,28062.351
2026-01-22 02:00:00+00:00,130.26,130.62,129.75,129.83,24321.302
2026-01-22 03:00:00+00:00,129.84,130.3,129.56,129.87,23401.545
2026-01-22 04:00:00+00:00,129.85,130.49,129.82,130.35,16893.452
2026-01-22 05:00:00+00:00,130.37,130.45,129.97,130.13,17052.158
2026-01-22 06:00:00+00:00,130.13,130.43,129.74,130.36,19727.082
2026-01-22 07:00:00+00:00,130.36,130.44,129.78,129.79,19859.514
2026-01-22 08:00:00+00:00,129.79,130.15,129.33,129.95,26381.917
2026-01-22 09:00:00+00:00,129.95,130.29,129.6,130.16,22629.424
2026-01-22 10:00:00+00:00,130.17,130.41,130.01,130.17,19818.054
2026-01-22 11:00:00+00:00,130.16,130.34,129.73,130.11,30247.406
2026-01-22 12:00:00+00:00,130.11,130.45,129.99,130.1,23508.34
2026-01-22 13:00:00+00:00,130.1,130.96,129.09,129.36,37351.139
2026-01-22 14:00:00+00:00,129.35,129.5,127.84,127.9,50640.522
2026-01-22 15:00:00+00:00,127.91,128.54,126.71,127.44,58742.233
2026-01-22 16:00:00+00:00,127.4,128.32,126.93,127.89,55824.339
2026-01-22 17:00:00+00:00,127.92,128.82,127.54,128.68,43528.496
2026-01-22 18:00:00+00:00,128.69,128.8,127.64,127.75,30827.486
2026-01-22 19:00:00+00:00,127.75,129.39,127.48,129.26,47674.738
2026-01-22 20:00:00+00:00,129.25,129.76,128.33,128.47,45542.369
2026-01-22 21:00:00+00:00,128.5,129.06,128.2,128.3,34296.561
2026-01-22 22:00:00+00:00,128.32,128.75,128.01,128.72,24638.86
2026-01-22 23:00:00+00:00,128.68,128.72,128.11,128.48,18975.737
2026-01-23 00:00:00+00:00,128.49,128.54,128.09,128.35,17673.983
2026-01-23 01:00:00+00:00,128.35,128.94,128.29,128.93,26804.747
2026-01-23 02:00:00+00:00,128.9,128.97,128.17,128.18,23797.609
2026-01-23 03:00:00+00:00,128.17,128.77,128.14,128.76,23899.046
2026-01-23 04:00:00+00:00,128.77,129.29,128.62,129.12,37554.046
2026-01-23 05:00:00+00:00,129.13,129.13,128.38,128.69,24856.426
2026-01-23 06:00:00+00:00,128.67,129.14,127.24,127.49,53768.007
2026-01-23 07:00:00+00:00,127.52,128.09,127.49,127.92,32815.495
2026-01-23 08:00:00+00:00,127.93,128.01,126.99,127.13,26140.491
2026-01-23 09:00:00+00:00,127.12,127.4,126.96,127.09,28957.861
2026-01-23 10:00:00+00:00,127.09,127.49,127.03,127.28,20789.03
2026-01-23 11:00:00+00:00,127.29,127.76,127.24,127.53,16373.59
2026-01-23 12:00:00+00:00,127.54,127.54,127.17,127.2,15650.829
2026-01-23 13:00:00+00:00,127.2,127.41,126.76,126.85,24545.028
2026-01-23 14:00:00+00:00,126.85,127.38,125.3,126.13,52999.635
2026-01-23 15:00:00+00:00,126.18,128.12,125.53,127.91,40954.055
2026-01-23 16:00:00+00:00,127.91,129.18,127.46,128.45,70154.556
2026-01-23 17:00:00+00:00,128.45,130.19,127.88,128.44,54452.02
2026-01-23 18:00:00+00:00,128.45,129.55,128.27,129.06,29626.526
2026-01-23 19:00:00+00:00,129.06,129.14,127.78,128.08,39588.121
2026-01-23 20:00:00+00:00,128.08,128.27,126.55,126.98,31708.592
2026-01-23 21:00:00+00:00,126.96,127.56,126.88,127.15,21276.633
2026-01-23 22:00:00+00:00,127.12,127.89,127.11,127.67,18903.184
2026-01-23 23:00:00+00:00,127.66,127.66,127.27,127.44,15457.178
2026-01-24 00:00:00+00:00,127.45,127.75,127.38,127.4,16024.397
2026-01-24 01:00:00+00:00,127.4,127.57,127.29,127.55,11643.269
2026-01-24 02:00:00+00:00,127.56,127.79,127.45,127.7,34918.104
2026-01-24 03:00:00+00:00,127.71,128.12,127.56,127.91,18094.262
2026-01-24 04:00:00+00:00,127.91,128.11,127.7,127.84,20295.411
2026-01-24 05:00:00+00:00,127.86,127.9,127.62,127.8,16056.919
2026-01-24 06:00:00+00:00,127.81,127.85,127.52,127.63,16536.274
2026-01-24 07:00:00+00:00,127.64,127.67,127.03,127.13,38575.638
2026-01-24 08:00:00+00:00,127.14,127.4,127.01,127.38,23654.809
2026-01-24 09:00:00+00:00,127.38,127.38,127.01,127.1,15528.113
2026-01-24 10:00:00+00:00,127.11,127.25,126.95,127.18,15648.166
2026-01-24 11:00:00+00:00,127.19,127.37,127.13,127.18,11549.861
2026-01-24 12:00:00+00:00,127.19,127.38,127.1,127.3,12942.145
2026-01-24 13:00:00+00:00,127.31,127.31,126.94,126.94,13026.091
2026-01-24 14:00:00+00:00,126.94,127.28,126.83,127.17,19568.414
2026-01-24 15:00:00+00:00,127.18,127.42,126.81,126.85,18369.964
2026-01-24 16:00:00+00:00,126.85,127.13,126.66,127.01,26336.827
2026-01-24 17:00:00+00:00,127.01,127.29,126.96,127.26,18118.395
2026-01-24 18:00:00+00:00,127.26,127.47,127.16,127.38,17868.873
2026-01-24 19:00:00+00:00,127.39,127.5,127.26,127.29,30360.916
2026-01-24 20:00:00+00:00,127.3,127.51,127.25,127.29,14195.248
2026-01-24 21:00:00+00:00,127.3,127.35,127.11,127.16,17511.588
2026-01-24 22:00:00+00:00,127.16,127.72,127.15,127.67,22858.217
2026-01-24 23:00:00+00:00,127.67,127.76,127.19,127.2,16523.302
2026-01-25 00:00:00+00:00,127.21,127.51,126.86,127.34,29222.139
2026-01-25 01:00:00+00:00,127.35,127.44,126.98,127.17,20623.263
2026-01-25 02:00:00+00:00,127.17,127.44,126.95,127.07,17037.425
2026-01-25 03:00:00+00:00,127.07,127.14,126.34,126.65,35508.074
2026-01-25 04:00:00+00:00,126.65,127.01,126.5,126.8,17188.368
2026-01-25 05:00:00+00:00,126.79,126.96,126.64,126.93,17948.189
2026-01-25 06:00:00+00:00,126.94,126.94,126.42,126.72,17994.095
2026-01-25 07:00:00+00:00,126.72,126.72,126.36,126.48,15468.101
2026-01-25 08:00:00+00:00,126.49,126.83,125.99,126.24,37752.989
2026-01-25 09:00:00+00:00,126.24,126.9,126.14,126.71,33552.77
2026-01-25 10:00:00+00:00,126.71,127.19,126.62,126.95,22629.298
2026-01-25 11:00:00+00:00,126.96,126.99,126.57,126.79,14470.597
2026-01-25 12:00:00+00:00,126.78,127.05,126.6,127.03,21865.505
2026-01-25 13:00:00+00:00,127.04,127.12,126.5,126.98,24228.757
2026-01-25 14:00:00+00:00,126.99,126.99,125.68,126.1,34288.668
2026-01-25 15:00:00+00:00,126.09,126.32,125.48,125.6,30680.909
2026-01-25 16:00:00+00:00,125.6,125.6,122.22,122.78,125105.839
2026-01-25 17:00:00+00:00,122.76,122.99,121.61,122.23,55482.477
2026-01-25 18:00:00+00:00,122.23,122.34,120.74,121.7,56451.217
2026-01-25 19:00:00+00:00,121.7,121.87,117.2,117.96,116785.289
2026-01-25 20:00:00+00:00,117.96,118.68,117.43,118.33,87735.833
2026-01-25 21:00:00+00:00,118.33,118.95,117.63,118.84,65127.335
2026-01-25 22:00:00+00:00,118.84,118.84,117.91,118.42,32979.238
2026-01-25 23:00:00+00:00,118.43,119.43,117.55,118.87,52411.384
2026-01-26 00:00:00+00:00,118.87,119.8,118.55,119.66,40655.605
2026-01-26 01:00:00+00:00,119.66,122.77,119.58,122.38,49325.016
2026-01-26 02:00:00+00:00,122.41,122.67,121.28,122.04,42081.039
2026-01-26 03:00:00+00:00,122.04,122.33,121.11,121.56,34945.977
2026-01-26 04:00:00+00:00,121.57,123.6,121.57,122.56,42813.845
2026-01-26 05:00:00+00:00,122.58,122.9,122.42,122.46,22391.578
2026-01-26 06:00:00+00:00,122.47,122.78,122.19,122.49,26083.124
2026-01-26 07:00:00+00:00,122.49,123.01,122.24,122.9,28036.173
2026-01-26 08:00:00+00:00,122.91,123.59,122.28,122.71,33805.602
2026-01-26 09:00:00+00:00,122.71,122.73,121.78,121.93,33471.633
2026-01-26 10:00:00+00:00,121.94,122.69,121.93,122.46,23967.356
2026-01-26 11:00:00+00:00,122.46,122.7,122.41,122.51,15016.165
2026-01-26 12:00:00+00:00,122.51,122.98,122.37,122.67,24175.86
2026-01-26 13:00:00+00:00,122.68,123.27,122.53,123.16,28232.729
2026-01-26 14:00:00+00:00,123.16,124.28,122.65,123.79,50137.701
2026-01-26 15:00:00+00:00,123.79,125.2,123.05,123.53,55931.165
2026-01-26 16:00:00+00:00,123.53,124.87,123.18,124.29,38099.278
2026-01-26 17:00:00+00:00,124.3,124.68,123.04,124.3,35132.102
2026-01-26 18:00:00+00:00,124.29,125.59,123.97,124.91,39509.799
2026-01-26 19:00:00+00:00,124.91,125.14,124.17,124.31,26058.277
2026-01-26 20:00:00+00:00,124.31,124.46,123.39,123.69,24989.041
2026-01-26 21:00:00+00:00,123.7,124.81,123.52,124.51,34161.623
2026-01-26 22:00:00+00:00,124.51,124.88,124.24,124.54,11893.96
2026-01-26 23:00:00+00:00,124.52,124.86,124.14,124.22,6138.705
2026-01-27 00:00:00+00:00,124.23,124.4,123.89,124.1,13318.835
2026-01-27 01:00:00+00:00,124.06,124.59,123.73,124.33,30830.403
2026-01-27 02:00:00+00:00,124.34,125.14,124.34,125.04,26049.914
2026-01-27 03:00:00+00:00,125.04,125.17,124.4,124.53,24092.871
2026-01-27 04:00:00+00:00,124.53,125.14,124.26,124.43,19709.45
2026-01-27 05:00:00+00:00,124.45,124.52,124.16,124.48,19505.417
2026-01-27 06:00:00+00:00,124.48,124.73,124.01,124.21,17531.555
2026-01-27 07:00:00+00:00,124.22,124.71,124.11,124.52,28031.236
2026-01-27 08:00:00+00:00,124.53,124.8,124.03,124.09,29408.131
2026-01-27 09:00:00+00:00,124.09,124.09,123.59,123.75,38638.865
2026-01-27 10:00:00+00:00,123.75,124.14,123.7,123.71,17167.971
2026-01-27 11:00:00+00:00,123.72,124.26,123.61,124.13,18745.755
2026-01-27 12:00:00+00:00,124.12,124.33,123.84,123.89,19320.778
2026-01-27 13:00:00+00:00,123.9,123.92,123.13,123.2,23119.782
2026-01-27 14:00:00+00:00,123.19,124.53,123.18,123.65,46596.154
2026-01-27 15:00:00+00:00,123.67,125.05,123.46,125.01,44828.951
2026-01-27 16:00:00+00:00,125.01,126.79,125.0,126.32,60788.173
2026-01-27 17:00:00+00:00,126.3,126.34,123.54,124.04,52343.771
2026-01-27 18:00:00+00:00,124.05,126.3,123.83,125.81,38596.728
2026-01-27 19:00:00+00:00,125.82,126.28,125.41,125.84,37779.534
2026-01-27 20:00:00+00:00,125.84,127.52,125.73,127.37,47409.136
2026-01-27 21:00:00+00:00,127.37,127.83,126.93,127.07,40094.171
2026-01-27 22:00:00+00:00,127.06,127.79,127.0,127.61,26198.789
2026-01-27 23:00:00+00:00,127.67,127.67,127.12,127.19,24521.661
2026-01-28 00:00:00+00:00,127.19,127.32,126.65,127.24,24366.251
2026-01-28 01:00:00+00:00,127.26,127.53,126.7,127.08,30835.819
2026-01-28 02:00:00+00:00,127.08,127.4,126.7,127.07,19362.618
2026-01-28 03:00:00+00:00,127.08,127.25,126.72,126.97,18242.605
2026-01-28 04:00:00+00:00,126.97,127.06,126.49,126.83,20251.747
2026-01-28 05:00:00+00:00,126.85,127.0,126.46,126.77,26163.49
2026-01-28 06:00:00+00:00,126.77,127.55,126.77,127.41,22091.372
2026-01-28 07:00:00+00:00,127.42,127.54,126.95,127.09,21545.374
2026-01-28 08:00:00+00:00,127.1,127.27,126.63,126.68,22350.882
2026-01-28 09:00:00+00:00,126.69,127.59,125.97,127.59,36266.909
2026-01-28 10:00:00+00:00,127.6,128.1,127.31,127.32,24289.566
2026-01-28 11:00:00+00:00,127.32,128.35,127.18,128.18,26998.136
2026-01-28 12:00:00+00:00,128.15,128.24,127.05,127.24,12879.977
2026-01-28 13:00:00+00:00,127.29,127.84,126.88,127.35,7081.523
2026-01-28 14:00:00+00:00,127.34,127.36,126.48,126.86,21664.822
2026-01-28 15:00:00+00:00,126.85,127.16,125.53,126.05,40000.71
2026-01-28 16:00:00+00:00,126.06,126.64,125.58,126.09,29937.158
2026-01-28 17:00:00+00:00,126.09,127.05,125.28,126.54,37848.491
2026-01-28 18:00:00+00:00,126.54,126.57,125.67,126.08,30906.868
2026-01-28 19:00:00+00:00,126.08,126.69,125.31,126.0,34927.265
2026-01-28 20:00:00+00:00,126.0,126.67,125.35,125.43,29388.998
2026-01-28 21:00:00+00:00,125.5,125.85,124.78,125.49,34539.485
2026-01-28 22:00:00+00:00,125.54,125.85,125.17,125.73,20256.88
2026-01-28 23:00:00+00:00,125.73,125.79,125.07,125.36,28447.586
2026-01-29 00:00:00+00:00,125.36,125.51,124.6,125.13,23178.822
2026-01-29 01:00:00+00:00,125.14,125.25,124.14,124.33,25184.205
2026-01-29 02:00:00+00:00,124.34,124.81,123.15,123.54,33763.443
2026-01-29 03:00:00+00:00,123.54,123.78,122.71,123.07,30391.427
2026-01-29 04:00:00+00:00,123.07,123.54,122.5,123.43,23155.027
2026-01-29 05:00:00+00:00,123.43,123.83,123.16,123.26,21424.904
2026-01-29 06:00:00+00:00,123.26,123.73,123.11,123.7,14614.334
2026-01-29 07:00:00+00:00,123.7,123.99,123.65,123.78,17841.755
2026-01-29 08:00:00+00:00,123.79,123.94,123.18,123.3,25297.021
2026-01-29 09:00:00+00:00,123.3,123.39,123.01,123.05,17642.036
2026-01-29 10:00:00+00:00,123.06,123.31,122.93,123.23,16705.021
2026-01-29 11:00:00+00:00,123.23,123.3,122.69,122.77,32624.532
2026-01-29 12:00:00+00:00,122.78,123.19,122.46,122.87,24739.895
2026-01-29 13:00:00+00:00,122.87,123.16,122.69,122.91,22776.868
2026-01-29 14:00:00+00:00,122.92,123.09,120.35,120.36,43593.33
2026-01-29 15:00:00+00:00,120.4,120.46,116.16,117.69,113868.147
2026-01-29 16:00:00+00:00,117.69,118.99,116.78,118.97,49302.803
2026-01-29 17:00:00+00:00,118.97,119.97,117.69,117.91,54662.259
2026-01-29 18:00:00+00:00,117.92,118.19,115.42,115.78,80472.831
2026-01-29 19:00:00+00:00,115.78,117.23,115.44,116.81,56458.964
2026-01-29 20:00:00+00:00,116.85,117.47,116.55,116.96,40018.3
2026-01-29 21:00:00+00:00,116.97,117.73,116.94,117.47,34063.44
2026-01-29 22:00:00+00:00,117.49,117.81,117.33,117.59,25556.556
2026-01-29 23:00:00+00:00,117.6,117.93,117.3,117.82,31035.663
2026-01-30 00:00:00+00:00,117.83,118.13,117.5,117.63,31200.065
2026-01-30 01:00:00+00:00,117.64,117.9,112.09,115.21,165015.591
2026-01-30 02:00:00+00:00,115.22,115.37,112.79,114.11,48780.733
2026-01-30 03:00:00+00:00,114.12,114.67,113.54,114.43,33353.796
2026-01-30 04:00:00+00:00,114.43,115.83,114.3,115.58,32183.607
2026-01-30 05:00:00+00:00,115.58,116.09,115.43,115.46,19585.353
2026-01-30 06:00:00+00:00,115.47,115.47,113.01,113.86,23413.772
2026-01-30 07:00:00+00:00,113.87,116.13,113.87,115.79,26855.646
2026-01-30 08:00:00+00:00,115.8,116.2,115.18,115.39,26139.204
2026-01-30 09:00:00+00:00,115.39,116.05,114.69,115.38,28622.773
2026-01-30 10:00:00+00:00,115.37,116.0,115.1,115.92,19611.747
2026-01-30 11:00:00+00:00,115.92,117.29,115.78,117.08,21224.769
2026-01-30 12:00:00+00:00,117.08,117.33,115.97,116.29,22435.062
2026-01-30 13:00:00+00:00,116.29,116.4,115.2,115.81,31894.834
2026-01-30 14:00:00+00:00,115.81,117.64,115.8,116.36,28429.806
2026-01-30 15:00:00+00:00,116.37,117.15,114.58,116.83,21809.982
2026-01-30 16:00:00+00:00,116.8,117.99,116.21,117.13,23200.544
2026-01-30 17:00:00+00:00,117.13,117.76,116.55,116.64,19377.988
2026-01-30 18:00:00+00:00,116.65,118.6,114.33,118.09,43334.456
2026-01-30 19:00:00+00:00,118.09,119.12,118.09,118.3,37619.78
2026-01-30 20:00:00+00:00,118.3,118.46,116.52,116.98,35360.588
2026-01-30 21:00:00+00:00,117.02,118.0,116.86,117.4,25527.164
2026-01-30 22:00:00+00:00,117.4,117.57,116.59,117.38,20602.258
2026-01-30 23:00:00+00:00,117.39,117.64,116.9,117.6,22328.168
2026-01-31 00:00:00+00:00,117.62,117.99,117.39,117.55,24396.711
2026-01-31 01:00:00+00:00,117.55,118.38,117.55,118.18,28652.989
2026-01-31 02:00:00+00:00,118.18,118.55,117.59,118.32,31061.159
2026-01-31 03:00:00+00:00,118.33,118.64,118.19,118.38,29010.155
2026-01-31 04:00:00+00:00,118.38,118.86,118.27,118.45,27225.867
2026-01-31 05:00:00+00:00,118.45,118.78,118.03,118.63,26211.836
2026-01-31 06:00:00+00:00,118.63,118.79,117.91,118.55,36882.739
2026-01-31 07:00:00+00:00,118.56,118.62,117.2,117.38,25681.785
2026-01-31 08:00:00+00:00,117.38,117.55,114.32,115.62,67737.963
2026-01-31 09:00:00+00:00,115.67,116.84,115.41,116.36,27265.948
2026-01-31 10:00:00+00:00,116.37,116.93,116.05,116.79,20347.531
2026-01-31 11:00:00+00:00,116.8,116.8,115.98,116.06,24082.321
2026-01-31 12:00:00+00:00,116.06,116.18,115.04,115.19,22125.931
2026-01-31 13:00:00+00:00,115.2,115.24,113.62,114.15,31128.095
2026-01-31 14:00:00+00:00,114.14,114.43,108.25,109.14,88830.831
2026-01-31 15:00:00+00:00,109.12,110.18,108.4,108.63,35894.958
2026-01-31 16:00:00+00:00,108.66,109.81,105.64,106.28,67327.931
2026-01-31 17:00:00+00:00,106.28,106.7,100.3,103.32,135511.549
2026-01-31 18:00:00+00:00,103.3,103.88,96.52,101.94,138737.41
2026-01-31 19:00:00+00:00,101.93,103.45,101.48,101.71,72682.805
2026-01-31 20:00:00+00:00,101.75,102.52,100.36,101.96,84360.059
2026-01-31 21:00:00+00:00,101.95,103.77,101.29,103.47,72937.16
2026-01-31 22:00:00+00:00,103.5,104.36,103.3,104.08,56063.411
2026-01-31 23:00:00+00:00,104.06,106.53,103.84,105.54,60939.185
2026-02-01 00:00:00+00:00,105.55,106.4,105.3,105.66,39104.326
2026-02-01 01:00:00+00:00,105.66,105.79,104.23,104.98,32464.034
2026-02-01 02:00:00+00:00,105.0,105.95,104.76,105.55,31766.358
2026-02-01 03:00:00+00:00,105.56,105.67,104.53,104.97,25233.5
2026-02-01 04:00:00+00:00,104.98,105.5,104.78,105.18,21526.375
2026-02-01 05:00:00+00:00,105.23,105.67,104.48,104.69,30279.268
2026-02-01 06:00:00+00:00,104.69,105.44,104.52,105.08,23762.536
2026-02-01 07:00:00+00:00,105.08,106.02,103.98,105.2,33549.539
2026-02-01 08:00:00+00:00,105.21,106.05,104.81,105.52,26379.655
2026-02-01 09:00:00+00:00,105.53,105.93,104.97,105.8,27741.829
2026-02-01 10:00:00+00:00,105.8,105.86,103.59,103.75,38452.633
2026-02-01 11:00:00+00:00,103.75,105.4,103.75,105.05,33186.307
2026-02-01 12:00:00+00:00,105.05,105.18,104.13,105.07,31909.43
2026-02-01 13:00:00+00:00,105.04,106.68,104.07,104.43,36672.181
2026-02-01 14:00:00+00:00,104.44,104.78,101.75,102.92,45459.626
2026-02-01 15:00:00+00:00,102.97,102.97,100.21,101.66,34188.996
2026-02-01 16:00:00+00:00,101.7,102.88,100.94,101.73,24785.307
2026-02-01 17:00:00+00:00,101.73,102.49,101.12,102.42,19049.029
2026-02-01 18:00:00+00:00,102.43,104.27,102.43,103.45,26887.54
2026-02-01 19:00:00+00:00,103.44,103.76,101.56,101.94,19301.752
2026-02-01 20:00:00+00:00,101.94,102.86,100.21,101.58,23848.529
2026-02-01 21:00:00+00:00,101.58,101.7,100.11,100.83,19464.89
2026-02-01 22:00:00+00:00,100.85,102.85,100.81,101.78,24919.617
2026-02-01 23:00:00+00:00,101.78,102.05,98.04,100.76,63035.161
2026-02-02 00:00:00+00:00,100.78,102.91,99.67,102.27,37867.178978
2026-02-02 01:00:00+00:00,102.28,103.14,100.42,102.08,27653.099
2026-02-02 02:00:00+00:00,102.09,102.71,100.58,100.76,29102.45
2026-02-02 03:00:00+00:00,100.78,100.88,95.93,100.05,98984.365
2026-02-02 04:00:00+00:00,100.08,101.78,98.63,100.31,27968.563
2026-02-02 05:00:00+00:00,100.32,100.44,97.68,98.28,29702.7
2026-02-02 06:00:00+00:00,98.29,101.38,97.02,100.71,54439.058
2026-02-02 07:00:00+00:00,100.74,102.44,100.48,101.42,31655.381
2026-02-02 08:00:00+00:00,101.44,102.5,101.39,101.72,23821.875
2026-02-02 09:00:00+00:00,101.71,103.19,101.42,102.79,24533.459
2026-02-02 10:00:00+00:00,102.81,103.45,102.63,102.9,21063.5
2026-02-02 11:00:00+00:00,102.91,103.43,102.68,102.78,18374.692
2026-02-02 12:00:00+00:00,102.78,103.76,102.78,103.31,20821.737
2026-02-02 13:00:00+00:00,103.29,103.69,102.84,103.34,23355.343
2026-02-02 14:00:00+00:00,103.32,105.15,102.37,103.97,41084.315
2026-02-02 15:00:00+00:00,103.96,106.13,103.57,104.7,27943.449
2026-02-02 16:00:00+00:00,104.68,105.76,104.29,105.02,17233.041
2026-02-02 17:00:00+00:00,104.97,105.58,104.44,104.81,17434.565
2026-02-02 18:00:00+00:00,104.82,105.04,103.87,104.72,16638.241
2026-02-02 19:00:00+00:00,104.73,104.83,103.51,103.92,14729.999
2026-02-02 20:00:00+00:00,103.9,104.25,103.32,103.83,15866.701
2026-02-02 21:00:00+00:00,103.83,104.98,103.81,104.84,15207.871
2026-02-02 22:00:00+00:00,104.83,105.19,104.58,105.01,15856.603
2026-02-02 23:00:00+00:00,105.03,105.06,104.41,104.53,17536.276
2026-02-03 00:00:00+00:00,104.54,104.64,103.68,104.19,21238.29
2026-02-03 01:00:00+00:00,104.18,104.39,103.56,104.38,18873.252
2026-02-03 02:00:00+00:00,104.4,104.4,102.35,102.45,20134.564
2026-02-03 03:00:00+00:00,102.45,104.42,102.2,104.17,25458.586
2026-02-03 04:00:00+00:00,104.17,105.1,103.87,104.68,20164.763
2026-02-03 05:00:00+00:00,104.69,104.74,103.66,103.71,21128.043
2026-02-03 06:00:00+00:00,103.72,104.09,102.98,103.98,24484.007
2026-02-03 07:00:00+00:00,103.99,104.92,103.77,104.7,17310.777
2026-02-03 08:00:00+00:00,104.7,105.02,104.07,104.12,20176.904
2026-02-03 09:00:00+00:00,104.12,104.2,102.53,103.13,36310.933
2026-02-03 10:00:00+00:00,103.13,103.33,102.5,102.89,21653.536
2026-02-03 11:00:00+00:00,102.9,103.44,102.85,103.01,22075.136
2026-02-03 12:00:00+00:00,103.01,103.36,102.52,103.13,23027.022
2026-02-03 13:00:00+00:00,103.13,103.56,102.74,103.41,20878.481
2026-02-03 14:00:00+00:00,103.42,103.63,100.73,100.84,28650.948
2026-02-03 15:00:00+00:00,100.83,102.75,100.41,102.55,58449.506
2026-02-03 16:00:00+00:00,102.56,102.57,99.94,100.71,47242.942
2026-02-03 17:00:00+00:00,100.72,100.96,99.01,99.06,29958.738
2026-02-03 18:00:00+00:00,99.11,99.43,96.64,96.83,56555.517
2026-02-03 19:00:00+00:00,96.8,100.1,96.7,99.03,40117.996
2026-02-03 20:00:00+00:00,99.02,102.1,98.31,101.12,55888.612
2026-02-03 21:00:00+00:00,101.14,101.83,100.0,100.2,24420.515
2026-02-03 22:00:00+00:00,100.21,100.28,98.16,98.48,20630.379
2026-02-03 23:00:00+00:00,98.45,98.59,97.21,97.91,35421.022
2026-02-04 00:00:00+00:00,97.91,98.8,97.17,97.99,26563.164
2026-02-04 01:00:00+00:00,97.99,99.66,97.99,99.11,28135.454
2026-02-04 02:00:00+00:00,99.11,99.19,97.42,97.94,24765.159
2026-02-04 03:00:00+00:00,97.93,99.62,97.93,99.12,24771.531
2026-02-04 04:00:00+00:00,99.12,99.34,98.06,98.1,14369.212
2026-02-04 05:00:00+00:00,98.1,98.45,96.47,96.99,13190.904
2026-02-04 06:00:00+00:00,96.97,98.79,96.75,98.25,29808.176
2026-02-04 07:00:00+00:00,98.25,98.25,97.4,97.93,28693.095
2026-02-04 08:00:00+00:00,97.93,97.96,96.8,97.74,15998.426
2026-02-04 09:00:00+00:00,97.73,97.76,96.77,97.15,17572.601
2026-02-04 10:00:00+00:00,97.16,97.3,96.77,97.04,18468.559
2026-02-04 11:00:00+00:00,97.04,97.08,94.7,96.11,47834.052
2026-02-04 12:00:00+00:00,96.13,96.73,95.86,96.49,14787.536
2026-02-04 13:00:00+00:00,96.49,96.49,94.19,94.4,24211.721
2026-02-04 14:00:00+00:00,94.39,95.02,92.96,93.13,35470.077
2026-02-04 15:00:00+00:00,93.08,94.21,91.31,92.79,45850.222
2026-02-04 16:00:00+00:00,92.78,93.12,90.96,92.0,30909.574
2026-02-04 17:00:00+00:00,91.99,92.63,90.0,91.45,29850.752
2026-02-04 18:00:00+00:00,91.44,93.23,90.34,92.32,37597.198
2026-02-04 19:00:00+00:00,92.31,94.7,92.3,94.37,26313.485
2026-02-04 20:00:00+00:00,94.37,94.51,93.0,93.25,42940.624
2026-02-04 21:00:00+00:00,93.24,93.39,90.72,91.33,85956.208
2026-02-04 22:00:00+00:00,91.32,92.9,89.32,90.84,53598.933
2026-02-04 23:00:00+00:00,90.83,92.94,90.27,92.13,34983.6
2026-02-05 00:00:00+00:00,92.12,92.77,91.39,91.78,45315.666
2026-02-05 01:00:00+00:00,91.78,92.91,90.54,91.93,57940.756
2026-02-05 02:00:00+00:00,91.94,92.71,90.7,90.93,61461.958
2026-02-05 03:00:00+00:00,90.92,91.69,90.26,91.15,40743.3033552
2026-02-05 04:00:00+00:00,91.16,91.92,90.31,91.13,44369.398
2026-02-05 05:00:00+00:00,91.13,92.1,89.92,91.16,52617.854
2026-02-05 06:00:00+00:00,91.17,91.25,89.72,90.22,36640.874979
2026-02-05 07:00:00+00:00,90.21,91.66,90.17,90.53,26033.769
2026-02-05 08:00:00+00:00,90.57,92.45,90.57,91.78,25477.963
2026-02-05 09:00:00+00:00,91.8,93.41,91.75,92.5,31671.444
2026-02-05 10:00:00+00:00,92.5,92.64,89.8,90.3,29600.462
2026-02-05 11:00:00+00:00,90.3,90.82,88.66,89.98,44912.203
2026-02-05 12:00:00+00:00,89.99,90.76,88.7,89.51,35238.765
2026-02-05 13:00:00+00:00,89.5,90.07,88.21,88.47,32193.057
2026-02-05 14:00:00+00:00,88.49,91.4,88.31,88.61,46938.569
2026-02-05 15:00:00+00:00,88.6,88.99,83.45,84.59,136387.286
2026-02-05 16:00:00+00:00,84.6,86.2,83.67,85.54,56275.736
2026-02-05 17:00:00+00:00,85.59,85.71,82.4,82.69,65922.1729
2026-02-05 18:00:00+00:00,82.7,83.33,81.22,82.97,51264.298
2026-02-05 19:00:00+00:00,82.96,83.32,81.4,81.69,22441.937
2026-02-05 20:00:00+00:00,81.68,82.28,77.69,78.84,97407.0746
2026-02-05 21:00:00+00:00,78.83,81.19,78.37,79.0,51699.698
2026-02-05 22:00:00+00:00,79.03,80.67,77.57,79.8,64500.614
2026-02-05 23:00:00+00:00,79.81,81.64,78.09,78.35,56261.589
2026-02-06 00:00:00+00:00,78.35,78.8,67.14,75.51,311393.292
2026-02-06 01:00:00+00:00,75.51,79.78,75.49,79.56,56116.231
2026-02-06 02:00:00+00:00,79.59,80.29,76.4,76.95,66457.637
2026-02-06 03:00:00+00:00,76.98,77.39,75.73,76.71,37646.028
2026-02-06 04:00:00+00:00,76.71,78.02,76.22,77.77,47669.088
2026-02-06 05:00:00+00:00,77.76,81.65,77.57,81.15,54563.668
2026-02-06 06:00:00+00:00,81.16,81.57,79.39,79.49,42379.812
2026-02-06 07:00:00+00:00,79.49,80.65,78.75,79.59,45591.785
2026-02-06 08:00:00+00:00,79.58,80.23,78.66,79.07,52932.676
2026-02-06 09:00:00+00:00,79.07,81.67,78.94,81.31,36735.647
2026-02-06 10:00:00+00:00,81.33,82.04,80.75,80.82,33033.503
2026-02-06 11:00:00+00:00,80.81,81.73,80.46,81.37,47936.229
2026-02-06 12:00:00+00:00,81.35,81.96,80.86,81.88,54422.461
2026-02-06 13:00:00+00:00,81.9,83.84,81.69,83.11,80248.612
2026-02-06 14:00:00+00:00,83.11,85.19,81.89,84.17,90767.382
2026-02-06 15:00:00+00:00,84.17,85.05,83.41,84.47,64162.59
2026-02-06 16:00:00+00:00,84.45,87.22,83.71,86.75,58253.457
2026-02-06 17:00:00+00:00,86.74,88.7,86.18,86.72,56741.639
2026-02-06 18:00:00+00:00,86.73,86.87,85.23,86.17,67156.144
2026-02-06 19:00:00+00:00,86.17,87.46,85.58,87.08,47187.16
2026-02-06 20:00:00+00:00,87.1,87.98,86.63,86.9,44581.927
2026-02-06 21:00:00+00:00,86.94,88.19,86.59,88.06,40827.046
2026-02-06 22:00:00+00:00,88.07,89.83,87.95,89.19,44448.02
2026-02-06 23:00:00+00:00,89.17,89.6,87.36,87.47,55327.917
2026-02-07 00:00:00+00:00,87.47,87.48,86.13,86.57,60798.779
2026-02-07 01:00:00+00:00,86.56,87.5,85.92,87.13,57614.553
2026-02-07 02:00:00+00:00,87.13,87.59,86.81,87.34,43362.08
2026-02-07 03:00:00+00:00,87.35,88.39,87.25,88.1,47733.773
2026-02-07 04:00:00+00:00,88.09,89.04,87.3,87.72,35938.085
2026-02-07 05:00:00+00:00,87.73,88.64,87.58,87.82,34097.594
2026-02-07 06:00:00+00:00,87.81,88.24,86.23,86.25,36930.384
2026-02-07 07:00:00+00:00,86.27,86.64,84.2,85.3,54504.778
2026-02-07 08:00:00+00:00,85.31,85.72,84.77,85.35,45952.982
2026-02-07 09:00:00+00:00,85.35,85.72,84.82,85.24,41879.008
2026-02-07 10:00:00+00:00,85.23,85.5,84.52,85.0,36176.608
2026-02-07 11:00:00+00:00,85.0,85.2,84.59,84.92,34418.296
2026-02-07 12:00:00+00:00,84.92,87.19,84.86,86.21,53948.291
2026-02-07 13:00:00+00:00,86.23,86.64,85.57,86.13,32097.961
2026-02-07 14:00:00+00:00,86.13,86.59,85.51,85.75,38674.259
2026-02-07 15:00:00+00:00,85.77,86.95,85.66,86.55,51220.88
2026-02-07 16:00:00+00:00,86.56,88.17,86.16,87.06,181760.981
2026-02-07 17:00:00+00:00,87.06,87.7,86.49,87.66,27724.406
2026-02-07 18:00:00+00:00,87.62,89.19,87.47,88.73,31545.144
2026-02-07 19:00:00+00:00,88.73,88.79,88.04,88.3,32519.471
2026-02-07 20:00:00+00:00,88.28,89.21,88.02,88.91,30726.124
2026-02-07 21:00:00+00:00,88.91,89.18,88.13,88.21,28465.381
2026-02-07 22:00:00+00:00,88.21,88.76,88.18,88.26,21227.441
2026-02-07 23:00:00+00:00,88.27,88.33,86.85,87.58,18015.512
2026-02-08 00:00:00+00:00,87.59,87.67,87.1,87.36,17155.832
2026-02-08 01:00:00+00:00,87.36,88.0,87.32,87.89,14678.354
2026-02-08 02:00:00+00:00,87.89,88.22,86.95,87.27,17484.327
2026-02-08 03:00:00+00:00,87.27,87.53,86.72,86.81,16889.291
2026-02-08 04:00:00+00:00,86.82,87.41,86.62,87.41,18201.799
2026-02-08 05:00:00+00:00,87.41,87.55,87.05,87.28,17280.772
2026-02-08 06:00:00+00:00,87.28,87.5,86.93,87.15,23655.86
2026-02-08 07:00:00+00:00,87.17,87.4,86.69,87.4,29408.247
2026-02-08 08:00:00+00:00,87.41,88.82,86.94,88.64,22361.074
2026-02-08 09:00:00+00:00,88.65,88.98,87.54,87.61,19985.767
2026-02-08 10:00:00+00:00,87.61,88.12,86.45,86.9,23160.802
2026-02-08 11:00:00+00:00,86.9,88.31,86.75,88.25,21057.609
2026-02-08 12:00:00+00:00,88.26,88.37,87.7,88.17,21259.751
2026-02-08 13:00:00+00:00,88.15,88.87,87.72,88.59,30015.564
2026-02-08 14:00:00+00:00,88.59,88.74,88.04,88.43,22380.464
2026-02-08 15:00:00+00:00,88.43,88.76,87.37,87.78,23591.89
2026-02-08 16:00:00+00:00,87.78,87.9,85.78,86.23,25229.404
2026-02-08 17:00:00+00:00,86.22,87.12,86.18,86.95,18551.59
2026-02-08 18:00:00+00:00,86.96,88.61,86.93,87.85,18384.489
2026-02-08 19:00:00+00:00,87.86,88.59,87.82,88.39,20173.324
2026-02-08 20:00:00+00:00,88.4,88.42,86.77,86.89,17453.519
2026-02-08 21:00:00+00:00,86.9,87.35,86.24,86.61,19285.031
2026-02-08 22:00:00+00:00,86.61,87.27,86.46,87.14,17601.596
2026-02-08 23:00:00+00:00,87.13,89.08,86.07,86.98,37633.901
2026-02-09 00:00:00+00:00,86.99,87.45,86.4,87.07,11588.671
2026-02-09 01:00:00+00:00,87.05,87.97,85.78,86.41,26036.788
2026-02-09 02:00:00+00:00,86.42,87.84,86.2,87.03,18168.902
2026-02-09 03:00:00+00:00,87.03,87.91,86.84,87.68,18382.974
2026-02-09 04:00:00+00:00,87.67,87.72,86.97,87.11,17375.545
2026-02-09 05:00:00+00:00,87.11,87.44,86.88,87.25,16246.276
2026-02-09 06:00:00+00:00,87.25,87.25,85.96,86.45,19170.965
2026-02-09 07:00:00+00:00,86.45,86.57,85.21,85.49,27026.415
2026-02-09 08:00:00+00:00,85.5,85.63,83.88,84.59,24901.771
2026-02-09 09:00:00+00:00,84.58,84.91,83.95,84.32,30536.311
2026-02-09 10:00:00+00:00,84.32,84.48,82.88,83.23,30551.309
2026-02-09 11:00:00+00:00,83.24,83.73,83.23,83.49,25358.657
2026-02-09 12:00:00+00:00,83.49,84.38,83.45,84.06,18446.247
2026-02-09 13:00:00+00:00,84.06,84.61,83.75,83.77,19240.821
2026-02-09 14:00:00+00:00,83.77,85.24,83.58,84.98,25698.484
2026-02-09 15:00:00+00:00,84.97,85.79,84.33,85.3,28920.157
2026-02-09 16:00:00+00:00,85.29,86.86,84.82,86.1,18352.311
2026-02-09 17:00:00+00:00,86.11,88.09,85.66,87.79,29761.657
2026-02-09 18:00:00+00:00,87.78,88.71,87.08,87.5,22927.135
2026-02-09 19:00:00+00:00,87.51,88.24,87.15,87.98,13682.782
2026-02-09 20:00:00+00:00,87.97,88.32,87.22,87.78,13712.957
2026-02-09 21:00:00+00:00,87.82,87.89,86.55,87.35,20057.383
2026-02-09 22:00:00+00:00,87.35,87.59,86.97,87.11,14292.69
2026-02-09 23:00:00+00:00,87.11,87.4,86.64,86.78,14476.341
2026-02-10 00:00:00+00:00,86.78,86.93,86.3,86.41,16378.596
2026-02-10 01:00:00+00:00,86.42,87.49,86.39,87.27,14914.401
2026-02-10 02:00:00+00:00,87.28,87.32,86.43,86.66,14924.035
2026-02-10 03:00:00+00:00,86.68,86.84,85.28,85.86,21342.002
2026-02-10 04:00:00+00:00,85.86,86.66,85.8,86.57,16301.858
2026-02-10 05:00:00+00:00,86.56,86.58,85.62,85.95,20463.994
2026-02-10 06:00:00+00:00,85.95,86.03,84.33,84.58,23577.808
2026-02-10 07:00:00+00:00,84.6,85.13,84.43,84.63,20184.743
2026-02-10 08:00:00+00:00,84.64,84.85,84.19,84.66,23245.18497
2026-02-10 09:00:00+00:00,84.66,85.08,84.28,84.57,25543.51
2026-02-10 10:00:00+00:00,84.58,84.75,84.2,84.23,20884.614
2026-02-10 11:00:00+00:00,84.24,84.61,83.77,83.85,29339.257
2026-02-10 12:00:00+00:00,83.85,84.35,83.69,83.97,26676.735
2026-02-10 13:00:00+00:00,83.97,84.78,83.68,84.66,25760.025
2026-02-10 14:00:00+00:00,84.66,85.23,83.21,83.75,27289.102
2026-02-10 15:00:00+00:00,83.73,84.56,83.44,84.31,26472.712
2026-02-10 16:00:00+00:00,84.31,84.92,83.79,84.46,22472.357
2026-02-10 17:00:00+00:00,84.45,85.14,84.2,84.91,25896.584
2026-02-10 18:00:00+00:00,84.91,84.97,82.71,82.94,30770.413
2026-02-10 19:00:00+00:00,82.93,83.51,82.46,83.09,29712.604
2026-02-10 20:00:00+00:00,83.08,83.23,82.3,82.64,26818.829
2026-02-10 21:00:00+00:00,82.63,82.94,81.93,82.45,23613.999
2026-02-10 22:00:00+00:00,82.46,82.98,82.36,82.61,22275.633
2026-02-10 23:00:00+00:00,82.57,83.0,82.36,83.0,24498.134
2026-02-11 00:00:00+00:00,83.0,83.72,82.93,83.48,20580.853
2026-02-11 01:00:00+00:00,83.48,83.78,83.2,83.76,18486.02
2026-02-11 02:00:00+00:00,83.77,84.38,83.54,83.55,27060.517
2026-02-11 03:00:00+00:00,83.55,83.86,82.6,83.34,31420.046
2026-02-11 04:00:00+00:00,83.34,83.53,81.72,81.96,28365.15
2026-02-11 05:00:00+00:00,81.98,82.39,81.73,81.91,25983.408
2026-02-11 06:00:00+00:00,81.91,81.98,80.59,80.86,29659.266
2026-02-11 07:00:00+00:00,80.88,81.36,80.28,81.01,23561.532
2026-02-11 08:00:00+00:00,81.02,81.19,80.56,81.09,23145.885
2026-02-11 09:00:00+00:00,81.09,81.29,80.67,80.79,19608.8
2026-02-11 10:00:00+00:00,80.8,80.99,80.4,80.7,22665.791
2026-02-11 11:00:00+00:00,80.69,81.47,80.67,81.25,23752.514
2026-02-11 12:00:00+00:00,81.25,81.47,80.95,81.18,28544.747
2026-02-11 13:00:00+00:00,81.19,81.82,80.69,81.63,29680.974
2026-02-11 14:00:00+00:00,81.66,83.2,79.77,79.94,46242.444
2026-02-11 15:00:00+00:00,79.96,80.34,78.58,79.73,36089.2
2026-02-11 16:00:00+00:00,79.7,80.91,78.72,78.73,27378.243
2026-02-11 17:00:00+00:00,78.74,80.04,78.04,79.0,16335.997
2026-02-11 18:00:00+00:00,79.01,79.99,78.54,79.82,14347.626
2026-02-11 19:00:00+00:00,79.81,80.33,79.3,79.73,23519.32
2026-02-11 20:00:00+00:00,79.73,80.0,78.99,79.64,14519.159
2026-02-11 21:00:00+00:00,79.66,81.12,79.65,80.17,25584.379
2026-02-11 22:00:00+00:00,80.17,80.24,79.48,79.5,17362.223
2026-02-11 23:00:00+00:00,79.51,79.73,78.77,79.31,32607.725
2026-02-12 00:00:00+00:00,79.31,80.23,79.29,79.98,23962.244
2026-02-12 01:00:00+00:00,79.98,80.79,79.98,80.42,31729.101
2026-02-12 02:00:00+00:00,80.42,80.73,79.94,80.32,34869.182
2026-02-12 03:00:00+00:00,80.33,80.67,80.09,80.63,25030.884
2026-02-12 04:00:00+00:00,80.63,80.97,80.29,80.31,30931.517
2026-02-12 05:00:00+00:00,80.32,80.61,79.47,80.57,31963.532
2026-02-12 06:00:00+00:00,80.58,80.99,80.37,80.58,19944.045
2026-02-12 07:00:00+00:00,80.58,80.91,80.29,80.76,22155.502
2026-02-12 08:00:00+00:00,80.78,80.91,80.32,80.77,20896.003
2026-02-12 09:00:00+00:00,80.77,81.91,80.57,81.8,30015.997
2026-02-12 10:00:00+00:00,81.8,82.23,81.36,82.19,20807.848
2026-02-12 11:00:00+00:00,82.19,82.25,81.7,81.87,39603.613
2026-02-12 12:00:00+00:00,81.87,81.97,80.86,81.09,34471.325
2026-02-12 13:00:00+00:00,81.09,82.13,80.71,81.96,31915.332
2026-02-12 14:00:00+00:00,81.96,82.0,81.02,81.22,16345.48
2026-02-12 15:00:00+00:00,81.15,81.52,80.1,80.13,18791.3
2026-02-12 16:00:00+00:00,80.14,80.22,78.18,78.3,18930.795
2026-02-12 17:00:00+00:00,78.31,78.68,77.52,77.89,34017.019
2026-02-12 18:00:00+00:00,77.92,78.47,77.2,77.6,26206.051
2026-02-12 19:00:00+00:00,77.6,78.61,77.03,77.62,32201.798
2026-02-12 20:00:00+00:00,77.63,77.92,76.6,76.92,20953.141
2026-02-12 21:00:00+00:00,76.95,77.56,76.93,77.33,18238.173
2026-02-12 22:00:00+00:00,77.32,78.11,76.98,78.09,24420.686
2026-02-12 23:00:00+00:00,78.11,78.51,77.81,78.4,25632.484
2026-02-13 00:00:00+00:00,78.41,78.73,77.54,78.03,21340.481
2026-02-13 01:00:00+00:00,78.03,78.84,78.03,78.59,18563.15
2026-02-13 02:00:00+00:00,78.6,79.31,78.45,79.13,23095.995
2026-02-13 03:00:00+00:00,79.16,79.48,78.82,79.04,27157.022
2026-02-13 04:00:00+00:00,79.05,79.26,78.47,78.51,31780.428
2026-02-13 05:00:00+00:00,78.52,78.76,78.17,78.29,22211.181
2026-02-13 06:00:00+00:00,78.3,78.65,77.86,78.62,19183.467
2026-02-13 07:00:00+00:00,78.63,79.23,78.54,79.0,20001.221
2026-02-13 08:00:00+00:00,79.0,79.91,78.86,79.72,18882.391
2026-02-13 09:00:00+00:00,79.72,79.96,79.42,79.88,21196.17
2026-02-13 10:00:00+00:00,79.91,80.61,79.78,80.36,13072.623
2026-02-13 11:00:00+00:00,80.37,80.4,79.79,80.3,10485.523
2026-02-13 12:00:00+00:00,80.32,80.32,79.88,79.97,14614.292
2026-02-13 13:00:00+00:00,79.98,80.88,79.74,80.28,32087.296
2026-02-13 14:00:00+00:00,80.28,81.95,79.86,81.3,39254.245
2026-02-13 15:00:00+00:00,81.35,84.33,81.09,83.2,31608.433
2026-02-13 16:00:00+00:00,83.21,85.0,82.93,84.22,28085.161
2026-02-13 17:00:00+00:00,84.23,84.71,83.57,84.34,24834.848
2026-02-13 18:00:00+00:00,84.37,85.6,84.12,85.38,24520.378
2026-02-13 19:00:00+00:00,85.39,85.62,84.55,84.65,21813.072
2026-02-13 20:00:00+00:00,84.66,85.05,84.18,84.79,22319.03
2026-02-13 21:00:00+00:00,84.77,85.18,84.57,84.85,20906.844
2026-02-13 22:00:00+00:00,84.86,84.92,84.46,84.67,19117.248
2026-02-13 23:00:00+00:00,84.65,84.67,84.14,84.33,20822.726
2026-02-14 00:00:00+00:00,84.34,85.09,84.22,84.97,24496.493
2026-02-14 01:00:00+00:00,84.95,85.2,84.8,85.0,22874.833
2026-02-14 02:00:00+00:00,85.0,85.01,84.61,84.9,18774.417
2026-02-14 03:00:00+00:00,84.9,85.3,84.82,85.08,22642.111
2026-02-14 04:00:00+00:00,85.08,85.1,84.8,84.82,12420.534
2026-02-14 05:00:00+00:00,84.81,85.04,84.62,84.63,14008.439
2026-02-14 06:00:00+00:00,84.63,84.93,84.35,84.86,17117.721
2026-02-14 07:00:00+00:00,84.86,85.26,84.77,85.18,23319.915
2026-02-14 08:00:00+00:00,85.19,86.41,85.16,86.21,30141.097
2026-02-14 09:00:00+00:00,86.22,86.37,85.87,86.03,28749.551
2026-02-14 10:00:00+00:00,86.03,86.03,85.74,85.84,18859.526
2026-02-14 11:00:00+00:00,85.84,87.32,85.83,87.29,32916.087
2026-02-14 12:00:00+00:00,87.28,87.3,86.26,86.4,27173.945
2026-02-14 13:00:00+00:00,86.41,86.88,86.02,86.44,24473.225
2026-02-14 14:00:00+00:00,86.44,87.5,86.37,87.24,23284.768
2026-02-14 15:00:00+00:00,87.25,87.69,87.11,87.43,25093.203
2026-02-14 16:00:00+00:00,87.44,88.24,87.01,88.12,30710.265
2026-02-14 17:00:00+00:00,88.12,88.46,87.83,88.05,25281.278
2026-02-14 18:00:00+00:00,88.06,88.27,87.79,88.01,25164.138
2026-02-14 19:00:00+00:00,88.02,88.32,87.56,88.2,21762.806
2026-02-14 20:00:00+00:00,88.21,88.43,87.68,88.16,28474.078
2026-02-14 21:00:00+00:00,88.15,88.43,87.3,88.07,45907.083
2026-02-14 22:00:00+00:00,88.07,88.89,87.91,88.5,36461.016
2026-02-14 23:00:00+00:00,88.5,88.89,88.04,88.06,19319.498
2026-02-15 00:00:00+00:00,88.07,88.42,87.81,88.18,22105.194
2026-02-15 01:00:00+00:00,88.19,88.72,87.6,88.28,23130.661
2026-02-15 02:00:00+00:00,88.26,88.5,87.5,88.01,22052.997
2026-02-15 03:00:00+00:00,88.01,88.77,87.34,88.6,20009.908
2026-02-15 04:00:00+00:00,88.6,89.79,88.39,88.79,31306.456
2026-02-15 05:00:00+00:00,88.78,90.05,88.75,89.68,19801.554
2026-02-15 06:00:00+00:00,89.68,90.14,89.34,89.61,14542.475
2026-02-15 07:00:00+00:00,89.61,90.98,89.39,90.72,22044.708
2026-02-15 08:00:00+00:00,90.74,91.24,89.24,89.67,25642.896
2026-02-15 09:00:00+00:00,89.66,90.52,89.47,90.0,19147.855
2026-02-15 10:00:00+00:00,90.01,90.11,89.11,89.54,21976.01
2026-02-15 11:00:00+00:00,89.54,89.83,89.02,89.17,15408.576
2026-02-15 12:00:00+00:00,89.18,89.63,87.32,87.32,25934.643
2026-02-15 13:00:00+00:00,87.34,88.37,86.81,86.95,35981.077
2026-02-15 14:00:00+00:00,86.94,87.6,86.67,87.34,27682.694
2026-02-15 15:00:00+00:00,87.34,87.66,86.94,87.41,18796.264
2026-02-15 16:00:00+00:00,87.41,87.66,86.73,87.56,20556.929
2026-02-15 17:00:00+00:00,87.58,87.86,85.74,86.42,27846.829
2026-02-15 18:00:00+00:00,86.42,86.85,86.01,86.23,18754.875
2026-02-15 19:00:00+00:00,86.21,86.34,85.21,85.34,20016.147
2026-02-15 20:00:00+00:00,85.35,85.98,84.91,85.86,16450.121
2026-02-15 21:00:00+00:00,85.89,86.44,85.87,86.18,22764.453
2026-02-15 22:00:00+00:00,86.18,86.7,86.06,86.36,20518.286
2026-02-15 23:00:00+00:00,86.36,86.36,85.1,86.13,21806.057
2026-02-16 00:00:00+00:00,86.15,86.49,85.63,86.17,23346.648
2026-02-16 01:00:00+00:00,86.18,86.62,85.39,85.75,25420.035
2026-02-16 02:00:00+00:00,85.76,86.2,85.23,85.39,18538.251
2026-02-16 03:00:00+00:00,85.42,85.55,84.85,85.15,19501.174
2026-02-16 04:00:00+00:00,85.15,85.81,85.09,85.8,14802.089
2026-02-16 05:00:00+00:00,85.8,85.9,84.47,84.69,25872.259
2026-02-16 06:00:00+00:00,84.69,85.2,84.53,85.05,17385.288
2026-02-16 07:00:00+00:00,85.05,85.51,84.8,85.05,22808.345
2026-02-16 08:00:00+00:00,85.06,85.48,85.04,85.39,18209.454
2026-02-16 09:00:00+00:00,85.4,86.26,85.4,86.0,19437.688
2026-02-16 10:00:00+00:00,85.99,86.03,85.62,85.75,15024.82
2026-02-16 11:00:00+00:00,85.76,85.97,84.51,85.51,23155.779
2026-02-16 12:00:00+00:00,85.52,86.41,85.28,86.2,21963.113
2026-02-16 13:00:00+00:00,86.2,86.93,83.88,84.19,44600.663
2026-02-16 14:00:00+00:00,84.15,84.67,83.5,84.05,31141.599
2026-02-16 15:00:00+00:00,84.05,84.56,82.58,83.2,23182.171
2026-02-16 16:00:00+00:00,83.22,84.1,83.1,83.99,26509.508
2026-02-16 17:00:00+00:00,83.98,84.81,83.9,84.53,18405.036
2026-02-16 18:00:00+00:00,84.52,85.15,84.5,84.53,15602.129
2026-02-16 19:00:00+00:00,84.53,85.11,84.25,84.62,15687.065
2026-02-16 20:00:00+00:00,84.62,85.47,84.48,85.36,21538.656
2026-02-16 21:00:00+00:00,85.37,86.11,85.11,86.02,16046.699
2026-02-16 22:00:00+00:00,86.02,86.23,85.62,85.71,23364.147
2026-02-16 23:00:00+00:00,85.7,86.66,85.67,86.44,21954.93
2026-02-17 00:00:00+00:00,86.46,87.14,86.29,86.61,19053.099
2026-02-17 01:00:00+00:00,86.65,87.07,86.12,86.2,20420.66
2026-02-17 02:00:00+00:00,86.18,87.68,85.77,87.3,19436.218
2026-02-17 03:00:00+00:00,87.31,87.36,86.33,86.37,19698.534
2026-02-17 04:00:00+00:00,86.38,86.66,85.93,86.37,22640.812
2026-02-17 05:00:00+00:00,86.37,86.48,85.46,86.22,19801.834
2026-02-17 06:00:00+00:00,86.22,86.79,86.22,86.5,18472.706
2026-02-17 07:00:00+00:00,86.49,86.54,85.94,86.48,20200.335
2026-02-17 08:00:00+00:00,86.48,86.75,85.92,85.97,20385.037
2026-02-17 09:00:00+00:00,85.97,86.19,85.68,85.94,15025.416
2026-02-17 10:00:00+00:00,85.94,86.05,84.89,85.05,17521.815
2026-02-17 11:00:00+00:00,85.04,85.32,84.75,85.11,27083.91
2026-02-17 12:00:00+00:00,85.11,85.58,84.55,84.63,22647.339
2026-02-17 13:00:00+00:00,84.64,85.52,84.4,84.99,25699.958
2026-02-17 14:00:00+00:00,84.99,85.44,83.0,83.25,27344.942
2026-02-17 15:00:00+00:00,83.22,83.9,82.93,83.81,22286.035
2026-02-17 16:00:00+00:00,83.82,85.46,83.72,84.17,19730.451
2026-02-17 17:00:00+00:00,84.17,84.32,83.14,83.71,19715.199
2026-02-17 18:00:00+00:00,83.72,85.43,83.57,85.1,18044.694
2026-02-17 19:00:00+00:00,85.12,85.75,84.65,84.88,20080.3
2026-02-17 20:00:00+00:00,84.86,85.26,84.53,84.98,18768.873
2026-02-17 21:00:00+00:00,84.97,85.44,84.84,85.23,14185.74
2026-02-17 22:00:00+00:00,85.23,85.44,84.97,85.05,16257.977
2026-02-17 23:00:00+00:00,85.04,85.34,84.91,85.08,22525.518
2026-02-18 00:00:00+00:00,85.08,85.49,84.81,84.87,20516.077
2026-02-18 01:00:00+00:00,84.88,84.98,83.95,84.26,23853.229
2026-02-18 02:00:00+00:00,84.26,84.98,84.24,84.65,13476.055
2026-02-18 03:00:00+00:00,84.66,85.45,84.55,85.33,17757.357
2026-02-18 04:00:00+00:00,85.32,85.54,84.97,85.14,14560.556
2026-02-18 05:00:00+00:00,85.16,85.25,84.76,84.89,13998.36
2026-02-18 06:00:00+00:00,84.9,85.31,84.81,84.91,11860.224
2026-02-18 07:00:00+00:00,84.92,85.43,84.69,85.28,14909.104
2026-02-18 08:00:00+00:00,85.28,86.07,85.24,85.45,20353.296
2026-02-18 09:00:00+00:00,85.46,85.74,85.32,85.32,16755.761
2026-02-18 10:00:00+00:00,85.33,85.39,84.19,84.27,19773.844
2026-02-18 11:00:00+00:00,84.27,84.27,82.84,82.85,25628.859
2026-02-18 12:00:00+00:00,82.87,83.35,82.36,83.0,23277.851
2026-02-18 13:00:00+00:00,83.01,83.28,82.32,82.63,21004.938
2026-02-18 14:00:00+00:00,82.63,82.89,81.73,82.57,23675.134
2026-02-18 15:00:00+00:00,82.56,84.01,82.52,83.02,25771.103
2026-02-18 16:00:00+00:00,83.01,83.1,82.05,82.29,18841.477
2026-02-18 17:00:00+00:00,82.3,82.98,82.1,82.18,19186.756
2026-02-18 18:00:00+00:00,82.19,82.36,80.97,81.31,22130.371
2026-02-18 19:00:00+00:00,81.29,81.6,80.49,80.93,23897.125
2026-02-18 20:00:00+00:00,80.95,81.59,80.88,81.31,16695.761
2026-02-18 21:00:00+00:00,81.32,81.63,81.01,81.27,19358.297
2026-02-18 22:00:00+00:00,81.28,81.55,81.07,81.45,15890.362
2026-02-18 23:00:00+00:00,81.48,81.64,81.25,81.61,12822.754
2026-02-19 00:00:00+00:00,81.62,81.72,81.27,81.51,12476.405
2026-02-19 01:00:00+00:00,81.51,82.07,81.5,81.89,18091.398
2026-02-19 02:00:00+00:00,81.9,82.05,81.34,81.67,19198.228
2026-02-19 03:00:00+00:00,81.67,81.94,81.44,81.77,13487.978
2026-02-19 04:00:00+00:00,81.78,82.01,81.48,81.5,19663.652
2026-02-19 05:00:00+00:00,81.51,81.97,81.39,81.89,23786.907
2026-02-19 06:00:00+00:00,81.89,82.49,81.83,82.37,17279.313
2026-02-19 07:00:00+00:00,82.37,82.68,82.08,82.41,27783.822
2026-02-19 08:00:00+00:00,82.41,82.41,81.57,81.73,22610.599
2026-02-19 09:00:00+00:00,81.74,82.01,81.14,81.2,19437.215
2026-02-19 10:00:00+00:00,81.21,81.81,80.92,81.53,22664.484
2026-02-19 11:00:00+00:00,81.53,81.88,81.12,81.25,21402.925
2026-02-19 12:00:00+00:00,81.25,81.32,80.69,80.81,23623.578
2026-02-19 13:00:00+00:00,80.81,80.92,79.63,80.0,38466.794
2026-02-19 14:00:00+00:00,80.0,81.31,79.94,80.78,22404.193
2026-02-19 15:00:00+00:00,80.8,81.28,79.98,80.64,22419.998
2026-02-19 16:00:00+00:00,80.63,80.97,79.92,80.77,20288.763
2026-02-19 17:00:00+00:00,80.81,81.94,80.23,80.48,22123.059
2026-02-19 18:00:00+00:00,80.46,82.04,80.4,81.98,16230.375
2026-02-19 19:00:00+00:00,81.99,82.19,81.06,81.95,19761.298
2026-02-19 20:00:00+00:00,81.94,82.37,81.68,82.1,28601.696
2026-02-19 21:00:00+00:00,82.09,82.18,81.82,82.07,20239.976
2026-02-19 22:00:00+00:00,82.06,82.53,81.92,82.34,23214.965
2026-02-19 23:00:00+00:00,82.34,82.56,82.13,82.5,17562.568
2026-02-20 00:00:00+00:00,82.5,83.54,82.33,82.94,25069.042
2026-02-20 01:00:00+00:00,82.92,83.16,82.71,83.02,27809.622
2026-02-20 02:00:00+00:00,83.03,83.33,82.82,82.92,23433.788
2026-02-20 03:00:00+00:00,82.91,83.36,82.84,83.03,28731.59
2026-02-20 04:00:00+00:00,83.04,83.1,82.4,82.69,23777.334
2026-02-20 05:00:00+00:00,82.69,83.74,82.5,83.27,31438.875
2026-02-20 06:00:00+00:00,83.28,83.72,83.15,83.71,26124.755
2026-02-20 07:00:00+00:00,83.71,83.91,83.4,83.46,26120.273
2026-02-20 08:00:00+00:00,83.45,83.8,83.3,83.65,19584.07
2026-02-20 09:00:00+00:00,83.66,84.5,83.65,84.2,29026.793
2026-02-20 10:00:00+00:00,84.2,84.83,84.05,84.09,24603.495
2026-02-20 11:00:00+00:00,84.1,84.26,83.34,83.57,29059.836
2026-02-20 12:00:00+00:00,83.58,84.02,83.37,83.71,24956.153
2026-02-20 13:00:00+00:00,83.72,83.72,81.78,82.22,35580.078
2026-02-20 14:00:00+00:00,82.19,83.39,82.12,83.06,28309.059
2026-02-20 15:00:00+00:00,83.07,84.81,82.67,84.38,47343.196
2026-02-20 16:00:00+00:00,84.38,84.95,83.75,84.5,23866.32
2026-02-20 17:00:00+00:00,84.5,84.59,82.83,84.5,25629.799
2026-02-20 18:00:00+00:00,84.49,85.48,83.98,85.24,26259.676
2026-02-20 19:00:00+00:00,85.24,85.36,84.37,84.77,23819.109
2026-02-20 20:00:00+00:00,84.77,85.22,84.43,84.62,22621.02
2026-02-20 21:00:00+00:00,84.62,84.76,84.32,84.55,25929.901
2026-02-20 22:00:00+00:00,84.54,84.76,84.11,84.59,28272.808
2026-02-20 23:00:00+00:00,84.57,84.73,84.3,84.67,19197.672
2026-02-21 00:00:00+00:00,84.68,84.76,84.35,84.43,14916.111
2026-02-21 01:00:00+00:00,84.44,84.85,84.44,84.68,16990.112
2026-02-21 02:00:00+00:00,84.69,85.03,84.54,84.83,12383.924
2026-02-21 03:00:00+00:00,84.83,84.85,84.23,84.35,21819.328
2026-02-21 04:00:00+00:00,84.36,84.51,84.15,84.42,16865.893
2026-02-21 05:00:00+00:00,84.42,84.58,84.38,84.48,12117.295
2026-02-21 06:00:00+00:00,84.48,84.78,84.05,84.13,21948.58
2026-02-21 07:00:00+00:00,84.12,84.32,83.96,84.24,19015.466
2026-02-21 08:00:00+00:00,84.24,84.74,84.2,84.72,17336.164
2026-02-21 09:00:00+00:00,84.73,85.21,84.67,84.92,29164.221
2026-02-21 10:00:00+00:00,84.92,85.28,84.89,85.15,15560.426
2026-02-21 11:00:00+00:00,85.15,85.69,85.15,85.39,25612.384
2026-02-21 12:00:00+00:00,85.39,85.53,85.0,85.32,10413.628
2026-02-21 13:00:00+00:00,85.32,85.99,85.18,85.86,4232.343
2026-02-21 14:00:00+00:00,85.86,86.69,85.63,86.33,34163.703
2026-02-21 15:00:00+00:00,86.32,86.73,86.19,86.58,27226.052
2026-02-21 16:00:00+00:00,86.59,86.67,85.88,86.15,21422.368
2026-02-21 17:00:00+00:00,86.14,86.45,85.83,86.24,18454.272
2026-02-21 18:00:00+00:00,86.24,86.72,86.18,86.56,18411.469
2026-02-21 19:00:00+00:00,86.56,86.69,86.19,86.22,13865.818
2026-02-21 20:00:00+00:00,86.22,86.22,85.28,85.48,27972.839
2026-02-21 21:00:00+00:00,85.48,85.85,85.43,85.84,18718.809
2026-02-21 22:00:00+00:00,85.84,85.89,85.38,85.47,24939.899
2026-02-21 23:00:00+00:00,85.47,85.56,85.16,85.18,15999.816
2026-02-22 00:00:00+00:00,85.18,85.22,84.77,85.07,18488.29
2026-02-22 01:00:00+00:00,85.08,85.43,85.06,85.32,18424.211
2026-02-22 02:00:00+00:00,85.32,85.59,84.86,84.97,20431.562
2026-02-22 03:00:00+00:00,84.97,85.17,84.73,85.08,24731.977
2026-02-22 04:00:00+00:00,85.08,85.35,84.97,85.16,13264.791
2026-02-22 05:00:00+00:00,85.16,85.21,84.8,84.98,14095.422
2026-02-22 06:00:00+00:00,84.98,85.33,84.97,85.3,17469.013
2026-02-22 07:00:00+00:00,85.3,85.57,85.13,85.24,18508.476
2026-02-22 08:00:00+00:00,85.25,85.27,84.86,84.96,17516.321
2026-02-22 09:00:00+00:00,84.97,85.18,84.95,85.02,15685.909
2026-02-22 10:00:00+00:00,85.03,85.29,84.99,85.22,22791.775
2026-02-22 11:00:00+00:00,85.22,85.46,85.17,85.27,21733.256
2026-02-22 12:00:00+00:00,85.27,85.32,84.34,84.47,33124.418
2026-02-22 13:00:00+00:00,84.47,84.62,83.71,83.98,40555.819
2026-02-22 14:00:00+00:00,83.99,84.06,83.41,83.65,25719.639
2026-02-22 15:00:00+00:00,83.65,83.72,83.01,83.5,35396.3
2026-02-22 16:00:00+00:00,83.5,83.62,83.2,83.58,17688.367
2026-02-22 17:00:00+00:00,83.58,83.59,82.83,83.05,25253.942
2026-02-22 18:00:00+00:00,83.06,83.29,82.97,83.22,14442.977
2026-02-22 19:00:00+00:00,83.22,83.41,83.03,83.29,11339.983
2026-02-22 20:00:00+00:00,83.3,83.36,82.96,83.01,16490.183
2026-02-22 21:00:00+00:00,83.03,83.57,83.03,83.51,16080.909
2026-02-22 22:00:00+00:00,83.51,83.69,83.09,83.56,20944.062
2026-02-22 23:00:00+00:00,83.59,83.65,82.49,82.79,26069.901
2026-02-23 00:00:00+00:00,82.8,82.85,81.32,81.37,22218.258
2026-02-23 01:00:00+00:00,81.38,81.38,77.5,77.96,91368.63
2026-02-23 02:00:00+00:00,77.96,78.44,77.54,77.86,30730.87
2026-02-23 03:00:00+00:00,77.87,78.31,77.28,77.65,33436.369
2026-02-23 04:00:00+00:00,77.66,77.74,77.16,77.39,26390.69
2026-02-23 05:00:00+00:00,77.39,78.07,77.34,77.85,32508.359
2026-02-23 06:00:00+00:00,77.85,79.16,77.69,79.08,38622.472
2026-02-23 07:00:00+00:00,79.09,79.68,78.93,79.41,32201.696
2026-02-23 08:00:00+00:00,79.4,79.41,78.54,78.78,31731.562
2026-02-23 09:00:00+00:00,78.78,80.54,78.78,80.45,32703.268
2026-02-23 10:00:00+00:00,80.46,80.68,80.11,80.26,24746.109
2026-02-23 11:00:00+00:00,80.27,80.54,79.97,80.06,24893.189
2026-02-23 12:00:00+00:00,80.06,80.98,79.87,80.72,23602.265
2026-02-23 13:00:00+00:00,80.72,81.11,80.43,80.52,32753.843
2026-02-23 14:00:00+00:00,80.53,80.79,79.43,80.13,35586.093
2026-02-23 15:00:00+00:00,80.15,80.33,79.22,79.42,23917.937
2026-02-23 16:00:00+00:00,79.41,79.79,78.64,78.97,22208.548
2026-02-23 17:00:00+00:00,78.99,79.13,77.26,78.31,24705.127
2026-02-23 18:00:00+00:00,78.33,79.3,78.03,78.62,20851.405
2026-02-23 19:00:00+00:00,78.63,78.91,77.99,78.28,23220.149
2026-02-23 20:00:00+00:00,78.29,78.53,77.85,78.32,21064.625
2026-02-23 21:00:00+00:00,78.3,78.71,78.17,78.38,24313.988
2026-02-23 22:00:00+00:00,78.38,78.92,78.25,78.25,26624.052
2026-02-23 23:00:00+00:00,78.26,78.54,77.64,77.91,24930.768
2026-02-24 00:00:00+00:00,77.91,78.52,77.91,78.46,29706.758
2026-02-24 01:00:00+00:00,78.45,78.46,75.73,77.66,66449.321
2026-02-24 02:00:00+00:00,77.68,78.42,77.52,77.65,27561.346
2026-02-24 03:00:00+00:00,77.63,77.63,76.5,76.88,35661.732
2026-02-24 04:00:00+00:00,76.89,77.07,76.11,76.85,30234.825
2026-02-24 05:00:00+00:00,76.86,77.33,76.22,76.64,45164.224
2026-02-24 06:00:00+00:00,76.64,76.94,76.39,76.59,28643.755
2026-02-24 07:00:00+00:00,76.6,77.21,76.5,76.85,33846.87
2026-02-24 08:00:00+00:00,76.85,77.2,76.5,77.04,26852.253
2026-02-24 09:00:00+00:00,77.04,77.14,76.0,76.65,29354.87
2026-02-24 10:00:00+00:00,76.66,76.83,76.41,76.76,19817.89447525
2026-02-24 11:00:00+00:00,76.77,76.9,76.49,76.78,21454.866
2026-02-24 12:00:00+00:00,76.78,77.04,76.51,76.6,22257.868
2026-02-24 13:00:00+00:00,76.62,76.8,76.03,76.56,33622.609
2026-02-24 14:00:00+00:00,76.56,77.42,75.65,76.87,37205.924
2026-02-24 15:00:00+00:00,76.9,77.48,76.6,77.3,29016.654
2026-02-24 16:00:00+00:00,77.3,78.25,77.23,78.14,28193.139
2026-02-24 17:00:00+00:00,78.16,78.49,77.8,77.97,33094.516
2026-02-24 18:00:00+00:00,77.97,78.32,77.57,78.2,28879.653
2026-02-24 19:00:00+00:00,78.2,78.51,77.9,78.38,24693.999
2026-02-24 20:00:00+00:00,78.39,78.89,78.34,78.68,23274.693
2026-02-24 21:00:00+00:00,78.66,78.73,78.13,78.54,26411.14
2026-02-24 22:00:00+00:00,78.55,79.38,78.45,79.07,23727.253
2026-02-24 23:00:00+00:00,79.08,79.62,78.66,78.98,33320.105
2026-02-25 00:00:00+00:00,79.0,79.43,78.73,79.21,23368.248
2026-02-25 01:00:00+00:00,79.2,82.57,79.12,81.99,64869.851
2026-02-25 02:00:00+00:00,82.03,82.96,82.03,82.46,47076.291
2026-02-25 03:00:00+00:00,82.47,82.58,81.62,81.76,45868.385
2026-02-25 04:00:00+00:00,81.76,82.42,81.28,81.97,36363.978
2026-02-25 05:00:00+00:00,81.96,82.16,80.99,81.3,41316.387
2026-02-25 06:00:00+00:00,81.3,81.92,81.16,81.58,26037.693
2026-02-25 07:00:00+00:00,81.58,82.41,81.49,82.19,32578.966
2026-02-25 08:00:00+00:00,82.19,82.56,81.92,82.49,27889.303
2026-02-25 09:00:00+00:00,82.48,82.69,82.23,82.53,27606.759
2026-02-25 10:00:00+00:00,82.54,82.96,82.45,82.54,26045.617
2026-02-25 11:00:00+00:00,82.54,83.41,82.34,83.37,30245.678
2026-02-25 12:00:00+00:00,83.38,84.09,82.9,83.67,20066.14
2026-02-25 13:00:00+00:00,83.67,84.43,83.4,83.83,14922.758
2026-02-25 14:00:00+00:00,83.83,85.79,83.81,85.63,36558.899
2026-02-25 15:00:00+00:00,85.63,86.45,85.02,85.99,41799.953
2026-02-25 16:00:00+00:00,85.98,87.69,85.97,87.54,39207.698
2026-02-25 17:00:00+00:00,87.55,88.94,87.41,88.56,41231.335
2026-02-25 18:00:00+00:00,88.55,89.17,88.0,88.95,29248.523
2026-02-25 19:00:00+00:00,88.95,89.63,88.35,89.42,30339.804
2026-02-25 20:00:00+00:00,89.43,90.11,88.98,89.36,40469.388
2026-02-25 21:00:00+00:00,89.38,92.11,89.38,89.83,61558.667
2026-02-25 22:00:00+00:00,89.86,90.55,88.38,89.07,38075.104
2026-02-25 23:00:00+00:00,89.06,89.33,87.1,88.05,31062.659
2026-02-26 00:00:00+00:00,88.05,89.26,87.84,88.61,36627.38
2026-02-26 01:00:00+00:00,88.6,89.14,88.22,88.42,28594.578
2026-02-26 02:00:00+00:00,88.43,88.47,87.56,88.2,30119.667
2026-02-26 03:00:00+00:00,88.22,88.36,87.78,87.94,28545.518
2026-02-26 04:00:00+00:00,87.95,89.05,87.85,88.76,20667.649
2026-02-26 05:00:00+00:00,88.73,88.73,87.24,87.77,26902.083
2026-02-26 06:00:00+00:00,87.78,88.0,87.38,87.65,24207.171
2026-02-26 07:00:00+00:00,87.64,87.88,87.24,87.25,21668.909
2026-02-26 08:00:00+00:00,87.26,87.87,87.26,87.3,25894.994
2026-02-26 09:00:00+00:00,87.29,88.69,87.21,88.33,34884.025
2026-02-26 10:00:00+00:00,88.32,88.57,87.29,87.48,31165.001
2026-02-26 11:00:00+00:00,87.48,87.63,86.61,86.81,29771.628
2026-02-26 12:00:00+00:00,86.83,87.78,86.73,87.69,25097.047
2026-02-26 13:00:00+00:00,87.68,88.08,87.48,87.63,26661.841
2026-02-26 14:00:00+00:00,87.63,88.26,86.27,87.01,41353.332
2026-02-26 15:00:00+00:00,87.01,87.09,85.28,86.55,44763.71
2026-02-26 16:00:00+00:00,86.58,86.74,84.33,84.58,40710.881
2026-02-26 17:00:00+00:00,84.57,85.34,84.5,84.93,28318.664
2026-02-26 18:00:00+00:00,84.9,85.7,84.48,85.37,28119.772
2026-02-26 19:00:00+00:00,85.38,86.64,85.34,86.47,44940.931
2026-02-26 20:00:00+00:00,86.46,86.86,85.86,86.06,25417.256
2026-02-26 21:00:00+00:00,86.02,86.28,85.73,85.95,23199.844
2026-02-26 22:00:00+00:00,85.95,86.25,85.81,86.16,20440.748
2026-02-26 23:00:00+00:00,86.12,86.14,85.76,85.9,19843.599
2026-02-27 00:00:00+00:00,85.91,86.03,85.19,85.83,24001.38
2026-02-27 01:00:00+00:00,85.83,86.15,85.3,86.12,29587.758
2026-02-27 02:00:00+00:00,86.12,86.79,85.95,86.57,23760.77
2026-02-27 03:00:00+00:00,86.57,87.84,86.35,87.62,19521.685
2026-02-27 04:00:00+00:00,87.63,88.29,87.48,87.56,26254.749
2026-02-27 05:00:00+00:00,87.55,87.85,87.4,87.54,22986.431
2026-02-27 06:00:00+00:00,87.54,87.63,86.87,87.34,23517.65
2026-02-27 07:00:00+00:00,87.34,87.44,86.82,87.32,24969.455
2026-02-27 08:00:00+00:00,87.31,87.93,87.23,87.58,34668.762
2026-02-27 09:00:00+00:00,87.59,87.83,86.22,86.33,40194.057
2026-02-27 10:00:00+00:00,86.32,86.48,84.55,84.71,42302.104
2026-02-27 11:00:00+00:00,84.71,84.96,83.35,83.6,41185.092
2026-02-27 12:00:00+00:00,83.59,83.75,82.66,83.13,38130.919
2026-02-27 13:00:00+00:00,83.12,83.54,81.95,83.09,55831.612
2026-02-27 14:00:00+00:00,83.07,83.36,82.09,82.4,37161.162
2026-02-27 15:00:00+00:00,82.37,83.07,82.31,82.71,33383.949
2026-02-27 16:00:00+00:00,82.68,82.7,81.32,81.36,36357.62
2026-02-27 17:00:00+00:00,81.37,81.9,81.11,81.85,36372.567
2026-02-27 18:00:00+00:00,81.84,82.02,81.41,81.49,37147.116
2026-02-27 19:00:00+00:00,81.49,81.72,81.14,81.56,23491.3
2026-02-27 20:00:00+00:00,81.57,81.87,81.22,81.44,32815.33
2026-02-27 21:00:00+00:00,81.45,81.81,80.89,81.2,32037.947
2026-02-27 22:00:00+00:00,81.2,81.6,80.32,81.44,40896.607
2026-02-27 23:00:00+00:00,81.44,82.1,81.36,81.85,37656.585
2026-02-28 00:00:00+00:00,81.85,82.17,81.61,82.11,25294.485
2026-02-28 01:00:00+00:00,82.12,82.26,81.73,81.82,27028.853
2026-02-28 02:00:00+00:00,81.79,82.2,81.71,82.13,19849.195
2026-02-28 03:00:00+00:00,82.13,82.14,81.56,81.75,21442.689
2026-02-28 04:00:00+00:00,81.75,81.89,81.21,81.64,19722.427
2026-02-28 05:00:00+00:00,81.65,81.8,81.29,81.56,18674.461
2026-02-28 06:00:00+00:00,81.56,81.56,77.14,77.55,111161.948
2026-02-28 07:00:00+00:00,77.55,79.61,77.15,78.71,61872.171
2026-02-28 08:00:00+00:00,78.7,78.72,77.86,78.03,34434.794
2026-02-28 09:00:00+00:00,78.01,78.71,77.75,78.43,38540.477
2026-02-28 10:00:00+00:00,78.41,79.18,77.97,79.11,47667.696
2026-02-28 11:00:00+00:00,79.11,79.57,78.66,78.77,32995.115
2026-02-28 12:00:00+00:00,78.76,79.21,78.61,78.91,22597.707
2026-02-28 13:00:00+00:00,78.95,80.97,78.7,80.82,50108.338
2026-02-28 14:00:00+00:00,80.82,81.52,80.05,80.24,48220.631
2026-02-28 15:00:00+00:00,80.25,81.09,79.63,80.92,40818.394
2026-02-28 16:00:00+00:00,80.91,81.32,80.49,81.08,28385.694
2026-02-28 17:00:00+00:00,81.08,81.52,80.62,81.38,32163.14
2026-02-28 18:00:00+00:00,81.38,82.9,81.1,82.35,32715.834
2026-02-28 19:00:00+00:00,82.35,82.79,81.45,82.22,41194.496
2026-02-28 20:00:00+00:00,82.22,85.04,81.96,84.9,43126.901
2026-02-28 21:00:00+00:00,84.9,85.05,83.6,84.5,39196.558
2026-02-28 22:00:00+00:00,84.52,85.65,84.25,84.29,33048.441
2026-02-28 23:00:00+00:00,84.29,84.73,83.94,84.36,25344.391
2026-03-01 00:00:00+00:00,84.34,85.0,84.31,84.88,23320.554
2026-03-01 01:00:00+00:00,84.88,87.49,84.28,86.76,49336.398
2026-03-01 02:00:00+00:00,86.74,88.9,86.74,87.98,76665.807
2026-03-01 03:00:00+00:00,87.96,88.32,87.63,88.02,53353.816
2026-03-01 04:00:00+00:00,88.03,88.27,86.89,87.54,53140.454
2026-03-01 05:00:00+00:00,87.55,88.02,87.22,87.27,30319.406
2026-03-01 06:00:00+00:00,87.27,87.39,86.16,86.66,35237.414
2026-03-01 07:00:00+00:00,86.67,86.88,86.31,86.63,24909.866
2026-03-01 08:00:00+00:00,86.63,86.82,85.07,85.22,29917.196
2026-03-01 09:00:00+00:00,85.26,85.85,84.81,84.99,31766.46
2026-03-01 10:00:00+00:00,84.97,85.65,84.71,85.23,30576.799
2026-03-01 11:00:00+00:00,85.23,85.51,85.0,85.17,18075.397
2026-03-01 12:00:00+00:00,85.18,85.39,84.78,84.87,23535.671
2026-03-01 13:00:00+00:00,84.87,86.96,84.52,86.08,42384.882
2026-03-01 14:00:00+00:00,86.07,86.89,85.43,85.79,39671.482
2026-03-01 15:00:00+00:00,85.79,86.67,85.62,85.64,28173.329
2026-03-01 16:00:00+00:00,85.67,86.09,83.74,84.02,40281.834
2026-03-01 17:00:00+00:00,84.0,84.29,83.19,83.89,33947.821
2026-03-01 18:00:00+00:00,83.9,85.0,83.86,83.93,30753.859
2026-03-01 19:00:00+00:00,83.94,84.02,83.04,83.23,28019.215
2026-03-01 20:00:00+00:00,83.22,83.26,81.71,81.98,35694.085
2026-03-01 21:00:00+00:00,81.96,83.02,81.94,82.94,24692.077
2026-03-01 22:00:00+00:00,82.93,84.06,82.38,82.72,47263.153
2026-03-01 23:00:00+00:00,82.73,84.06,82.51,83.6,29611.197
2026-03-02 00:00:00+00:00,83.61,85.23,83.48,85.0,29604.345
2026-03-02 01:00:00+00:00,85.01,86.17,84.41,84.62,36914.211
2026-03-02 02:00:00+00:00,84.64,84.77,83.47,84.14,31062.689
2026-03-02 03:00:00+00:00,84.15,85.12,83.84,84.77,30508.384
2026-03-02 04:00:00+00:00,84.78,84.83,84.1,84.3,27156.332
2026-03-02 05:00:00+00:00,84.31,84.69,83.84,84.23,23969.096
2026-03-02 06:00:00+00:00,84.24,84.26,82.89,83.25,27320.388
2026-03-02 07:00:00+00:00,83.25,83.3,82.4,82.92,26080.059
2026-03-02 08:00:00+00:00,82.97,83.63,82.36,83.43,35426.509
2026-03-02 09:00:00+00:00,83.45,84.14,83.33,83.68,31442.333
2026-03-02 10:00:00+00:00,83.64,84.12,83.38,83.9,35004.073
2026-03-02 11:00:00+00:00,83.88,84.28,83.48,83.89,31659.66
2026-03-02 12:00:00+00:00,83.9,84.15,83.57,83.71,24062.308
2026-03-02 13:00:00+00:00,83.7,83.84,82.92,83.08,30428.543
2026-03-02 14:00:00+00:00,83.05,85.95,82.78,85.67,53442.171
2026-03-02 15:00:00+00:00,85.66,88.97,85.48,88.79,71904.025
2026-03-02 16:00:00+00:00,88.79,90.3,88.47,88.88,60044.099
2026-03-02 17:00:00+00:00,88.85,89.0,86.39,87.61,44629.78
2026-03-02 18:00:00+00:00,87.59,87.85,86.71,87.32,43289.364
2026-03-02 19:00:00+00:00,87.32,87.81,86.83,87.65,40877.469
2026-03-02 20:00:00+00:00,87.64,88.09,86.85,87.55,31987.497
2026-03-02 21:00:00+00:00,87.58,87.72,87.14,87.55,36162.308
2026-03-02 22:00:00+00:00,87.55,88.24,87.29,88.03,31618.978
2026-03-02 23:00:00+00:00,88.01,88.1,86.35,86.65,43729.602
2026-03-03 00:00:00+00:00,86.65,87.31,86.09,86.91,41818.508
2026-03-03 01:00:00+00:00,86.91,87.18,86.16,86.16,29193.112
2026-03-03 02:00:00+00:00,86.16,86.35,85.23,86.19,34007.327
2026-03-03 03:00:00+00:00,86.21,86.63,85.92,86.3,24374.509068
2026-03-03 04:00:00+00:00,86.32,86.45,85.65,85.85,19918.103
2026-03-03 05:00:00+00:00,85.83,86.8,85.42,85.8,32598.59
2026-03-03 06:00:00+00:00,85.8,85.98,85.38,85.83,28579.75
2026-03-03 07:00:00+00:00,85.83,86.29,85.38,85.58,46534.392
2026-03-03 08:00:00+00:00,85.57,85.77,83.94,84.25,58513.859
2026-03-03 09:00:00+00:00,84.26,85.0,84.03,84.31,41108.324
2026-03-03 10:00:00+00:00,84.29,84.57,83.7,83.93,41011.049
2026-03-03 11:00:00+00:00,83.93,84.38,83.78,84.21,38266.718
2026-03-03 12:00:00+00:00,84.23,85.37,84.15,84.42,40314.626
2026-03-03 13:00:00+00:00,84.43,84.47,83.19,83.63,34402.342
2026-03-03 14:00:00+00:00,83.63,84.45,82.5,83.25,48757.412
2026-03-03 15:00:00+00:00,83.24,85.19,83.05,85.04,63461.532
2026-03-03 16:00:00+00:00,85.02,87.33,84.32,85.4,66931.552
2026-03-03 17:00:00+00:00,85.43,85.47,84.17,85.18,51737.61
2026-03-03 18:00:00+00:00,85.19,86.02,84.52,85.39,35525.7
2026-03-03 19:00:00+00:00,85.39,85.76,84.67,85.08,45352.227
2026-03-03 20:00:00+00:00,85.08,85.46,84.67,84.85,35371.87
2026-03-03 21:00:00+00:00,84.85,85.17,84.18,85.12,29543.579
2026-03-03 22:00:00+00:00,85.12,86.65,85.1,86.3,31998.151
2026-03-03 23:00:00+00:00,86.29,87.45,86.19,86.97,47211.164
2026-03-04 00:00:00+00:00,86.97,87.4,86.29,86.61,31467.023
2026-03-04 01:00:00+00:00,86.63,88.1,86.5,87.26,33973.873
2026-03-04 02:00:00+00:00,87.27,87.47,86.56,87.08,23572.904
2026-03-04 03:00:00+00:00,87.08,87.08,85.19,85.77,36558.584
2026-03-04 04:00:00+00:00,85.76,85.9,84.82,85.4,32612.956
2026-03-04 05:00:00+00:00,85.4,85.96,84.79,85.68,34198.788
2026-03-04 06:00:00+00:00,85.69,86.04,84.97,85.61,31993.462
2026-03-04 07:00:00+00:00,85.61,87.5,85.49,87.46,27730.256
2026-03-04 08:00:00+00:00,87.44,89.94,86.99,89.72,53144.127
2026-03-04 09:00:00+00:00,89.71,91.45,89.24,90.54,79173.597
2026-03-04 10:00:00+00:00,90.54,91.05,89.89,90.17,60010.098
2026-03-04 11:00:00+00:00,90.17,90.64,89.42,89.76,34598.982
2026-03-04 12:00:00+00:00,89.76,89.86,88.69,89.43,33905.1
2026-03-04 13:00:00+00:00,89.43,90.15,89.31,90.01,31322.011
2026-03-04 14:00:00+00:00,89.99,91.74,89.5,90.18,61692.488
2026-03-04 15:00:00+00:00,90.19,93.11,90.17,92.93,69653.647
2026-03-04 16:00:00+00:00,92.94,93.13,90.97,91.55,47275.747
2026-03-04 17:00:00+00:00,91.56,92.24,90.67,91.55,54763.746
2026-03-04 18:00:00+00:00,91.55,92.49,91.14,92.4,39101.142
2026-03-04 19:00:00+00:00,92.4,94.05,92.29,93.19,58443.545
2026-03-04 20:00:00+00:00,93.19,93.76,92.78,92.83,32078.912
2026-03-04 21:00:00+00:00,92.87,92.97,92.17,92.34,29443.776
2026-03-04 22:00:00+00:00,92.34,92.86,91.18,91.34,35630.406
2026-03-04 23:00:00+00:00,91.34,91.45,90.29,90.86,33284.348
2026-03-05 00:00:00+00:00,90.86,91.39,90.74,90.79,25476.417
2026-03-05 01:00:00+00:00,90.79,91.42,89.75,90.01,38670.169
2026-03-05 02:00:00+00:00,89.98,90.68,89.97,90.2,34716.154
2026-03-05 03:00:00+00:00,90.21,90.54,89.6,90.02,36213.021
2026-03-05 04:00:00+00:00,90.04,90.73,89.91,90.4,36391.218
2026-03-05 05:00:00+00:00,90.4,90.64,90.03,90.18,31015.378
2026-03-05 06:00:00+00:00,90.21,91.01,89.7,90.86,30307.306
2026-03-05 07:00:00+00:00,90.89,91.3,89.73,90.16,36853.766
2026-03-05 08:00:00+00:00,90.15,90.73,89.69,90.64,27001.298
2026-03-05 09:00:00+00:00,90.66,91.94,90.62,91.18,40553.97
2026-03-05 10:00:00+00:00,91.2,92.96,91.0,92.65,32543.757
2026-03-05 11:00:00+00:00,92.65,92.77,91.66,91.83,32796.327
2026-03-05 12:00:00+00:00,91.85,92.22,91.32,91.99,27262.164
2026-03-05 13:00:00+00:00,92.02,92.06,90.43,90.84,40617.191
2026-03-05 14:00:00+00:00,90.86,91.48,89.84,91.02,34161.341
2026-03-05 15:00:00+00:00,91.03,91.15,88.81,89.6,47963.862
2026-03-05 16:00:00+00:00,89.61,89.62,87.91,88.96,42457.416
2026-03-05 17:00:00+00:00,88.97,89.41,87.93,88.13,36820.896
2026-03-05 18:00:00+00:00,88.12,88.89,88.01,88.8,34299.939
2026-03-05 19:00:00+00:00,88.81,89.39,88.67,88.75,37225.955
2026-03-05 20:00:00+00:00,88.75,89.57,88.55,89.22,29147.9
2026-03-05 21:00:00+00:00,89.19,89.83,88.88,89.12,27033.351
2026-03-05 22:00:00+00:00,89.12,89.41,88.86,89.09,23593.388
2026-03-05 23:00:00+00:00,89.1,89.19,88.61,88.77,21604.453
2026-03-06 00:00:00+00:00,88.79,89.03,88.58,88.85,15665.66
2026-03-06 01:00:00+00:00,88.86,89.27,88.02,89.12,30320.31986868
2026-03-06 02:00:00+00:00,89.15,89.3,88.2,88.39,29708.42731792
2026-03-06 03:00:00+00:00,88.37,88.7,88.13,88.42,25416.061
2026-03-06 04:00:00+00:00,88.41,88.59,87.67,88.14,20523.064
2026-03-06 05:00:00+00:00,88.16,88.26,87.51,87.9,24066.765
2026-03-06 06:00:00+00:00,87.89,88.45,87.69,88.1,31466.577
2026-03-06 07:00:00+00:00,88.1,88.9,87.8,88.71,39592.663
2026-03-06 08:00:00+00:00,88.69,88.69,88.2,88.34,18082.013
2026-03-06 09:00:00+00:00,88.37,88.48,87.17,87.5,55953.417
2026-03-06 10:00:00+00:00,87.49,87.95,87.42,87.71,42029.398
2026-03-06 11:00:00+00:00,87.7,88.0,87.11,87.26,40791.59
2026-03-06 12:00:00+00:00,87.27,87.27,85.91,86.48,57295.393
2026-03-06 13:00:00+00:00,86.48,87.09,85.56,85.59,47132.217
2026-03-06 14:00:00+00:00,85.58,85.75,83.96,84.35,49116.78493381
2026-03-06 15:00:00+00:00,84.34,85.32,84.2,84.65,47506.242
2026-03-06 16:00:00+00:00,84.63,85.0,84.1,84.38,40361.772
2026-03-06 17:00:00+00:00,84.36,84.7,83.63,84.21,39613.039
2026-03-06 18:00:00+00:00,84.2,85.59,84.19,85.28,35841.859
2026-03-06 19:00:00+00:00,85.28,85.89,85.16,85.21,31636.968
2026-03-06 20:00:00+00:00,85.22,85.47,84.58,85.0,25581.485
2026-03-06 21:00:00+00:00,85.01,85.11,84.43,84.72,22898.646
2026-03-06 22:00:00+00:00,84.73,85.05,84.54,84.95,19861.876
2026-03-06 23:00:00+00:00,84.97,85.05,84.63,84.69,16110.222
2026-03-07 00:00:00+00:00,84.68,85.07,84.51,84.74,20697.357
2026-03-07 01:00:00+00:00,84.75,84.89,84.59,84.7,13364.546
2026-03-07 02:00:00+00:00,84.71,84.74,84.33,84.66,16462.625
2026-03-07 03:00:00+00:00,84.66,85.06,84.36,84.54,21433.035
2026-03-07 04:00:00+00:00,84.53,84.55,84.0,84.26,23463.544
2026-03-07 05:00:00+00:00,84.26,84.5,84.09,84.34,13171.372
2026-03-07 06:00:00+00:00,84.33,84.33,83.89,84.01,16065.04
2026-03-07 07:00:00+00:00,84.04,84.47,83.89,84.32,24046.225
2026-03-07 08:00:00+00:00,84.32,84.66,84.12,84.36,22928.34
2026-03-07 09:00:00+00:00,84.36,84.68,84.21,84.57,14573.692
2026-03-07 10:00:00+00:00,84.58,84.76,84.42,84.49,10074.417
2026-03-07 11:00:00+00:00,84.49,84.91,84.27,84.65,17899.47
2026-03-07 12:00:00+00:00,84.65,84.78,84.28,84.31,12865.817
2026-03-07 13:00:00+00:00,84.31,84.55,84.14,84.31,22236.754
2026-03-07 14:00:00+00:00,84.3,84.42,83.67,84.21,25887.72
2026-03-07 15:00:00+00:00,84.22,84.23,83.43,83.74,21066.686
2026-03-07 16:00:00+00:00,83.75,83.8,83.49,83.58,18690.952
2026-03-07 17:00:00+00:00,83.59,84.08,83.55,83.62,17512.126
2026-03-07 18:00:00+00:00,83.62,83.64,83.02,83.37,21154.724
2026-03-07 19:00:00+00:00,83.38,83.38,82.3,82.54,32319.836
2026-03-07 20:00:00+00:00,82.52,83.11,82.52,83.03,22000.469
2026-03-07 21:00:00+00:00,83.04,83.29,82.89,83.27,15656.851
2026-03-07 22:00:00+00:00,83.29,83.32,82.68,82.96,17874.288
2026-03-07 23:00:00+00:00,82.99,83.26,82.93,83.22,9908.132
2026-03-08 00:00:00+00:00,83.22,83.49,82.93,83.07,17189.048
2026-03-08 01:00:00+00:00,83.07,83.21,82.7,82.98,18006.357
2026-03-08 02:00:00+00:00,82.98,83.1,82.13,82.38,19914.249
2026-03-08 03:00:00+00:00,82.39,82.75,82.27,82.34,24013.271
2026-03-08 04:00:00+00:00,82.34,82.55,81.75,81.95,21761.548
2026-03-08 05:00:00+00:00,81.95,82.77,81.95,82.48,22773.679
2026-03-08 06:00:00+00:00,82.49,82.6,82.28,82.45,12802.295
2026-03-08 07:00:00+00:00,82.45,83.09,82.4,82.96,25727.51
2026-03-08 08:00:00+00:00,82.94,83.12,82.52,83.09,20122.318
2026-03-08 09:00:00+00:00,83.1,83.37,82.79,83.17,30916.32
2026-03-08 10:00:00+00:00,83.17,84.11,83.15,83.66,28377.47
2026-03-08 11:00:00+00:00,83.65,83.66,82.65,82.82,29482.128
2026-03-08 12:00:00+00:00,82.81,83.0,81.63,82.32,31530.05
2026-03-08 13:00:00+00:00,82.32,82.46,81.2,82.08,34614.516
2026-03-08 14:00:00+00:00,82.08,82.38,81.95,82.32,20936.911
2026-03-08 15:00:00+00:00,82.32,82.4,81.83,82.06,17492.935
2026-03-08 16:00:00+00:00,82.06,82.16,81.37,81.54,22599.295
2026-03-08 17:00:00+00:00,81.53,81.98,81.39,81.66,23335.703
2026-03-08 18:00:00+00:00,81.69,81.8,81.31,81.6,16234.219
2026-03-08 19:00:00+00:00,81.62,82.65,81.5,82.48,26300.698
2026-03-08 20:00:00+00:00,82.49,82.96,82.11,82.32,20221.616
2026-03-08 21:00:00+00:00,82.33,82.43,81.71,82.25,22098.338
2026-03-08 22:00:00+00:00,82.25,82.52,80.26,81.99,48736.558
2026-03-08 23:00:00+00:00,82.0,82.44,81.49,81.6,25109.141
2026-03-09 00:00:00+00:00,81.61,83.28,81.55,82.34,31876.025
2026-03-09 01:00:00+00:00,82.34,82.89,81.87,82.1,28370.075
2026-03-09 02:00:00+00:00,82.1,82.93,81.66,82.66,29992.671
2026-03-09 03:00:00+00:00,82.67,84.49,82.62,83.16,45715.073
2026-03-09 04:00:00+00:00,83.16,83.87,83.09,83.19,32872.222
2026-03-09 05:00:00+00:00,83.2,84.61,83.14,84.27,44453.483
2026-03-09 06:00:00+00:00,84.28,84.3,83.1,83.12,31298.333
2026-03-09 07:00:00+00:00,83.13,83.29,82.33,83.15,41849.16
2026-03-09 08:00:00+00:00,83.18,83.85,82.95,83.71,38791.22
2026-03-09 09:00:00+00:00,83.73,84.6,83.33,84.04,34346.437
2026-03-09 10:00:00+00:00,84.04,84.24,83.51,83.75,27709.016
2026-03-09 11:00:00+00:00,83.73,83.93,83.12,83.58,26220.252
2026-03-09 12:00:00+00:00,83.58,84.22,83.41,84.02,27155.926
2026-03-09 13:00:00+00:00,84.01,85.74,84.0,85.17,38118.186
2026-03-09 14:00:00+00:00,85.15,85.72,84.56,85.3,40641.293
2026-03-09 15:00:00+00:00,85.31,85.47,84.63,85.05,31229.935
2026-03-09 16:00:00+00:00,85.09,85.62,84.72,85.13,29132.364
2026-03-09 17:00:00+00:00,85.15,85.41,84.32,85.1,35084.678
2026-03-09 18:00:00+00:00,85.08,85.59,84.48,85.18,38304.77
2026-03-09 19:00:00+00:00,85.19,87.05,85.06,85.97,46239.343
2026-03-09 20:00:00+00:00,85.97,86.17,85.28,85.79,30581.386
2026-03-09 21:00:00+00:00,85.79,86.35,85.68,86.01,28598.709
2026-03-09 22:00:00+00:00,86.0,86.3,85.57,85.72,23860.204
2026-03-09 23:00:00+00:00,85.73,85.99,84.83,84.95,36279.784
2026-03-10 00:00:00+00:00,84.95,85.97,84.84,85.57,30679.987
2026-03-10 01:00:00+00:00,85.54,85.97,85.11,85.74,24686.849
2026-03-10 02:00:00+00:00,85.72,86.91,85.46,86.62,31163.155
2026-03-10 03:00:00+00:00,86.6,86.74,85.49,85.55,29758.151
2026-03-10 04:00:00+00:00,85.57,86.63,85.39,86.54,29269.573
2026-03-10 05:00:00+00:00,86.54,86.97,86.34,86.41,32627.2
2026-03-10 06:00:00+00:00,86.41,86.7,86.0,86.35,21041.555
2026-03-10 07:00:00+00:00,86.35,86.9,86.2,86.69,36640.246
2026-03-10 08:00:00+00:00,86.7,87.42,86.58,86.7,28834.337
2026-03-10 09:00:00+00:00,86.71,87.48,86.66,87.23,30597.091
2026-03-10 10:00:00+00:00,87.23,87.68,86.8,87.1,32937.508
2026-03-10 11:00:00+00:00,87.09,87.2,86.63,86.79,27969.155
2026-03-10 12:00:00+00:00,86.8,86.83,86.3,86.69,26126.842
2026-03-10 13:00:00+00:00,86.7,87.3,85.76,86.09,35051.16
2026-03-10 14:00:00+00:00,86.1,88.22,84.93,88.1,41471.307
2026-03-10 15:00:00+00:00,88.09,88.61,87.27,88.35,38191.187
2026-03-10 16:00:00+00:00,88.35,88.7,87.66,88.4,34667.608
2026-03-10 17:00:00+00:00,88.38,88.8,87.61,87.95,40184.31
2026-03-10 18:00:00+00:00,87.94,88.0,86.09,86.24,32176.061
2026-03-10 19:00:00+00:00,86.26,86.46,85.65,86.0,29376.427
2026-03-10 20:00:00+00:00,86.0,86.4,85.95,86.23,26787.573
2026-03-10 21:00:00+00:00,86.24,86.43,85.25,85.71,32024.604
2026-03-10 22:00:00+00:00,85.7,85.84,85.01,85.52,31932.91
2026-03-10 23:00:00+00:00,85.53,85.89,85.35,85.87,41333.93
2026-03-11 00:00:00+00:00,85.87,86.23,85.59,86.02,25971.96
2026-03-11 01:00:00+00:00,86.03,86.28,85.66,86.1,25117.513
2026-03-11 02:00:00+00:00,86.1,86.21,85.5,85.93,24069.054
2026-03-11 03:00:00+00:00,85.92,86.16,85.53,85.61,20632.336
2026-03-11 04:00:00+00:00,85.61,86.84,85.5,86.72,28901.947
2026-03-11 05:00:00+00:00,86.72,86.88,85.6,85.72,34540.152
2026-03-11 06:00:00+00:00,85.72,86.16,85.66,86.03,24000.221
2026-03-11 07:00:00+00:00,86.03,86.13,85.16,85.44,27760.799
2026-03-11 08:00:00+00:00,85.44,85.61,85.09,85.5,32250.395
2026-03-11 09:00:00+00:00,85.49,85.58,84.72,84.88,31040.728
2026-03-11 10:00:00+00:00,84.88,85.53,84.85,85.25,34676.714
2026-03-11 11:00:00+00:00,85.26,85.33,84.38,84.54,32965.849
2026-03-11 12:00:00+00:00,84.52,85.74,84.37,85.19,36647.485
2026-03-11 13:00:00+00:00,85.19,87.42,85.12,85.97,42205.176
2026-03-11 14:00:00+00:00,85.97,87.16,85.75,86.53,33921.082
2026-03-11 15:00:00+00:00,86.54,86.65,84.57,85.4,33513.619
2026-03-11 16:00:00+00:00,85.42,86.59,85.3,86.44,24856.608
2026-03-11 17:00:00+00:00,86.45,87.86,86.45,87.27,38320.46
2026-03-11 18:00:00+00:00,87.26,88.09,87.16,87.8,37393.404
2026-03-11 19:00:00+00:00,87.81,87.87,87.02,87.29,29534.159
2026-03-11 20:00:00+00:00,87.28,87.43,87.01,87.28,22165.549
2026-03-11 21:00:00+00:00,87.3,87.62,87.15,87.53,22853.666
2026-03-11 22:00:00+00:00,87.54,87.94,86.84,87.04,25074.344
2026-03-11 23:00:00+00:00,87.05,87.2,86.44,86.58,23650.406
2026-03-12 00:00:00+00:00,86.58,86.77,86.38,86.66,14746.966
2026-03-12 01:00:00+00:00,86.67,86.7,85.95,86.05,28848.595
2026-03-12 02:00:00+00:00,86.04,86.16,85.17,85.21,34420.008
2026-03-12 03:00:00+00:00,85.2,85.42,84.7,85.01,46703.103
2026-03-12 04:00:00+00:00,85.01,85.41,84.88,85.11,35263.159
2026-03-12 05:00:00+00:00,85.11,85.32,84.89,85.13,31670.391
2026-03-12 06:00:00+00:00,85.13,85.41,84.96,85.35,28201.051
2026-03-12 07:00:00+00:00,85.38,85.9,85.0,85.81,40863.628
2026-03-12 08:00:00+00:00,85.82,86.15,85.38,85.96,36891.403
2026-03-12 09:00:00+00:00,85.95,86.7,85.45,86.18,33539.313
2026-03-12 10:00:00+00:00,86.19,87.05,86.03,86.75,40777.892
2026-03-12 11:00:00+00:00,86.75,87.11,86.64,86.81,30342.28
2026-03-12 12:00:00+00:00,86.81,87.51,86.56,87.25,38266.255
2026-03-12 13:00:00+00:00,87.26,87.7,86.35,86.75,49010.5
2026-03-12 14:00:00+00:00,86.75,87.66,85.18,85.52,51979.932
2026-03-12 15:00:00+00:00,85.53,87.02,85.11,86.58,50794.994
2026-03-12 16:00:00+00:00,86.58,87.08,85.8,86.81,30450.94
2026-03-12 17:00:00+00:00,86.81,87.0,86.33,86.59,32025.579
2026-03-12 18:00:00+00:00,86.59,86.81,85.81,85.87,25444.469
2026-03-12 19:00:00+00:00,85.86,86.95,85.68,86.8,26683.115
2026-03-12 20:00:00+00:00,86.81,86.94,86.42,86.44,19973.748
2026-03-12 21:00:00+00:00,86.45,86.68,86.17,86.55,14850.988
2026-03-12 22:00:00+00:00,86.52,86.6,85.96,86.31,17754.632
2026-03-12 23:00:00+00:00,86.29,87.21,86.28,86.82,28150.018
2026-03-13 00:00:00+00:00,86.83,91.14,86.72,89.8,73370.076
2026-03-13 01:00:00+00:00,89.77,90.74,89.77,90.48,52568.825
2026-03-13 02:00:00+00:00,90.49,90.59,88.94,89.08,40582.195
2026-03-13 03:00:00+00:00,89.09,89.99,88.9,89.7,35961.012
2026-03-13 04:00:00+00:00,89.71,89.74,89.21,89.34,28332.972
2026-03-13 05:00:00+00:00,89.34,89.47,88.9,89.09,33562.062
2026-03-13 06:00:00+00:00,89.09,89.23,88.27,88.41,26690.584
2026-03-13 07:00:00+00:00,88.41,88.96,88.16,88.69,33355.195
2026-03-13 08:00:00+00:00,88.68,89.66,88.33,89.16,31505.134
2026-03-13 09:00:00+00:00,89.15,89.65,88.78,89.51,29148.963
2026-03-13 10:00:00+00:00,89.5,90.31,89.46,90.18,39004.352
2026-03-13 11:00:00+00:00,90.18,90.45,89.98,90.33,30059.974
2026-03-13 12:00:00+00:00,90.32,91.39,90.15,91.0,30802.805
2026-03-13 13:00:00+00:00,91.0,92.32,90.94,91.88,43700.156
2026-03-13 14:00:00+00:00,91.89,92.98,90.44,90.68,57883.265
2026-03-13 15:00:00+00:00,90.7,91.23,89.3,89.48,49318.103
2026-03-13 16:00:00+00:00,89.51,89.97,88.83,89.61,38074.797
2026-03-13 17:00:00+00:00,89.61,90.14,88.57,88.88,45739.144
2026-03-13 18:00:00+00:00,88.86,89.13,88.36,88.82,37613.054
2026-03-13 19:00:00+00:00,88.83,89.04,88.38,88.92,39671.6
2026-03-13 20:00:00+00:00,88.9,89.11,88.54,88.91,28310.149
2026-03-13 21:00:00+00:00,88.91,89.15,88.31,88.57,27189.623
2026-03-13 22:00:00+00:00,88.58,88.66,87.73,88.01,31954.12
2026-03-13 23:00:00+00:00,88.02,88.25,87.79,88.17,27461.901
2026-03-14 00:00:00+00:00,88.15,88.38,87.84,87.94,24689.073
2026-03-14 01:00:00+00:00,87.94,88.37,87.8,88.24,27694.86
2026-03-14 02:00:00+00:00,88.24,88.32,87.99,88.23,15833.62
2026-03-14 03:00:00+00:00,88.25,88.62,88.23,88.4,24164.372
2026-03-14 04:00:00+00:00,88.4,88.7,88.21,88.26,24735.593
2026-03-14 05:00:00+00:00,88.26,88.4,87.88,88.08,31311.101
2026-03-14 06:00:00+00:00,88.07,88.09,86.93,87.25,31142.193
2026-03-14 07:00:00+00:00,87.25,87.43,87.18,87.32,31715.858
2026-03-14 08:00:00+00:00,87.32,87.55,87.08,87.14,24942.932
2026-03-14 09:00:00+00:00,87.15,87.31,86.62,86.84,27847.634
2026-03-14 10:00:00+00:00,86.83,86.91,86.5,86.65,24826.42
2026-03-14 11:00:00+00:00,86.63,87.01,86.63,86.96,30338.146
2026-03-14 12:00:00+00:00,86.96,87.12,86.81,87.12,27103.394
2026-03-14 13:00:00+00:00,87.11,87.35,87.03,87.13,23379.801
2026-03-14 14:00:00+00:00,87.11,87.23,86.64,86.71,26617.547
2026-03-14 15:00:00+00:00,86.72,86.92,86.63,86.72,20414.893
2026-03-14 16:00:00+00:00,86.71,87.13,86.62,87.06,13567.804
2026-03-14 17:00:00+00:00,87.07,87.08,86.84,86.89,12447.847
2026-03-14 18:00:00+00:00,86.89,87.1,86.79,87.04,7457.399
2026-03-14 19:00:00+00:00,87.03,87.1,86.9,87.0,11641.911
2026-03-14 20:00:00+00:00,87.02,87.17,86.87,87.09,13000.516
2026-03-14 21:00:00+00:00,87.06,87.33,86.86,87.27,12601.278
2026-03-14 22:00:00+00:00,87.28,87.45,87.22,87.31,15277.411
2026-03-14 23:00:00+00:00,87.32,88.16,87.32,88.04,48120.88
2026-03-15 00:00:00+00:00,88.04,88.2,87.67,87.76,29000.523
2026-03-15 01:00:00+00:00,87.75,87.92,87.58,87.7,16471.432
2026-03-15 02:00:00+00:00,87.7,88.64,87.7,88.3,31039.14
2026-03-15 03:00:00+00:00,88.31,88.44,87.71,87.86,25764.971
2026-03-15 04:00:00+00:00,87.87,88.32,87.87,88.32,18767.39
2026-03-15 05:00:00+00:00,88.31,88.65,88.12,88.32,26826.036
2026-03-15 06:00:00+00:00,88.31,88.59,88.13,88.35,18372.513
2026-03-15 07:00:00+00:00,88.35,88.53,88.12,88.21,13938.741
2026-03-15 08:00:00+00:00,88.22,88.52,88.14,88.48,17629.668
2026-03-15 09:00:00+00:00,88.5,88.87,88.42,88.54,26732.759
2026-03-15 10:00:00+00:00,88.54,88.7,88.39,88.46,13167.092
2026-03-15 11:00:00+00:00,88.47,88.67,88.25,88.55,14340.634
2026-03-15 12:00:00+00:00,88.55,88.56,88.19,88.26,10614.1
2026-03-15 13:00:00+00:00,88.27,88.39,87.37,87.85,34510.246
2026-03-15 14:00:00+00:00,87.83,88.0,87.56,87.97,25928.991
2026-03-15 15:00:00+00:00,87.97,88.11,87.77,87.91,15413.218
2026-03-15 16:00:00+00:00,87.9,88.05,87.46,87.56,16085.651
2026-03-15 17:00:00+00:00,87.56,88.8,87.51,88.43,18460.537
2026-03-15 18:00:00+00:00,88.43,88.69,87.86,87.92,37484.199
2026-03-15 19:00:00+00:00,87.91,88.29,87.84,88.19,26899.952
2026-03-15 20:00:00+00:00,88.18,89.0,87.98,88.75,28659.315
2026-03-15 21:00:00+00:00,88.76,90.27,88.57,89.97,33018.354
2026-03-15 22:00:00+00:00,90.0,92.95,89.83,92.62,58796.725
2026-03-15 23:00:00+00:00,92.65,93.26,91.62,92.3,63769.593
2026-03-16 00:00:00+00:00,92.31,93.07,91.88,92.01,56692.254
2026-03-16 01:00:00+00:00,92.02,92.24,91.5,92.11,40680.507
2026-03-16 02:00:00+00:00,92.11,92.28,91.18,91.49,29197.759
2026-03-16 03:00:00+00:00,91.48,93.97,91.29,93.17,57821.774
2026-03-16 04:00:00+00:00,93.18,94.22,92.94,93.61,47028.733
2026-03-16 05:00:00+00:00,93.62,94.32,93.17,94.06,43466.747
2026-03-16 06:00:00+00:00,94.03,94.03,93.15,93.4,33042.339
2026-03-16 07:00:00+00:00,93.39,93.85,93.32,93.56,37175.14
2026-03-16 08:00:00+00:00,93.57,94.0,92.58,92.86,31892.186
2026-03-16 09:00:00+00:00,92.85,93.47,92.73,93.32,29760.047
2026-03-16 10:00:00+00:00,93.32,93.96,93.26,93.9,25408.5
2026-03-16 11:00:00+00:00,93.91,93.97,93.52,93.74,29925.092
2026-03-16 12:00:00+00:00,93.74,94.19,93.41,93.78,35899.451
2026-03-16 13:00:00+00:00,93.78,95.16,93.43,93.67,49461.344
2026-03-16 14:00:00+00:00,93.68,94.53,92.37,93.6,47338.113
2026-03-16 15:00:00+00:00,93.62,94.34,93.08,93.19,36342.568
2026-03-16 16:00:00+00:00,93.2,94.05,93.13,93.81,38900.251
2026-03-16 17:00:00+00:00,93.81,94.4,93.69,94.07,35685.585
2026-03-16 18:00:00+00:00,94.07,95.09,94.04,94.37,40991.101
2026-03-16 19:00:00+00:00,94.37,95.48,94.17,95.22,38610.347
2026-03-16 20:00:00+00:00,95.2,95.97,95.07,95.78,28870.64
2026-03-16 21:00:00+00:00,95.76,96.88,95.49,96.19,37031.372
2026-03-16 22:00:00+00:00,96.19,97.67,96.17,96.37,51496.468
2026-03-16 23:00:00+00:00,96.36,96.46,95.42,96.18,48861.009
2026-03-17 00:00:00+00:00,96.19,96.96,95.14,95.48,50428.97
2026-03-17 01:00:00+00:00,95.46,96.09,94.95,95.71,45235.969
2026-03-17 02:00:00+00:00,95.71,95.78,94.89,95.14,33267.588
2026-03-17 03:00:00+00:00,95.14,95.29,93.72,94.07,45668.718
2026-03-17 04:00:00+00:00,94.07,94.26,93.2,93.8,38618.244
2026-03-17 05:00:00+00:00,93.79,94.1,93.36,93.8,34269.926
2026-03-17 06:00:00+00:00,93.83,94.3,93.48,93.91,26322.269
2026-03-17 07:00:00+00:00,93.9,94.65,93.86,94.43,28722.028
2026-03-17 08:00:00+00:00,94.46,94.93,94.29,94.41,24133.963
2026-03-17 09:00:00+00:00,94.41,95.1,93.69,93.9,41764.546
2026-03-17 10:00:00+00:00,93.91,94.06,93.24,93.57,36387.405
2026-03-17 11:00:00+00:00,93.57,93.92,93.39,93.66,34555.45
2026-03-17 12:00:00+00:00,93.66,94.09,93.14,93.43,30536.674
2026-03-17 13:00:00+00:00,93.42,94.56,93.35,93.79,38899.066
2026-03-17 14:00:00+00:00,93.81,94.67,93.5,94.5,32396.419
2026-03-17 15:00:00+00:00,94.49,95.13,93.25,93.84,37642.609
2026-03-17 16:00:00+00:00,93.84,94.82,93.73,94.39,26146.859
2026-03-17 17:00:00+00:00,94.4,94.72,94.15,94.57,23195.854
2026-03-17 18:00:00+00:00,94.58,95.59,94.45,95.33,26376.72
2026-03-17 19:00:00+00:00,95.33,95.57,94.62,94.67,27245.46
2026-03-17 20:00:00+00:00,94.67,95.04,94.41,94.9,19482.553
2026-03-17 21:00:00+00:00,94.9,95.46,94.84,95.27,17552.517
2026-03-17 22:00:00+00:00,95.27,95.63,94.57,95.32,32984.531
2026-03-17 23:00:00+00:00,95.33,95.44,94.59,94.62,23463.847
2026-03-18 00:00:00+00:00,94.61,94.91,94.1,94.54,27818.119
2026-03-18 01:00:00+00:00,94.56,94.94,94.32,94.43,24121.408
2026-03-18 02:00:00+00:00,94.43,95.23,94.4,94.93,16569.863
2026-03-18 03:00:00+00:00,94.94,95.65,94.82,95.05,19873.785
2026-03-18 04:00:00+00:00,95.05,95.11,94.01,94.13,27811.104
2026-03-18 05:00:00+00:00,94.12,94.39,93.74,93.92,29667.934
2026-03-18 06:00:00+00:00,93.93,94.64,93.92,94.23,17762.437
2026-03-18 07:00:00+00:00,94.23,94.3,93.82,93.95,23595.05097327
2026-03-18 08:00:00+00:00,93.95,94.26,93.95,94.04,23216.293
2026-03-18 09:00:00+00:00,94.04,94.45,93.95,94.28,23056.302
2026-03-18 10:00:00+00:00,94.27,94.44,93.49,93.86,20851.582
2026-03-18 11:00:00+00:00,93.85,94.08,91.81,92.03,46502.367
2026-03-18 12:00:00+00:00,92.0,92.05,90.33,90.43,52778.851
2026-03-18 13:00:00+00:00,90.44,90.74,89.91,90.31,51177.724
2026-03-18 14:00:00+00:00,90.32,90.4,88.82,88.95,48269.877
2026-03-18 15:00:00+00:00,88.97,89.46,88.55,89.39,46302.379
2026-03-18 16:00:00+00:00,89.34,89.35,88.64,88.97,30330.613
2026-03-18 17:00:00+00:00,88.98,90.35,88.84,89.93,36092.508
2026-03-18 18:00:00+00:00,89.93,90.85,89.38,89.58,30797.576
2026-03-18 19:00:00+00:00,89.59,90.06,89.45,89.69,20792.258
2026-03-18 20:00:00+00:00,89.7,90.12,88.99,90.0,22236.211
2026-03-18 21:00:00+00:00,89.98,90.63,89.94,90.46,17933.713
2026-03-18 22:00:00+00:00,90.46,90.47,89.94,90.03,24531.241
2026-03-18 23:00:00+00:00,90.0,90.17,89.7,90.08,15349.703
2026-03-19 00:00:00+00:00,90.07,90.3,89.82,90.11,18314.117
2026-03-19 01:00:00+00:00,90.11,90.38,89.93,90.17,17925.390889
2026-03-19 02:00:00+00:00,90.17,90.38,89.77,89.99,15041.127
2026-03-19 03:00:00+00:00,89.99,91.4,89.93,90.72,30619.451
2026-03-19 04:00:00+00:00,90.72,90.72,89.76,89.9,28157.155
2026-03-19 05:00:00+00:00,89.9,90.11,89.67,89.76,15874.141
2026-03-19 06:00:00+00:00,89.77,90.14,89.52,89.88,19816.085
2026-03-19 07:00:00+00:00,89.87,90.05,88.64,89.42,42136.591
2026-03-19 08:00:00+00:00,89.42,89.61,89.1,89.36,25985.131
2026-03-19 09:00:00+00:00,89.36,90.39,89.16,90.2,31043.544097
2026-03-19 10:00:00+00:00,90.2,90.46,89.77,89.81,32500.574
2026-03-19 11:00:00+00:00,89.81,90.04,89.47,89.61,17879.332
2026-03-19 12:00:00+00:00,89.6,89.61,88.05,88.1,33871.561
2026-03-19 13:00:00+00:00,88.12,88.73,87.55,88.51,48819.241
2026-03-19 14:00:00+00:00,88.52,88.92,87.45,88.26,28058.66
2026-03-19 15:00:00+00:00,88.22,88.75,87.17,87.63,34989.472
2026-03-19 16:00:00+00:00,87.62,87.81,87.0,87.7,29498.53
2026-03-19 17:00:00+00:00,87.69,88.35,87.08,88.13,36964.687
2026-03-19 18:00:00+00:00,88.12,88.33,87.68,88.15,26394.124
2026-03-19 19:00:00+00:00,88.13,89.27,88.12,88.72,41194.894
2026-03-19 20:00:00+00:00,88.71,89.2,88.66,88.98,15901.025
2026-03-19 21:00:00+00:00,88.98,89.33,88.88,89.11,19339.719
2026-03-19 22:00:00+00:00,89.11,89.18,88.38,88.78,24355.681
2026-03-19 23:00:00+00:00,88.78,89.19,88.6,88.89,32849.174
2026-03-20 00:00:00+00:00,88.88,89.42,88.85,89.4,20002.751
2026-03-20 01:00:00+00:00,89.41,89.79,89.33,89.46,27048.108
2026-03-20 02:00:00+00:00,89.47,89.6,88.89,89.32,21653.758
2026-03-20 03:00:00+00:00,89.31,89.71,89.24,89.56,19591.773
2026-03-20 04:00:00+00:00,89.57,89.76,88.75,89.28,21612.731
2026-03-20 05:00:00+00:00,89.23,89.52,88.88,89.34,32233.839
2026-03-20 06:00:00+00:00,89.36,89.36,88.93,89.09,26767.855
2026-03-20 07:00:00+00:00,89.07,89.5,88.5,89.38,22524.463
2026-03-20 08:00:00+00:00,89.38,90.44,89.32,89.78,30226.046
2026-03-20 09:00:00+00:00,89.77,89.77,88.64,88.97,32700.008
2026-03-20 10:00:00+00:00,88.97,89.5,88.61,89.33,24025.202
2026-03-20 11:00:00+00:00,89.32,89.6,88.87,89.15,25925.053
2026-03-20 12:00:00+00:00,89.17,89.53,89.02,89.14,22579.999
2026-03-20 13:00:00+00:00,89.16,89.63,88.61,88.84,32376.723
2026-03-20 14:00:00+00:00,88.82,89.73,88.52,88.92,28718.655
2026-03-20 15:00:00+00:00,88.96,89.31,88.61,88.94,27029.495
2026-03-20 16:00:00+00:00,88.96,89.21,88.62,88.91,22354.164
2026-03-20 17:00:00+00:00,88.92,89.04,88.13,88.91,28228.125
2026-03-20 18:00:00+00:00,88.9,89.01,88.17,88.57,21776.191
2026-03-20 19:00:00+00:00,88.56,89.06,88.23,88.99,17520.08
2026-03-20 20:00:00+00:00,89.0,89.35,88.66,89.01,13511.836
2026-03-20 21:00:00+00:00,89.01,90.04,88.93,89.59,22617.194
2026-03-20 22:00:00+00:00,89.59,90.26,89.59,90.11,19151.988
2026-03-20 23:00:00+00:00,90.1,90.15,89.72,89.85,14169.032
2026-03-21 00:00:00+00:00,89.85,90.25,89.84,90.02,12677.1
2026-03-21 01:00:00+00:00,90.02,90.33,89.73,89.86,22825.274
2026-03-21 02:00:00+00:00,89.87,90.65,89.77,90.47,19517.484
2026-03-21 03:00:00+00:00,90.46,90.6,90.33,90.44,18116.602
2026-03-21 04:00:00+00:00,90.45,90.81,90.16,90.27,22545.672
2026-03-21 05:00:00+00:00,90.28,90.52,89.97,89.98,19166.839
2026-03-21 06:00:00+00:00,89.97,90.32,89.94,90.17,19462.552
2026-03-21 07:00:00+00:00,90.16,90.4,89.92,90.13,22558.262
2026-03-21 08:00:00+00:00,90.14,90.14,89.82,90.0,15753.52
2026-03-21 09:00:00+00:00,90.0,90.39,89.97,90.19,16774.905
2026-03-21 10:00:00+00:00,90.19,90.23,89.89,89.98,10277.344
2026-03-21 11:00:00+00:00,89.98,90.02,89.83,89.94,10315.268
2026-03-21 12:00:00+00:00,89.95,90.21,89.88,90.18,11590.535
2026-03-21 13:00:00+00:00,90.19,90.29,89.98,90.04,13863.04
2026-03-21 14:00:00+00:00,90.04,90.42,89.65,89.68,16223.47
2026-03-21 15:00:00+00:00,89.68,89.94,89.4,89.82,23968.182
2026-03-21 16:00:00+00:00,89.83,90.0,89.57,89.68,11272.611
2026-03-21 17:00:00+00:00,89.69,89.71,89.41,89.55,8977.902
2026-03-21 18:00:00+00:00,89.55,89.94,89.55,89.77,5699.813
2026-03-21 19:00:00+00:00,89.78,89.91,89.7,89.81,3595.022
2026-03-21 20:00:00+00:00,89.81,90.28,89.78,90.15,13487.467
2026-03-21 21:00:00+00:00,90.16,90.22,89.92,90.0,10524.533
2026-03-21 22:00:00+00:00,90.01,90.07,89.81,89.91,6695.273
2026-03-21 23:00:00+00:00,89.89,89.89,87.15,87.58,28895.898
2026-03-22 00:00:00+00:00,87.55,87.78,86.28,87.33,56254.967849
2026-03-22 01:00:00+00:00,87.33,87.72,86.97,87.45,37855.099
2026-03-22 02:00:00+00:00,87.46,88.47,87.43,88.15,35159.238
2026-03-22 03:00:00+00:00,88.15,89.15,87.76,88.66,30188.45
2026-03-22 04:00:00+00:00,88.66,89.2,88.6,89.03,29716.926
2026-03-22 05:00:00+00:00,89.02,89.02,88.45,88.46,22643.941
2026-03-22 06:00:00+00:00,88.46,88.46,88.14,88.2,12935.051
2026-03-22 07:00:00+00:00,88.18,88.33,87.67,87.71,15470.022
2026-03-22 08:00:00+00:00,87.7,87.74,86.87,87.4,26636.566
2026-03-22 09:00:00+00:00,87.37,87.65,87.18,87.33,27586.062
2026-03-22 10:00:00+00:00,87.33,87.52,87.23,87.36,14992.705
2026-03-22 11:00:00+00:00,87.31,87.46,86.84,86.85,20787.807
2026-03-22 12:00:00+00:00,86.85,87.46,86.81,87.27,14822.741
2026-03-22 13:00:00+00:00,87.27,87.72,87.02,87.32,15834.828
2026-03-22 14:00:00+00:00,87.32,87.6,87.04,87.21,8889.837
2026-03-22 15:00:00+00:00,87.2,87.59,87.18,87.57,13443.07
2026-03-22 16:00:00+00:00,87.58,87.69,87.26,87.5,14046.184
2026-03-22 17:00:00+00:00,87.49,87.56,87.2,87.26,12288.084
2026-03-22 18:00:00+00:00,87.26,87.32,86.51,87.01,15442.321
2026-03-22 19:00:00+00:00,87.01,87.02,86.57,86.86,15993.591
2026-03-22 20:00:00+00:00,86.87,87.18,86.54,86.59,11845.234
2026-03-22 21:00:00+00:00,86.59,86.64,85.13,85.98,32529.602
2026-03-22 22:00:00+00:00,85.98,86.78,85.51,86.74,25544.008
2026-03-22 23:00:00+00:00,86.76,87.03,86.02,86.22,18534.313
2026-03-23 00:00:00+00:00,86.22,86.62,85.48,85.89,21547.554
2026-03-23 01:00:00+00:00,85.91,86.61,85.75,86.1,20369.138
2026-03-23 02:00:00+00:00,86.1,86.98,86.05,86.72,25266.134
2026-03-23 03:00:00+00:00,86.73,87.2,86.38,86.4,19491.514
2026-03-23 04:00:00+00:00,86.41,86.93,86.32,86.92,17254.74
2026-03-23 05:00:00+00:00,86.93,87.32,86.85,87.18,30619.261
2026-03-23 06:00:00+00:00,87.17,87.17,85.46,85.74,25061.189
2026-03-23 07:00:00+00:00,85.75,86.23,85.12,86.0,28943.294
2026-03-23 08:00:00+00:00,86.02,86.46,85.86,85.95,18358.52
2026-03-23 09:00:00+00:00,85.99,86.02,85.19,85.77,17612.167
2026-03-23 10:00:00+00:00,85.77,86.32,85.65,86.06,17285.283
2026-03-23 11:00:00+00:00,86.07,91.94,86.05,88.77,135215.21
2026-03-23 12:00:00+00:00,88.8,90.49,88.34,90.24,48339.256
2026-03-23 13:00:00+00:00,90.27,91.49,89.89,91.35,58003.381
2026-03-23 14:00:00+00:00,91.36,91.74,91.08,91.51,48832.693
2026-03-23 15:00:00+00:00,91.52,92.28,89.81,89.98,43468.037
2026-03-23 16:00:00+00:00,89.96,90.45,89.4,90.34,28704.137
2026-03-23 17:00:00+00:00,90.35,91.4,89.7,91.29,43506.352
2026-03-23 18:00:00+00:00,91.28,91.8,90.94,91.62,33427.765
2026-03-23 19:00:00+00:00,91.61,91.9,91.24,91.4,24624.186
2026-03-23 20:00:00+00:00,91.39,92.02,91.23,91.78,17355.205
2026-03-23 21:00:00+00:00,91.79,91.96,91.5,91.61,17095.357
2026-03-23 22:00:00+00:00,91.62,91.9,91.19,91.52,28177.574
2026-03-23 23:00:00+00:00,91.51,91.56,90.99,91.43,23028.579
2026-03-24 00:00:00+00:00,91.44,91.67,90.6,91.0,39844.965
2026-03-24 01:00:00+00:00,90.99,91.05,90.15,90.41,19637.881
2026-03-24 02:00:00+00:00,90.41,90.76,90.12,90.15,14576.117
2026-03-24 03:00:00+00:00,90.16,90.36,89.97,90.35,16978.405
2026-03-24 04:00:00+00:00,90.35,90.82,90.14,90.34,18563.455
2026-03-24 05:00:00+00:00,90.35,90.41,89.99,90.13,23817.013
2026-03-24 06:00:00+00:00,90.14,90.53,90.05,90.47,18144.001
2026-03-24 07:00:00+00:00,90.46,91.87,90.4,91.72,42816.166
2026-03-24 08:00:00+00:00,91.72,91.94,91.27,91.58,29769.304
2026-03-24 09:00:00+00:00,91.57,92.16,91.14,92.12,45275.074
2026-03-24 10:00:00+00:00,92.12,92.22,91.74,91.85,36378.485
2026-03-24 11:00:00+00:00,91.84,92.18,91.35,91.76,25670.687
2026-03-24 12:00:00+00:00,91.79,91.86,91.38,91.59,20234.733
2026-03-24 13:00:00+00:00,91.57,91.75,89.55,89.86,46188.208
2026-03-24 14:00:00+00:00,89.85,90.24,88.71,89.57,35804.288
2026-03-24 15:00:00+00:00,89.6,90.3,89.51,89.74,33861.431
2026-03-24 16:00:00+00:00,89.73,89.98,89.09,89.28,21671.813
2026-03-24 17:00:00+00:00,89.3,89.4,88.72,89.18,21345.937
2026-03-24 18:00:00+00:00,89.18,89.69,88.88,88.9,23985.877
2026-03-24 19:00:00+00:00,88.9,89.3,88.43,88.52,21528.584
2026-03-24 20:00:00+00:00,88.51,90.24,88.51,90.03,26641.625
2026-03-24 21:00:00+00:00,90.05,90.59,89.69,90.38,22028.41
2026-03-24 22:00:00+00:00,90.38,90.76,90.09,90.31,17314.904
2026-03-24 23:00:00+00:00,90.33,91.13,90.24,90.8,27569.048
2026-03-25 00:00:00+00:00,90.8,91.61,90.72,91.31,22909.856
2026-03-25 01:00:00+00:00,91.32,91.47,90.93,90.93,19190.285
2026-03-25 02:00:00+00:00,90.95,91.51,90.82,91.12,19140.775
2026-03-25 03:00:00+00:00,91.13,91.94,90.81,91.69,20552.056
2026-03-25 04:00:00+00:00,91.69,92.11,91.59,92.05,21898.6
2026-03-25 05:00:00+00:00,92.05,92.94,91.97,92.42,41367.442
2026-03-25 06:00:00+00:00,92.42,92.92,92.28,92.38,26173.164
2026-03-25 07:00:00+00:00,92.37,92.51,91.77,91.81,33803.703
2026-03-25 08:00:00+00:00,91.82,92.74,91.82,92.36,37732.177
2026-03-25 09:00:00+00:00,92.35,92.65,92.13,92.54,27727.488
2026-03-25 10:00:00+00:00,92.55,92.7,92.4,92.66,23420.308
2026-03-25 11:00:00+00:00,92.65,93.48,92.45,92.98,33793.546
2026-03-25 12:00:00+00:00,92.99,93.42,92.35,93.04,38189.389
2026-03-25 13:00:00+00:00,93.05,93.42,92.7,92.74,25533.804
2026-03-25 14:00:00+00:00,92.76,92.91,91.91,91.95,39371.305
2026-03-25 15:00:00+00:00,91.95,92.06,91.01,91.77,30732.329
2026-03-25 16:00:00+00:00,91.76,92.73,91.59,92.22,28070.77
2026-03-25 17:00:00+00:00,92.22,92.34,91.6,91.7,19392.612
2026-03-25 18:00:00+00:00,91.72,92.19,91.46,91.69,14377.996
2026-03-25 19:00:00+00:00,91.69,91.99,91.41,91.74,16589.423
2026-03-25 20:00:00+00:00,91.75,91.76,91.12,91.48,22038.535
2026-03-25 21:00:00+00:00,91.49,91.61,91.15,91.26,17660.537
2026-03-25 22:00:00+00:00,91.27,91.95,91.03,91.74,23853.478
2026-03-25 23:00:00+00:00,91.75,91.84,91.47,91.71,12032.064
2026-03-26 00:00:00+00:00,91.7,91.98,91.5,91.71,22580.87
2026-03-26 01:00:00+00:00,91.7,91.97,91.62,91.83,17664.519
2026-03-26 02:00:00+00:00,91.83,91.85,90.68,90.94,35393.019
2026-03-26 03:00:00+00:00,90.94,91.17,90.61,91.08,28671.526
2026-03-26 04:00:00+00:00,91.08,91.08,90.66,90.82,11325.764
2026-03-26 05:00:00+00:00,90.82,90.85,89.13,89.27,51157.596
2026-03-26 06:00:00+00:00,89.26,89.32,88.88,89.07,40919.399
2026-03-26 07:00:00+00:00,89.05,89.38,88.82,89.12,30186.35695644
2026-03-26 08:00:00+00:00,89.11,89.12,88.66,88.88,21551.077
2026-03-26 09:00:00+00:00,88.88,89.01,87.75,88.13,31216.165
2026-03-26 10:00:00+00:00,88.13,88.34,87.79,87.95,18457.465
2026-03-26 11:00:00+00:00,87.96,88.15,87.46,87.56,40836.072
2026-03-26 12:00:00+00:00,87.58,87.81,87.4,87.59,26022.61
2026-03-26 13:00:00+00:00,87.58,88.23,87.33,87.91,39136.362
2026-03-26 14:00:00+00:00,87.93,88.17,87.18,87.54,44460.852
2026-03-26 15:00:00+00:00,87.54,87.8,86.73,87.54,38205.68
2026-03-26 16:00:00+00:00,87.54,87.72,87.14,87.21,27419.066
2026-03-26 17:00:00+00:00,87.21,87.49,86.52,86.61,24327.083
2026-03-26 18:00:00+00:00,86.63,86.82,85.75,86.06,44502.376
2026-03-26 19:00:00+00:00,86.06,86.08,85.46,85.47,28705.472
2026-03-26 20:00:00+00:00,85.48,87.12,85.45,86.34,43232.374
2026-03-26 21:00:00+00:00,86.34,87.14,86.22,86.86,31505.135
2026-03-26 22:00:00+00:00,86.83,86.9,86.24,86.82,21530.128
2026-03-26 23:00:00+00:00,86.83,86.96,86.22,86.53,38819.535
2026-03-27 00:00:00+00:00,86.53,86.8,86.19,86.55,21416.021
2026-03-27 01:00:00+00:00,86.56,86.89,86.44,86.87,15531.85
2026-03-27 02:00:00+00:00,86.88,87.03,86.53,86.69,11390.587
2026-03-27 03:00:00+00:00,86.7,86.79,86.34,86.43,12165.732
2026-03-27 04:00:00+00:00,86.43,86.44,85.75,86.16,19280.193
2026-03-27 05:00:00+00:00,86.15,86.77,85.94,86.1,16500.601
2026-03-27 06:00:00+00:00,86.1,86.39,85.93,86.09,101301.94
2026-03-27 07:00:00+00:00,86.09,86.36,85.71,85.94,44390.758
2026-03-27 08:00:00+00:00,85.96,86.14,84.39,85.11,57692.704
2026-03-27 09:00:00+00:00,85.12,85.26,84.44,85.09,30261.76
2026-03-27 10:00:00+00:00,85.09,85.15,82.67,83.0,43354.806
2026-03-27 11:00:00+00:00,83.05,83.63,82.66,83.39,40430.249
2026-03-27 12:00:00+00:00,83.39,83.43,83.06,83.1,35361.869
2026-03-27 13:00:00+00:00,83.11,83.55,82.5,82.92,41211.163
2026-03-27 14:00:00+00:00,82.92,83.35,82.62,83.19,50163.151
2026-03-27 15:00:00+00:00,83.18,84.01,82.96,83.35,71646.075
2026-03-27 16:00:00+00:00,83.34,83.37,82.65,83.02,55074.01
2026-03-27 17:00:00+00:00,83.03,83.43,82.1,82.24,55423.03
2026-03-27 18:00:00+00:00,82.24,82.49,81.85,82.39,34701.864
2026-03-27 19:00:00+00:00,82.39,82.91,82.06,82.82,25784.287
2026-03-27 20:00:00+00:00,82.81,82.98,82.38,82.77,22592.955
2026-03-27 21:00:00+00:00,82.78,83.05,82.69,82.75,20077.272
2026-03-27 22:00:00+00:00,82.75,82.84,82.53,82.72,15207.253
2026-03-27 23:00:00+00:00,82.74,83.13,82.47,83.08,20348.944
2026-03-28 00:00:00+00:00,83.09,83.1,82.72,82.86,16307.53
2026-03-28 01:00:00+00:00,82.85,82.87,82.25,82.67,20296.797
2026-03-28 02:00:00+00:00,82.67,82.9,82.38,82.58,17538.722
2026-03-28 03:00:00+00:00,82.58,82.73,82.51,82.62,9682.08
2026-03-28 04:00:00+00:00,82.62,82.78,82.41,82.58,11550.238
2026-03-28 05:00:00+00:00,82.6,82.79,82.38,82.75,40800.501972
2026-03-28 06:00:00+00:00,82.76,83.27,82.66,83.17,22713.655
2026-03-28 07:00:00+00:00,83.17,83.65,83.17,83.61,14634.826
2026-03-28 08:00:00+00:00,83.61,83.69,83.37,83.4,22636.461
2026-03-28 09:00:00+00:00,83.39,83.39,82.94,83.06,18226.68
2026-03-28 10:00:00+00:00,83.05,83.34,82.71,83.01,20216.697
2026-03-28 11:00:00+00:00,83.02,83.06,82.9,82.95,21073.039
2026-03-28 12:00:00+00:00,82.94,83.2,82.6,82.69,16202.929
2026-03-28 13:00:00+00:00,82.69,84.1,82.68,83.37,29784.357
2026-03-28 14:00:00+00:00,83.37,83.53,83.0,83.25,31457.412
2026-03-28 15:00:00+00:00,83.24,84.3,83.2,83.82,40690.691
2026-03-28 16:00:00+00:00,83.84,83.95,83.48,83.55,38426.771
2026-03-28 17:00:00+00:00,83.54,83.73,83.16,83.31,23131.881
2026-03-28 18:00:00+00:00,83.31,83.52,83.29,83.38,8580.413
2026-03-28 19:00:00+00:00,83.37,83.43,83.03,83.28,17800.416
2026-03-28 20:00:00+00:00,83.28,83.52,83.28,83.41,12281.544
2026-03-28 21:00:00+00:00,83.41,83.45,82.39,82.7,32153.459
2026-03-28 22:00:00+00:00,82.7,82.91,82.49,82.8,19206.657
2026-03-28 23:00:00+00:00,82.8,82.8,81.71,82.09,20677.065
2026-03-29 00:00:00+00:00,82.11,82.28,81.88,82.22,15556.923
2026-03-29 01:00:00+00:00,82.21,82.52,82.1,82.47,18922.754
2026-03-29 02:00:00+00:00,82.47,82.84,82.42,82.76,12311.373
2026-03-29 03:00:00+00:00,82.77,83.23,82.7,83.0,14302.603
2026-03-29 04:00:00+00:00,83.01,83.04,82.72,82.78,7543.081
2026-03-29 05:00:00+00:00,82.78,82.88,82.41,82.72,14652.359
2026-03-29 06:00:00+00:00,82.72,82.82,82.3,82.5,19712.57
2026-03-29 07:00:00+00:00,82.49,82.62,82.23,82.45,10689.934
2026-03-29 08:00:00+00:00,82.46,82.62,82.34,82.47,7143.522
2026-03-29 09:00:00+00:00,82.47,82.55,82.19,82.35,12061.314
2026-03-29 10:00:00+00:00,82.34,82.34,82.0,82.12,12981.634
2026-03-29 11:00:00+00:00,82.13,82.83,82.12,82.58,11043.38
2026-03-29 12:00:00+00:00,82.58,82.66,82.24,82.45,5258.161
2026-03-29 13:00:00+00:00,82.45,82.47,81.71,81.91,23128.622
2026-03-29 14:00:00+00:00,81.93,82.43,81.71,81.93,37063.891
2026-03-29 15:00:00+00:00,81.94,82.14,81.39,81.83,29619.351
2026-03-29 16:00:00+00:00,81.83,82.12,81.63,81.71,15454.664
2026-03-29 17:00:00+00:00,81.71,81.86,81.18,81.56,29004.081
2026-03-29 18:00:00+00:00,81.57,81.92,81.4,81.8,16851.165
2026-03-29 19:00:00+00:00,81.8,81.89,81.55,81.61,7895.278
2026-03-29 20:00:00+00:00,81.61,82.22,81.6,81.93,10197.423
2026-03-29 21:00:00+00:00,81.94,82.21,81.84,82.16,12886.521
2026-03-29 22:00:00+00:00,82.12,82.14,78.91,80.92,33154.926
2026-03-29 23:00:00+00:00,80.94,81.7,80.91,81.43,34988.394
2026-03-30 00:00:00+00:00,81.45,83.01,81.17,81.89,40796.731
2026-03-30 01:00:00+00:00,81.89,82.88,81.89,82.7,32153.119
2026-03-30 02:00:00+00:00,82.71,83.95,82.47,83.34,35625.169
2026-03-30 03:00:00+00:00,83.34,83.55,82.94,83.26,25843.388
2026-03-30 04:00:00+00:00,83.28,83.88,83.26,83.79,20880.841
2026-03-30 05:00:00+00:00,83.78,84.17,83.49,83.63,35878.269
2026-03-30 06:00:00+00:00,83.62,83.88,83.42,83.47,19742.324
2026-03-30 07:00:00+00:00,83.46,84.25,83.35,84.03,26399.388
2026-03-30 08:00:00+00:00,84.02,84.87,84.0,84.51,41277.491
2026-03-30 09:00:00+00:00,84.51,84.52,84.12,84.13,31153.033
2026-03-30 10:00:00+00:00,84.14,84.2,83.58,83.91,28651.374
2026-03-30 11:00:00+00:00,83.92,84.66,83.89,84.25,27166.622
2026-03-30 12:00:00+00:00,84.26,84.61,84.13,84.49,45703.832
2026-03-30 13:00:00+00:00,84.5,84.97,83.94,84.02,46241.414
2026-03-30 14:00:00+00:00,84.04,84.64,83.67,84.4,41047.42
2026-03-30 15:00:00+00:00,84.4,84.76,83.9,84.51,31351.491
2026-03-30 16:00:00+00:00,84.51,84.55,83.93,84.22,23545.22
2026-03-30 17:00:00+00:00,84.22,84.41,83.1,83.26,39293.424
2026-03-30 18:00:00+00:00,83.26,83.43,82.46,82.69,32932.265
2026-03-30 19:00:00+00:00,82.69,82.71,81.98,82.41,39362.515
2026-03-30 20:00:00+00:00,82.38,82.9,82.35,82.81,20262.887
2026-03-30 21:00:00+00:00,82.79,83.67,82.7,83.16,27491.637
2026-03-30 22:00:00+00:00,83.17,83.5,82.66,82.83,19032.517
2026-03-30 23:00:00+00:00,82.82,82.82,82.15,82.55,20458.714
2026-03-31 00:00:00+00:00,82.56,82.95,82.16,82.73,28862.633
2026-03-31 01:00:00+00:00,82.74,84.61,82.6,83.85,46874.264
2026-03-31 02:00:00+00:00,83.85,84.09,83.6,83.84,27790.821
2026-03-31 03:00:00+00:00,83.83,83.92,83.28,83.61,23056.78
2026-03-31 04:00:00+00:00,83.61,83.91,83.3,83.34,32504.57
2026-03-31 05:00:00+00:00,83.34,83.77,82.9,83.77,33057.329
2026-03-31 06:00:00+00:00,83.76,83.81,83.07,83.41,38380.072
2026-03-31 07:00:00+00:00,83.41,83.43,82.66,83.1,34467.91
2026-03-31 08:00:00+00:00,83.1,83.33,82.25,82.25,28763.408
2026-03-31 09:00:00+00:00,82.25,82.46,80.1,80.54,51797.342
2026-03-31 10:00:00+00:00,80.55,80.94,80.36,80.48,41989.373
2026-03-31 11:00:00+00:00,80.47,80.98,80.29,80.86,47305.344
2026-03-31 12:00:00+00:00,80.86,81.09,80.4,80.78,30036.682
2026-03-31 13:00:00+00:00,80.78,82.05,80.75,81.84,45739.423
2026-03-31 14:00:00+00:00,81.84,82.58,80.4,80.64,48963.013
2026-03-31 15:00:00+00:00,80.64,81.68,80.64,80.87,39888.001
2026-03-31 16:00:00+00:00,80.87,82.89,80.87,82.39,36497.034
2026-03-31 17:00:00+00:00,82.39,83.46,82.19,82.39,52664.873
2026-03-31 18:00:00+00:00,82.39,83.09,82.39,82.9,32673.88
2026-03-31 19:00:00+00:00,82.89,82.97,82.47,82.7,26865.443
2026-03-31 20:00:00+00:00,82.7,83.4,82.61,83.18,26984.53
2026-03-31 21:00:00+00:00,83.18,83.19,82.63,82.86,24862.971
2026-03-31 22:00:00+00:00,82.86,82.9,82.34,82.76,21059.456
2026-03-31 23:00:00+00:00,82.76,83.26,82.67,83.2,24442.624
2026-04-01 00:00:00+00:00,83.2,83.59,82.85,83.4,25831.756
2026-04-01 01:00:00+00:00,83.41,83.47,82.73,82.74,20761.715
2026-04-01 02:00:00+00:00,82.74,82.91,82.5,82.65,15807.339
2026-04-01 03:00:00+00:00,82.65,83.5,82.65,83.44,23370.548
2026-04-01 04:00:00+00:00,83.44,83.83,83.25,83.78,31500.526
2026-04-01 05:00:00+00:00,83.76,84.31,83.37,84.13,44143.347
2026-04-01 06:00:00+00:00,84.13,84.74,84.05,84.44,31622.908
2026-04-01 07:00:00+00:00,84.46,84.75,83.82,83.85,49444.959
2026-04-01 08:00:00+00:00,83.85,84.07,83.43,83.62,36382.483
2026-04-01 09:00:00+00:00,83.62,83.77,83.16,83.4,32378.685
2026-04-01 10:00:00+00:00,83.4,83.48,83.07,83.39,27376.875
2026-04-01 11:00:00+00:00,83.38,83.57,83.17,83.39,18319.1
2026-04-01 12:00:00+00:00,83.38,83.74,82.8,83.04,33806.126
2026-04-01 13:00:00+00:00,83.04,83.44,82.4,82.67,39470.069
2026-04-01 14:00:00+00:00,82.67,83.55,82.5,83.39,89904.01
2026-04-01 15:00:00+00:00,83.38,83.87,83.1,83.64,48465.572
2026-04-01 16:00:00+00:00,83.62,85.33,83.08,85.27,61428.669
2026-04-01 17:00:00+00:00,85.29,86.62,84.27,84.44,59798.78
2026-04-01 18:00:00+00:00,84.45,84.5,83.56,83.66,47078.999
2026-04-01 19:00:00+00:00,83.66,84.41,83.65,83.83,42386.118
2026-04-01 20:00:00+00:00,83.83,83.9,82.3,82.58,62770.404
2026-04-01 21:00:00+00:00,82.55,83.16,81.41,81.83,60946.286
2026-04-01 22:00:00+00:00,81.83,81.98,80.76,81.16,96070.527
2026-04-01 23:00:00+00:00,81.16,81.45,81.0,81.18,35582.1
2026-04-02 00:00:00+00:00,81.18,81.76,80.92,81.62,27979.885
2026-04-02 01:00:00+00:00,81.62,81.62,78.98,79.34,71831.859
2026-04-02 02:00:00+00:00,79.32,79.33,78.31,78.86,37141.477
2026-04-02 03:00:00+00:00,78.86,79.41,78.69,79.0,44782.372
2026-04-02 04:00:00+00:00,79.01,79.18,78.75,78.83,30219.598
2026-04-02 05:00:00+00:00,78.83,79.42,78.62,79.25,31824.868
2026-04-02 06:00:00+00:00,79.27,79.43,78.95,79.12,24218.197
2026-04-02 07:00:00+00:00,79.12,79.65,79.0,79.65,23034.974
2026-04-02 08:00:00+00:00,79.64,79.64,79.05,79.12,22159.512
2026-04-02 09:00:00+00:00,79.12,79.36,78.94,79.26,24475.1
2026-04-02 10:00:00+00:00,79.26,79.32,78.79,78.88,27394.087
2026-04-02 11:00:00+00:00,78.89,78.98,78.2,78.32,23551.698
2026-04-02 12:00:00+00:00,78.32,78.58,77.9,77.97,32530.631
2026-04-02 13:00:00+00:00,77.98,78.25,76.69,77.75,50311.634
2026-04-02 14:00:00+00:00,77.75,79.7,77.51,79.08,44406.66
2026-04-02 15:00:00+00:00,79.07,79.25,78.35,79.05,35805.143
2026-04-02 16:00:00+00:00,79.04,79.89,78.72,79.44,41878.379
2026-04-02 17:00:00+00:00,79.43,79.67,78.56,78.58,30801.612
2026-04-02 18:00:00+00:00,78.63,79.27,78.43,79.14,23460.629
2026-04-02 19:00:00+00:00,79.15,79.25,78.7,78.98,23940.464
2026-04-02 20:00:00+00:00,78.98,79.35,78.78,79.17,18970.828
2026-04-02 21:00:00+00:00,79.17,79.23,78.64,78.96,19856.887
2026-04-02 22:00:00+00:00,78.96,79.13,78.73,78.99,11598.874
2026-04-02 23:00:00+00:00,78.98,79.16,78.8,78.94,21440.797
2026-04-03 00:00:00+00:00,78.96,79.38,78.88,79.22,16175.403
2026-04-03 01:00:00+00:00,79.22,79.78,79.0,79.18,26502.154
2026-04-03 02:00:00+00:00,79.15,79.59,78.87,79.34,19333.533
2026-04-03 03:00:00+00:00,79.35,79.46,79.01,79.01,19653.055
2026-04-03 04:00:00+00:00,79.0,79.54,79.0,79.31,22443.286
2026-04-03 05:00:00+00:00,79.32,79.65,79.06,79.33,12648.632
2026-04-03 06:00:00+00:00,79.32,79.71,79.2,79.66,13032.405
2026-04-03 07:00:00+00:00,79.65,80.16,79.45,79.94,21417.798
2026-04-03 08:00:00+00:00,79.96,80.12,79.63,79.77,18139.926
2026-04-03 09:00:00+00:00,79.78,80.23,79.69,79.95,21151.068
2026-04-03 10:00:00+00:00,79.95,80.19,79.69,80.14,21580.212
2026-04-03 11:00:00+00:00,80.17,80.46,79.88,80.18,19132.728
2026-04-03 12:00:00+00:00,80.17,80.9,79.23,79.33,37525.59
2026-04-03 13:00:00+00:00,79.34,79.63,79.17,79.61,19978.432
2026-04-03 14:00:00+00:00,79.6,80.32,79.43,80.26,20662.598
2026-04-03 15:00:00+00:00,80.24,80.69,80.15,80.33,31818.354
2026-04-03 16:00:00+00:00,80.34,80.68,80.23,80.55,19564.216
2026-04-03 17:00:00+00:00,80.55,80.55,79.9,80.19,19863.884
2026-04-03 18:00:00+00:00,80.18,80.44,80.1,80.12,12869.985
2026-04-03 19:00:00+00:00,80.14,80.29,79.86,80.2,8990.949
2026-04-03 20:00:00+00:00,80.19,80.33,80.16,80.2,4629.856
2026-04-03 21:00:00+00:00,80.21,80.69,80.12,80.42,17460.21
2026-04-03 22:00:00+00:00,80.4,80.5,79.94,80.15,14743.043
2026-04-03 23:00:00+00:00,80.16,80.53,80.13,80.39,16756.052
2026-04-04 00:00:00+00:00,80.39,80.4,80.15,80.24,7001.632
2026-04-04 01:00:00+00:00,80.24,80.33,80.06,80.14,7783.411
2026-04-04 02:00:00+00:00,80.13,80.29,80.06,80.19,8667.575
2026-04-04 03:00:00+00:00,80.18,80.29,80.17,80.18,4650.765
2026-04-04 04:00:00+00:00,80.17,80.31,80.14,80.25,6404.517
2026-04-04 05:00:00+00:00,80.26,80.29,80.11,80.2,12784.585
2026-04-04 06:00:00+00:00,80.2,80.54,80.14,80.47,8268.814
2026-04-04 07:00:00+00:00,80.47,80.49,80.22,80.32,6807.959
2026-04-04 08:00:00+00:00,80.32,80.41,79.93,79.98,8353.104
2026-04-04 09:00:00+00:00,79.99,80.1,79.91,80.03,8956.77
2026-04-04 10:00:00+00:00,80.03,80.29,80.01,80.23,10705.217
2026-04-04 11:00:00+00:00,80.23,80.29,80.03,80.2,12388.788
2026-04-04 12:00:00+00:00,80.19,80.25,80.02,80.09,5840.808
2026-04-04 13:00:00+00:00,80.09,80.24,79.93,80.03,10773.3
2026-04-04 14:00:00+00:00,80.03,80.37,79.59,80.35,12745.116
2026-04-04 15:00:00+00:00,80.35,81.61,80.28,81.09,38497.485
2026-04-04 16:00:00+00:00,81.11,81.35,80.72,80.75,22314.551
2026-04-04 17:00:00+00:00,80.75,81.03,80.62,80.92,14091.143
2026-04-04 18:00:00+00:00,80.93,81.14,80.72,80.84,11161.683
2026-04-04 19:00:00+00:00,80.84,81.33,80.76,80.85,21185.508
2026-04-04 20:00:00+00:00,80.84,80.87,80.62,80.82,7310.644
2026-04-04 21:00:00+00:00,80.81,81.03,80.77,80.93,16230.85
2026-04-04 22:00:00+00:00,80.93,81.05,80.88,81.0,8473.426
2026-04-04 23:00:00+00:00,81.0,81.0,80.7,80.82,1869.157
2026-04-05 00:00:00+00:00,80.84,80.85,80.55,80.67,7643.957
2026-04-05 01:00:00+00:00,80.69,80.79,80.49,80.5,10570.469
2026-04-05 02:00:00+00:00,80.49,80.64,80.36,80.59,13214.225
2026-04-05 03:00:00+00:00,80.59,80.62,80.41,80.55,5775.679
2026-04-05 04:00:00+00:00,80.55,80.57,80.29,80.32,6798.837
2026-04-05 05:00:00+00:00,80.33,80.42,80.14,80.29,13000.676
2026-04-05 06:00:00+00:00,80.28,80.37,79.4,79.6,32196.93
2026-04-05 07:00:00+00:00,79.61,79.89,79.52,79.6,25382.205
2026-04-05 08:00:00+00:00,79.59,79.71,79.54,79.6,6627.624
2026-04-05 09:00:00+00:00,79.62,79.88,79.62,79.84,9521.763
2026-04-05 10:00:00+00:00,79.83,80.25,79.79,79.84,8018.542
2026-04-05 11:00:00+00:00,79.84,79.93,79.76,79.92,6665.376
2026-04-05 12:00:00+00:00,79.92,79.95,78.8,79.01,17744.294
2026-04-05 13:00:00+00:00,79.01,79.25,78.53,79.2,24355.191
2026-04-05 14:00:00+00:00,79.2,79.48,79.14,79.3,13311.283
2026-04-05 15:00:00+00:00,79.29,80.33,79.0,79.59,26565.562
2026-04-05 16:00:00+00:00,79.61,79.81,79.4,79.46,19091.37
2026-04-05 17:00:00+00:00,79.47,79.93,79.38,79.9,14940.133
2026-04-05 18:00:00+00:00,79.89,80.11,79.7,79.96,11034.654
2026-04-05 19:00:00+00:00,79.97,80.23,79.54,79.82,14443.315
2026-04-05 20:00:00+00:00,79.84,80.22,79.8,80.18,13930.865
2026-04-05 21:00:00+00:00,80.17,80.19,79.52,79.74,17048.619
2026-04-05 22:00:00+00:00,79.75,80.68,79.11,80.57,31670.414
2026-04-05 23:00:00+00:00,80.57,82.13,80.46,81.87,41828.514
2026-04-06 00:00:00+00:00,81.92,82.96,81.9,82.33,40735.882
2026-04-06 01:00:00+00:00,82.33,82.43,81.68,81.72,32653.597
2026-04-06 02:00:00+00:00,81.7,82.81,81.67,82.43,26977.479
2026-04-06 03:00:00+00:00,82.42,82.49,81.95,82.1,28460.233
2026-04-06 04:00:00+00:00,82.11,82.34,81.8,82.0,23536.27
2026-04-06 05:00:00+00:00,82.0,82.09,81.85,81.9,12294.573
2026-04-06 06:00:00+00:00,81.91,82.14,80.97,81.5,26885.948
2026-04-06 07:00:00+00:00,81.52,81.99,81.35,81.82,31044.802
2026-04-06 08:00:00+00:00,81.83,82.26,81.7,82.0,23874.888
2026-04-06 09:00:00+00:00,81.99,83.19,81.9,82.48,48308.18
2026-04-06 10:00:00+00:00,82.49,82.9,82.49,82.69,25128.688
2026-04-06 11:00:00+00:00,82.68,82.68,82.32,82.44,20681.189
2026-04-06 12:00:00+00:00,82.44,82.53,82.21,82.29,15901.74
2026-04-06 13:00:00+00:00,82.3,82.65,82.2,82.47,19408.78
2026-04-06 14:00:00+00:00,82.46,82.81,81.73,82.22,43054.008
2026-04-06 15:00:00+00:00,82.22,82.45,82.0,82.28,25365.057
2026-04-06 16:00:00+00:00,82.3,82.47,81.58,81.61,25797.322
2026-04-06 17:00:00+00:00,81.61,81.79,81.2,81.65,24290.248
2026-04-06 18:00:00+00:00,81.65,82.21,81.55,81.87,15441.17
2026-04-06 19:00:00+00:00,81.87,81.97,81.55,81.92,8521.103
2026-04-06 20:00:00+00:00,81.9,82.15,81.81,81.99,10858.576
2026-04-06 21:00:00+00:00,81.99,81.99,81.39,81.49,12701.181
2026-04-06 22:00:00+00:00,81.46,81.51,80.16,80.16,28388.538
2026-04-06 23:00:00+00:00,80.17,80.25,79.6,80.03,41731.946
2026-04-07 00:00:00+00:00,80.0,80.23,79.61,79.88,31307.636
2026-04-07 01:00:00+00:00,79.89,80.14,79.38,79.52,29952.046
2026-04-07 02:00:00+00:00,79.52,79.9,79.47,79.73,20587.551
2026-04-07 03:00:00+00:00,79.73,79.91,79.7,79.8,14164.948
2026-04-07 04:00:00+00:00,79.8,80.17,79.67,79.93,15657.721
2026-04-07 05:00:00+00:00,79.93,79.96,79.46,79.61,19832.421
2026-04-07 06:00:00+00:00,79.59,79.64,79.3,79.54,21392.945
2026-04-07 07:00:00+00:00,79.53,79.93,79.45,79.87,25004.251
2026-04-07 08:00:00+00:00,79.87,80.35,79.82,80.15,27618.184
2026-04-07 09:00:00+00:00,80.15,80.59,80.14,80.38,26020.249
2026-04-07 10:00:00+00:00,80.38,80.45,79.23,79.35,28777.132
2026-04-07 11:00:00+00:00,79.37,79.55,78.96,79.22,31794.78
2026-04-07 12:00:00+00:00,79.21,79.38,78.64,79.14,36670.58
2026-04-07 13:00:00+00:00,79.14,79.26,78.83,78.87,32257.335
2026-04-07 14:00:00+00:00,78.88,79.06,78.39,78.59,34675.973
2026-04-07 15:00:00+00:00,78.58,78.98,78.37,78.87,36450.099
2026-04-07 16:00:00+00:00,78.85,79.18,78.66,78.9,27066.868
2026-04-07 17:00:00+00:00,78.89,80.97,78.83,80.06,57169.995
2026-04-07 18:00:00+00:00,80.06,80.2,79.51,79.93,23622.483
2026-04-07 19:00:00+00:00,79.9,81.83,79.88,81.62,57275.252
2026-04-07 20:00:00+00:00,81.64,82.4,81.64,81.93,51336.044
2026-04-07 21:00:00+00:00,81.93,83.22,81.88,82.91,45467.859
2026-04-07 22:00:00+00:00,82.92,85.24,82.92,85.24,77361.456
2026-04-07 23:00:00+00:00,85.25,87.02,85.1,85.56,66684.254
2026-04-08 00:00:00+00:00,85.56,85.9,84.27,84.76,44956.959
2026-04-08 01:00:00+00:00,84.76,84.97,84.45,84.68,34272.851
2026-04-08 02:00:00+00:00,84.69,84.96,84.39,84.6,34399.407
2026-04-08 03:00:00+00:00,84.6,84.68,84.38,84.56,32451.349
2026-04-08 04:00:00+00:00,84.56,85.04,84.5,84.51,34229.133
2026-04-08 05:00:00+00:00,84.51,84.75,84.15,84.21,31410.574
2026-04-08 06:00:00+00:00,84.22,84.72,83.89,84.54,37707.756
2026-04-08 07:00:00+00:00,84.55,84.71,84.21,84.5,33511.836
2026-04-08 08:00:00+00:00,84.52,84.87,84.42,84.86,26387.155
2026-04-08 09:00:00+00:00,84.86,84.98,84.53,84.66,33239.017
2026-04-08 10:00:00+00:00,84.66,84.78,84.5,84.5,17559.772
2026-04-08 11:00:00+00:00,84.49,84.83,84.15,84.45,37489.937
2026-04-08 12:00:00+00:00,84.45,84.68,84.11,84.54,43785.675
2026-04-08 13:00:00+00:00,84.56,84.97,83.92,84.06,61873.878
2026-04-08 14:00:00+00:00,84.05,84.15,82.52,82.9,58430.715
2026-04-08 15:00:00+00:00,82.91,83.47,82.79,83.35,35363.914
2026-04-08 16:00:00+00:00,83.32,83.59,83.05,83.49,15232.845
2026-04-08 17:00:00+00:00,83.5,84.17,83.31,83.96,25118.517
2026-04-08 18:00:00+00:00,84.0,84.02,82.82,82.92,41063.557
2026-04-08 19:00:00+00:00,82.92,83.23,82.78,83.22,29231.843
2026-04-08 20:00:00+00:00,83.2,83.39,83.03,83.27,12611.455
2026-04-08 21:00:00+00:00,83.28,83.62,83.19,83.41,14490.594
2026-04-08 22:00:00+00:00,83.41,83.43,82.58,82.62,18456.152
2026-04-08 23:00:00+00:00,82.62,83.02,82.25,82.57,30995.087
2026-04-09 00:00:00+00:00,82.56,82.67,82.08,82.21,24553.519
2026-04-09 01:00:00+00:00,82.2,82.32,81.7,82.23,35126.557
2026-04-09 02:00:00+00:00,82.23,82.44,82.06,82.14,13724.897
2026-04-09 03:00:00+00:00,82.14,82.18,81.9,82.02,19237.13
2026-04-09 04:00:00+00:00,82.02,82.03,81.83,81.84,13326.492
2026-04-09 05:00:00+00:00,81.82,82.32,81.74,82.16,13156.331
2026-04-09 06:00:00+00:00,82.18,82.36,81.85,82.16,19662.976
2026-04-09 07:00:00+00:00,82.18,82.48,82.18,82.29,10985.902
2026-04-09 08:00:00+00:00,82.29,82.64,82.16,82.46,14868.92
2026-04-09 09:00:00+00:00,82.46,82.67,82.13,82.6,22026.706
2026-04-09 10:00:00+00:00,82.6,82.66,82.37,82.57,13693.427
2026-04-09 11:00:00+00:00,82.57,82.71,82.04,82.17,24444.614
2026-04-09 12:00:00+00:00,82.18,82.36,81.97,82.27,20798.223
2026-04-09 13:00:00+00:00,82.29,82.4,81.59,81.86,20570.47
2026-04-09 14:00:00+00:00,81.87,82.31,81.42,82.19,24937.089
2026-04-09 15:00:00+00:00,82.18,83.93,81.91,83.74,36980.391
2026-04-09 16:00:00+00:00,83.77,84.24,82.92,83.68,30710.405
2026-04-09 17:00:00+00:00,83.69,84.69,83.69,84.66,31419.651
2026-04-09 18:00:00+00:00,84.66,84.7,83.46,83.84,31834.858
2026-04-09 19:00:00+00:00,83.84,84.3,83.43,84.16,29812.507
2026-04-09 20:00:00+00:00,84.14,84.52,84.1,84.26,27375.037
2026-04-09 21:00:00+00:00,84.27,84.72,84.14,84.28,25956.788
2026-04-09 22:00:00+00:00,84.31,85.93,83.96,83.98,36471.347
2026-04-09 23:00:00+00:00,83.99,84.06,83.14,83.34,29212.893
2026-04-10 00:00:00+00:00,83.34,83.36,82.87,83.13,26757.246
2026-04-10 01:00:00+00:00,83.12,83.77,82.82,83.15,29329.631
2026-04-10 02:00:00+00:00,83.15,83.45,83.04,83.24,14511.061
2026-04-10 03:00:00+00:00,83.24,83.26,82.69,82.9,20204.687
2026-04-10 04:00:00+00:00,82.89,83.52,82.89,83.33,21592.384
2026-04-10 05:00:00+00:00,83.35,83.59,83.11,83.39,15370.669
2026-04-10 06:00:00+00:00,83.38,83.46,83.11,83.19,9265.408
2026-04-10 07:00:00+00:00,83.2,83.27,82.88,82.96,11288.572
2026-04-10 08:00:00+00:00,82.96,83.12,82.72,82.92,18789.944
2026-04-10 09:00:00+00:00,82.92,83.57,82.92,83.54,20222.085
2026-04-10 10:00:00+00:00,83.52,83.54,83.12,83.31,18428.492
2026-04-10 11:00:00+00:00,83.32,83.74,83.3,83.52,20387.677
2026-04-10 12:00:00+00:00,83.52,84.42,83.36,84.1,36878.353
2026-04-10 13:00:00+00:00,84.11,84.38,83.6,84.26,25669.619
2026-04-10 14:00:00+00:00,84.25,85.24,84.19,85.09,29241.22
2026-04-10 15:00:00+00:00,85.08,85.57,84.08,84.24,27486.328
2026-04-10 16:00:00+00:00,84.26,84.92,84.13,84.84,19467.653
2026-04-10 17:00:00+00:00,84.85,84.91,84.47,84.87,13185.726
2026-04-10 18:00:00+00:00,84.88,85.26,84.62,85.21,12878.449
2026-04-10 19:00:00+00:00,85.21,85.48,85.11,85.45,20138.659
2026-04-10 20:00:00+00:00,85.47,85.65,85.06,85.44,36587.1
2026-04-10 21:00:00+00:00,85.45,85.45,84.97,85.23,17555.623
2026-04-10 22:00:00+00:00,85.24,85.29,84.65,84.88,15143.847
2026-04-10 23:00:00+00:00,84.89,84.95,84.74,84.81,8302.652
2026-04-11 00:00:00+00:00,84.82,84.85,84.53,84.67,9162.501
2026-04-11 01:00:00+00:00,84.67,84.73,84.4,84.66,9217.343
2026-04-11 02:00:00+00:00,84.68,84.92,84.59,84.77,9511.733
2026-04-11 03:00:00+00:00,84.8,84.91,84.32,84.41,8707.092
2026-04-11 04:00:00+00:00,84.4,84.62,84.23,84.38,15611.012
2026-04-11 05:00:00+00:00,84.39,84.41,84.09,84.1,12713.992
2026-04-11 06:00:00+00:00,84.09,84.17,83.88,84.12,15431.832
2026-04-11 07:00:00+00:00,84.13,84.34,84.07,84.25,16783.984
2026-04-11 08:00:00+00:00,84.26,84.43,84.16,84.16,10222.85
2026-04-11 09:00:00+00:00,84.15,84.79,84.15,84.5,20622.405
2026-04-11 10:00:00+00:00,84.5,84.52,83.97,84.05,17231.981
2026-04-11 11:00:00+00:00,84.04,84.27,83.81,84.25,21735.467
2026-04-11 12:00:00+00:00,84.24,84.53,84.06,84.23,13797.477
2026-04-11 13:00:00+00:00,84.24,84.32,83.84,84.11,18283.271
2026-04-11 14:00:00+00:00,84.1,84.41,84.03,84.37,8796.561
2026-04-11 15:00:00+00:00,84.38,84.88,84.24,84.66,17777.368
2026-04-11 16:00:00+00:00,84.67,85.37,84.6,84.98,18035.667
2026-04-11 17:00:00+00:00,84.97,85.02,84.68,84.8,11490.907
2026-04-11 18:00:00+00:00,84.81,85.79,84.65,85.45,15372.672
2026-04-11 19:00:00+00:00,85.48,86.25,85.42,86.01,23118.478
2026-04-11 20:00:00+00:00,86.04,86.08,85.13,85.41,15963.958
2026-04-11 21:00:00+00:00,85.4,85.54,85.2,85.34,13253.252
2026-04-11 22:00:00+00:00,85.33,86.17,85.05,85.29,27443.084
2026-04-11 23:00:00+00:00,85.26,85.26,84.52,84.93,13532.624
2026-04-12 00:00:00+00:00,84.93,84.99,84.73,84.88,8705.921
2026-04-12 01:00:00+00:00,84.87,84.97,82.06,82.31,37225.68
2026-04-12 02:00:00+00:00,82.27,82.99,81.9,82.68,29331.253
2026-04-12 03:00:00+00:00,82.66,82.8,82.34,82.34,22220.665
2026-04-12 04:00:00+00:00,82.33,82.47,82.15,82.21,17976.233
2026-04-12 05:00:00+00:00,82.22,82.46,82.07,82.4,17391.753
2026-04-12 06:00:00+00:00,82.4,82.5,82.21,82.27,15116.902883
2026-04-12 07:00:00+00:00,82.26,82.45,82.24,82.29,8391.853
2026-04-12 08:00:00+00:00,82.28,82.3,82.14,82.29,7641.017
2026-04-12 09:00:00+00:00,82.29,82.4,82.14,82.22,17013.407
2026-04-12 10:00:00+00:00,82.21,82.33,81.95,82.05,11357.522
2026-04-12 11:00:00+00:00,82.04,82.37,81.95,82.22,13522.692
2026-04-12 12:00:00+00:00,82.21,82.54,81.88,82.01,16570.62
2026-04-12 13:00:00+00:00,82.02,82.22,81.78,81.9,23660.954
2026-04-12 14:00:00+00:00,81.9,82.1,81.3,81.57,35115.067
2026-04-12 15:00:00+00:00,81.57,81.83,81.31,81.6,24843.396
2026-04-12 16:00:00+00:00,81.6,81.88,81.53,81.87,8450.881
2026-04-12 17:00:00+00:00,81.88,82.3,81.75,82.17,11722.339
2026-04-12 18:00:00+00:00,82.21,82.31,82.05,82.14,17444.608
2026-04-12 19:00:00+00:00,82.13,82.32,81.92,81.98,9810.048
2026-04-12 20:00:00+00:00,81.98,82.89,81.94,82.69,15053.096
2026-04-12 21:00:00+00:00,82.7,82.86,82.44,82.81,14311.185
2026-04-12 22:00:00+00:00,82.77,82.82,81.37,81.99,26472.294
2026-04-12 23:00:00+00:00,81.97,81.97,81.3,81.52,15181.435
2026-04-13 00:00:00+00:00,81.53,82.21,81.4,82.14,12556.366
2026-04-13 01:00:00+00:00,82.17,82.34,81.95,82.32,12806.49
2026-04-13 02:00:00+00:00,82.33,82.43,81.89,81.94,13144.881
2026-04-13 03:00:00+00:00,81.96,82.06,81.74,81.91,13014.096
2026-04-13 04:00:00+00:00,81.91,82.25,81.84,81.91,8112.208
2026-04-13 05:00:00+00:00,81.92,81.97,81.54,81.85,13186.149
2026-04-13 06:00:00+00:00,81.86,82.61,81.81,82.35,17006.847
2026-04-13 07:00:00+00:00,82.36,82.41,81.86,82.15,12100.202
2026-04-13 08:00:00+00:00,82.16,82.28,81.74,81.87,13692.699
2026-04-13 09:00:00+00:00,81.87,82.21,81.79,81.87,13208.283
2026-04-13 10:00:00+00:00,81.86,81.97,81.66,81.74,9409.137
2026-04-13 11:00:00+00:00,81.76,82.05,81.68,81.86,13148.63
2026-04-13 12:00:00+00:00,81.86,82.79,81.82,82.53,23067.31
2026-04-13 13:00:00+00:00,82.55,83.66,82.3,83.59,24737.862
2026-04-13 14:00:00+00:00,83.61,83.8,82.76,83.78,21154.829
2026-04-13 15:00:00+00:00,83.75,83.81,82.36,82.67,19257.646
2026-04-13 16:00:00+00:00,82.7,83.63,82.36,83.35,19629.134
2026-04-13 17:00:00+00:00,83.35,83.84,83.01,83.04,17282.63
2026-04-13 18:00:00+00:00,83.06,83.26,82.58,83.22,20150.648
2026-04-13 19:00:00+00:00,83.21,84.24,83.1,84.08,24461.292
2026-04-13 20:00:00+00:00,84.09,84.35,83.81,83.93,24337.259
2026-04-13 21:00:00+00:00,83.94,84.16,83.84,83.95,15996.575
2026-04-13 22:00:00+00:00,83.95,86.47,83.95,86.21,22549.778
2026-04-13 23:00:00+00:00,86.22,86.79,85.91,86.49,29877.643
2026-04-14 00:00:00+00:00,86.51,86.74,85.71,85.91,32085.208
2026-04-14 01:00:00+00:00,85.9,86.13,85.67,85.96,35881.62
2026-04-14 02:00:00+00:00,85.96,86.39,85.87,86.2,28066.247
2026-04-14 03:00:00+00:00,86.19,86.26,85.99,86.05,21398.841
2026-04-14 04:00:00+00:00,86.06,86.06,85.57,85.9,22086.104
2026-04-14 05:00:00+00:00,85.9,85.91,85.44,85.5,16788.096
2026-04-14 06:00:00+00:00,85.52,86.08,85.52,85.94,19460.867
2026-04-14 07:00:00+00:00,85.94,86.18,85.79,85.89,25149.218
2026-04-14 08:00:00+00:00,85.89,86.36,85.73,86.13,20851.934
2026-04-14 09:00:00+00:00,86.14,86.25,85.98,86.09,18700.514
2026-04-14 10:00:00+00:00,86.09,86.58,86.0,86.02,27820.487
2026-04-14 11:00:00+00:00,86.01,86.1,85.62,85.78,34014.085
2026-04-14 12:00:00+00:00,85.79,86.01,85.6,85.96,25073.425
2026-04-14 13:00:00+00:00,85.96,87.4,85.92,87.33,25400.927
2026-04-14 14:00:00+00:00,87.32,87.64,86.0,86.0,25403.369
2026-04-14 15:00:00+00:00,86.02,86.31,85.26,85.96,23270.01
2026-04-14 16:00:00+00:00,85.95,86.18,84.78,85.04,25188.988
2026-04-14 17:00:00+00:00,85.04,85.44,84.72,85.25,18411.184
2026-04-14 18:00:00+00:00,85.27,85.41,83.91,84.09,25949.964
2026-04-14 19:00:00+00:00,84.08,84.33,83.74,83.91,17866.918
2026-04-14 20:00:00+00:00,83.94,84.15,83.43,83.62,16580.458
2026-04-14 21:00:00+00:00,83.61,83.95,83.54,83.81,14500.365
2026-04-14 22:00:00+00:00,83.81,83.93,83.31,83.52,21590.265
2026-04-14 23:00:00+00:00,83.5,84.03,83.47,83.7,21882.633
2026-04-15 00:00:00+00:00,83.71,84.06,83.55,83.78,20836.713
2026-04-15 01:00:00+00:00,83.77,84.02,83.56,83.92,15582.039
2026-04-15 02:00:00+00:00,83.91,84.02,83.15,83.4,11124.316
2026-04-15 03:00:00+00:00,83.43,83.52,83.3,83.46,10339.053
2026-04-15 04:00:00+00:00,83.44,83.66,83.33,83.61,12904.09
2026-04-15 05:00:00+00:00,83.6,83.79,82.97,83.13,18023.8
2026-04-15 06:00:00+00:00,83.11,83.14,82.87,83.0,19888.32
2026-04-15 07:00:00+00:00,83.01,83.22,82.66,82.93,20325.992
2026-04-15 08:00:00+00:00,82.91,83.29,82.74,83.14,14741.35
2026-04-15 09:00:00+00:00,83.14,83.24,82.88,83.17,15399.022
2026-04-15 10:00:00+00:00,83.15,83.63,82.92,83.15,15451.035
2026-04-15 11:00:00+00:00,83.18,83.66,83.05,83.6,16072.316
2026-04-15 12:00:00+00:00,83.6,83.87,83.39,83.71,21682.682
2026-04-15 13:00:00+00:00,83.71,83.81,83.23,83.64,20706.053
2026-04-15 14:00:00+00:00,83.65,84.49,83.42,84.32,15737.982
2026-04-15 15:00:00+00:00,84.35,84.46,83.52,84.03,17582.667
2026-04-15 16:00:00+00:00,84.0,84.7,83.91,84.55,20888.202
2026-04-15 17:00:00+00:00,84.56,85.14,84.45,84.69,26914.895
2026-04-15 18:00:00+00:00,84.69,85.05,84.59,85.02,15329.59
2026-04-15 19:00:00+00:00,85.0,85.83,84.94,85.5,18242.825
2026-04-15 20:00:00+00:00,85.52,85.57,84.64,84.79,14912.758
2026-04-15 21:00:00+00:00,84.78,84.88,84.21,84.79,17899.808
2026-04-15 22:00:00+00:00,84.78,85.6,84.73,85.02,18206.811
2026-04-15 23:00:00+00:00,85.02,85.03,84.65,84.91,17737.998
2026-04-16 00:00:00+00:00,84.88,85.07,84.5,84.93,14756.891
2026-04-16 01:00:00+00:00,84.92,84.94,84.47,84.86,13793.889
2026-04-16 02:00:00+00:00,84.86,85.58,84.72,85.11,15306.115
2026-04-16 03:00:00+00:00,85.1,85.5,85.09,85.29,17479.94
2026-04-16 04:00:00+00:00,85.28,85.56,84.99,85.24,13631.046
2026-04-16 05:00:00+00:00,85.24,85.54,85.05,85.39,14166.469
2026-04-16 06:00:00+00:00,85.4,85.54,85.19,85.48,13070.397
2026-04-16 07:00:00+00:00,85.46,85.66,85.11,85.2,26121.931
2026-04-16 08:00:00+00:00,85.19,85.31,84.91,85.04,20446.686
2026-04-16 09:00:00+00:00,85.04,85.51,84.96,85.19,21684.556
2026-04-16 10:00:00+00:00,85.18,85.24,84.63,85.05,20003.478
2026-04-16 11:00:00+00:00,85.07,85.17,84.94,85.07,13594.123
2026-04-16 12:00:00+00:00,85.06,85.5,85.06,85.38,15090.11
2026-04-16 13:00:00+00:00,85.39,86.27,83.81,84.78,29329.733
2026-04-16 14:00:00+00:00,84.79,85.68,84.06,85.38,25501.342
2026-04-16 15:00:00+00:00,85.39,87.11,85.3,86.62,33529.056
2026-04-16 16:00:00+00:00,86.64,87.08,85.63,85.95,26496.377
2026-04-16 17:00:00+00:00,85.94,86.79,85.72,86.66,24332.345
2026-04-16 18:00:00+00:00,86.66,89.07,86.52,89.0,44371.488
2026-04-16 19:00:00+00:00,89.07,90.13,88.65,90.08,26944.052
2026-04-16 20:00:00+00:00,90.14,90.5,89.25,89.58,21579.43
2026-04-16 21:00:00+00:00,89.58,89.75,88.73,88.93,21553.291
2026-04-16 22:00:00+00:00,88.93,89.46,88.87,89.0,21428.093
2026-04-16 23:00:00+00:00,88.99,89.22,88.82,89.07,21652.781
2026-04-17 00:00:00+00:00,89.08,89.19,88.58,88.81,21885.185
2026-04-17 01:00:00+00:00,88.81,89.02,87.92,88.25,24120.534
2026-04-17 02:00:00+00:00,88.24,88.37,87.55,87.87,22263.711
2026-04-17 03:00:00+00:00,87.86,87.97,87.5,87.72,18021.813
2026-04-17 04:00:00+00:00,87.74,88.28,87.69,87.99,16928.538
2026-04-17 05:00:00+00:00,88.0,88.01,87.41,87.42,18833.109
2026-04-17 06:00:00+00:00,87.42,88.1,87.37,88.01,14424.49
2026-04-17 07:00:00+00:00,88.05,88.47,87.98,88.15,14415.504
2026-04-17 08:00:00+00:00,88.14,89.07,88.13,88.94,23644.346
2026-04-17 09:00:00+00:00,88.94,89.54,88.33,88.72,19669.574
2026-04-17 10:00:00+00:00,88.71,88.74,87.37,87.68,23841.171
2026-04-17 11:00:00+00:00,87.67,88.33,87.63,88.21,18436.186
2026-04-17 12:00:00+00:00,88.24,88.92,87.92,88.9,17103.914
2026-04-17 13:00:00+00:00,88.87,90.53,88.59,90.13,43980.752
2026-04-17 14:00:00+00:00,90.16,90.72,89.65,90.02,21534.279
2026-04-17 15:00:00+00:00,90.04,90.18,89.49,89.96,18952.931
2026-04-17 16:00:00+00:00,89.95,90.59,89.9,90.41,31210.677
2026-04-17 17:00:00+00:00,90.4,90.41,89.09,89.73,33514.112
2026-04-17 18:00:00+00:00,89.73,89.83,88.88,89.16,20734.053
2026-04-17 19:00:00+00:00,89.19,89.49,88.92,89.22,17720.615
2026-04-17 20:00:00+00:00,89.23,89.37,88.51,89.0,14451.308
2026-04-17 21:00:00+00:00,89.0,89.27,88.79,89.13,18078.267
2026-04-17 22:00:00+00:00,89.12,89.46,88.94,89.22,17137.796
2026-04-17 23:00:00+00:00,89.21,89.21,88.48,88.76,18739.31
2026-04-18 00:00:00+00:00,88.75,89.13,88.66,88.95,13642.034
2026-04-18 01:00:00+00:00,88.97,89.16,88.69,88.87,15722.299
2026-04-18 02:00:00+00:00,88.87,89.09,88.68,88.93,10739.645
2026-04-18 03:00:00+00:00,88.91,88.91,88.24,88.32,9607.433
2026-04-18 04:00:00+00:00,88.34,88.55,88.24,88.36,26249.343
2026-04-18 05:00:00+00:00,88.35,88.64,88.17,88.39,30034.891
2026-04-18 06:00:00+00:00,88.4,88.62,88.31,88.5,14437.191
2026-04-18 07:00:00+00:00,88.49,88.55,88.3,88.45,17411.824
2026-04-18 08:00:00+00:00,88.45,88.5,87.11,87.55,70524.628
2026-04-18 09:00:00+00:00,87.54,87.67,87.15,87.61,49979.085
2026-04-18 10:00:00+00:00,87.61,87.63,86.78,86.95,56528.471
2026-04-18 11:00:00+00:00,86.95,86.98,86.29,86.54,57923.708
2026-04-18 12:00:00+00:00,86.55,86.97,86.52,86.91,29723.131
2026-04-18 13:00:00+00:00,86.91,86.97,86.42,86.75,27317.884
2026-04-18 14:00:00+00:00,86.75,86.87,86.47,86.84,18795.667
2026-04-18 15:00:00+00:00,86.83,86.95,86.58,86.75,27644.15
2026-04-18 16:00:00+00:00,86.75,86.98,86.47,86.69,23570.221
2026-04-18 17:00:00+00:00,86.69,86.84,86.51,86.74,12766.575
2026-04-18 18:00:00+00:00,86.75,86.75,85.8,85.97,33147.28
2026-04-18 19:00:00+00:00,85.96,86.3,85.93,86.12,10382.83
2026-04-18 20:00:00+00:00,86.11,86.3,86.02,86.18,6981.963
2026-04-18 21:00:00+00:00,86.18,86.27,86.04,86.22,9594.603
2026-04-18 22:00:00+00:00,86.22,86.36,85.93,86.29,16736.754
2026-04-18 23:00:00+00:00,86.29,86.48,86.13,86.15,11300.474
2026-04-19 00:00:00+00:00,86.16,86.38,85.86,86.01,11624.504
2026-04-19 01:00:00+00:00,86.04,86.23,85.6,85.76,11826.478
2026-04-19 02:00:00+00:00,85.75,85.86,85.26,85.55,16256.912
2026-04-19 03:00:00+00:00,85.54,85.79,85.32,85.6,9202.785
2026-04-19 04:00:00+00:00,85.59,85.95,85.18,85.57,16547.024
2026-04-19 05:00:00+00:00,85.57,85.8,85.42,85.49,16205.498
2026-04-19 06:00:00+00:00,85.46,85.66,85.14,85.45,15409.303
2026-04-19 07:00:00+00:00,85.44,85.44,84.42,84.88,48167.259
2026-04-19 08:00:00+00:00,84.86,85.14,84.63,84.8,25195.183
2026-04-19 09:00:00+00:00,84.79,85.04,84.58,84.59,24292.309
2026-04-19 10:00:00+00:00,84.6,84.89,84.44,84.79,16645.78
2026-04-19 11:00:00+00:00,84.77,85.69,84.76,85.6,36773.536
2026-04-19 12:00:00+00:00,85.61,85.94,85.55,85.77,24290.874
2026-04-19 13:00:00+00:00,85.76,86.93,85.75,86.33,43963.38
2026-04-19 14:00:00+00:00,86.33,87.1,85.99,86.53,40400.614
2026-04-19 15:00:00+00:00,86.53,86.67,85.6,86.35,32416.213
2026-04-19 16:00:00+00:00,86.36,86.5,85.74,85.86,23786.392
2026-04-19 17:00:00+00:00,85.85,86.0,85.01,85.13,48436.044
2026-04-19 18:00:00+00:00,85.14,85.29,84.88,85.11,48844.762
2026-04-19 19:00:00+00:00,85.12,85.56,85.12,85.33,36290.163
2026-04-19 20:00:00+00:00,85.32,85.37,84.76,84.96,50880.919
2026-04-19 21:00:00+00:00,84.96,85.24,84.62,84.71,47909.095
2026-04-19 22:00:00+00:00,84.69,84.69,82.93,83.79,179224.425
2026-04-19 23:00:00+00:00,83.77,83.77,83.35,83.48,45337.479
2026-04-20 00:00:00+00:00,83.48,84.18,83.36,83.99,55669.286
2026-04-20 01:00:00+00:00,83.99,84.54,83.95,84.34,53113.26
2026-04-20 02:00:00+00:00,84.37,84.39,83.72,84.2,33695.534
2026-04-20 03:00:00+00:00,84.23,84.61,84.13,84.58,23843.153
2026-04-20 04:00:00+00:00,84.58,84.61,84.26,84.57,21773.148
2026-04-20 05:00:00+00:00,84.57,84.59,83.77,83.86,32623.257
2026-04-20 06:00:00+00:00,83.87,84.74,83.8,84.46,36028.22
2026-04-20 07:00:00+00:00,84.48,85.76,84.45,84.73,81594.721
2026-04-20 08:00:00+00:00,84.72,85.12,84.57,84.7,39527.756
2026-04-20 09:00:00+00:00,84.68,85.23,84.63,85.07,33820.259
2026-04-20 10:00:00+00:00,85.11,85.41,84.82,84.86,30102.221
2026-04-20 11:00:00+00:00,84.86,85.36,84.77,85.07,40153.12
2026-04-20 12:00:00+00:00,85.05,85.53,84.86,85.32,51635.749
2026-04-20 13:00:00+00:00,85.32,85.51,84.87,85.33,54229.241
2026-04-20 14:00:00+00:00,85.3,85.81,84.53,84.79,66090.844
2026-04-20 15:00:00+00:00,84.8,85.87,84.43,85.85,66303.856
2026-04-20 16:00:00+00:00,85.86,85.87,85.27,85.31,30673.741
2026-04-20 17:00:00+00:00,85.31,86.11,85.26,85.68,36289.127
2026-04-20 18:00:00+00:00,85.7,86.22,85.7,86.07,53032.594
2026-04-20 19:00:00+00:00,86.09,86.11,85.75,85.8,31143.109
2026-04-20 20:00:00+00:00,85.79,86.16,85.66,85.96,30380.706
2026-04-20 21:00:00+00:00,85.95,86.21,85.58,85.8,38610.67
2026-04-20 22:00:00+00:00,85.8,86.06,85.6,85.7,16024.553
2026-04-20 23:00:00+00:00,85.71,85.71,85.21,85.29,19498.664
2026-04-21 00:00:00+00:00,85.29,85.77,85.25,85.67,15926.283
2026-04-21 01:00:00+00:00,85.66,85.83,85.36,85.42,13374.225
2026-04-21 02:00:00+00:00,85.44,85.45,85.19,85.28,11193.54
2026-04-21 03:00:00+00:00,85.28,85.52,85.0,85.18,30284.733
2026-04-21 04:00:00+00:00,85.17,85.47,85.02,85.44,27518.079
2026-04-21 05:00:00+00:00,85.43,85.84,85.41,85.69,32159.911
2026-04-21 06:00:00+00:00,85.68,85.94,85.19,85.68,23855.471
2026-04-21 07:00:00+00:00,85.68,85.98,85.42,85.71,18697.086
2026-04-21 08:00:00+00:00,85.72,86.36,85.63,85.8,23572.286
2026-04-21 09:00:00+00:00,85.81,85.9,85.53,85.9,16296.103
2026-04-21 10:00:00+00:00,85.89,86.32,85.85,86.15,16937.354
2026-04-21 11:00:00+00:00,86.15,86.17,85.73,85.85,24771.252
2026-04-21 12:00:00+00:00,85.85,86.04,85.19,85.53,29859.458
2026-04-21 13:00:00+00:00,85.53,85.85,85.3,85.82,30915.753
2026-04-21 14:00:00+00:00,85.85,86.89,85.61,85.79,42018.0
2026-04-21 15:00:00+00:00,85.79,86.28,85.4,86.05,42806.379
2026-04-21 16:00:00+00:00,86.05,86.29,85.67,85.7,24945.964
2026-04-21 17:00:00+00:00,85.7,85.8,84.73,85.32,55655.633
2026-04-21 18:00:00+00:00,85.32,85.39,84.74,85.24,27540.319
2026-04-21 19:00:00+00:00,85.24,85.74,84.32,84.56,39386.107
2026-04-21 20:00:00+00:00,84.55,85.75,84.45,85.43,42765.319
2026-04-21 21:00:00+00:00,85.41,85.57,85.03,85.16,17567.46
2026-04-21 22:00:00+00:00,85.15,85.44,84.98,85.35,16231.826
2026-04-21 23:00:00+00:00,85.35,86.12,85.35,86.05,24314.513
2026-04-22 00:00:00+00:00,86.07,86.52,86.01,86.5,31139.85
2026-04-22 01:00:00+00:00,86.5,86.55,86.1,86.26,25066.94
2026-04-22 02:00:00+00:00,86.27,87.56,86.2,87.41,57249.175
2026-04-22 03:00:00+00:00,87.44,87.87,87.12,87.26,39297.184
2026-04-22 04:00:00+00:00,87.25,87.34,86.98,87.1,16255.954
2026-04-22 05:00:00+00:00,87.12,88.34,87.02,88.03,72904.742
2026-04-22 06:00:00+00:00,88.04,88.18,87.8,87.95,36743.021
2026-04-22 07:00:00+00:00,87.95,88.26,87.71,88.05,39926.435
2026-04-22 08:00:00+00:00,88.06,88.27,87.61,87.99,34075.652
2026-04-22 09:00:00+00:00,87.99,88.91,87.85,88.3,43695.335
2026-04-22 10:00:00+00:00,88.31,88.41,88.14,88.34,13296.195
2026-04-22 11:00:00+00:00,88.33,88.46,88.16,88.33,24729.716
2026-04-22 12:00:00+00:00,88.33,88.68,88.23,88.58,29349.933
2026-04-22 13:00:00+00:00,88.58,89.18,88.45,89.1,55667.662
2026-04-22 14:00:00+00:00,89.14,89.31,88.5,88.74,60884.873
2026-04-22 15:00:00+00:00,88.77,88.8,88.05,88.19,59608.955
2026-04-22 16:00:00+00:00,88.19,88.47,87.55,87.66,44945.15
2026-04-22 17:00:00+00:00,87.66,88.04,87.64,87.84,29994.146
2026-04-22 18:00:00+00:00,87.85,88.38,87.81,87.82,15530.736
2026-04-22 19:00:00+00:00,87.83,87.84,87.1,87.38,40083.922
2026-04-22 20:00:00+00:00,87.39,87.5,87.09,87.15,21156.291
2026-04-22 21:00:00+00:00,87.14,87.65,87.12,87.59,13544.725
2026-04-22 22:00:00+00:00,87.56,87.72,87.3,87.43,13625.82
2026-04-22 23:00:00+00:00,87.43,87.48,86.81,86.87,21377.604
2026-04-23 00:00:00+00:00,86.88,87.15,85.96,86.85,50525.682
2026-04-23 01:00:00+00:00,86.87,86.87,86.13,86.44,29316.5
2026-04-23 02:00:00+00:00,86.45,86.45,85.74,85.95,33495.244
2026-04-23 03:00:00+00:00,85.96,86.09,85.49,85.79,27268.027
2026-04-23 04:00:00+00:00,85.77,86.0,85.65,85.96,19810.141
2026-04-23 05:00:00+00:00,85.97,86.13,85.51,85.85,30198.371
2026-04-23 06:00:00+00:00,85.88,86.22,85.84,86.18,22400.532
2026-04-23 07:00:00+00:00,86.21,86.21,85.85,85.9,23284.357
2026-04-23 08:00:00+00:00,85.91,85.93,85.55,85.69,31098.149
2026-04-23 09:00:00+00:00,85.7,85.7,85.28,85.52,19296.626
2026-04-23 10:00:00+00:00,85.51,85.62,85.21,85.43,20206.221
2026-04-23 11:00:00+00:00,85.45,85.91,85.38,85.83,20734.388
2026-04-23 12:00:00+00:00,85.82,86.09,85.7,85.96,26267.019
2026-04-23 13:00:00+00:00,85.97,86.04,85.58,85.76,26904.128
2026-04-23 14:00:00+00:00,85.76,86.18,85.56,86.05,36144.258
2026-04-23 15:00:00+00:00,86.05,86.63,85.8,86.34,63218.078
2026-04-23 16:00:00+00:00,86.34,86.41,85.78,85.81,31424.96
2026-04-23 17:00:00+00:00,85.81,85.87,84.47,85.35,84383.158
2026-04-23 18:00:00+00:00,85.35,85.65,85.23,85.24,39253.005
2026-04-23 19:00:00+00:00,85.25,85.56,85.13,85.3,37497.274
2026-04-23 20:00:00+00:00,85.3,85.83,85.28,85.59,33701.376
2026-04-23 21:00:00+00:00,85.59,86.0,85.5,85.78,19201.303
2026-04-23 22:00:00+00:00,85.79,86.25,85.79,85.97,29306.454
2026-04-23 23:00:00+00:00,85.96,86.2,85.61,86.12,22434.014
2026-04-24 00:00:00+00:00,86.12,86.35,86.04,86.21,12294.168
2026-04-24 01:00:00+00:00,86.2,86.33,85.83,86.28,15208.372
2026-04-24 02:00:00+00:00,86.27,86.35,85.78,85.89,9341.419
2026-04-24 03:00:00+00:00,85.89,85.94,85.4,85.69,21266.236
2026-04-24 04:00:00+00:00,85.69,85.71,85.19,85.33,21112.814
2026-04-24 05:00:00+00:00,85.31,85.81,85.16,85.69,39296.018
2026-04-24 06:00:00+00:00,85.71,85.73,85.33,85.43,24380.882
2026-04-24 07:00:00+00:00,85.43,85.62,85.34,85.5,24776.036
2026-04-24 08:00:00+00:00,85.5,85.74,85.3,85.36,21670.294
2026-04-24 09:00:00+00:00,85.36,85.47,84.97,85.47,25019.429
2026-04-24 10:00:00+00:00,85.47,85.75,85.19,85.72,21024.522
2026-04-24 11:00:00+00:00,85.72,86.27,85.72,86.19,47284.999
2026-04-24 12:00:00+00:00,86.19,86.78,86.07,86.35,46454.661
2026-04-24 13:00:00+00:00,86.33,86.59,85.86,86.09,33290.918
2026-04-24 14:00:00+00:00,86.09,86.23,85.67,86.06,35523.09
2026-04-24 15:00:00+00:00,86.05,86.56,85.54,86.52,31698.744
2026-04-24 16:00:00+00:00,86.51,86.59,86.1,86.35,19922.391
2026-04-24 17:00:00+00:00,86.33,86.55,86.12,86.48,19792.358
2026-04-24 18:00:00+00:00,86.48,86.54,85.96,86.35,26072.346
2026-04-24 19:00:00+00:00,86.4,86.52,86.24,86.35,10193.781
2026-04-24 20:00:00+00:00,86.3,86.93,86.21,86.88,28188.68
2026-04-24 21:00:00+00:00,86.87,86.94,86.37,86.46,21459.381
2026-04-24 22:00:00+00:00,86.45,86.46,86.11,86.18,13135.355
2026-04-24 23:00:00+00:00,86.2,86.3,86.15,86.2,9078.455
2026-04-25 00:00:00+00:00,86.19,86.27,86.03,86.25,7472.799
2026-04-25 01:00:00+00:00,86.24,86.37,86.14,86.29,7036.58
2026-04-25 02:00:00+00:00,86.29,86.39,86.17,86.27,9921.397
2026-04-25 03:00:00+00:00,86.28,86.5,86.27,86.45,7389.624
2026-04-25 04:00:00+00:00,86.46,86.53,86.29,86.33,5012.44
2026-04-25 05:00:00+00:00,86.33,86.33,86.12,86.21,6078.827
2026-04-25 06:00:00+00:00,86.22,86.66,86.22,86.45,11741.53
2026-04-25 07:00:00+00:00,86.43,86.52,86.25,86.37,25682.443
2026-04-25 08:00:00+00:00,86.36,86.81,86.3,86.62,19289.894
2026-04-25 09:00:00+00:00,86.63,86.79,86.56,86.58,8807.823
2026-04-25 10:00:00+00:00,86.57,86.73,86.57,86.64,9360.037
2026-04-25 11:00:00+00:00,86.64,86.64,86.26,86.36,16190.311
2026-04-25 12:00:00+00:00,86.38,86.44,86.24,86.39,9959.827
2026-04-25 13:00:00+00:00,86.39,86.68,86.39,86.6,8899.312
2026-04-25 14:00:00+00:00,86.61,86.66,86.46,86.46,7146.867
2026-04-25 15:00:00+00:00,86.46,86.64,86.15,86.23,11513.068
2026-04-25 16:00:00+00:00,86.22,86.33,85.63,85.89,25484.267
2026-04-25 17:00:00+00:00,85.9,85.9,85.56,85.57,21947.643
2026-04-25 18:00:00+00:00,85.57,85.84,85.56,85.69,32795.462
2026-04-25 19:00:00+00:00,85.69,85.73,85.58,85.7,17282.552
2026-04-25 20:00:00+00:00,85.7,85.93,85.61,85.91,6204.573
2026-04-25 21:00:00+00:00,85.92,86.11,85.75,85.9,18743.296
2026-04-25 22:00:00+00:00,85.91,86.18,85.87,86.1,8584.471
2026-04-25 23:00:00+00:00,86.11,86.18,86.03,86.18,6528.475
2026-04-26 00:00:00+00:00,86.18,86.21,85.93,86.04,7106.958
2026-04-26 01:00:00+00:00,86.04,86.12,85.97,85.97,11014.349
2026-04-26 02:00:00+00:00,85.97,86.38,85.97,86.38,8961.928
2026-04-26 03:00:00+00:00,86.38,86.44,85.84,85.99,27507.449
2026-04-26 04:00:00+00:00,85.99,86.72,85.94,86.44,27037.804
2026-04-26 05:00:00+00:00,86.43,86.72,86.16,86.44,46039.351
2026-04-26 06:00:00+00:00,86.45,86.58,86.38,86.49,7576.689
2026-04-26 07:00:00+00:00,86.5,86.64,86.44,86.63,7272.88
2026-04-26 08:00:00+00:00,86.63,86.76,86.51,86.57,12792.27
2026-04-26 09:00:00+00:00,86.56,86.59,86.45,86.54,8687.403
2026-04-26 10:00:00+00:00,86.53,86.61,86.43,86.48,8879.619
2026-04-26 11:00:00+00:00,86.48,86.63,86.46,86.49,13833.513
2026-04-26 12:00:00+00:00,86.48,86.49,85.91,86.09,24902.415
2026-04-26 13:00:00+00:00,86.09,86.25,85.97,86.12,38803.166
2026-04-26 14:00:00+00:00,86.12,86.51,86.06,86.39,23840.506
2026-04-26 15:00:00+00:00,86.4,86.59,86.35,86.54,18670.739
2026-04-26 16:00:00+00:00,86.55,86.6,86.38,86.41,12639.443
2026-04-26 17:00:00+00:00,86.41,86.59,86.27,86.53,9610.573
2026-04-26 18:00:00+00:00,86.53,86.98,86.43,86.83,15723.172
2026-04-26 19:00:00+00:00,86.82,87.21,86.67,86.88,30539.267
2026-04-26 20:00:00+00:00,86.87,86.93,86.59,86.68,21506.045
2026-04-26 21:00:00+00:00,86.69,87.12,86.18,86.83,50110.217
2026-04-26 22:00:00+00:00,86.82,87.31,86.34,86.73,41124.998
2026-04-26 23:00:00+00:00,86.72,87.16,86.52,86.92,20738.039
2026-04-27 00:00:00+00:00,86.93,87.39,86.55,87.33,51709.174
2026-04-27 01:00:00+00:00,87.35,87.86,87.26,87.83,75845.239
2026-04-27 02:00:00+00:00,87.84,88.06,87.36,87.81,30460.341
2026-04-27 03:00:00+00:00,87.81,88.06,87.69,87.73,31541.369
2026-04-27 04:00:00+00:00,87.74,87.84,87.42,87.52,18121.147
2026-04-27 05:00:00+00:00,87.53,87.53,85.8,85.96,111321.034
2026-04-27 06:00:00+00:00,85.95,86.04,85.43,85.73,43694.488
2026-04-27 07:00:00+00:00,85.72,85.78,85.28,85.28,35560.028
2026-04-27 08:00:00+00:00,85.27,85.51,85.04,85.51,33972.373
2026-04-27 09:00:00+00:00,85.52,85.62,85.16,85.49,48353.749
2026-04-27 10:00:00+00:00,85.46,85.56,85.15,85.19,35248.754
2026-04-27 11:00:00+00:00,85.18,85.28,85.07,85.26,13878.093
2026-04-27 12:00:00+00:00,85.26,85.26,84.93,85.1,29751.161
2026-04-27 13:00:00+00:00,85.09,85.36,84.72,85.13,40904.686
2026-04-27 14:00:00+00:00,85.12,85.84,85.0,85.23,46816.114
2026-04-27 15:00:00+00:00,85.23,85.24,83.64,84.17,101813.488
2026-04-27 16:00:00+00:00,84.16,84.39,84.04,84.27,23165.85
2026-04-27 17:00:00+00:00,84.3,84.68,84.27,84.48,31738.791
2026-04-27 18:00:00+00:00,84.46,84.69,84.41,84.57,11662.135
2026-04-27 19:00:00+00:00,84.58,84.66,83.83,84.18,27419.805
2026-04-27 20:00:00+00:00,84.19,84.35,84.15,84.29,16843.402
2026-04-27 21:00:00+00:00,84.26,84.5,84.11,84.27,15610.899
2026-04-27 22:00:00+00:00,84.27,84.61,84.2,84.54,10950.358
2026-04-27 23:00:00+00:00,84.54,84.9,84.46,84.82,19127.948
2026-04-28 00:00:00+00:00,84.81,84.94,84.59,84.82,16294.437
2026-04-28 01:00:00+00:00,84.82,84.88,84.39,84.39,13864.645
2026-04-28 02:00:00+00:00,84.43,84.63,83.91,84.17,19567.903
2026-04-28 03:00:00+00:00,84.17,84.2,84.02,84.17,10967.259
2026-04-28 04:00:00+00:00,84.18,84.41,83.83,84.07,37662.213
2026-04-28 05:00:00+00:00,84.08,84.44,84.08,84.22,25421.009
2026-04-28 06:00:00+00:00,84.22,84.31,83.69,83.95,25104.202
2026-04-28 07:00:00+00:00,83.94,84.06,83.64,84.02,26711.756
2026-04-28 08:00:00+00:00,84.03,84.2,83.77,83.97,15207.343
2026-04-28 09:00:00+00:00,83.96,83.98,83.43,83.64,16930.566
2026-04-28 10:00:00+00:00,83.64,83.82,83.64,83.82,9723.709
2026-04-28 11:00:00+00:00,83.83,83.85,83.3,83.4,23598.334
2026-04-28 12:00:00+00:00,83.41,83.74,83.26,83.68,27745.984
2026-04-28 13:00:00+00:00,83.68,84.0,83.2,83.54,39589.441
2026-04-28 14:00:00+00:00,83.53,83.53,82.98,83.41,40762.419
2026-04-28 15:00:00+00:00,83.41,83.52,83.21,83.46,39447.775
2026-04-28 16:00:00+00:00,83.46,83.68,83.32,83.6,22220.31
2026-04-28 17:00:00+00:00,83.59,83.81,83.38,83.62,16366.991
2026-04-28 18:00:00+00:00,83.62,83.83,83.59,83.81,11942.018
2026-04-28 19:00:00+00:00,83.81,84.03,83.7,83.89,10951.933
2026-04-28 20:00:00+00:00,83.9,84.0,83.77,83.77,9888.67
2026-04-28 21:00:00+00:00,83.78,83.96,83.64,83.73,15984.797
2026-04-28 22:00:00+00:00,83.74,83.93,83.59,83.73,31993.626
2026-04-28 23:00:00+00:00,83.73,84.15,83.65,84.05,29595.348
2026-04-29 00:00:00+00:00,84.06,84.19,83.83,84.07,54166.211
2026-04-29 01:00:00+00:00,84.05,84.22,83.8,84.1,19886.626
2026-04-29 02:00:00+00:00,84.09,84.22,83.94,84.04,11937.329
2026-04-29 03:00:00+00:00,84.05,84.74,84.05,84.59,35438.229
2026-04-29 04:00:00+00:00,84.6,85.06,84.45,84.96,42992.239
2026-04-29 05:00:00+00:00,84.95,85.01,84.71,84.84,37427.029
2026-04-29 06:00:00+00:00,84.84,84.99,84.54,84.62,26486.178
2026-04-29 07:00:00+00:00,84.64,84.86,84.6,84.71,17311.926
2026-04-29 08:00:00+00:00,84.71,84.76,84.37,84.51,18135.668
2026-04-29 09:00:00+00:00,84.51,85.53,84.48,85.29,57898.523
2026-04-29 10:00:00+00:00,85.31,85.55,85.13,85.14,74941.417
2026-04-29 11:00:00+00:00,85.14,85.17,84.8,84.92,31235.735
2026-04-29 12:00:00+00:00,84.92,84.92,83.95,84.25,66333.093
2026-04-29 13:00:00+00:00,84.25,84.28,83.66,84.0,57613.159
2026-04-29 14:00:00+00:00,83.99,84.05,83.66,83.85,34127.512
2026-04-29 15:00:00+00:00,83.84,83.92,83.0,83.27,69986.832
2026-04-29 16:00:00+00:00,83.24,83.66,82.96,83.13,50210.745
2026-04-29 17:00:00+00:00,83.15,83.36,82.74,83.36,53924.59
2026-04-29 18:00:00+00:00,83.37,83.43,81.4,82.3,164577.317
2026-04-29 19:00:00+00:00,82.3,82.35,81.97,82.18,51027.557
2026-04-29 20:00:00+00:00,82.21,82.81,82.19,82.63,37634.933
2026-04-29 21:00:00+00:00,82.62,83.22,82.53,82.91,40784.08
2026-04-29 22:00:00+00:00,82.91,83.12,82.81,83.06,19976.269
2026-04-29 23:00:00+00:00,83.06,83.11,82.82,83.06,18519.393
2026-04-30 00:00:00+00:00,83.06,84.01,83.06,83.8,54999.2
2026-04-30 01:00:00+00:00,83.78,84.0,83.66,83.74,31655.745
2026-04-30 02:00:00+00:00,83.75,83.95,82.69,82.99,37189.812
2026-04-30 03:00:00+00:00,82.97,83.23,82.87,83.05,13212.146
2026-04-30 04:00:00+00:00,83.05,83.08,82.38,82.4,21924.578
2026-04-30 05:00:00+00:00,82.43,82.79,82.18,82.58,53572.735
2026-04-30 06:00:00+00:00,82.57,83.05,82.53,82.94,32109.866
2026-04-30 07:00:00+00:00,82.94,83.39,82.89,83.34,108899.976
2026-04-30 08:00:00+00:00,83.33,83.41,83.11,83.12,94402.673
2026-04-30 09:00:00+00:00,83.12,83.55,83.06,83.15,101941.154
2026-04-30 10:00:00+00:00,83.16,83.22,82.93,83.01,91021.5
2026-04-30 11:00:00+00:00,83.01,83.36,82.8,83.01,62764.697
2026-04-30 12:00:00+00:00,83.01,83.48,83.0,83.22,29790.026
2026-04-30 13:00:00+00:00,83.23,83.55,82.88,83.21,28666.592
2026-04-30 14:00:00+00:00,83.2,83.41,82.7,83.23,30405.589
2026-04-30 15:00:00+00:00,83.22,83.84,83.03,83.35,40580.179
2026-04-30 16:00:00+00:00,83.36,83.44,82.93,83.02,12792.833
2026-04-30 17:00:00+00:00,83.02,83.14,82.87,83.04,22415.893
2026-04-30 18:00:00+00:00,83.04,83.3,82.98,83.06,12009.122
2026-04-30 19:00:00+00:00,83.06,83.3,83.01,83.08,15333.94
2026-04-30 20:00:00+00:00,83.04,83.2,82.99,83.09,15652.726
2026-04-30 21:00:00+00:00,83.1,83.15,82.85,82.88,17555.69
2026-04-30 22:00:00+00:00,82.89,83.04,82.79,82.85,19121.993
2026-04-30 23:00:00+00:00,82.87,83.11,82.85,83.09,10939.913
2026-05-01 00:00:00+00:00,83.09,83.42,83.09,83.21,18228.152
2026-05-01 01:00:00+00:00,83.2,83.68,83.2,83.61,18962.712
2026-05-01 02:00:00+00:00,83.61,83.87,83.46,83.63,25398.037
2026-05-01 03:00:00+00:00,83.62,84.39,83.57,83.9,42523.732
2026-05-01 04:00:00+00:00,83.91,84.06,83.7,83.83,18982.37
2026-05-01 05:00:00+00:00,83.83,84.25,83.77,84.06,23836.697
2026-05-01 06:00:00+00:00,84.07,84.19,83.71,83.86,13472.365
2026-05-01 07:00:00+00:00,83.85,83.99,83.68,83.96,55552.347
2026-05-01 08:00:00+00:00,83.95,84.3,83.9,84.18,19890.593
2026-05-01 09:00:00+00:00,84.19,84.2,83.94,83.96,13935.776
2026-05-01 10:00:00+00:00,83.96,84.1,83.74,83.95,12911.984
2026-05-01 11:00:00+00:00,83.95,84.23,83.88,84.03,10720.356
2026-05-01 12:00:00+00:00,84.02,84.57,83.93,84.27,28356.441
2026-05-01 13:00:00+00:00,84.28,84.84,84.26,84.62,40799.344
2026-05-01 14:00:00+00:00,84.62,84.71,83.89,84.23,40964.75
2026-05-01 15:00:00+00:00,84.22,84.63,84.02,84.45,36847.337
2026-05-01 16:00:00+00:00,84.45,84.63,83.99,84.01,34402.942
2026-05-01 17:00:00+00:00,84.01,84.28,83.93,84.23,24866.502
2026-05-01 18:00:00+00:00,84.23,84.3,83.98,83.99,16894.81
2026-05-01 19:00:00+00:00,83.99,84.07,83.79,83.89,11506.284
2026-05-01 20:00:00+00:00,83.89,83.92,83.34,83.48,29054.468
2026-05-01 21:00:00+00:00,83.48,83.8,83.42,83.71,21062.778
2026-05-01 22:00:00+00:00,83.72,83.89,83.59,83.76,10803.429
2026-05-01 23:00:00+00:00,83.76,83.88,83.57,83.76,26663.107
2026-05-02 00:00:00+00:00,83.77,83.87,83.46,83.82,26981.316
2026-05-02 01:00:00+00:00,83.82,84.05,83.77,84.04,14259.677
2026-05-02 02:00:00+00:00,84.05,84.18,83.86,83.94,28291.234
2026-05-02 03:00:00+00:00,83.94,83.96,83.73,83.82,14812.717
2026-05-02 04:00:00+00:00,83.81,83.84,83.57,83.63,12125.458
2026-05-02 05:00:00+00:00,83.64,83.74,83.54,83.7,11117.61
2026-05-02 06:00:00+00:00,83.71,83.84,83.58,83.82,11163.377
2026-05-02 07:00:00+00:00,83.81,83.86,83.7,83.73,6492.152
2026-05-02 08:00:00+00:00,83.73,83.88,83.63,83.84,6315.549
2026-05-02 09:00:00+00:00,83.84,84.15,83.82,84.0,10911.605
2026-05-02 10:00:00+00:00,83.99,84.01,83.86,83.94,12132.513
2026-05-02 11:00:00+00:00,83.95,83.95,83.53,83.7,21628.396
2026-05-02 12:00:00+00:00,83.69,84.09,83.68,83.85,31812.285
2026-05-02 13:00:00+00:00,83.86,84.07,83.86,83.93,15047.371
2026-05-02 14:00:00+00:00,83.93,84.08,83.9,83.97,10360.951
2026-05-02 15:00:00+00:00,83.97,84.06,83.93,84.03,5005.246
2026-05-02 16:00:00+00:00,84.03,84.27,84.02,84.18,12240.03
2026-05-02 17:00:00+00:00,84.19,84.21,84.0,84.04,6789.732
2026-05-02 18:00:00+00:00,84.04,84.21,83.94,84.18,5731.414
2026-05-02 19:00:00+00:00,84.18,84.31,84.16,84.21,4735.712
2026-05-02 20:00:00+00:00,84.22,84.23,84.09,84.2,3431.857
2026-05-02 21:00:00+00:00,84.19,84.98,84.15,84.54,31494.984
2026-05-02 22:00:00+00:00,84.54,84.65,84.08,84.46,32448.834
2026-05-02 23:00:00+00:00,84.44,84.5,84.22,84.27,13558.935
2026-05-03 00:00:00+00:00,84.27,84.31,83.84,84.08,33398.348
2026-05-03 01:00:00+00:00,84.08,84.09,83.74,83.74,14828.293
2026-05-03 02:00:00+00:00,83.75,83.82,83.61,83.67,12522.563
2026-05-03 03:00:00+00:00,83.67,83.75,83.59,83.67,8335.348
2026-05-03 04:00:00+00:00,83.67,83.73,83.54,83.7,8245.022
2026-05-03 05:00:00+00:00,83.69,83.84,83.66,83.75,8136.415
2026-05-03 06:00:00+00:00,83.75,83.87,83.59,83.75,5704.899
2026-05-03 07:00:00+00:00,83.75,84.01,83.75,83.87,13531.358
2026-05-03 08:00:00+00:00,83.87,84.02,83.82,83.89,7556.982
2026-05-03 09:00:00+00:00,83.89,84.1,83.87,84.05,14799.128
2026-05-03 10:00:00+00:00,84.05,84.05,83.81,83.81,6789.307
2026-05-03 11:00:00+00:00,83.81,84.19,83.73,83.95,20508.924
2026-05-03 12:00:00+00:00,83.96,84.23,83.96,84.1,13339.252
2026-05-03 13:00:00+00:00,84.1,84.2,83.98,84.09,21696.624
2026-05-03 14:00:00+00:00,84.1,84.43,84.08,84.36,14102.385
2026-05-03 15:00:00+00:00,84.36,84.43,84.1,84.16,13894.595
2026-05-03 16:00:00+00:00,84.16,84.28,84.0,84.14,10290.962
2026-05-03 17:00:00+00:00,84.13,84.32,84.0,84.2,12076.575
2026-05-03 18:00:00+00:00,84.19,84.32,84.11,84.27,5598.088
2026-05-03 19:00:00+00:00,84.26,84.49,84.24,84.37,7979.774
2026-05-03 20:00:00+00:00,84.37,84.73,84.25,84.33,21363.908
2026-05-03 21:00:00+00:00,84.34,84.45,83.88,84.14,36475.203
2026-05-03 22:00:00+00:00,84.14,84.96,84.14,84.68,47879.441
2026-05-03 23:00:00+00:00,84.68,84.79,83.87,83.92,32842.945
2026-05-04 00:00:00+00:00,83.91,83.91,83.36,83.78,32399.45
2026-05-04 01:00:00+00:00,83.79,84.95,83.44,84.75,54881.957
2026-05-04 02:00:00+00:00,84.76,85.63,84.74,85.24,157758.259
2026-05-04 03:00:00+00:00,85.25,85.58,85.1,85.4,65472.438
2026-05-04 04:00:00+00:00,85.41,85.9,85.38,85.76,44556.735
2026-05-04 05:00:00+00:00,85.75,85.79,85.33,85.37,43932.829
2026-05-04 06:00:00+00:00,85.38,85.4,84.5,84.86,50776.993
2026-05-04 07:00:00+00:00,84.87,85.02,84.68,84.88,21470.011
2026-05-04 08:00:00+00:00,84.87,84.9,84.63,84.77,21206.83
2026-05-04 09:00:00+00:00,84.76,85.2,84.68,85.04,22244.499
2026-05-04 10:00:00+00:00,85.04,85.07,83.27,84.04,116789.462
2026-05-04 11:00:00+00:00,84.04,84.14,83.83,83.96,31233.722
2026-05-04 12:00:00+00:00,83.96,84.15,83.85,83.89,17261.588
2026-05-04 13:00:00+00:00,83.87,84.33,83.6,83.99,36083.188
2026-05-04 14:00:00+00:00,83.99,85.33,83.78,84.99,65187.305
2026-05-04 15:00:00+00:00,85.01,85.17,84.0,84.48,107660.645
2026-05-04 16:00:00+00:00,84.49,84.81,83.99,84.49,50729.909
2026-05-04 17:00:00+00:00,84.49,85.18,84.49,84.94,39242.789
2026-05-04 18:00:00+00:00,84.94,85.03,84.59,84.74,29495.37
2026-05-04 19:00:00+00:00,84.75,84.76,84.36,84.45,23551.483
2026-05-04 20:00:00+00:00,84.46,84.46,84.06,84.08,14569.126
2026-05-04 21:00:00+00:00,84.08,84.5,84.07,84.41,15347.21
2026-05-04 22:00:00+00:00,84.41,84.55,84.17,84.21,15322.839
2026-05-04 23:00:00+00:00,84.21,84.23,84.02,84.1,14010.059
2026-05-05 00:00:00+00:00,84.1,84.37,84.03,84.32,12863.679
2026-05-05 01:00:00+00:00,84.33,84.47,84.15,84.42,22922.899
2026-05-05 02:00:00+00:00,84.42,84.79,84.35,84.51,19421.423
2026-05-05 03:00:00+00:00,84.52,84.96,84.41,84.78,26120.959
2026-05-05 04:00:00+00:00,84.8,84.91,84.6,84.78,42160.717
2026-05-05 05:00:00+00:00,84.77,85.12,84.73,84.92,34632.141
2026-05-05 06:00:00+00:00,84.92,85.0,84.55,84.99,38582.554
2026-05-05 07:00:00+00:00,84.99,85.07,84.77,84.87,51072.739
2026-05-05 08:00:00+00:00,84.86,84.9,84.69,84.78,17099.355
2026-05-05 09:00:00+00:00,84.78,84.8,84.46,84.56,25173.737
2026-05-05 10:00:00+00:00,84.56,84.94,84.45,84.9,20881.417
2026-05-05 11:00:00+00:00,84.9,85.0,84.7,84.96,17397.994
2026-05-05 12:00:00+00:00,84.98,85.36,84.9,85.31,23006.7
2026-05-05 13:00:00+00:00,85.31,86.09,85.31,85.61,88632.066
2026-05-05 14:00:00+00:00,85.62,85.73,85.19,85.47,46716.256
2026-05-05 15:00:00+00:00,85.47,85.87,85.35,85.5,39238.915
2026-05-05 16:00:00+00:00,85.51,85.69,85.06,85.31,38894.499
2026-05-05 17:00:00+00:00,85.31,85.52,85.12,85.45,16376.742
2026-05-05 18:00:00+00:00,85.46,85.88,85.43,85.88,16990.546
2026-05-05 19:00:00+00:00,85.88,86.55,85.81,86.5,47696.861
2026-05-05 20:00:00+00:00,86.49,86.9,86.43,86.65,50002.589
2026-05-05 21:00:00+00:00,86.64,86.96,86.27,86.7,38743.238
2026-05-05 22:00:00+00:00,86.73,86.98,86.2,86.58,56612.529
2026-05-05 23:00:00+00:00,86.57,86.68,86.18,86.29,35653.105
2026-05-06 00:00:00+00:00,86.28,86.55,86.11,86.38,32776.751
2026-05-06 01:00:00+00:00,86.37,87.0,86.31,86.85,32098.638
2026-05-06 02:00:00+00:00,86.86,86.91,86.38,86.88,24167.16
2026-05-06 03:00:00+00:00,86.89,87.45,86.87,87.31,68928.778
2026-05-06 04:00:00+00:00,87.33,87.41,86.67,86.8,40941.559
2026-05-06 05:00:00+00:00,86.79,87.45,86.75,87.4,51979.759
2026-05-06 06:00:00+00:00,87.39,87.54,87.17,87.49,38062.276
2026-05-06 07:00:00+00:00,87.49,87.9,87.45,87.71,41418.588
2026-05-06 08:00:00+00:00,87.7,89.2,87.64,89.02,83024.922
2026-05-06 09:00:00+00:00,89.03,89.54,88.59,89.47,119007.013
2026-05-06 10:00:00+00:00,89.5,89.68,89.21,89.38,58176.02
2026-05-06 11:00:00+00:00,89.36,90.05,89.32,89.88,61825.219
2026-05-06 12:00:00+00:00,89.88,89.97,89.5,89.64,53070.578
2026-05-06 13:00:00+00:00,89.64,89.64,88.07,88.34,86391.497
2026-05-06 14:00:00+00:00,88.32,88.85,87.47,88.4,75478.579
2026-05-06 15:00:00+00:00,88.38,89.06,88.31,88.97,46674.966
2026-05-06 16:00:00+00:00,88.96,89.52,88.6,89.17,44359.96
2026-05-06 17:00:00+00:00,89.17,89.43,88.57,88.83,56122.085
2026-05-06 18:00:00+00:00,88.83,89.13,88.5,88.98,103686.848
2026-05-06 19:00:00+00:00,88.98,89.3,88.89,89.26,24989.484
2026-05-06 20:00:00+00:00,89.27,89.61,88.92,89.18,33518.502
2026-05-06 21:00:00+00:00,89.2,89.59,89.07,89.47,49323.356
2026-05-06 22:00:00+00:00,89.47,89.54,89.03,89.08,20785.761
2026-05-06 23:00:00+00:00,89.08,89.18,88.67,89.15,26040.04
2026-05-07 00:00:00+00:00,89.15,89.26,88.22,88.34,33395.055
2026-05-07 01:00:00+00:00,88.32,88.52,87.89,88.3,45883.479
2026-05-07 02:00:00+00:00,88.31,88.37,87.84,88.15,41873.573
2026-05-07 03:00:00+00:00,88.13,88.15,87.64,87.75,44798.714
2026-05-07 04:00:00+00:00,87.76,88.36,87.7,88.36,31666.498
2026-05-07 05:00:00+00:00,88.37,88.89,88.35,88.66,77511.231
2026-05-07 06:00:00+00:00,88.66,89.28,88.23,89.27,59206.021
2026-05-07 07:00:00+00:00,89.29,90.43,89.14,90.16,91674.873
2026-05-07 08:00:00+00:00,90.17,90.26,89.49,89.59,58876.209
2026-05-07 09:00:00+00:00,89.59,89.6,89.21,89.45,54595.109
2026-05-07 10:00:00+00:00,89.46,89.52,88.76,89.17,46049.762
2026-05-07 11:00:00+00:00,89.18,89.67,89.17,89.56,42457.968
2026-05-07 12:00:00+00:00,89.55,90.07,89.53,89.74,85451.142
2026-05-07 13:00:00+00:00,89.69,89.7,88.4,88.67,86945.608
2026-05-07 14:00:00+00:00,88.66,88.91,87.85,88.16,79068.189
2026-05-07 15:00:00+00:00,88.14,88.58,87.8,88.3,62935.7
2026-05-07 16:00:00+00:00,88.32,88.78,88.09,88.44,46858.354
2026-05-07 17:00:00+00:00,88.44,88.85,87.98,88.81,38135.946
2026-05-07 18:00:00+00:00,88.82,89.05,88.23,88.58,43606.278
2026-05-07 19:00:00+00:00,88.58,88.74,88.22,88.43,34971.271
2026-05-07 20:00:00+00:00,88.46,88.85,88.03,88.05,32905.853
2026-05-07 21:00:00+00:00,88.06,88.22,87.67,87.96,44763.25
2026-05-07 22:00:00+00:00,87.94,88.21,87.7,88.1,36648.868
2026-05-07 23:00:00+00:00,88.09,88.47,88.07,88.42,16549.641
2026-05-08 00:00:00+00:00,88.43,88.65,88.1,88.25,20883.09
2026-05-08 01:00:00+00:00,88.27,88.37,87.91,88.14,19265.368
2026-05-08 02:00:00+00:00,88.14,88.33,87.63,88.06,26462.655
2026-05-08 03:00:00+00:00,88.07,88.36,87.64,88.22,30443.165
2026-05-08 04:00:00+00:00,88.22,88.36,88.01,88.17,17833.173
2026-05-08 05:00:00+00:00,88.17,88.42,88.04,88.06,19412.523
2026-05-08 06:00:00+00:00,88.04,88.28,87.83,88.05,35046.446
2026-05-08 07:00:00+00:00,88.03,88.23,87.66,88.22,43503.14
2026-05-08 08:00:00+00:00,88.23,88.63,88.01,88.36,56399.416
2026-05-08 09:00:00+00:00,88.37,88.71,88.23,88.41,34953.659
2026-05-08 10:00:00+00:00,88.42,88.76,88.29,88.63,19055.556
2026-05-08 11:00:00+00:00,88.63,88.72,88.47,88.64,29246.714
2026-05-08 12:00:00+00:00,88.65,88.85,88.37,88.44,27344.944
2026-05-08 13:00:00+00:00,88.46,88.55,88.03,88.33,49513.107
2026-05-08 14:00:00+00:00,88.34,89.38,88.33,89.14,56249.303
2026-05-08 15:00:00+00:00,89.14,89.6,88.43,89.58,62010.319
2026-05-08 16:00:00+00:00,89.6,89.77,89.35,89.59,46739.975
2026-05-08 17:00:00+00:00,89.57,91.94,89.56,91.65,162279.567
2026-05-08 18:00:00+00:00,91.69,92.56,91.64,92.31,99596.575
2026-05-08 19:00:00+00:00,92.32,92.8,92.06,92.59,90142.207
2026-05-08 20:00:00+00:00,92.61,92.66,92.03,92.1,53455.791
2026-05-08 21:00:00+00:00,92.1,92.38,91.74,92.32,51160.632
2026-05-08 22:00:00+00:00,92.31,92.69,92.26,92.3,36890.284
2026-05-08 23:00:00+00:00,92.29,92.3,91.77,92.02,40119.222
2026-05-09 00:00:00+00:00,92.02,92.61,91.86,92.47,47417.699
2026-05-09 01:00:00+00:00,92.48,93.84,92.42,93.5,96804.823
2026-05-09 02:00:00+00:00,93.49,93.78,93.28,93.5,70270.097
2026-05-09 03:00:00+00:00,93.49,93.76,93.41,93.63,48049.731
2026-05-09 04:00:00+00:00,93.64,94.17,93.12,93.22,52896.041
2026-05-09 05:00:00+00:00,93.23,93.77,92.85,93.73,90636.291
2026-05-09 06:00:00+00:00,93.73,94.1,93.22,93.53,103689.379
2026-05-09 07:00:00+00:00,93.53,94.0,93.35,93.74,53876.279
2026-05-09 08:00:00+00:00,93.74,93.94,93.66,93.71,28642.93
2026-05-09 09:00:00+00:00,93.71,93.71,93.08,93.28,43275.89
2026-05-09 10:00:00+00:00,93.28,93.59,93.11,93.38,33245.662
2026-05-09 11:00:00+00:00,93.36,93.68,93.33,93.6,15182.552
2026-05-09 12:00:00+00:00,93.61,93.73,93.27,93.44,16594.833
2026-05-09 13:00:00+00:00,93.44,93.47,93.01,93.45,25759.131
2026-05-09 14:00:00+00:00,93.46,93.46,92.77,92.87,31098.552
2026-05-09 15:00:00+00:00,92.87,93.0,92.41,93.0,35966.052
2026-05-09 16:00:00+00:00,93.0,93.3,92.69,92.77,109826.93
2026-05-09 17:00:00+00:00,92.77,93.48,92.77,93.22,87737.09
2026-05-09 18:00:00+00:00,93.21,93.64,93.16,93.37,36189.529
2026-05-09 19:00:00+00:00,93.37,93.59,93.22,93.5,33808.187
2026-05-09 20:00:00+00:00,93.51,93.52,93.16,93.26,9780.635
2026-05-09 21:00:00+00:00,93.26,93.55,93.25,93.48,16574.055
2026-05-09 22:00:00+00:00,93.5,93.51,93.21,93.34,32086.096
2026-05-09 23:00:00+00:00,93.34,93.48,93.06,93.13,38451.167
2026-05-10 00:00:00+00:00,93.13,93.34,92.93,93.03,53364.774
2026-05-10 01:00:00+00:00,93.02,93.03,92.61,92.96,77414.666
2026-05-10 02:00:00+00:00,92.97,93.11,92.81,93.04,78546.553
2026-05-10 03:00:00+00:00,93.05,93.49,93.01,93.41,73150.043
2026-05-10 04:00:00+00:00,93.41,93.5,93.23,93.35,23087.329
2026-05-10 05:00:00+00:00,93.35,93.5,93.25,93.33,30380.702
2026-05-10 06:00:00+00:00,93.34,93.46,93.25,93.41,14873.006
2026-05-10 07:00:00+00:00,93.4,93.63,93.37,93.45,17666.786
2026-05-10 08:00:00+00:00,93.44,94.07,93.42,94.06,35444.807
2026-05-10 09:00:00+00:00,94.07,94.82,94.07,94.3,80832.982
2026-05-10 10:00:00+00:00,94.3,94.35,93.61,93.85,43591.693
2026-05-10 11:00:00+00:00,93.86,94.01,92.91,93.55,55035.942
2026-05-10 12:00:00+00:00,93.55,93.62,93.2,93.33,22624.722
2026-05-10 13:00:00+00:00,93.31,93.94,93.23,93.77,40181.628
2026-05-10 14:00:00+00:00,93.76,94.13,93.69,93.87,24844.962
2026-05-10 15:00:00+00:00,93.88,94.73,93.88,94.53,58111.901
2026-05-10 16:00:00+00:00,94.54,94.98,94.18,94.82,49209.248
2026-05-10 17:00:00+00:00,94.84,96.5,94.84,96.49,94146.339
2026-05-10 18:00:00+00:00,96.49,96.89,96.13,96.41,65388.823
2026-05-10 19:00:00+00:00,96.41,96.87,95.73,96.48,72732.996
2026-05-10 20:00:00+00:00,96.47,96.61,93.43,94.51,89061.393
2026-05-10 21:00:00+00:00,94.51,95.6,94.46,95.06,71671.959
2026-05-10 22:00:00+00:00,95.05,96.37,94.89,96.2,57124.867
2026-05-10 23:00:00+00:00,96.26,96.87,95.98,96.43,68572.591
2026-05-11 00:00:00+00:00,96.46,96.66,95.34,95.81,79317.746
2026-05-11 01:00:00+00:00,95.82,96.38,95.34,96.06,76585.505
2026-05-11 02:00:00+00:00,96.06,96.13,95.19,95.3,39670.273
2026-05-11 03:00:00+00:00,95.32,95.36,94.48,94.77,62850.043
2026-05-11 04:00:00+00:00,94.75,95.2,94.45,94.98,25832.683
2026-05-11 05:00:00+00:00,94.97,95.88,94.94,95.72,38576.88
2026-05-11 06:00:00+00:00,95.69,96.16,95.42,95.5,29219.278
2026-05-11 07:00:00+00:00,95.46,95.58,95.18,95.34,32029.725
2026-05-11 08:00:00+00:00,95.34,95.37,94.58,94.8,53868.592
2026-05-11 09:00:00+00:00,94.78,95.35,94.77,95.29,27299.376
2026-05-11 10:00:00+00:00,95.3,95.63,95.05,95.06,48748.428
2026-05-11 11:00:00+00:00,95.07,95.5,94.92,95.27,26748.855
2026-05-11 12:00:00+00:00,95.29,95.4,94.69,94.82,34747.456
2026-05-11 13:00:00+00:00,94.81,95.49,94.56,95.23,54624.347
2026-05-11 14:00:00+00:00,95.24,95.88,94.33,95.17,70776.422
2026-05-11 15:00:00+00:00,95.15,96.79,94.89,96.78,82207.743
2026-05-11 16:00:00+00:00,96.8,97.99,96.5,97.34,90322.523
2026-05-11 17:00:00+00:00,97.34,97.95,96.9,97.77,59380.075
2026-05-11 18:00:00+00:00,97.77,98.08,97.26,97.29,59491.614
2026-05-11 19:00:00+00:00,97.3,98.39,97.05,98.19,45105.605
2026-05-11 20:00:00+00:00,98.19,98.4,97.61,97.65,47042.842
2026-05-11 21:00:00+00:00,97.63,97.81,97.34,97.4,31868.564
2026-05-11 22:00:00+00:00,97.41,97.82,97.38,97.65,23346.55
2026-05-11 23:00:00+00:00,97.64,97.64,97.09,97.35,32387.822
2026-05-12 00:00:00+00:00,97.37,97.68,97.18,97.51,25807.242
2026-05-12 01:00:00+00:00,97.51,97.66,95.54,96.28,85066.94
2026-05-12 02:00:00+00:00,96.27,96.71,96.17,96.55,41479.057
2026-05-12 03:00:00+00:00,96.56,96.64,96.05,96.14,55829.227
2026-05-12 04:00:00+00:00,96.14,96.5,96.06,96.36,24213.443
2026-05-12 05:00:00+00:00,96.35,96.76,96.22,96.57,27687.306
2026-05-12 06:00:00+00:00,96.56,96.99,96.16,96.19,19743.382
2026-05-12 07:00:00+00:00,96.18,96.31,95.82,96.06,32010.622
2026-05-12 08:00:00+00:00,96.05,96.14,95.41,95.65,73921.891
2026-05-12 09:00:00+00:00,95.62,96.05,95.33,95.8,60770.741
2026-05-12 10:00:00+00:00,95.79,95.97,94.94,95.0,50695.073
2026-05-12 11:00:00+00:00,95.01,95.04,94.61,94.99,36754.26
2026-05-12 12:00:00+00:00,94.97,95.55,94.39,95.23,63982.254
2026-05-12 13:00:00+00:00,95.22,95.39,94.56,94.69,48557.804
2026-05-12 14:00:00+00:00,94.7,95.24,94.41,94.54,52984.344
2026-05-12 15:00:00+00:00,94.53,94.78,93.61,93.85,99650.125
2026-05-12 16:00:00+00:00,93.86,94.3,93.6,93.83,44773.722
2026-05-12 17:00:00+00:00,93.84,94.68,93.82,94.53,42437.017
2026-05-12 18:00:00+00:00,94.53,94.78,94.36,94.54,25503.707
2026-05-12 19:00:00+00:00,94.56,94.99,94.56,94.92,37567.335
2026-05-12 20:00:00+00:00,94.92,94.97,94.62,94.75,21028.007
2026-05-12 21:00:00+00:00,94.75,94.85,94.55,94.67,16815.933
2026-05-12 22:00:00+00:00,94.67,95.04,94.65,94.66,12168.286
2026-05-12 23:00:00+00:00,94.68,94.76,94.25,94.3,16519.002
2026-05-13 00:00:00+00:00,94.29,94.64,94.05,94.49,26436.499
2026-05-13 01:00:00+00:00,94.49,95.43,94.47,95.18,42982.702
2026-05-13 02:00:00+00:00,95.2,95.57,95.01,95.24,21138.044
2026-05-13 03:00:00+00:00,95.24,95.56,95.08,95.56,18448.357
2026-05-13 04:00:00+00:00,95.57,95.98,95.44,95.51,32528.715
2026-05-13 05:00:00+00:00,95.5,95.51,95.09,95.25,50812.329
2026-05-13 06:00:00+00:00,95.26,95.7,95.12,95.13,26706.33
2026-05-13 07:00:00+00:00,95.13,95.31,94.88,95.13,20131.063
2026-05-13 08:00:00+00:00,95.14,95.76,95.01,95.56,23375.546
2026-05-13 09:00:00+00:00,95.59,95.88,95.57,95.73,34953.985
2026-05-13 10:00:00+00:00,95.71,95.77,94.74,94.79,29162.399
2026-05-13 11:00:00+00:00,94.79,94.84,94.25,94.33,60417.712
2026-05-13 12:00:00+00:00,94.33,94.63,92.26,93.16,166966.204
2026-05-13 13:00:00+00:00,93.17,93.45,91.97,92.29,101040.057
2026-05-13 14:00:00+00:00,92.27,92.33,91.44,91.79,112734.736
2026-05-13 15:00:00+00:00,91.78,91.92,90.28,90.42,109214.248
2026-05-13 16:00:00+00:00,90.42,91.27,90.41,90.88,83852.682
2026-05-13 17:00:00+00:00,90.88,91.15,90.73,90.9,62405.204
2026-05-13 18:00:00+00:00,90.92,91.42,90.79,90.94,45234.691
2026-05-13 19:00:00+00:00,90.92,91.01,90.5,90.95,43808.731
2026-05-13 20:00:00+00:00,90.97,91.35,90.93,91.25,29205.764
2026-05-13 21:00:00+00:00,91.25,91.28,90.74,90.9,35016.4
2026-05-13 22:00:00+00:00,90.9,91.23,90.66,91.18,29682.315
2026-05-13 23:00:00+00:00,91.19,91.33,91.06,91.16,26733.72
2026-05-14 00:00:00+00:00,91.17,91.43,91.08,91.22,39788.367
2026-05-14 01:00:00+00:00,91.2,91.35,91.0,91.16,36201.989
2026-05-14 02:00:00+00:00,91.16,91.25,90.48,90.57,31810.881
2026-05-14 03:00:00+00:00,90.57,90.77,89.83,89.93,81113.186
2026-05-14 04:00:00+00:00,89.94,90.6,89.87,90.48,44053.481
2026-05-14 05:00:00+00:00,90.47,91.47,90.42,91.29,46344.335
2026-05-14 06:00:00+00:00,91.28,91.46,91.16,91.41,34080.402
2026-05-14 07:00:00+00:00,91.41,91.75,90.69,90.87,89279.422
2026-05-14 08:00:00+00:00,90.91,91.3,90.69,91.07,32496.839
2026-05-14 09:00:00+00:00,91.07,91.15,90.6,90.86,23286.387
2026-05-14 10:00:00+00:00,90.85,91.15,90.66,91.04,18156.517
2026-05-14 11:00:00+00:00,91.05,91.1,90.63,90.64,17883.698
2026-05-14 12:00:00+00:00,90.62,91.28,90.55,91.21,23777.535
2026-05-14 13:00:00+00:00,91.22,91.49,90.74,90.79,50498.391
2026-05-14 14:00:00+00:00,90.77,92.32,90.62,92.31,61421.075
2026-05-14 15:00:00+00:00,92.3,93.24,91.95,93.16,77381.918
2026-05-14 16:00:00+00:00,93.16,93.67,92.35,93.34,68368.866
2026-05-14 17:00:00+00:00,93.32,93.59,92.31,93.02,79419.422
2026-05-14 18:00:00+00:00,93.0,93.63,92.71,93.42,49777.62
2026-05-14 19:00:00+00:00,93.45,93.63,92.8,92.9,46584.891
2026-05-14 20:00:00+00:00,92.91,92.99,92.37,92.73,34631.481
2026-05-14 21:00:00+00:00,92.74,92.94,92.55,92.71,21137.846
2026-05-14 22:00:00+00:00,92.72,92.92,92.62,92.65,20087.631
2026-05-14 23:00:00+00:00,92.65,92.67,92.13,92.15,29278.608
2026-05-15 00:00:00+00:00,92.16,92.65,92.09,92.42,35911.189
2026-05-15 01:00:00+00:00,92.42,92.55,91.71,91.74,40901.847
2026-05-15 02:00:00+00:00,91.75,92.43,91.47,92.36,106449.666
2026-05-15 03:00:00+00:00,92.35,92.47,91.89,92.06,25137.864
2026-05-15 04:00:00+00:00,92.06,92.06,91.27,91.29,23724.917
2026-05-15 05:00:00+00:00,91.27,91.53,90.28,90.59,69554.191
2026-05-15 06:00:00+00:00,90.63,91.08,90.47,91.0,46565.71
2026-05-15 07:00:00+00:00,91.02,91.72,90.93,91.6,74890.597
2026-05-15 08:00:00+00:00,91.61,91.63,90.96,91.26,58277.167
2026-05-15 09:00:00+00:00,91.28,91.32,90.92,91.17,61341.177
2026-05-15 10:00:00+00:00,91.19,91.57,91.0,91.46,25089.039
2026-05-15 11:00:00+00:00,91.48,91.55,91.17,91.27,18292.476
2026-05-15 12:00:00+00:00,91.25,91.27,90.57,90.67,32792.668
2026-05-15 13:00:00+00:00,90.66,90.66,88.69,88.89,103724.396
2026-05-15 14:00:00+00:00,88.92,89.54,88.54,89.05,108737.589
2026-05-15 15:00:00+00:00,89.06,89.28,88.71,89.04,49771.029
2026-05-15 16:00:00+00:00,89.05,89.7,88.82,89.53,51461.611
2026-05-15 17:00:00+00:00,89.52,89.91,89.49,89.82,30701.067
2026-05-15 18:00:00+00:00,89.81,90.08,89.48,89.82,27763.32
2026-05-15 19:00:00+00:00,89.79,89.8,89.35,89.43,22354.605
2026-05-15 20:00:00+00:00,89.43,89.52,89.08,89.28,21137.486
2026-05-15 21:00:00+00:00,89.28,89.43,88.99,89.06,19841.019
2026-05-15 22:00:00+00:00,89.06,89.36,89.06,89.34,11613.882
2026-05-15 23:00:00+00:00,89.33,89.4,89.2,89.25,13433.814
2026-05-16 00:00:00+00:00,89.24,89.43,89.14,89.22,14460.603
2026-05-16 01:00:00+00:00,89.24,89.34,88.95,89.29,19367.575
2026-05-16 02:00:00+00:00,89.29,89.38,88.98,89.19,19910.179
2026-05-16 03:00:00+00:00,89.21,89.27,88.99,89.04,8185.583
2026-05-16 04:00:00+00:00,89.04,89.08,88.19,88.85,58801.597
2026-05-16 05:00:00+00:00,88.86,88.91,88.28,88.58,66835.388
2026-05-16 06:00:00+00:00,88.59,88.68,87.82,88.02,52758.628
2026-05-16 07:00:00+00:00,88.02,88.03,86.74,87.47,134746.277
2026-05-16 08:00:00+00:00,87.46,87.63,87.38,87.49,28234.008
2026-05-16 09:00:00+00:00,87.49,87.52,85.78,86.05,155836.633
2026-05-16 10:00:00+00:00,86.04,86.15,85.53,85.98,50327.469
2026-05-16 11:00:00+00:00,86.03,86.33,86.03,86.11,26278.688
2026-05-16 12:00:00+00:00,86.1,86.43,86.01,86.25,25822.001
2026-05-16 13:00:00+00:00,86.26,86.35,86.11,86.25,25610.496
2026-05-16 14:00:00+00:00,86.29,86.71,86.08,86.39,38421.818
2026-05-16 15:00:00+00:00,86.39,86.69,86.28,86.49,36732.161
2026-05-16 16:00:00+00:00,86.49,86.79,86.38,86.63,38806.652
2026-05-16 17:00:00+00:00,86.64,86.94,86.62,86.8,20972.753
2026-05-16 18:00:00+00:00,86.81,86.98,86.61,86.81,14500.655
2026-05-16 19:00:00+00:00,86.83,86.86,86.66,86.71,13214.737
2026-05-16 20:00:00+00:00,86.71,86.9,86.67,86.68,11489.318
2026-05-16 21:00:00+00:00,86.7,86.78,86.5,86.59,17211.272
2026-05-16 22:00:00+00:00,86.59,86.7,86.43,86.55,10637.114
2026-05-16 23:00:00+00:00,86.54,86.7,86.5,86.55,10183.331
2026-05-17 00:00:00+00:00,86.55,86.73,85.97,86.14,29433.172
2026-05-17 01:00:00+00:00,86.14,86.34,85.6,85.77,76057.73
2026-05-17 02:00:00+00:00,85.79,86.25,85.75,86.0,34451.836
2026-05-17 03:00:00+00:00,86.0,86.63,85.99,86.52,29912.331
2026-05-17 04:00:00+00:00,86.51,86.97,86.46,86.85,23450.02
2026-05-17 05:00:00+00:00,86.85,87.29,86.85,86.91,31160.323
2026-05-17 06:00:00+00:00,86.92,87.02,86.72,86.84,21939.133
2026-05-17 07:00:00+00:00,86.85,87.11,86.77,86.99,14164.601
2026-05-17 08:00:00+00:00,86.99,87.03,86.61,86.84,16523.706
2026-05-17 09:00:00+00:00,86.84,87.0,86.72,86.9,37903.681
2026-05-17 10:00:00+00:00,86.9,87.27,86.81,87.01,31883.75
2026-05-17 11:00:00+00:00,87.01,87.03,86.8,86.91,27565.945
2026-05-17 12:00:00+00:00,86.91,87.02,86.72,86.78,11529.09
2026-05-17 13:00:00+00:00,86.78,86.79,86.31,86.41,24452.965
2026-05-17 14:00:00+00:00,86.42,86.46,85.97,86.31,24928.652
2026-05-17 15:00:00+00:00,86.27,86.49,86.17,86.45,16877.106
2026-05-17 16:00:00+00:00,86.46,86.7,86.1,86.3,15364.579
2026-05-17 17:00:00+00:00,86.31,86.37,86.0,86.25,32287.111
2026-05-17 18:00:00+00:00,86.26,86.44,86.03,86.43,17648.01
2026-05-17 19:00:00+00:00,86.44,86.94,86.42,86.8,18218.113
2026-05-17 20:00:00+00:00,86.79,86.87,86.58,86.69,18626.791
2026-05-17 21:00:00+00:00,86.68,86.98,86.6,86.93,16265.814
2026-05-17 22:00:00+00:00,86.93,86.93,86.01,86.23,38645.88
2026-05-17 23:00:00+00:00,86.24,86.24,83.45,85.24,198046.224
2026-05-18 00:00:00+00:00,85.22,85.36,84.41,85.35,95041.357
2026-05-18 01:00:00+00:00,85.35,85.48,84.54,84.99,59410.63
2026-05-18 02:00:00+00:00,84.99,85.35,84.73,84.89,29579.223
2026-05-18 03:00:00+00:00,84.9,85.25,84.72,84.85,28655.592
2026-05-18 04:00:00+00:00,84.86,85.31,84.59,85.25,27391.339
2026-05-18 05:00:00+00:00,85.28,85.36,84.64,84.86,65257.488
2026-05-18 06:00:00+00:00,84.86,84.98,84.29,84.72,86838.487
2026-05-18 07:00:00+00:00,84.76,85.0,84.4,84.75,36885.811
2026-05-18 08:00:00+00:00,84.77,85.01,84.61,84.9,29426.143
2026-05-18 09:00:00+00:00,84.91,84.92,84.46,84.49,31340.709
2026-05-18 10:00:00+00:00,84.47,84.53,84.21,84.27,32620.621
2026-05-18 11:00:00+00:00,84.28,85.32,84.07,84.96,51541.448
2026-05-18 12:00:00+00:00,84.97,85.8,84.97,85.57,60297.247
2026-05-18 13:00:00+00:00,85.57,85.57,84.33,84.7,69989.78
2026-05-18 14:00:00+00:00,84.67,84.67,83.72,83.98,82786.314
2026-05-18 15:00:00+00:00,83.99,84.4,83.61,84.2,74265.335
2026-05-18 16:00:00+00:00,84.22,84.5,83.99,84.31,45716.345
2026-05-18 17:00:00+00:00,84.31,84.7,84.23,84.41,28691.007
2026-05-18 18:00:00+00:00,84.4,84.44,83.51,83.52,41061.884
2026-05-18 19:00:00+00:00,83.53,85.22,83.53,85.0,90147.31
2026-05-18 20:00:00+00:00,85.03,85.42,84.84,84.92,41094.853
2026-05-18 21:00:00+00:00,84.92,85.68,84.79,85.58,48470.742
2026-05-18 22:00:00+00:00,85.6,85.77,85.28,85.47,33718.293
2026-05-18 23:00:00+00:00,85.46,85.64,85.26,85.39,19943.941
2026-05-19 00:00:00+00:00,85.38,85.96,85.33,85.58,33577.459
2026-05-19 01:00:00+00:00,85.57,85.61,84.9,84.9,32910.252
2026-05-19 02:00:00+00:00,84.9,85.29,84.63,84.85,35030.259
2026-05-19 03:00:00+00:00,84.84,85.24,84.73,85.07,15467.375
2026-05-19 04:00:00+00:00,85.07,85.31,84.81,85.15,20252.695
2026-05-19 05:00:00+00:00,85.17,85.28,84.48,85.19,40456.769
2026-05-19 06:00:00+00:00,85.18,85.58,85.12,85.26,41229.736
2026-05-19 07:00:00+00:00,85.25,85.64,85.13,85.5,27601.161
2026-05-19 08:00:00+00:00,85.5,85.6,85.04,85.24,39081.076
2026-05-19 09:00:00+00:00,85.25,85.31,84.49,84.77,51655.474
2026-05-19 10:00:00+00:00,84.76,84.87,84.3,84.71,30975.449
2026-05-19 11:00:00+00:00,84.72,84.82,84.27,84.38,30976.048
2026-05-19 12:00:00+00:00,84.38,84.79,84.3,84.77,17612.564
2026-05-19 13:00:00+00:00,84.79,85.1,84.39,84.78,45012.095
2026-05-19 14:00:00+00:00,84.79,84.95,83.7,84.12,55003.532
2026-05-19 15:00:00+00:00,84.1,84.58,84.03,84.36,34172.161
2026-05-19 16:00:00+00:00,84.38,84.9,84.16,84.84,23096.326
2026-05-19 17:00:00+00:00,84.84,85.05,84.47,84.68,30242.819
2026-05-19 18:00:00+00:00,84.68,84.8,84.25,84.38,22359.861
2026-05-19 19:00:00+00:00,84.38,84.75,84.23,84.35,22291.713
2026-05-19 20:00:00+00:00,84.36,84.59,84.3,84.52,22718.774
2026-05-19 21:00:00+00:00,84.52,84.66,84.39,84.45,20152.295
2026-05-19 22:00:00+00:00,84.43,84.43,84.01,84.11,17819.196
2026-05-19 23:00:00+00:00,84.11,84.59,84.04,84.3,13471.285
2026-05-20 00:00:00+00:00,84.3,84.41,83.91,84.23,19253.477
2026-05-20 01:00:00+00:00,84.23,84.54,83.85,84.37,25883.147
2026-05-20 02:00:00+00:00,84.36,84.48,83.92,84.0,25317.673
2026-05-20 03:00:00+00:00,83.97,84.28,83.87,84.09,12945.062
2026-05-20 04:00:00+00:00,84.11,84.23,83.89,84.21,10093.8
2026-05-20 05:00:00+00:00,84.23,84.95,84.23,84.78,34223.598
2026-05-20 06:00:00+00:00,84.75,85.01,84.72,84.98,17685.952
2026-05-20 07:00:00+00:00,84.99,85.13,84.7,84.77,21095.215
2026-05-20 08:00:00+00:00,84.76,85.18,84.72,84.99,19421.615
2026-05-20 09:00:00+00:00,84.98,85.09,84.85,84.9,24127.986
2026-05-20 10:00:00+00:00,84.89,85.21,84.89,84.97,11916.7
2026-05-20 11:00:00+00:00,84.97,85.07,84.58,84.7,11325.078
2026-05-20 12:00:00+00:00,84.7,85.33,84.62,85.11,19524.383
2026-05-20 13:00:00+00:00,85.09,85.16,84.17,84.68,35476.19
2026-05-20 14:00:00+00:00,84.69,86.12,84.32,85.85,77353.77
2026-05-20 15:00:00+00:00,85.84,86.26,85.4,85.9,104196.786
2026-05-20 16:00:00+00:00,85.9,86.82,85.53,86.47,92272.813
2026-05-20 17:00:00+00:00,86.49,87.08,86.32,86.53,51929.72
2026-05-20 18:00:00+00:00,86.52,86.59,85.67,85.83,47753.789
2026-05-20 19:00:00+00:00,85.83,86.3,85.62,86.18,25476.963
2026-05-20 20:00:00+00:00,86.17,86.25,85.55,86.16,25432.871
2026-05-20 21:00:00+00:00,86.16,86.34,85.95,85.99,20265.887
2026-05-20 22:00:00+00:00,85.97,86.23,85.61,86.02,33175.495
2026-05-20 23:00:00+00:00,86.02,86.18,85.86,86.16,12970.891
2026-05-21 00:00:00+00:00,86.16,86.83,86.09,86.62,18121.657
2026-05-21 01:00:00+00:00,86.63,87.03,86.44,86.55,28347.293
2026-05-21 02:00:00+00:00,86.55,86.89,86.44,86.59,14644.686
2026-05-21 03:00:00+00:00,86.59,86.92,86.53,86.83,21471.554
2026-05-21 04:00:00+00:00,86.83,87.23,86.76,86.97,42433.656
2026-05-21 05:00:00+00:00,86.96,87.1,86.35,86.51,44320.156
2026-05-21 06:00:00+00:00,86.51,86.6,86.21,86.32,26998.68
2026-05-21 07:00:00+00:00,86.32,86.73,86.26,86.63,22782.72
2026-05-21 08:00:00+00:00,86.63,87.23,86.62,86.86,32532.439
2026-05-21 09:00:00+00:00,86.84,87.05,86.46,86.49,23958.872
2026-05-21 10:00:00+00:00,86.49,86.67,85.7,85.75,42781.798
2026-05-21 11:00:00+00:00,85.75,85.94,85.57,85.59,30085.763
2026-05-21 12:00:00+00:00,85.59,85.86,85.42,85.76,30602.954
2026-05-21 13:00:00+00:00,85.75,86.12,85.32,86.07,45890.18
2026-05-21 14:00:00+00:00,86.06,86.49,85.61,86.01,72024.606
2026-05-21 15:00:00+00:00,86.01,86.89,85.89,86.46,82388.276
2026-05-21 16:00:00+00:00,86.46,86.59,86.04,86.26,32482.491
2026-05-21 17:00:00+00:00,86.27,88.0,86.17,87.6,140450.77
2026-05-21 18:00:00+00:00,87.6,87.79,86.77,87.08,49613.862
2026-05-21 19:00:00+00:00,87.06,87.9,87.06,87.83,37068.513
2026-05-21 20:00:00+00:00,87.83,87.93,87.5,87.55,21522.232
2026-05-21 21:00:00+00:00,87.56,87.72,87.3,87.36,27384.161
2026-05-21 22:00:00+00:00,87.36,87.5,87.12,87.19,14254.711
2026-05-21 23:00:00+00:00,87.19,87.39,87.03,87.35,13180.449
2026-05-22 00:00:00+00:00,87.35,87.36,86.82,86.85,16453.146
2026-05-22 01:00:00+00:00,86.84,87.11,86.6,87.08,20737.792
2026-05-22 02:00:00+00:00,87.08,87.24,86.99,87.16,17387.898
2026-05-22 03:00:00+00:00,87.17,87.31,86.92,87.04,12923.328
2026-05-22 04:00:00+00:00,87.04,87.38,86.93,86.99,10139.328
2026-05-22 05:00:00+00:00,86.99,87.15,86.72,86.81,15476.647
2026-05-22 06:00:00+00:00,86.81,86.86,86.52,86.73,26304.895
2026-05-22 07:00:00+00:00,86.73,87.15,86.54,86.99,40241.804
2026-05-22 08:00:00+00:00,86.99,87.53,86.86,87.15,32517.636
2026-05-22 09:00:00+00:00,87.14,87.4,87.05,87.26,29941.892
2026-05-22 10:00:00+00:00,87.26,87.29,86.89,87.0,13569.783
2026-05-22 11:00:00+00:00,87.0,87.35,86.72,87.33,18156.193
2026-05-22 12:00:00+00:00,87.33,87.78,87.26,87.77,28248.171
2026-05-22 13:00:00+00:00,87.78,87.87,87.09,87.4,52438.862
2026-05-22 14:00:00+00:00,87.4,87.4,86.35,86.61,79204.232
2026-05-22 15:00:00+00:00,86.61,86.99,86.26,86.76,65924.279
2026-05-22 16:00:00+00:00,86.76,87.02,86.66,86.92,23728.196
2026-05-22 17:00:00+00:00,86.93,87.18,86.5,86.64,46682.957
2026-05-22 18:00:00+00:00,86.64,86.7,84.61,85.45,116773.614
2026-05-22 19:00:00+00:00,85.46,85.64,84.0,84.54,180888.473
2026-05-22 20:00:00+00:00,84.56,85.09,84.56,85.0,78176.029
2026-05-22 21:00:00+00:00,84.99,85.29,84.92,85.17,26472.737
2026-05-22 22:00:00+00:00,85.17,85.23,84.78,84.97,23916.619
2026-05-22 23:00:00+00:00,84.97,85.15,84.0,84.41,63144.067
2026-05-23 00:00:00+00:00,84.41,84.55,84.07,84.43,61657.174
2026-05-23 01:00:00+00:00,84.43,84.66,84.32,84.53,19089.374
2026-05-23 02:00:00+00:00,84.53,84.65,84.2,84.53,19450.258
2026-05-23 03:00:00+00:00,84.53,84.75,84.47,84.68,18767.753
2026-05-23 04:00:00+00:00,84.69,84.71,84.34,84.4,12248.226
2026-05-23 05:00:00+00:00,84.42,84.48,84.18,84.46,17299.595
2026-05-23 06:00:00+00:00,84.46,84.5,84.18,84.27,19727.986
2026-05-23 07:00:00+00:00,84.26,84.33,81.52,82.27,226263.806
2026-05-23 08:00:00+00:00,82.27,82.36,81.7,82.14,186430.158
2026-05-23 09:00:00+00:00,82.15,82.25,81.98,82.0,36543.35
2026-05-23 10:00:00+00:00,82.01,82.38,82.01,82.25,18056.658
2026-05-23 11:00:00+00:00,82.25,82.48,82.22,82.29,18389.928
2026-05-23 12:00:00+00:00,82.29,82.56,82.15,82.48,17344.08
2026-05-23 13:00:00+00:00,82.49,83.48,82.49,83.22,75776.443
2026-05-23 14:00:00+00:00,83.24,84.47,83.1,84.14,54315.854
2026-05-23 15:00:00+00:00,84.14,84.54,83.64,84.08,101017.875
2026-05-23 16:00:00+00:00,84.08,84.3,83.93,84.11,41993.185
2026-05-23 17:00:00+00:00,84.11,84.35,83.98,84.23,24268.252
2026-05-23 18:00:00+00:00,84.23,85.16,84.17,84.72,68381.118
2026-05-23 19:00:00+00:00,84.73,85.12,84.62,84.97,31911.467
2026-05-23 20:00:00+00:00,84.98,87.08,84.79,87.07,142065.592
2026-05-23 21:00:00+00:00,87.08,87.52,85.95,86.29,120807.329
2026-05-23 22:00:00+00:00,86.29,86.62,85.5,85.81,62869.187
2026-05-23 23:00:00+00:00,85.81,85.94,85.67,85.76,27137.957
2026-05-24 00:00:00+00:00,85.76,86.05,85.63,85.9,23870.771
2026-05-24 01:00:00+00:00,85.89,86.23,85.87,86.02,27694.46
2026-05-24 02:00:00+00:00,86.02,86.12,85.72,85.97,19451.913
2026-05-24 03:00:00+00:00,85.96,86.14,85.63,85.81,13039.389
2026-05-24 04:00:00+00:00,85.81,86.1,85.78,85.92,21679.021
2026-05-24 05:00:00+00:00,85.92,86.18,85.58,86.16,24863.081
2026-05-24 06:00:00+00:00,86.16,86.47,85.93,86.45,17674.601
2026-05-24 07:00:00+00:00,86.46,86.72,86.01,86.08,37557.395
2026-05-24 08:00:00+00:00,86.08,86.52,86.0,86.51,27862.016
2026-05-24 09:00:00+00:00,86.51,87.05,86.38,86.55,59937.975
2026-05-24 10:00:00+00:00,86.56,86.72,86.25,86.5,44306.824
2026-05-24 11:00:00+00:00,86.49,86.93,86.43,86.67,43718.219
2026-05-24 12:00:00+00:00,86.67,86.7,86.18,86.37,31528.737
2026-05-24 13:00:00+00:00,86.37,86.45,85.72,85.91,27807.156
2026-05-24 14:00:00+00:00,85.9,86.02,84.48,85.25,68567.593
2026-05-24 15:00:00+00:00,85.25,85.46,85.14,85.3,26242.965
2026-05-24 16:00:00+00:00,85.31,85.84,85.18,85.66,38677.559
2026-05-24 17:00:00+00:00,85.65,85.81,85.49,85.66,16280.347
2026-05-24 18:00:00+00:00,85.66,85.68,85.27,85.4,20644.711
2026-05-24 19:00:00+00:00,85.41,85.52,85.24,85.38,12663.534
2026-05-24 20:00:00+00:00,85.38,85.43,84.58,84.78,55379.177
2026-05-24 21:00:00+00:00,84.78,84.98,83.67,83.96,78739.02
2026-05-24 22:00:00+00:00,83.95,85.33,83.94,84.98,64574.267
2026-05-24 23:00:00+00:00,84.99,85.53,84.98,85.27,31183.552
2026-05-25 00:00:00+00:00,85.28,85.66,85.24,85.5,31284.644
2026-05-25 01:00:00+00:00,85.5,85.6,84.82,84.86,22402.187
2026-05-25 02:00:00+00:00,84.86,85.77,84.86,85.07,42592.436
2026-05-25 03:00:00+00:00,85.06,85.19,84.79,84.93,29913.346
2026-05-25 04:00:00+00:00,84.93,85.94,84.91,85.84,28916.591
2026-05-25 05:00:00+00:00,85.85,86.18,85.75,85.98,38210.508
2026-05-25 06:00:00+00:00,85.98,86.19,85.65,86.0,23232.44
2026-05-25 07:00:00+00:00,85.99,86.17,85.6,85.95,32393.78
2026-05-25 08:00:00+00:00,85.96,86.09,85.75,86.03,19660.702
2026-05-25 09:00:00+00:00,86.03,86.24,85.92,85.94,19687.134
2026-05-25 10:00:00+00:00,85.94,86.12,85.9,86.07,12254.554
2026-05-25 11:00:00+00:00,86.06,86.14,85.7,85.77,16068.943
2026-05-25 12:00:00+00:00,85.77,86.08,85.66,85.87,32068.746
2026-05-25 13:00:00+00:00,85.86,86.04,85.76,86.01,15941.027
2026-05-25 14:00:00+00:00,86.01,86.46,85.94,86.34,28296.824
2026-05-25 15:00:00+00:00,86.35,86.53,86.06,86.26,31145.236
2026-05-25 16:00:00+00:00,86.26,86.44,85.97,86.26,17121.019
2026-05-25 17:00:00+00:00,86.27,86.39,86.06,86.12,33532.651
2026-05-25 18:00:00+00:00,86.12,86.31,85.88,85.9,17037.861
2026-05-25 19:00:00+00:00,85.91,85.94,85.53,85.64,19825.385
2026-05-25 20:00:00+00:00,85.63,85.88,85.29,85.4,17880.398
2026-05-25 21:00:00+00:00,85.41,85.57,85.28,85.36,16140.599
2026-05-25 22:00:00+00:00,85.38,85.55,84.71,84.81,46708.32
2026-05-25 23:00:00+00:00,84.79,85.21,84.72,85.05,27282.955
2026-05-26 00:00:00+00:00,85.06,85.09,83.9,84.39,50314.36
2026-05-26 01:00:00+00:00,84.39,84.57,83.84,84.11,49916.612
2026-05-26 02:00:00+00:00,84.12,84.23,83.9,84.02,26021.812
2026-05-26 03:00:00+00:00,84.03,84.27,83.84,84.22,29626.029
2026-05-26 04:00:00+00:00,84.22,84.52,84.0,84.37,29986.624
2026-05-26 05:00:00+00:00,84.35,84.97,84.27,84.65,27409.82
2026-05-26 06:00:00+00:00,84.65,84.83,84.39,84.59,20994.52670475
2026-05-26 07:00:00+00:00,84.6,84.64,84.1,84.35,27826.68099715
2026-05-26 08:00:00+00:00,84.35,84.58,84.34,84.44,14711.67199004
2026-05-26 09:00:00+00:00,84.45,84.71,84.31,84.48,27068.54
2026-05-26 10:00:00+00:00,84.47,85.83,84.36,85.56,65291.1699796
2026-05-26 11:00:00+00:00,85.57,85.66,85.21,85.21,33881.36
2026-05-26 12:00:00+00:00,85.21,85.41,84.81,85.33,34321.64898872
2026-05-26 13:00:00+00:00,85.33,85.75,84.69,85.52,48215.877
2026-05-26 14:00:00+00:00,85.52,86.13,84.76,85.24,92414.848
2026-05-26 15:00:00+00:00,85.23,85.35,84.03,84.49,87351.051
2026-05-26 16:00:00+00:00,84.49,84.58,83.94,84.24,67830.888
2026-05-26 17:00:00+00:00,84.24,84.41,83.15,83.59,94869.987
2026-05-26 18:00:00+00:00,83.59,84.09,83.48,83.62,46180.971
2026-05-26 19:00:00+00:00,83.63,84.02,83.35,83.76,37815.004
2026-05-26 20:00:00+00:00,83.81,83.97,83.74,83.92,23654.651
2026-05-26 21:00:00+00:00,83.93,83.96,83.56,83.69,18844.133
2026-05-26 22:00:00+00:00,83.69,83.87,83.53,83.65,16823.417
2026-05-26 23:00:00+00:00,83.65,83.85,83.63,83.73,14237.2
2026-05-27 00:00:00+00:00,83.73,84.18,83.72,84.15,18429.676
2026-05-27 01:00:00+00:00,84.15,84.2,83.8,83.87,18617.917
2026-05-27 02:00:00+00:00,83.87,83.97,83.55,83.97,12886.753
2026-05-27 03:00:00+00:00,83.96,84.08,83.48,83.63,21504.592
2026-05-27 04:00:00+00:00,83.61,83.68,82.85,83.63,51140.52979756
2026-05-27 05:00:00+00:00,83.64,83.94,83.56,83.87,18806.919
2026-05-27 06:00:00+00:00,83.88,84.07,83.74,84.06,17681.614
2026-05-27 07:00:00+00:00,84.06,84.21,83.88,84.2,17276.881
2026-05-27 08:00:00+00:00,84.19,84.42,83.89,83.94,23881.517
2026-05-27 09:00:00+00:00,83.94,83.97,83.61,83.78,20341.683
2026-05-27 10:00:00+00:00,83.79,84.1,83.67,83.95,14739.308
2026-05-27 11:00:00+00:00,83.95,84.24,83.9,83.95,19400.402
2026-05-27 12:00:00+00:00,83.96,84.68,83.55,83.93,62187.233
2026-05-27 13:00:00+00:00,83.93,84.06,82.97,83.64,72883.33682095
2026-05-27 14:00:00+00:00,83.64,84.12,83.23,83.9,68897.377
2026-05-27 15:00:00+00:00,83.9,84.84,83.87,84.44,83277.694
2026-05-27 16:00:00+00:00,84.44,84.76,83.87,84.18,42815.004
2026-05-27 17:00:00+00:00,84.19,84.2,83.16,83.41,63686.926
2026-05-27 18:00:00+00:00,83.4,84.0,83.18,83.94,32501.48
2026-05-27 19:00:00+00:00,83.94,84.15,83.87,83.92,23511.3
2026-05-27 20:00:00+00:00,83.92,84.16,83.75,83.81,20906.752
2026-05-27 21:00:00+00:00,83.81,83.81,82.12,82.48,78721.18851223
2026-05-27 22:00:00+00:00,82.5,83.03,82.25,82.47,46892.453
2026-05-27 23:00:00+00:00,82.45,82.7,82.2,82.44,37299.334
2026-05-28 00:00:00+00:00,82.42,82.74,82.36,82.71,24452.573
2026-05-28 01:00:00+00:00,82.72,82.77,81.93,82.29,64329.672
2026-05-28 02:00:00+00:00,82.29,82.44,82.01,82.1,81189.848
2026-05-28 03:00:00+00:00,82.1,82.23,80.51,80.71,209284.26595
2026-05-28 04:00:00+00:00,80.72,80.99,80.0,80.9,118820.388
2026-05-28 05:00:00+00:00,80.9,80.98,80.42,80.7,53247.543
2026-05-28 06:00:00+00:00,80.7,81.09,80.52,80.96,31162.875
2026-05-28 07:00:00+00:00,80.96,81.3,80.86,81.26,49331.382
2026-05-28 08:00:00+00:00,81.26,81.3,80.82,80.98,30291.805
2026-05-28 09:00:00+00:00,80.99,81.31,80.83,81.22,32570.109
2026-05-28 10:00:00+00:00,81.23,81.32,80.72,80.73,28348.741
2026-05-28 11:00:00+00:00,80.74,80.93,80.6,80.88,24831.34
2026-05-28 12:00:00+00:00,80.87,81.25,80.58,81.13,24153.663
2026-05-28 13:00:00+00:00,81.13,81.36,80.54,80.79,65749.305
2026-05-28 14:00:00+00:00,80.79,81.65,80.02,81.18,132116.116
2026-05-28 15:00:00+00:00,81.18,81.39,80.56,81.14,70946.952
2026-05-28 16:00:00+00:00,81.14,82.18,80.93,82.07,65624.816
2026-05-28 17:00:00+00:00,82.08,82.64,81.83,82.3,53658.164
2026-05-28 18:00:00+00:00,82.3,83.02,82.24,82.9,48771.686
2026-05-28 19:00:00+00:00,82.9,82.9,82.16,82.19,32845.198
2026-05-28 20:00:00+00:00,82.18,82.61,81.79,82.31,35861.783
2026-05-28 21:00:00+00:00,82.31,82.68,82.22,82.44,28992.042
2026-05-28 22:00:00+00:00,82.44,82.64,81.92,82.04,29148.316
2026-05-28 23:00:00+00:00,82.04,82.28,82.0,82.12,13368.085
2026-05-29 00:00:00+00:00,82.12,82.48,82.12,82.32,15708.06699757
2026-05-29 01:00:00+00:00,82.33,82.48,82.06,82.21,17657.821
2026-05-29 02:00:00+00:00,82.21,82.32,81.48,81.57,34476.346
2026-05-29 03:00:00+00:00,81.57,81.96,81.52,81.63,23547.792
2026-05-29 04:00:00+00:00,81.63,81.94,81.37,81.92,18001.602
2026-05-29 05:00:00+00:00,81.93,82.19,81.82,82.07,20591.772
2026-05-29 06:00:00+00:00,82.07,82.49,82.02,82.28,15234.128
2026-05-29 07:00:00+00:00,82.28,82.46,81.92,82.24,31989.247
2026-05-29 08:00:00+00:00,82.25,82.5,82.18,82.22,27999.03
2026-05-29 09:00:00+00:00,82.22,82.64,82.2,82.44,16795.625
2026-05-29 10:00:00+00:00,82.44,82.45,82.09,82.14,15813.3
2026-05-29 11:00:00+00:00,82.14,82.22,81.52,81.76,22246.132
2026-05-29 12:00:00+00:00,81.77,81.79,81.31,81.49,45474.043
2026-05-29 13:00:00+00:00,81.49,81.74,81.1,81.44,42976.937
2026-05-29 14:00:00+00:00,81.44,81.58,80.36,81.33,115882.205
2026-05-29 15:00:00+00:00,81.33,83.23,81.2,82.58,196971.742
2026-05-29 16:00:00+00:00,82.58,83.12,82.21,82.92,86074.258
2026-05-29 17:00:00+00:00,82.92,83.22,82.67,82.79,67147.268
2026-05-29 18:00:00+00:00,82.8,83.0,81.83,82.07,47234.339
2026-05-29 19:00:00+00:00,82.07,82.4,81.58,82.07,52921.083
2026-05-29 20:00:00+00:00,82.06,82.35,82.01,82.23,25343.137
2026-05-29 21:00:00+00:00,82.23,82.4,81.7,81.72,38671.956
2026-05-29 22:00:00+00:00,81.72,82.02,81.62,81.98,26018.647
2026-05-29 23:00:00+00:00,81.98,82.12,81.77,82.03,26502.164
2026-05-30 00:00:00+00:00,82.03,82.35,81.93,82.29,15823.417
2026-05-30 01:00:00+00:00,82.3,82.95,82.21,82.83,27656.738
2026-05-30 02:00:00+00:00,82.83,83.04,82.78,82.99,19580.34
2026-05-30 03:00:00+00:00,82.98,83.1,82.63,82.67,27812.98671913
2026-05-30 04:00:00+00:00,82.67,82.81,81.86,82.33,50722.185
2026-05-30 05:00:00+00:00,82.32,82.73,82.2,82.6,49451.406
2026-05-30 06:00:00+00:00,82.61,82.74,82.39,82.47,13846.33385852
2026-05-30 07:00:00+00:00,82.48,82.53,82.26,82.38,24252.943
2026-05-30 08:00:00+00:00,82.39,82.41,82.19,82.24,10532.778
2026-05-30 09:00:00+00:00,82.24,82.4,82.21,82.33,16871.519
2026-05-30 10:00:00+00:00,82.34,82.52,82.3,82.38,10448.029
2026-05-30 11:00:00+00:00,82.38,82.55,82.22,82.33,12995.813
2026-05-30 12:00:00+00:00,82.33,82.44,82.25,82.43,10034.894
2026-05-30 13:00:00+00:00,82.42,82.57,82.25,82.48,25552.792
2026-05-30 14:00:00+00:00,82.49,82.76,82.35,82.62,40288.841
2026-05-30 15:00:00+00:00,82.63,82.92,82.49,82.7,66026.613
2026-05-30 16:00:00+00:00,82.69,82.93,82.63,82.89,24143.476
2026-05-30 17:00:00+00:00,82.9,83.06,82.63,83.05,22912.85200156
2026-05-30 18:00:00+00:00,83.04,83.14,82.86,83.02,18054.733
2026-05-30 19:00:00+00:00,83.02,83.05,82.79,82.99,15532.62
2026-05-30 20:00:00+00:00,82.99,83.09,82.86,82.95,11070.556
2026-05-30 21:00:00+00:00,82.96,83.17,82.92,83.02,19151.207
2026-05-30 22:00:00+00:00,83.02,83.02,82.45,82.66,22540.064
2026-05-30 23:00:00+00:00,82.66,82.9,82.52,82.75,17237.066
2026-05-31 00:00:00+00:00,82.75,82.96,82.62,82.94,10012.779
2026-05-31 01:00:00+00:00,82.93,83.22,82.92,83.03,27967.133
2026-05-31 02:00:00+00:00,83.02,83.4,82.88,83.15,20771.028
2026-05-31 03:00:00+00:00,83.15,83.35,83.1,83.22,12727.978
2026-05-31 04:00:00+00:00,83.22,83.31,83.09,83.21,7700.373
2026-05-31 05:00:00+00:00,83.2,83.23,83.0,83.03,10126.387
2026-05-31 06:00:00+00:00,83.04,83.04,82.85,82.95,10162.282
2026-05-31 07:00:00+00:00,82.95,82.95,82.52,82.67,21738.712
2026-05-31 08:00:00+00:00,82.67,82.87,82.59,82.8,12060.916
2026-05-31 09:00:00+00:00,82.8,83.06,82.64,82.76,17028.385
2026-05-31 10:00:00+00:00,82.75,82.75,82.48,82.73,19195.492
2026-05-31 11:00:00+00:00,82.73,82.86,82.67,82.75,11512.224
2026-05-31 12:00:00+00:00,82.75,82.94,82.57,82.82,11673.036
2026-05-31 13:00:00+00:00,82.83,83.12,82.66,82.77,17508.19
2026-05-31 14:00:00+00:00,82.76,82.77,81.75,81.96,53962.059
2026-05-31 15:00:00+00:00,81.97,82.27,81.83,81.88,22877.007
2026-05-31 16:00:00+00:00,81.89,82.04,81.42,81.59,57671.878
2026-05-31 17:00:00+00:00,81.58,81.9,81.46,81.87,19712.872
2026-05-31 18:00:00+00:00,81.87,81.87,81.61,81.75,10830.827
2026-05-31 19:00:00+00:00,81.75,81.8,81.34,81.58,11366.843
2026-05-31 20:00:00+00:00,81.59,82.01,81.59,81.96,12871.997
2026-05-31 21:00:00+00:00,81.97,82.36,81.88,82.32,18198.499
2026-05-31 22:00:00+00:00,82.32,82.7,82.03,82.53,35797.571
2026-05-31 23:00:00+00:00,82.53,82.92,81.96,82.44,42455.422
2026-06-01 00:00:00+00:00,82.45,83.1,82.36,82.82,53977.016
2026-06-01 01:00:00+00:00,82.83,82.89,81.75,81.77,42964.307
2026-06-01 02:00:00+00:00,81.77,82.89,81.63,82.67,45719.309
2026-06-01 03:00:00+00:00,82.67,82.99,82.55,82.63,31404.539
2026-06-01 04:00:00+00:00,82.62,82.77,81.77,82.04,25674.367
2026-06-01 05:00:00+00:00,82.03,82.12,81.64,81.81,23958.621
2026-06-01 06:00:00+00:00,81.81,81.88,81.14,81.44,43933.247
2026-06-01 07:00:00+00:00,81.44,81.58,80.63,80.74,43750.256
2026-06-01 08:00:00+00:00,80.74,81.05,80.45,80.98,43069.485
2026-06-01 09:00:00+00:00,80.99,81.29,80.99,81.08,36917.882
2026-06-01 10:00:00+00:00,81.09,81.19,80.83,81.1,28756.483
2026-06-01 11:00:00+00:00,81.1,81.22,80.63,80.82,24934.764
2026-06-01 12:00:00+00:00,80.83,81.08,80.24,80.82,82248.539
2026-06-01 13:00:00+00:00,80.82,80.86,79.24,79.83,142473.876
2026-06-01 14:00:00+00:00,79.85,80.11,79.43,79.72,143976.039
2026-06-01 15:00:00+00:00,79.72,80.05,79.2,79.6,86934.074
2026-06-01 16:00:00+00:00,79.6,80.45,79.12,80.41,74864.285
2026-06-01 17:00:00+00:00,80.41,81.22,80.28,80.93,91610.251
2026-06-01 18:00:00+00:00,80.92,81.22,80.58,80.84,37879.787
2026-06-01 19:00:00+00:00,80.85,81.32,80.6,81.19,32729.98
2026-06-01 20:00:00+00:00,81.2,81.24,80.96,81.13,23268.588
2026-06-01 21:00:00+00:00,81.13,81.15,80.51,80.68,78441.166
2026-06-01 22:00:00+00:00,80.68,81.48,80.32,81.39,46942.177
2026-06-01 23:00:00+00:00,81.39,81.64,81.08,81.28,57633.607
2026-06-02 00:00:00+00:00,81.28,81.3,80.88,80.9,22875.67191125
2026-06-02 01:00:00+00:00,80.91,81.02,80.05,80.11,42601.22899838
2026-06-02 02:00:00+00:00,80.1,80.79,79.42,80.79,67870.29
2026-06-02 03:00:00+00:00,80.79,81.06,80.64,80.92,43526.94
2026-06-02 04:00:00+00:00,80.92,81.03,80.38,80.46,32139.075
2026-06-02 05:00:00+00:00,80.45,80.6,79.58,79.63,52211.621
2026-06-02 06:00:00+00:00,79.63,79.83,79.34,79.59,63918.419
2026-06-02 07:00:00+00:00,79.6,79.93,79.16,79.67,65334.777
2026-06-02 08:00:00+00:00,79.68,79.8,79.45,79.62,44808.237
2026-06-02 09:00:00+00:00,79.62,79.65,78.78,79.1,71048.76999836
2026-06-02 10:00:00+00:00,79.11,79.48,78.97,79.44,31073.827
2026-06-02 11:00:00+00:00,79.44,79.45,78.84,78.93,50033.501
2026-06-02 12:00:00+00:00,78.93,79.16,78.65,78.98,38525.215
2026-06-02 13:00:00+00:00,78.98,79.23,78.81,78.95,79225.668
2026-06-02 14:00:00+00:00,78.96,79.0,76.76,77.45,228547.637
2026-06-02 15:00:00+00:00,77.44,77.49,75.52,76.38,188317.168
2026-06-02 16:00:00+00:00,76.38,77.68,76.15,76.73,116273.685
2026-06-02 17:00:00+00:00,76.73,77.2,76.48,76.84,94734.374
2026-06-02 18:00:00+00:00,76.85,77.08,75.81,76.15,57446.905
2026-06-02 19:00:00+00:00,76.15,76.27,74.51,75.53,192866.917
2026-06-02 20:00:00+00:00,75.52,75.95,74.77,75.43,78919.238
2026-06-02 21:00:00+00:00,75.44,76.08,75.33,75.67,65099.277
2026-06-02 22:00:00+00:00,75.66,75.67,73.36,73.68,106675.66361958
2026-06-02 23:00:00+00:00,73.7,74.33,72.73,74.23,195314.37262484
2026-06-03 00:00:00+00:00,74.23,75.13,74.0,74.83,118094.031954
2026-06-03 01:00:00+00:00,74.85,75.04,74.14,74.74,76313.845
2026-06-03 02:00:00+00:00,74.74,74.81,74.2,74.39,60494.29346659
2026-06-03 03:00:00+00:00,74.41,74.54,72.28,72.72,155395.495
2026-06-03 04:00:00+00:00,72.72,74.12,72.69,74.05,98103.046
2026-06-03 05:00:00+00:00,74.07,74.91,74.06,74.72,119585.046
2026-06-03 06:00:00+00:00,74.72,75.34,74.67,74.86,111599.884
2026-06-03 07:00:00+00:00,74.85,75.42,74.75,75.27,61829.187
2026-06-03 08:00:00+00:00,75.26,75.33,74.86,74.99,43728.943
2026-06-03 09:00:00+00:00,74.99,75.42,74.71,75.0,62857.212
2026-06-03 10:00:00+00:00,75.01,75.6,74.97,75.55,44225.119
2026-06-03 11:00:00+00:00,75.56,75.71,75.0,75.12,42778.41507586
2026-06-03 12:00:00+00:00,75.13,75.27,74.69,75.18,48458.60561948
2026-06-03 13:00:00+00:00,75.19,75.38,74.39,74.57,88761.907
2026-06-03 14:00:00+00:00,74.57,74.62,73.84,74.46,89184.944
2026-06-03 15:00:00+00:00,74.47,74.49,73.24,73.31,85286.533
2026-06-03 16:00:00+00:00,73.31,73.48,72.04,73.0,139153.724
2026-06-03 17:00:00+00:00,73.01,74.1,72.39,73.18,75565.319
2026-06-03 18:00:00+00:00,73.18,73.49,72.46,73.1,72733.789
2026-06-03 19:00:00+00:00,73.09,73.17,71.68,71.98,125688.054
2026-06-03 20:00:00+00:00,71.98,72.44,70.89,71.22,167023.622
2026-06-03 21:00:00+00:00,71.22,72.86,71.02,72.82,206793.176
2026-06-03 22:00:00+00:00,72.81,73.18,71.94,72.21,80471.923
2026-06-03 23:00:00+00:00,72.22,72.28,71.56,71.62,93177.951
2026-06-04 00:00:00+00:00,71.62,72.11,70.33,70.76,138687.937
2026-06-04 01:00:00+00:00,70.77,70.96,68.41,68.62,299945.251981
2026-06-04 02:00:00+00:00,68.62,70.47,66.76,70.06,340828.909
2026-06-04 03:00:00+00:00,70.06,71.66,70.04,71.48,231382.559
2026-06-04 04:00:00+00:00,71.5,71.79,70.79,70.9,121700.69741673
2026-06-04 05:00:00+00:00,70.89,70.89,69.89,70.32,174908.336
2026-06-04 06:00:00+00:00,70.32,71.21,70.24,70.35,95885.149
2026-06-04 07:00:00+00:00,70.36,70.41,69.12,69.14,114216.195
2026-06-04 08:00:00+00:00,69.14,69.43,68.32,69.23,143123.506
2026-06-04 09:00:00+00:00,69.22,69.27,67.73,68.86,178697.001
2026-06-04 10:00:00+00:00,68.86,68.94,67.55,67.87,152235.564
2026-06-04 11:00:00+00:00,67.89,68.71,67.33,68.69,156217.48514275
2026-06-04 12:00:00+00:00,68.7,70.38,68.32,70.11,92651.082
2026-06-04 13:00:00+00:00,70.13,70.59,69.01,70.38,137665.595
2026-06-04 14:00:00+00:00,70.39,70.65,69.56,69.78,139935.51
2026-06-04 15:00:00+00:00,69.77,70.52,69.4,69.64,135710.695
2026-06-04 16:00:00+00:00,69.65,69.67,68.98,69.41,91714.216
2026-06-04 17:00:00+00:00,69.41,69.75,68.5,69.24,109727.1259805
2026-06-04 18:00:00+00:00,69.25,69.88,68.64,69.49,100960.749
2026-06-04 19:00:00+00:00,69.49,69.71,69.03,69.09,87803.182
2026-06-04 20:00:00+00:00,69.08,69.14,68.44,68.82,61226.193
2026-06-04 21:00:00+00:00,68.81,69.06,67.61,67.79,91992.79
2026-06-04 22:00:00+00:00,67.79,68.58,67.57,68.48,107006.384
2026-06-04 23:00:00+00:00,68.48,68.93,68.0,68.86,86310.257
2026-06-05 00:00:00+00:00,68.86,69.11,68.26,68.29,68373.584
2026-06-05 01:00:00+00:00,68.29,68.82,67.57,68.5,110440.13
2026-06-05 02:00:00+00:00,68.51,68.63,67.2,67.34,127466.53892
2026-06-05 03:00:00+00:00,67.34,67.87,66.94,67.11,188716.65794937
2026-06-05 04:00:00+00:00,67.11,68.02,66.52,67.95,158092.231
2026-06-05 05:00:00+00:00,67.95,68.1,66.08,66.23,150946.84
2026-06-05 06:00:00+00:00,66.24,66.56,63.85,65.05,401224.202
2026-06-05 07:00:00+00:00,65.04,66.32,63.93,66.18,264166.81
2026-06-05 08:00:00+00:00,66.18,66.21,65.09,65.31,152443.574
2026-06-05 09:00:00+00:00,65.32,66.6,65.31,66.56,162367.05868064
2026-06-05 10:00:00+00:00,66.56,66.74,66.15,66.41,97989.499
2026-06-05 11:00:00+00:00,66.41,66.79,65.83,66.08,144737.716
2026-06-05 12:00:00+00:00,66.08,66.36,65.22,65.83,168613.836
2026-06-05 13:00:00+00:00,65.82,66.82,64.32,64.32,179906.5
2026-06-05 14:00:00+00:00,64.33,65.85,63.95,65.26,261475.91
2026-06-05 15:00:00+00:00,65.28,65.33,63.78,64.28,240668.584
2026-06-05 16:00:00+00:00,64.24,65.98,63.18,65.86,284367.169
2026-06-05 17:00:00+00:00,65.84,66.05,64.81,65.1,128326.18
2026-06-05 18:00:00+00:00,65.11,65.38,62.64,62.91,134542.524
2026-06-05 19:00:00+00:00,62.91,63.84,61.48,63.44,225817.625
2026-06-05 20:00:00+00:00,63.44,64.81,62.7,64.64,163214.58
2026-06-05 21:00:00+00:00,64.63,65.4,64.54,64.89,125310.31
2026-06-05 22:00:00+00:00,64.87,64.9,63.79,64.41,102540.051
2026-06-05 23:00:00+00:00,64.42,64.79,62.66,63.63,140626.48274804
2026-06-06 00:00:00+00:00,63.64,64.83,63.64,64.67,86129.34153691
2026-06-06 01:00:00+00:00,64.67,64.85,63.79,63.85,84150.65
2026-06-06 02:00:00+00:00,63.85,63.95,63.26,63.52,80776.721
2026-06-06 03:00:00+00:00,63.52,63.53,62.58,62.84,96927.493
2026-06-06 04:00:00+00:00,62.83,63.12,60.35,60.88,153645.676
2026-06-06 05:00:00+00:00,60.88,62.72,60.12,62.61,174794.202
2026-06-06 06:00:00+00:00,62.62,63.35,62.09,62.21,138955.111
2026-06-06 07:00:00+00:00,62.24,63.15,62.07,62.78,147805.15
2026-06-06 08:00:00+00:00,62.79,63.59,62.54,63.16,106736.292
2026-06-06 09:00:00+00:00,63.14,63.55,62.49,62.7,99558.379
2026-06-06 10:00:00+00:00,62.71,62.71,61.2,61.83,160531.46967417
2026-06-06 11:00:00+00:00,61.83,62.68,61.75,62.47,108197.064
2026-06-06 12:00:00+00:00,62.46,63.1,62.02,62.92,94559.518
2026-06-06 13:00:00+00:00,62.88,63.06,62.16,62.44,97080.96181544
2026-06-06 14:00:00+00:00,62.45,62.93,62.29,62.33,96742.096
2026-06-06 15:00:00+00:00,62.33,62.48,61.32,62.04,206469.679
2026-06-06 16:00:00+00:00,62.04,62.39,61.38,62.12,135471.834
2026-06-06 17:00:00+00:00,62.12,62.26,61.46,61.62,156452.095
2026-06-06 18:00:00+00:00,61.61,62.13,61.41,61.74,84198.62
2026-06-06 19:00:00+00:00,61.73,62.2,61.63,61.64,78685.044
2026-06-06 20:00:00+00:00,61.64,61.93,61.36,61.84,87209.87
2026-06-06 21:00:00+00:00,61.85,62.36,61.83,61.9,79199.88
2026-06-06 22:00:00+00:00,61.89,61.97,61.47,61.72,69516.832
2026-06-06 23:00:00+00:00,61.72,62.3,61.68,62.19,61073.293
2026-06-07 00:00:00+00:00,62.21,62.65,61.96,62.1,64781.779
2026-06-07 01:00:00+00:00,62.1,63.85,62.04,63.67,130527.922
2026-06-07 02:00:00+00:00,63.69,63.79,63.08,63.54,80737.464
2026-06-07 03:00:00+00:00,63.55,64.15,63.41,63.83,100900.388
2026-06-07 04:00:00+00:00,63.83,64.12,63.29,64.1,79483.166
2026-06-07 05:00:00+00:00,64.09,64.49,63.9,64.26,109510.624
2026-06-07 06:00:00+00:00,64.26,64.99,64.03,64.86,85612.613
2026-06-07 07:00:00+00:00,64.83,65.01,64.61,64.92,95972.859
2026-06-07 08:00:00+00:00,64.91,65.96,64.49,65.96,127429.582
2026-06-07 09:00:00+00:00,65.96,66.11,64.85,65.02,134005.939
2026-06-07 10:00:00+00:00,65.02,65.08,64.44,64.67,86957.176
2026-06-07 11:00:00+00:00,64.68,65.23,64.54,65.03,76836.678
2026-06-07 12:00:00+00:00,65.04,65.1,63.67,64.32,140075.386
2026-06-07 13:00:00+00:00,64.31,64.44,64.09,64.34,64793.055
2026-06-07 14:00:00+00:00,64.34,65.34,64.33,64.92,87719.735
2026-06-07 15:00:00+00:00,64.91,65.24,64.64,64.99,114608.432
2026-06-07 16:00:00+00:00,64.99,65.32,64.76,65.17,70024.897
2026-06-07 17:00:00+00:00,65.15,65.62,65.09,65.33,75583.074
2026-06-07 18:00:00+00:00,65.32,65.59,64.91,64.95,38303.85
2026-06-07 19:00:00+00:00,64.98,64.98,63.65,63.96,129012.821
2026-06-07 20:00:00+00:00,63.95,64.8,63.75,64.7,93396.548
2026-06-07 21:00:00+00:00,64.7,64.92,64.31,64.64,70307.143
2026-06-07 22:00:00+00:00,64.64,67.9,64.53,65.82,170570.171
2026-06-07 23:00:00+00:00,65.82,66.64,65.79,66.49,127008.852
2026-06-08 00:00:00+00:00,66.5,67.12,66.03,66.72,124717.365
2026-06-08 01:00:00+00:00,66.74,66.81,65.4,66.18,135872.828
2026-06-08 02:00:00+00:00,66.18,66.63,66.06,66.45,88134.906
2026-06-08 03:00:00+00:00,66.46,66.76,66.19,66.35,68062.102
2026-06-08 04:00:00+00:00,66.37,66.42,65.37,65.43,82323.564
2026-06-08 05:00:00+00:00,65.44,65.65,64.97,65.34,78371.691
2026-06-08 06:00:00+00:00,65.33,65.88,65.29,65.68,63086.602
2026-06-08 07:00:00+00:00,65.68,66.22,65.38,66.1,82002.187
2026-06-08 08:00:00+00:00,66.1,66.1,65.46,65.63,56336.26
2026-06-08 09:00:00+00:00,65.63,66.38,65.61,66.38,77782.916
2026-06-08 10:00:00+00:00,66.37,66.44,65.81,66.22,67741.336
2026-06-08 11:00:00+00:00,66.2,67.06,66.04,66.68,108387.612
2026-06-08 12:00:00+00:00,66.67,67.33,65.99,67.25,94924.96
2026-06-08 13:00:00+00:00,67.26,67.28,66.43,66.78,107754.503
2026-06-08 14:00:00+00:00,66.79,67.31,66.47,67.27,112899.231
2026-06-08 15:00:00+00:00,67.28,67.8,67.06,67.17,138026.975
2026-06-08 16:00:00+00:00,67.19,67.75,66.89,66.95,86380.543
2026-06-08 17:00:00+00:00,66.95,67.39,66.57,67.37,89007.092
2026-06-08 18:00:00+00:00,67.39,67.62,67.16,67.43,53402.028
2026-06-08 19:00:00+00:00,67.44,67.82,67.28,67.46,80439.061
2026-06-08 20:00:00+00:00,67.46,67.52,66.95,67.47,68305.16787148
2026-06-08 21:00:00+00:00,67.48,68.17,67.43,67.48,76188.043
2026-06-08 22:00:00+00:00,67.48,67.48,66.85,67.19,75982.568
2026-06-08 23:00:00+00:00,67.2,67.42,66.65,66.83,68331.678
2026-06-09 00:00:00+00:00,66.82,66.89,65.3,65.44,135017.803
2026-06-09 01:00:00+00:00,65.42,66.07,65.4,65.99,90931.75826226
2026-06-09 02:00:00+00:00,65.98,66.08,65.54,65.91,49790.975
2026-06-09 03:00:00+00:00,65.92,66.1,65.68,66.01,52675.57
2026-06-09 04:00:00+00:00,66.01,67.42,65.83,67.02,144560.80834679
2026-06-09 05:00:00+00:00,67.01,67.39,66.71,67.19,129384.664
2026-06-09 06:00:00+00:00,67.22,67.47,66.98,67.05,57026.814
2026-06-09 07:00:00+00:00,67.07,67.35,66.64,66.9,85335.027
2026-06-09 08:00:00+00:00,66.91,66.93,66.4,66.6,80591.596
2026-06-09 09:00:00+00:00,66.61,66.84,66.08,66.17,69996.679
2026-06-09 10:00:00+00:00,66.2,66.48,66.0,66.42,54061.975
2026-06-09 11:00:00+00:00,66.41,66.46,65.91,66.12,75733.843
2026-06-09 12:00:00+00:00,66.12,66.52,65.97,66.21,80412.819
2026-06-09 13:00:00+00:00,66.22,66.38,65.6,65.85,104080.473
2026-06-09 14:00:00+00:00,65.85,65.99,64.4,65.07,154006.543
2026-06-09 15:00:00+00:00,65.08,65.31,64.27,64.34,128282.56548997
2026-06-09 16:00:00+00:00,64.31,64.48,63.55,64.14,152727.845
2026-06-09 17:00:00+00:00,64.18,65.16,64.11,64.8,121180.951
2026-06-09 18:00:00+00:00,64.8,65.54,64.66,65.3,74012.581
2026-06-09 19:00:00+00:00,65.3,65.66,65.06,65.41,83241.241
2026-06-09 20:00:00+00:00,65.42,65.71,65.3,65.62,59226.795
2026-06-09 21:00:00+00:00,65.62,65.67,64.88,65.01,50314.969
2026-06-09 22:00:00+00:00,65.02,65.35,64.83,64.9,38723.585
2026-06-09 23:00:00+00:00,64.9,65.17,64.7,64.97,59970.531
2026-06-10 00:00:00+00:00,64.98,65.22,64.5,65.19,52595.439
2026-06-10 01:00:00+00:00,65.19,65.3,64.82,65.11,87123.046
2026-06-10 02:00:00+00:00,65.12,65.25,64.24,64.3,64027.325
2026-06-10 03:00:00+00:00,64.31,64.86,64.27,64.53,51702.39899505
2026-06-10 04:00:00+00:00,64.52,64.65,64.12,64.3,41001.451
2026-06-10 05:00:00+00:00,64.3,64.36,63.92,64.11,59176.819
2026-06-10 06:00:00+00:00,64.13,64.38,63.82,64.2,51341.097
2026-06-10 07:00:00+00:00,64.19,64.77,64.14,64.51,59348.081
2026-06-10 08:00:00+00:00,64.51,64.52,63.42,63.6,89621.015
2026-06-10 09:00:00+00:00,63.63,63.75,63.04,63.63,89081.951
2026-06-10 10:00:00+00:00,63.64,63.79,63.28,63.67,52319.956
2026-06-10 11:00:00+00:00,63.68,63.79,62.96,63.49,161452.644
2026-06-10 12:00:00+00:00,63.5,64.68,63.31,64.13,230474.965
2026-06-10 13:00:00+00:00,64.13,65.53,64.01,65.09,204785.314
2026-06-10 14:00:00+00:00,65.08,65.27,64.6,65.06,141069.791
2026-06-10 15:00:00+00:00,65.06,65.76,64.56,65.44,212143.956
2026-06-10 16:00:00+00:00,65.45,65.47,64.24,64.62,170490.567
2026-06-10 17:00:00+00:00,64.62,64.96,63.64,64.04,151216.145
2026-06-10 18:00:00+00:00,64.05,64.21,63.38,63.85,121026.666
2026-06-10 19:00:00+00:00,63.85,63.95,63.4,63.55,114871.189
2026-06-10 20:00:00+00:00,63.56,63.66,63.18,63.33,111289.678
2026-06-10 21:00:00+00:00,63.32,63.32,62.35,62.58,103932.227
2026-06-10 22:00:00+00:00,62.59,63.07,62.37,62.78,98685.445
2026-06-10 23:00:00+00:00,62.79,63.31,62.46,63.19,91643.349
2026-06-11 00:00:00+00:00,63.2,63.77,63.2,63.66,55970.266
2026-06-11 01:00:00+00:00,63.66,65.18,63.66,64.91,179269.69
2026-06-11 02:00:00+00:00,64.9,65.0,64.37,64.54,133770.337
2026-06-11 03:00:00+00:00,64.53,65.48,64.34,65.27,89771.803
2026-06-11 04:00:00+00:00,65.27,65.34,64.96,65.2,83869.344
2026-06-11 05:00:00+00:00,65.21,65.24,64.95,64.97,38372.684
2026-06-11 06:00:00+00:00,64.96,65.44,64.81,65.12,75489.424
2026-06-11 07:00:00+00:00,65.11,65.17,64.79,65.05,57049.042
2026-06-11 08:00:00+00:00,65.05,65.53,65.04,65.31,58386.128
2026-06-11 09:00:00+00:00,65.32,65.56,65.02,65.39,84957.007
2026-06-11 10:00:00+00:00,65.4,65.65,65.29,65.51,48794.048
2026-06-11 11:00:00+00:00,65.49,66.13,65.34,65.89,95450.619
2026-06-11 12:00:00+00:00,65.89,65.93,64.9,65.25,162006.633
2026-06-11 13:00:00+00:00,65.22,65.73,65.07,65.52,120383.377
2026-06-11 14:00:00+00:00,65.52,65.76,65.0,65.34,98834.442
2026-06-11 15:00:00+00:00,65.34,65.85,65.0,65.55,116307.275
2026-06-11 16:00:00+00:00,65.56,65.81,65.31,65.39,82918.115
2026-06-11 17:00:00+00:00,65.38,67.18,65.05,67.16,212463.858
2026-06-11 18:00:00+00:00,67.15,67.31,66.67,66.81,112469.63580333
2026-06-11 19:00:00+00:00,66.8,67.39,66.6,66.94,108233.758
2026-06-11 20:00:00+00:00,66.95,67.05,66.37,66.59,56629.55
2026-06-11 21:00:00+00:00,66.59,67.11,66.57,66.91,38246.708
2026-06-11 22:00:00+00:00,66.91,67.14,66.88,66.89,43540.69
2026-06-11 23:00:00+00:00,66.9,67.11,66.71,66.91,45230.784
2026-06-12 00:00:00+00:00,66.93,67.11,66.74,66.89,43766.485
2026-06-12 01:00:00+00:00,66.88,66.88,66.43,66.7,48320.2216106
2026-06-12 02:00:00+00:00,66.7,67.3,66.68,67.14,53070.612
2026-06-12 03:00:00+00:00,67.14,67.16,66.69,67.03,69956.61612097
2026-06-12 04:00:00+00:00,67.04,67.24,66.85,67.06,73542.109
2026-06-12 05:00:00+00:00,67.06,67.06,66.64,66.75,74414.496
2026-06-12 06:00:00+00:00,66.74,66.82,65.95,66.13,77507.44499758
2026-06-12 07:00:00+00:00,66.13,66.48,66.12,66.32,65333.212
2026-06-12 08:00:00+00:00,66.33,67.06,66.33,66.92,73195.66
2026-06-12 09:00:00+00:00,66.91,67.48,66.85,67.18,81404.443
2026-06-12 10:00:00+00:00,67.19,67.35,66.59,66.79,53115.86
2026-06-12 11:00:00+00:00,66.79,67.11,66.78,66.93,66444.418
2026-06-12 12:00:00+00:00,66.92,67.0,66.65,66.78,68408.518
2026-06-12 13:00:00+00:00,66.78,67.02,66.39,66.71,131797.481
2026-06-12 14:00:00+00:00,66.74,67.98,66.67,67.94,175265.19
2026-06-12 15:00:00+00:00,67.93,68.82,67.18,67.26,211454.394
2026-06-12 16:00:00+00:00,67.26,68.02,67.12,68.02,100323.02
2026-06-12 17:00:00+00:00,68.02,68.21,67.27,67.4,87996.589
2026-06-12 18:00:00+00:00,67.41,67.48,67.01,67.07,72530.518
2026-06-12 19:00:00+00:00,67.08,67.4,66.69,66.79,95337.925
2026-06-12 20:00:00+00:00,66.79,66.83,66.51,66.68,77873.443
2026-06-12 21:00:00+00:00,66.69,66.96,66.48,66.57,45616.876
2026-06-12 22:00:00+00:00,66.58,66.76,66.47,66.64,38285.465
2026-06-12 23:00:00+00:00,66.65,66.84,66.49,66.83,31931.887
2026-06-13 00:00:00+00:00,66.82,67.08,66.77,66.99,28379.835
2026-06-13 01:00:00+00:00,67.0,67.52,66.98,67.45,39503.794
2026-06-13 02:00:00+00:00,67.46,67.51,66.88,66.96,34627.064
2026-06-13 03:00:00+00:00,66.97,67.06,66.69,66.88,28760.893
2026-06-13 04:00:00+00:00,66.87,66.97,66.65,66.67,14509.677
2026-06-13 05:00:00+00:00,66.67,66.86,66.61,66.8,46466.357
2026-06-13 06:00:00+00:00,66.79,67.22,66.67,67.17,32666.574
2026-06-13 07:00:00+00:00,67.17,67.48,66.97,67.37,73443.002
2026-06-13 08:00:00+00:00,67.37,67.56,67.27,67.33,50460.072
2026-06-13 09:00:00+00:00,67.33,67.54,67.29,67.37,25732.616
2026-06-13 10:00:00+00:00,67.37,67.62,67.35,67.43,15761.182
2026-06-13 11:00:00+00:00,67.43,67.96,67.38,67.9,33408.221
2026-06-13 12:00:00+00:00,67.91,68.06,67.79,67.96,30080.832
2026-06-13 13:00:00+00:00,67.98,68.37,67.84,68.03,61128.452
2026-06-13 14:00:00+00:00,68.01,68.43,67.99,68.28,35627.109
2026-06-13 15:00:00+00:00,68.29,68.72,68.18,68.6,62131.029
2026-06-13 16:00:00+00:00,68.61,68.63,67.84,68.1,79187.678
2026-06-13 17:00:00+00:00,68.1,68.27,67.84,68.0,44424.334
2026-06-13 18:00:00+00:00,67.99,68.38,67.97,68.13,27532.344
2026-06-13 19:00:00+00:00,68.13,68.4,68.03,68.24,24922.333
2026-06-13 20:00:00+00:00,68.24,68.29,68.06,68.28,19428.673
2026-06-13 21:00:00+00:00,68.29,69.55,68.23,69.26,81259.18
2026-06-13 22:00:00+00:00,69.26,69.27,68.88,68.89,56147.89
2026-06-13 23:00:00+00:00,68.9,69.19,68.8,68.93,37099.766
2026-06-14 00:00:00+00:00,68.91,68.92,68.67,68.75,27330.378
2026-06-14 01:00:00+00:00,68.76,69.1,68.65,68.82,43497.93
2026-06-14 02:00:00+00:00,68.83,69.1,68.73,68.84,27540.804
2026-06-14 03:00:00+00:00,68.83,69.04,68.76,68.95,24661.372
2026-06-14 04:00:00+00:00,68.95,69.02,68.45,68.52,41089.839
2026-06-14 05:00:00+00:00,68.53,68.6,68.03,68.25,57282.83
2026-06-14 06:00:00+00:00,68.27,68.49,68.11,68.19,36720.298
2026-06-14 07:00:00+00:00,68.2,68.26,68.05,68.21,17995.997
2026-06-14 08:00:00+00:00,68.22,68.37,68.12,68.25,15191.543
2026-06-14 09:00:00+00:00,68.26,68.51,67.92,68.48,35366.312
2026-06-14 10:00:00+00:00,68.49,68.52,68.15,68.15,19083.125
2026-06-14 11:00:00+00:00,68.16,68.34,68.02,68.1,16167.195
2026-06-14 12:00:00+00:00,68.11,68.17,67.71,67.78,29115.709
2026-06-14 13:00:00+00:00,67.78,67.88,67.52,67.75,37265.227
2026-06-14 14:00:00+00:00,67.77,67.83,66.95,67.27,57761.282
2026-06-14 15:00:00+00:00,67.27,67.55,67.26,67.43,36837.434
2026-06-14 16:00:00+00:00,67.43,67.75,67.43,67.48,20977.857
2026-06-14 17:00:00+00:00,67.48,67.73,67.31,67.34,24884.494
2026-06-14 18:00:00+00:00,67.35,67.49,67.21,67.42,14342.238
2026-06-14 19:00:00+00:00,67.43,67.76,67.35,67.57,17016.442
2026-06-14 20:00:00+00:00,67.58,68.07,67.45,67.81,24163.196
2026-06-14 21:00:00+00:00,67.81,70.53,67.81,70.15,170472.999
2026-06-14 22:00:00+00:00,70.18,70.74,69.69,70.45,121116.017
2026-06-14 23:00:00+00:00,70.46,71.29,70.15,71.29,107973.422
2026-06-15 00:00:00+00:00,71.29,71.72,70.96,71.14,112339.271
2026-06-15 01:00:00+00:00,71.15,71.34,70.67,71.01,93243.246
2026-06-15 02:00:00+00:00,71.02,71.58,70.92,70.98,44017.703
2026-06-15 03:00:00+00:00,70.99,71.37,70.91,71.24,50085.57
2026-06-15 04:00:00+00:00,71.24,71.28,70.88,70.92,39298.406
2026-06-15 05:00:00+00:00,70.92,71.3,70.8,71.22,38985.656
2026-06-15 06:00:00+00:00,71.22,71.5,71.08,71.34,52353.318
2026-06-15 07:00:00+00:00,71.35,71.5,71.13,71.28,47486.65
2026-06-15 08:00:00+00:00,71.29,71.61,71.17,71.3,48602.98
2026-06-15 09:00:00+00:00,71.29,71.47,70.8,71.21,54467.311
2026-06-15 10:00:00+00:00,71.21,72.16,71.2,71.88,76331.509
2026-06-15 11:00:00+00:00,71.88,72.82,71.67,72.6,196525.386
2026-06-15 12:00:00+00:00,72.65,73.01,72.32,72.85,101369.384
2026-06-15 13:00:00+00:00,72.85,74.24,72.72,73.63,185754.467
2026-06-15 14:00:00+00:00,73.65,73.98,73.21,73.82,101489.194
2026-06-15 15:00:00+00:00,73.8,75.25,73.78,75.25,141165.879
2026-06-15 16:00:00+00:00,75.25,76.08,74.96,75.48,145675.255
2026-06-15 17:00:00+00:00,75.47,75.48,74.66,75.29,118729.969
2026-06-15 18:00:00+00:00,75.29,75.7,75.1,75.3,70339.727
2026-06-15 19:00:00+00:00,75.3,75.8,74.58,75.26,110665.83
2026-06-15 20:00:00+00:00,75.26,75.45,74.78,74.94,67401.265
2026-06-15 21:00:00+00:00,74.94,75.02,74.41,74.46,65694.687
2026-06-15 22:00:00+00:00,74.46,74.62,73.63,73.78,72308.069
2026-06-15 23:00:00+00:00,73.78,74.07,73.64,73.98,58013.575
2026-06-16 00:00:00+00:00,73.99,74.4,73.87,74.04,49194.799
2026-06-16 01:00:00+00:00,74.04,74.34,73.87,73.87,53106.067
2026-06-16 02:00:00+00:00,73.89,73.89,72.78,73.02,66779.206
2026-06-16 03:00:00+00:00,73.02,73.8,72.87,73.74,59739.472
2026-06-16 04:00:00+00:00,73.75,73.94,73.21,73.37,43448.079
2026-06-16 05:00:00+00:00,73.37,73.84,73.37,73.67,42712.824
2026-06-16 06:00:00+00:00,73.68,74.3,73.68,74.19,48453.045
2026-06-16 07:00:00+00:00,74.19,74.53,74.13,74.45,63879.192
2026-06-16 08:00:00+00:00,74.46,75.63,74.36,75.38,66391.037
2026-06-16 09:00:00+00:00,75.39,75.51,74.83,74.85,70307.972
2026-06-16 10:00:00+00:00,74.85,75.12,74.69,74.7,46480.026
2026-06-16 11:00:00+00:00,74.7,74.89,74.38,74.67,42961.785
2026-06-16 12:00:00+00:00,74.68,75.54,74.49,74.94,78452.067
2026-06-16 13:00:00+00:00,74.95,74.98,73.88,73.99,119061.568
2026-06-16 14:00:00+00:00,74.01,74.3,72.33,72.97,133041.967
2026-06-16 15:00:00+00:00,72.96,73.65,72.88,73.28,85511.329
2026-06-16 16:00:00+00:00,73.29,73.48,73.01,73.08,60631.898
2026-06-16 17:00:00+00:00,73.11,73.83,73.06,73.67,54550.327
2026-06-16 18:00:00+00:00,73.69,74.34,73.59,74.0,90769.356
2026-06-16 19:00:00+00:00,74.0,74.21,73.5,73.85,56973.293
2026-06-16 20:00:00+00:00,73.84,74.26,73.68,74.15,36095.85
2026-06-16 21:00:00+00:00,74.15,74.22,73.74,73.94,36119.878
2026-06-16 22:00:00+00:00,73.95,74.11,73.63,73.84,21170.239
2026-06-16 23:00:00+00:00,73.85,73.97,73.43,73.54,16599.373
2026-06-17 00:00:00+00:00,73.54,73.79,73.32,73.36,29104.629
2026-06-17 01:00:00+00:00,73.37,74.01,73.16,73.94,46822.372
2026-06-17 02:00:00+00:00,73.95,74.45,73.69,74.04,53993.742
2026-06-17 03:00:00+00:00,74.05,74.07,73.53,73.68,34293.065
2026-06-17 04:00:00+00:00,73.71,74.1,73.6,73.81,37154.448
2026-06-17 05:00:00+00:00,73.85,74.01,73.44,73.64,55056.294
2026-06-17 06:00:00+00:00,73.65,73.82,73.2,73.4,47929.041
2026-06-17 07:00:00+00:00,73.43,73.63,72.99,73.27,72759.032
2026-06-17 08:00:00+00:00,73.28,73.3,72.17,72.35,90748.581
2026-06-17 09:00:00+00:00,72.34,72.67,72.32,72.54,49804.656
2026-06-17 10:00:00+00:00,72.55,72.67,72.12,72.15,30329.698
2026-06-17 11:00:00+00:00,72.16,72.25,71.73,72.03,66494.49
2026-06-17 12:00:00+00:00,72.07,72.36,71.6,72.35,81975.141
2026-06-17 13:00:00+00:00,72.34,72.77,72.16,72.43,86604.043
2026-06-17 14:00:00+00:00,72.41,72.67,71.84,72.39,89555.399
2026-06-17 15:00:00+00:00,72.39,73.87,72.37,73.82,139043.322
2026-06-17 16:00:00+00:00,73.81,74.68,73.71,73.76,93044.132
2026-06-17 17:00:00+00:00,73.78,74.33,73.47,74.2,59358.034
2026-06-17 18:00:00+00:00,74.19,74.36,72.21,73.51,291452.556
2026-06-17 19:00:00+00:00,73.49,73.7,71.43,71.66,263282.311
2026-06-17 20:00:00+00:00,71.67,72.24,71.55,72.21,107346.807
2026-06-17 21:00:00+00:00,72.21,72.23,71.39,71.61,68213.335
2026-06-17 22:00:00+00:00,71.6,71.93,70.84,71.71,57526.743
2026-06-17 23:00:00+00:00,71.72,72.13,71.7,72.05,28805.752
2026-06-18 00:00:00+00:00,72.06,72.5,72.04,72.23,33974.659
2026-06-18 01:00:00+00:00,72.22,72.64,72.09,72.22,32394.815
2026-06-18 02:00:00+00:00,72.23,72.67,72.12,72.52,41522.656
2026-06-18 03:00:00+00:00,72.53,72.55,71.54,71.66,45251.616
2026-06-18 04:00:00+00:00,71.67,71.74,70.91,71.07,42247.937
2026-06-18 05:00:00+00:00,71.06,71.14,70.65,71.13,58086.376
2026-06-18 06:00:00+00:00,71.13,71.41,70.99,71.35,31198.007
2026-06-18 07:00:00+00:00,71.36,71.84,71.16,71.78,41136.772
2026-06-18 08:00:00+00:00,71.78,72.08,71.63,71.86,30680.906
2026-06-18 09:00:00+00:00,71.88,72.15,71.76,71.84,27854.532
2026-06-18 10:00:00+00:00,71.86,71.86,71.09,71.39,48514.629
2026-06-18 11:00:00+00:00,71.4,71.56,70.73,70.93,70007.38
2026-06-18 12:00:00+00:00,70.95,71.61,70.88,71.57,37606.092
2026-06-18 13:00:00+00:00,71.56,71.79,70.73,71.06,68605.797
2026-06-18 14:00:00+00:00,71.07,71.72,70.69,71.08,98717.091
2026-06-18 15:00:00+00:00,71.09,71.1,68.35,68.43,282527.824
2026-06-18 16:00:00+00:00,68.42,69.12,68.39,69.05,122115.253
2026-06-18 17:00:00+00:00,69.07,69.15,68.5,68.64,105559.339
2026-06-18 18:00:00+00:00,68.64,68.98,68.24,68.65,92431.66
2026-06-18 19:00:00+00:00,68.67,69.52,68.57,69.38,60696.327
2026-06-18 20:00:00+00:00,69.39,69.95,69.39,69.82,60902.532
2026-06-18 21:00:00+00:00,69.81,69.89,69.41,69.56,53566.69
2026-06-18 22:00:00+00:00,69.56,69.68,69.27,69.51,32330.228
2026-06-18 23:00:00+00:00,69.51,69.79,69.27,69.71,33448.699
2026-06-19 00:00:00+00:00,69.7,69.89,69.57,69.81,27631.354
2026-06-19 01:00:00+00:00,69.79,70.02,69.54,69.93,50652.021
2026-06-19 02:00:00+00:00,69.94,70.08,69.42,69.66,29778.524
2026-06-19 03:00:00+00:00,69.68,69.74,68.64,69.06,108737.32
2026-06-19 04:00:00+00:00,69.05,69.28,68.2,68.34,62419.564
2026-06-19 05:00:00+00:00,68.36,68.75,68.32,68.7,62993.15
2026-06-19 06:00:00+00:00,68.69,68.84,68.46,68.74,52569.735
2026-06-19 07:00:00+00:00,68.73,68.76,67.99,68.38,67518.186
2026-06-19 08:00:00+00:00,68.38,68.75,68.24,68.67,48135.541
2026-06-19 09:00:00+00:00,68.67,68.75,68.22,68.32,53898.594
2026-06-19 10:00:00+00:00,68.33,68.46,68.05,68.31,38494.599
2026-06-19 11:00:00+00:00,68.31,68.46,68.1,68.24,38523.077
2026-06-19 12:00:00+00:00,68.27,68.71,67.92,68.61,64434.135
2026-06-19 13:00:00+00:00,68.62,69.56,68.4,69.28,119359.908
2026-06-19 14:00:00+00:00,69.29,69.48,68.85,69.14,78525.653
2026-06-19 15:00:00+00:00,69.13,69.53,68.93,69.34,53721.602
2026-06-19 16:00:00+00:00,69.32,69.57,68.69,68.72,37333.759
2026-06-19 17:00:00+00:00,68.73,69.52,68.64,69.31,50038.273
2026-06-19 18:00:00+00:00,69.32,69.37,68.8,69.06,21445.713
2026-06-19 19:00:00+00:00,69.05,69.15,68.78,68.96,21063.046
2026-06-19 20:00:00+00:00,68.97,69.3,68.73,69.26,24982.836
2026-06-19 21:00:00+00:00,69.25,69.3,68.91,69.01,34387.955
2026-06-19 22:00:00+00:00,69.01,69.46,68.97,69.42,28853.734
2026-06-19 23:00:00+00:00,69.43,69.88,69.23,69.74,38450.038
2026-06-20 00:00:00+00:00,69.73,70.11,69.62,69.63,67568.601
2026-06-20 01:00:00+00:00,69.63,69.95,69.55,69.79,23059.766
2026-06-20 02:00:00+00:00,69.79,69.86,69.48,69.65,17165.629
2026-06-20 03:00:00+00:00,69.65,70.11,69.62,70.0,31393.226
2026-06-20 04:00:00+00:00,70.0,71.09,69.89,70.87,62598.908
2026-06-20 05:00:00+00:00,70.88,72.46,70.72,71.78,152180.361
2026-06-20 06:00:00+00:00,71.78,72.38,71.71,72.1,67224.485
2026-06-20 07:00:00+00:00,72.11,72.13,71.45,71.6,61921.508
2026-06-20 08:00:00+00:00,71.6,71.65,71.27,71.35,48934.789
2026-06-20 09:00:00+00:00,71.38,71.63,71.22,71.55,32781.966
2026-06-20 10:00:00+00:00,71.56,71.72,71.42,71.69,26065.599
2026-06-20 11:00:00+00:00,71.7,72.08,71.45,71.78,44523.977
2026-06-20 12:00:00+00:00,71.78,71.94,71.39,71.55,37181.419
2026-06-20 13:00:00+00:00,71.55,71.59,70.75,71.23,54423.94
2026-06-20 14:00:00+00:00,71.17,72.19,70.48,71.94,107245.018
2026-06-20 15:00:00+00:00,71.94,72.62,71.61,72.01,189981.314
2026-06-20 16:00:00+00:00,72.03,72.07,71.35,71.68,53349.794
2026-06-20 17:00:00+00:00,71.68,71.7,71.09,71.55,44041.013
2026-06-20 18:00:00+00:00,71.55,71.97,71.54,71.75,33862.835
2026-06-20 19:00:00+00:00,71.75,71.93,71.61,71.87,31837.54
2026-06-20 20:00:00+00:00,71.87,72.06,71.72,72.02,15536.052
2026-06-20 21:00:00+00:00,72.02,72.45,71.96,72.4,31533.76
2026-06-20 22:00:00+00:00,72.41,74.29,72.36,73.56,117947.983
2026-06-20 23:00:00+00:00,73.57,73.64,73.21,73.21,55923.883
2026-06-21 00:00:00+00:00,73.22,73.27,73.02,73.2,31528.627
2026-06-21 01:00:00+00:00,73.19,73.31,72.89,73.19,32926.976
2026-06-21 02:00:00+00:00,73.18,73.39,73.07,73.33,15696.395
2026-06-21 03:00:00+00:00,73.33,73.87,73.12,73.64,62582.416
2026-06-21 04:00:00+00:00,73.63,73.85,73.38,73.44,38516.095
2026-06-21 05:00:00+00:00,73.45,73.52,73.0,73.09,32949.156
2026-06-21 06:00:00+00:00,73.09,73.37,73.04,73.24,46831.821
2026-06-21 07:00:00+00:00,73.25,73.45,73.12,73.2,60855.379
2026-06-21 08:00:00+00:00,73.21,73.26,72.74,73.16,39534.417
2026-06-21 09:00:00+00:00,73.16,74.1,73.1,74.04,58219.295
2026-06-21 10:00:00+00:00,74.05,74.4,73.88,73.9,48802.98
2026-06-21 11:00:00+00:00,73.92,74.02,73.09,73.2,48033.773
2026-06-21 12:00:00+00:00,73.2,73.7,72.93,73.65,50187.228
2026-06-21 13:00:00+00:00,73.64,73.93,73.48,73.91,67599.869
2026-06-21 14:00:00+00:00,73.91,74.14,73.65,74.1,50734.189
2026-06-21 15:00:00+00:00,74.11,74.28,73.92,74.15,46318.698
2026-06-21 16:00:00+00:00,74.15,74.66,73.8,74.33,52098.534
2026-06-21 17:00:00+00:00,74.33,74.64,74.05,74.25,83761.726
2026-06-21 18:00:00+00:00,74.24,74.43,73.87,74.22,44640.884
2026-06-21 19:00:00+00:00,74.23,74.46,74.12,74.41,24932.31
2026-06-21 20:00:00+00:00,74.42,74.53,73.36,73.42,35079.813
2026-06-21 21:00:00+00:00,73.43,73.46,72.43,73.15,87261.546
2026-06-21 22:00:00+00:00,73.13,73.25,72.64,73.05,46560.316
2026-06-21 23:00:00+00:00,73.04,73.1,72.32,72.46,68420.342
2026-06-22 00:00:00+00:00,72.46,73.58,72.46,73.36,69445.646
2026-06-22 01:00:00+00:00,73.41,74.98,73.27,74.36,114482.381
2026-06-22 02:00:00+00:00,74.39,74.45,73.78,73.83,45840.721
2026-06-22 03:00:00+00:00,73.83,74.07,73.3,73.52,56336.678
2026-06-22 04:00:00+00:00,73.55,73.91,73.36,73.87,41262.086
2026-06-22 05:00:00+00:00,73.87,74.15,73.8,73.96,35892.551
2026-06-22 06:00:00+00:00,73.98,74.22,73.57,73.7,33826.652
2026-06-22 07:00:00+00:00,73.71,74.47,73.68,74.11,54980.259
2026-06-22 08:00:00+00:00,74.11,74.33,73.72,73.9,42747.391
2026-06-22 09:00:00+00:00,73.9,74.02,73.58,73.79,32959.917
2026-06-22 10:00:00+00:00,73.79,74.02,73.6,73.79,24429.75
2026-06-22 11:00:00+00:00,73.78,74.43,73.65,74.18,114343.474
2026-06-22 12:00:00+00:00,74.18,74.57,74.04,74.42,84672.252
2026-06-22 13:00:00+00:00,74.43,74.98,74.25,74.96,121781.968
2026-06-22 14:00:00+00:00,74.99,75.0,73.2,73.43,96451.538
2026-06-22 15:00:00+00:00,73.47,73.79,72.99,73.14,91665.263
2026-06-22 16:00:00+00:00,73.16,73.21,72.55,72.95,76253.87
2026-06-22 17:00:00+00:00,72.96,73.33,72.64,73.27,42632.157
2026-06-22 18:00:00+00:00,73.29,73.57,72.58,72.65,59082.594
2026-06-22 19:00:00+00:00,72.63,72.81,72.47,72.69,63400.659
2026-06-22 20:00:00+00:00,72.69,72.96,72.49,72.83,24395.07
2026-06-22 21:00:00+00:00,72.82,72.88,72.29,72.73,30670.943
2026-06-22 22:00:00+00:00,72.74,72.96,71.36,72.11,101961.415
2026-06-22 23:00:00+00:00,72.1,72.16,71.83,71.96,45872.251
2026-06-23 00:00:00+00:00,71.94,72.02,71.47,71.89,43978.354
2026-06-23 01:00:00+00:00,71.88,72.04,71.31,71.72,43494.224
2026-06-23 02:00:00+00:00,71.72,72.05,71.54,72.0,31634.038
2026-06-23 03:00:00+00:00,72.01,72.01,71.72,71.99,27426.714
2026-06-23 04:00:00+00:00,72.0,72.02,71.39,71.44,19175.768
2026-06-23 05:00:00+00:00,71.48,71.6,70.94,71.03,62167.572
2026-06-23 06:00:00+00:00,71.05,71.08,69.66,70.32,122989.33
2026-06-23 07:00:00+00:00,70.31,70.56,69.98,70.0,54159.895
2026-06-23 08:00:00+00:00,70.01,70.12,68.17,68.71,147503.351
2026-06-23 09:00:00+00:00,68.71,69.04,68.69,68.92,56561.264
2026-06-23 10:00:00+00:00,68.93,69.2,68.61,68.83,35569.435
2026-06-23 11:00:00+00:00,68.82,69.34,68.82,69.31,55803.64
2026-06-23 12:00:00+00:00,69.32,69.39,68.87,68.97,43932.8
2026-06-23 13:00:00+00:00,68.97,69.37,68.64,69.2,92151.371
2026-06-23 14:00:00+00:00,69.19,69.67,69.07,69.2,75432.259
2026-06-23 15:00:00+00:00,69.19,69.2,68.4,68.92,70240.036
2026-06-23 16:00:00+00:00,68.92,69.4,68.8,68.91,50882.687
2026-06-23 17:00:00+00:00,68.88,69.18,68.64,68.78,28393.94
2026-06-23 18:00:00+00:00,68.78,69.04,68.69,68.89,25389.552
2026-06-23 19:00:00+00:00,68.89,69.1,68.73,68.84,30779.608
2026-06-23 20:00:00+00:00,68.86,69.07,68.83,69.0,20029.7
2026-06-23 21:00:00+00:00,69.02,69.31,68.99,69.29,27842.117
2026-06-23 22:00:00+00:00,69.28,69.83,69.25,69.57,30576.895
2026-06-23 23:00:00+00:00,69.57,69.82,69.31,69.68,33015.957
2026-06-24 00:00:00+00:00,69.7,70.14,69.59,70.0,47368.066
2026-06-24 01:00:00+00:00,70.01,70.4,69.67,70.09,51632.602
2026-06-24 02:00:00+00:00,70.09,70.16,69.43,69.46,44410.225
2026-06-24 03:00:00+00:00,69.46,69.77,69.1,69.55,28454.138
2026-06-24 04:00:00+00:00,69.57,69.69,69.0,69.61,31847.1
2026-06-24 05:00:00+00:00,69.62,70.22,69.52,69.94,31655.778
2026-06-24 06:00:00+00:00,69.95,70.04,69.7,69.75,27665.638
2026-06-24 07:00:00+00:00,69.75,69.79,69.29,69.38,41386.679
2026-06-24 08:00:00+00:00,69.4,69.64,69.23,69.47,51324.136967
2026-06-24 09:00:00+00:00,69.47,69.55,69.2,69.31,58066.396
2026-06-24 10:00:00+00:00,69.3,69.35,68.96,69.06,32672.641
2026-06-24 11:00:00+00:00,69.05,70.44,68.78,69.82,72772.546
2026-06-24 12:00:00+00:00,69.82,69.91,69.42,69.46,41014.558
2026-06-24 13:00:00+00:00,69.46,69.5,68.38,68.87,161183.57
2026-06-24 14:00:00+00:00,68.87,69.43,68.6,68.87,95716.232
2026-06-24 15:00:00+00:00,68.87,68.88,67.25,67.33,130890.333
2026-06-24 16:00:00+00:00,67.3,68.02,66.29,66.54,221877.17
2026-06-24 17:00:00+00:00,66.54,66.92,64.72,64.99,265922.675
2026-06-24 18:00:00+00:00,64.99,66.49,64.83,66.04,132427.029
2026-06-24 19:00:00+00:00,66.05,66.37,65.54,66.13,125763.303
2026-06-24 20:00:00+00:00,66.13,68.01,65.99,67.69,154292.807
2026-06-24 21:00:00+00:00,67.7,68.12,67.22,68.1,72826.915
2026-06-24 22:00:00+00:00,68.08,68.54,67.7,67.84,47818.464
2026-06-24 23:00:00+00:00,67.83,68.2,67.76,68.11,23929.602
2026-06-25 00:00:00+00:00,68.12,68.32,67.55,67.71,28998.402
2026-06-25 01:00:00+00:00,67.71,68.01,67.41,67.89,34639.495
2026-06-25 02:00:00+00:00,67.88,67.94,67.62,67.73,17841.221
2026-06-25 03:00:00+00:00,67.73,67.87,67.48,67.7,28514.203
2026-06-25 04:00:00+00:00,67.71,68.52,67.49,68.47,33885.217
2026-06-25 05:00:00+00:00,68.47,69.3,68.36,69.03,112193.245
2026-06-25 06:00:00+00:00,69.05,69.66,69.01,69.48,45459.962
2026-06-25 07:00:00+00:00,69.49,69.59,69.24,69.45,45078.321
2026-06-25 08:00:00+00:00,69.44,69.46,68.99,69.03,42872.359
2026-06-25 09:00:00+00:00,69.07,69.19,68.81,68.81,24746.821
2026-06-25 10:00:00+00:00,68.83,68.88,68.13,68.31,55543.027
2026-06-25 11:00:00+00:00,68.3,68.43,68.0,68.17,58453.422
2026-06-25 12:00:00+00:00,68.18,68.97,67.79,68.29,98607.987
2026-06-25 13:00:00+00:00,68.3,68.45,64.04,64.24,180144.667
2026-06-25 14:00:00+00:00,64.24,67.15,64.24,66.36,268417.873
2026-06-25 15:00:00+00:00,66.37,66.39,65.24,66.32,155124.575
2026-06-25 16:00:00+00:00,66.34,67.04,65.66,65.97,101583.92
2026-06-25 17:00:00+00:00,65.98,67.36,65.83,67.13,102016.959
2026-06-25 18:00:00+00:00,67.09,67.15,65.92,66.17,94509.994
2026-06-25 19:00:00+00:00,66.2,66.21,65.67,66.2,69321.175
2026-06-25 20:00:00+00:00,66.2,66.8,66.08,66.27,64877.629
2026-06-25 21:00:00+00:00,66.28,67.3,66.28,67.29,48332.231
2026-06-25 22:00:00+00:00,67.28,67.34,66.96,67.15,38407.701
2026-06-25 23:00:00+00:00,67.15,68.81,67.01,67.7,116858.061
2026-06-26 00:00:00+00:00,67.73,68.09,67.63,67.75,51707.959
2026-06-26 01:00:00+00:00,67.73,67.91,67.15,67.31,63063.792
2026-06-26 02:00:00+00:00,67.32,67.36,65.93,66.22,87921.741
2026-06-26 03:00:00+00:00,66.22,68.49,65.92,68.22,151596.381
2026-06-26 04:00:00+00:00,68.22,68.38,67.97,68.07,71134.848
2026-06-26 05:00:00+00:00,68.09,68.47,67.98,68.36,83962.169
2026-06-26 06:00:00+00:00,68.35,70.02,68.0,70.0,143205.159
2026-06-26 07:00:00+00:00,69.99,70.99,69.93,70.79,179219.715
2026-06-26 08:00:00+00:00,70.78,70.88,69.73,69.94,110630.779
2026-06-26 09:00:00+00:00,69.93,69.95,68.83,69.02,88755.567
2026-06-26 10:00:00+00:00,69.05,69.25,68.65,68.77,59408.5
2026-06-26 11:00:00+00:00,68.78,69.1,68.4,68.61,47320.954
2026-06-26 12:00:00+00:00,68.64,69.73,68.37,68.87,91078.278
2026-06-26 13:00:00+00:00,68.88,70.95,68.18,70.69,124909.744
2026-06-26 14:00:00+00:00,70.7,71.97,70.25,70.47,184912.605
2026-06-26 15:00:00+00:00,70.47,72.24,70.32,72.08,162416.086
2026-06-26 16:00:00+00:00,72.08,73.54,72.02,72.49,164113.781
2026-06-26 17:00:00+00:00,72.48,72.88,72.19,72.57,94464.006
2026-06-26 18:00:00+00:00,72.59,73.1,72.39,72.6,60834.605
2026-06-26 19:00:00+00:00,72.6,73.92,72.48,73.01,98077.98
2026-06-26 20:00:00+00:00,73.0,73.68,72.07,72.15,117272.97
2026-06-26 21:00:00+00:00,72.18,72.4,71.81,71.99,61157.387
2026-06-26 22:00:00+00:00,71.98,72.09,71.44,71.82,55362.334
2026-06-26 23:00:00+00:00,71.82,72.02,71.68,71.89,33215.98
2026-06-27 00:00:00+00:00,71.9,72.51,71.57,71.83,57895.808
2026-06-27 01:00:00+00:00,71.82,71.82,71.37,71.46,21486.712
2026-06-27 02:00:00+00:00,71.43,72.25,71.39,72.11,40210.588
2026-06-27 03:00:00+00:00,72.11,72.41,71.83,72.27,53006.444
2026-06-27 04:00:00+00:00,72.25,72.59,71.89,71.94,36020.873
2026-06-27 05:00:00+00:00,71.92,72.03,71.51,71.81,41503.473
2026-06-27 06:00:00+00:00,71.8,72.34,71.61,72.13,38048.635
2026-06-27 07:00:00+00:00,72.13,72.36,72.0,72.3,26775.775
2026-06-27 08:00:00+00:00,72.3,72.32,71.88,72.03,27667.517
2026-06-27 09:00:00+00:00,72.02,72.12,71.72,71.87,20995.786
2026-06-27 10:00:00+00:00,71.86,72.06,71.83,72.03,17811.684
2026-06-27 11:00:00+00:00,72.03,72.09,71.54,71.8,24177.811
2026-06-27 12:00:00+00:00,71.78,72.18,71.64,72.17,28149.55
2026-06-27 13:00:00+00:00,72.17,72.61,72.12,72.35,36641.609
2026-06-27 14:00:00+00:00,72.36,72.89,72.22,72.71,30610.975
2026-06-27 15:00:00+00:00,72.71,73.18,72.62,72.83,42431.52
2026-06-27 16:00:00+00:00,72.85,73.01,72.63,72.64,29840.919
2026-06-27 17:00:00+00:00,72.65,72.65,71.91,72.05,58182.17
2026-06-27 18:00:00+00:00,72.05,72.16,71.76,71.93,29548.937
2026-06-27 19:00:00+00:00,71.91,72.01,70.97,71.1,69931.152
2026-06-27 20:00:00+00:00,71.1,71.35,71.08,71.3,18397.25
2026-06-27 21:00:00+00:00,71.32,71.63,70.81,70.98,37154.024
2026-06-27 22:00:00+00:00,70.97,71.1,70.26,71.08,50529.949
2026-06-27 23:00:00+00:00,71.09,71.16,70.43,70.5,42343.636
2026-06-28 00:00:00+00:00,70.5,70.82,70.47,70.71,23872.624
2026-06-28 01:00:00+00:00,70.71,70.93,70.45,70.83,23634.347
2026-06-28 02:00:00+00:00,70.83,71.01,70.49,70.72,18999.48
2026-06-28 03:00:00+00:00,70.71,70.97,70.71,70.86,17771.185
2026-06-28 04:00:00+00:00,70.86,70.99,70.56,70.76,16042.494
2026-06-28 05:00:00+00:00,70.76,70.77,70.15,70.51,40378.872
2026-06-28 06:00:00+00:00,70.52,70.57,70.18,70.44,16427.79
2026-06-28 07:00:00+00:00,70.45,71.08,70.43,71.07,31180.424
2026-06-28 08:00:00+00:00,71.08,72.19,71.06,71.91,70305.875
2026-06-28 09:00:00+00:00,71.91,72.04,71.47,71.53,42496.829
2026-06-28 10:00:00+00:00,71.53,71.6,71.11,71.46,40386.538
2026-06-28 11:00:00+00:00,71.49,72.02,71.42,71.91,41813.799
2026-06-28 12:00:00+00:00,71.92,72.41,71.65,71.88,38162.953
2026-06-28 13:00:00+00:00,71.86,72.1,71.34,71.73,55145.429
2026-06-28 14:00:00+00:00,71.74,72.19,71.65,71.65,35265.693
2026-06-28 15:00:00+00:00,71.65,72.1,71.46,72.09,54103.683
2026-06-28 16:00:00+00:00,72.09,72.12,71.17,71.57,75349.937
2026-06-28 17:00:00+00:00,71.57,71.98,70.97,71.56,50997.669
2026-06-28 18:00:00+00:00,71.55,71.73,71.0,71.16,29136.083
2026-06-28 19:00:00+00:00,71.17,71.31,70.26,70.72,46504.773
2026-06-28 20:00:00+00:00,70.71,71.29,70.67,70.92,85345.747
2026-06-28 21:00:00+00:00,70.92,71.06,70.25,70.45,36862.333
2026-06-28 22:00:00+00:00,70.45,71.52,69.74,70.24,100589.192
2026-06-28 23:00:00+00:00,70.21,71.79,70.13,71.39,95738.884
2026-06-29 00:00:00+00:00,71.39,71.7,70.35,71.67,92441.738
2026-06-29 01:00:00+00:00,71.65,71.7,70.96,71.49,77396.48
2026-06-29 02:00:00+00:00,71.51,72.22,70.52,72.18,79633.256
2026-06-29 03:00:00+00:00,72.2,73.32,72.18,72.68,111341.566
2026-06-29 04:00:00+00:00,72.66,72.68,71.63,71.67,51648.014
2026-06-29 05:00:00+00:00,71.74,72.34,71.02,72.31,63356.008
2026-06-29 06:00:00+00:00,72.32,73.1,72.22,72.39,80966.884
2026-06-29 07:00:00+00:00,72.4,72.92,72.08,72.72,47349.022
2026-06-29 08:00:00+00:00,72.71,73.02,72.39,72.74,71530.244
2026-06-29 09:00:00+00:00,72.71,73.14,72.61,72.94,67391.655
2026-06-29 10:00:00+00:00,72.96,73.67,72.96,73.24,63007.5
2026-06-29 11:00:00+00:00,73.24,73.27,72.24,72.53,90346.805
2026-06-29 12:00:00+00:00,72.54,74.55,72.14,73.5,216347.931
2026-06-29 13:00:00+00:00,73.52,74.34,72.78,73.74,223507.643
2026-06-29 14:00:00+00:00,73.74,73.99,72.33,73.72,182826.561
2026-06-29 15:00:00+00:00,73.74,74.41,72.79,73.9,151785.509
2026-06-29 16:00:00+00:00,73.91,74.15,72.89,74.02,103663.382
2026-06-29 17:00:00+00:00,74.02,76.48,74.0,75.29,223855.369
2026-06-29 18:00:00+00:00,75.29,75.82,75.15,75.59,67164.234
2026-06-29 19:00:00+00:00,75.6,76.21,75.42,75.99,79362.129
2026-06-29 20:00:00+00:00,75.99,76.0,75.28,75.38,45882.106
2026-06-29 21:00:00+00:00,75.39,75.8,75.24,75.53,44518.503
2026-06-29 22:00:00+00:00,75.53,75.66,75.05,75.29,31777.4
2026-06-29 23:00:00+00:00,75.28,75.43,74.87,75.16,49237.529
2026-06-30 00:00:00+00:00,75.13,75.24,74.19,74.42,71097.517
2026-06-30 01:00:00+00:00,74.43,74.66,74.06,74.41,60203.884
2026-06-30 02:00:00+00:00,74.42,74.83,74.04,74.59,24825.011
2026-06-30 03:00:00+00:00,74.6,74.89,74.13,74.18,29735.694
2026-06-30 04:00:00+00:00,74.19,74.25,73.68,74.03,50572.305
2026-06-30 05:00:00+00:00,74.03,74.24,73.85,74.24,29346.655
2026-06-30 06:00:00+00:00,74.24,74.29,73.9,74.17,42110.871
2026-06-30 07:00:00+00:00,74.18,74.27,73.87,74.17,53096.634
2026-06-30 08:00:00+00:00,74.17,74.24,73.3,73.64,117544.108
2026-06-30 09:00:00+00:00,73.63,73.89,73.56,73.8,54569.044
2026-06-30 10:00:00+00:00,73.81,73.91,73.49,73.69,27462.773
2026-06-30 11:00:00+00:00,73.69,73.78,73.35,73.41,42304.302
2026-06-30 12:00:00+00:00,73.41,73.43,72.07,72.11,70635.496
2026-06-30 13:00:00+00:00,72.11,72.93,71.92,72.88,148381.755
2026-06-30 14:00:00+00:00,72.88,73.9,72.74,72.95,92182.772
2026-06-30 15:00:00+00:00,72.96,74.1,72.6,73.14,129933.432
2026-06-30 16:00:00+00:00,73.16,73.74,72.73,73.51,70491.632
2026-06-30 17:00:00+00:00,73.53,73.91,73.16,73.17,56500.426
2026-06-30 18:00:00+00:00,73.18,73.77,72.96,73.59,38679.423
2026-06-30 19:00:00+00:00,73.58,73.96,73.35,73.74,39220.771
2026-06-30 20:00:00+00:00,73.74,73.93,73.53,73.69,46411.684
2026-06-30 21:00:00+00:00,73.68,73.79,73.19,73.5,33111.311
2026-06-30 22:00:00+00:00,73.51,73.74,73.28,73.43,21369.841
2026-06-30 23:00:00+00:00,73.46,73.7,73.32,73.67,15987.156
2026-07-01 00:00:00+00:00,73.67,73.87,73.36,73.63,27142.764
2026-07-01 01:00:00+00:00,73.64,74.35,72.26,73.94,102226.303
2026-07-01 02:00:00+00:00,73.98,75.03,73.79,74.78,65271.44
2026-07-01 03:00:00+00:00,74.79,75.68,74.35,75.48,86611.526
2026-07-01 04:00:00+00:00,75.49,75.86,75.26,75.56,81921.989
2026-07-01 05:00:00+00:00,75.57,75.78,75.16,75.25,41787.192
2026-07-01 06:00:00+00:00,75.25,75.27,73.96,74.29,69289.906
2026-07-01 07:00:00+00:00,74.32,74.94,74.1,74.88,63408.9
2026-07-01 08:00:00+00:00,74.87,75.5,74.46,75.43,57002.332
2026-07-01 09:00:00+00:00,75.43,75.58,75.08,75.46,78988.806
2026-07-01 10:00:00+00:00,75.45,75.56,74.98,74.98,49231.84
2026-07-01 11:00:00+00:00,74.99,75.32,74.65,74.84,55185.876
2026-07-01 12:00:00+00:00,74.84,74.96,74.27,74.61,58148.953
2026-07-01 13:00:00+00:00,74.61,76.13,74.61,76.04,129126.23
2026-07-01 14:00:00+00:00,76.03,77.26,75.65,76.97,116364.257
2026-07-01 15:00:00+00:00,76.96,77.8,76.84,77.44,104289.378
2026-07-01 16:00:00+00:00,77.44,78.22,76.91,77.14,97769.047
2026-07-01 17:00:00+00:00,77.18,77.95,76.87,77.76,75447.357
2026-07-01 18:00:00+00:00,77.77,77.91,77.3,77.44,50761.536
2026-07-01 19:00:00+00:00,77.41,77.7,76.83,77.01,48774.38
2026-07-01 20:00:00+00:00,77.01,77.52,76.61,77.42,55734.325
2026-07-01 21:00:00+00:00,77.42,78.71,77.42,78.42,77446.262
2026-07-01 22:00:00+00:00,78.4,78.95,77.78,77.89,77835.417
2026-07-01 23:00:00+00:00,77.85,77.88,77.26,77.46,66930.7
2026-07-02 00:00:00+00:00,77.47,77.47,76.9,77.27,49743.968
2026-07-02 01:00:00+00:00,77.27,78.71,77.22,78.19,58681.408
2026-07-02 02:00:00+00:00,78.19,78.61,77.81,78.43,38088.05
2026-07-02 03:00:00+00:00,78.46,78.97,77.95,78.72,88317.974
2026-07-02 04:00:00+00:00,78.71,78.73,78.07,78.28,45933.448
2026-07-02 05:00:00+00:00,78.26,78.35,77.8,78.11,31597.673
2026-07-02 06:00:00+00:00,78.11,78.64,77.76,77.91,40448.894
2026-07-02 07:00:00+00:00,77.91,78.2,77.61,78.0,41202.145
2026-07-02 08:00:00+00:00,77.99,78.5,77.95,78.48,37719.889
2026-07-02 09:00:00+00:00,78.48,79.79,78.3,79.48,108314.388
2026-07-02 10:00:00+00:00,79.47,82.17,79.43,82.07,209072.792
2026-07-02 11:00:00+00:00,82.08,82.76,81.51,82.42,196806.193
2026-07-02 12:00:00+00:00,82.36,82.45,81.12,81.41,183598.05
2026-07-02 13:00:00+00:00,81.41,81.99,80.74,81.52,129455.946
2026-07-02 14:00:00+00:00,81.54,81.54,80.12,80.53,96145.205
2026-07-02 15:00:00+00:00,80.52,80.91,80.09,80.86,69791.362
2026-07-02 16:00:00+00:00,80.89,81.11,80.16,80.56,71036.203
2026-07-02 17:00:00+00:00,80.55,81.25,80.51,80.64,76350.056
2026-07-02 18:00:00+00:00,80.64,81.25,80.64,81.02,33714.617
2026-07-02 19:00:00+00:00,81.03,81.33,80.81,80.84,42649.62
2026-07-02 20:00:00+00:00,80.84,81.1,80.6,81.02,26827.556
2026-07-02 21:00:00+00:00,81.03,81.16,80.51,80.78,23297.093
2026-07-02 22:00:00+00:00,80.78,80.89,80.43,80.66,31197.318
2026-07-02 23:00:00+00:00,80.65,80.77,80.5,80.72,20323.275
2026-07-03 00:00:00+00:00,80.72,80.92,80.52,80.75,35397.652
2026-07-03 01:00:00+00:00,80.73,81.69,80.69,81.48,44915.89
2026-07-03 02:00:00+00:00,81.49,81.68,80.68,80.8,33330.518
2026-07-03 03:00:00+00:00,80.79,80.98,80.34,80.72,29512.258
2026-07-03 04:00:00+00:00,80.72,80.82,80.47,80.52,16130.334
2026-07-03 05:00:00+00:00,80.51,81.26,80.47,81.14,24402.385
2026-07-03 06:00:00+00:00,81.14,81.38,80.75,80.96,25477.345
2026-07-03 07:00:00+00:00,80.97,81.51,80.84,81.23,25352.385
2026-07-03 08:00:00+00:00,81.22,81.54,80.84,80.93,35511.714
2026-07-03 09:00:00+00:00,80.91,81.3,80.68,81.02,34364.719
2026-07-03 10:00:00+00:00,81.02,81.88,80.87,81.56,55649.272
2026-07-03 11:00:00+00:00,81.56,81.7,81.25,81.56,53717.971
2026-07-03 12:00:00+00:00,81.57,81.78,81.23,81.53,25330.065
2026-07-03 13:00:00+00:00,81.56,81.84,81.43,81.6,36489.335
2026-07-03 14:00:00+00:00,81.6,81.81,80.93,81.7,41654.725
2026-07-03 15:00:00+00:00,81.7,82.06,81.15,81.23,46292.76
2026-07-03 16:00:00+00:00,81.23,81.57,81.07,81.53,22389.039
2026-07-03 17:00:00+00:00,81.51,81.98,81.47,81.78,29802.969
2026-07-03 18:00:00+00:00,81.8,82.38,81.63,82.12,22198.012
2026-07-03 19:00:00+00:00,82.13,83.24,82.08,82.48,94421.845
2026-07-03 20:00:00+00:00,82.46,83.0,82.24,82.71,54177.021
2026-07-03 21:00:00+00:00,82.75,83.04,82.18,82.65,41365.388
2026-07-03 22:00:00+00:00,82.66,82.68,82.25,82.34,21991.779
2026-07-03 23:00:00+00:00,82.35,82.5,82.17,82.34,17656.201
2026-07-04 00:00:00+00:00,82.34,82.74,82.26,82.41,29489.191
2026-07-04 01:00:00+00:00,82.4,82.4,81.81,81.94,32691.263
2026-07-04 02:00:00+00:00,81.95,82.41,81.9,82.19,14560.041
2026-07-04 03:00:00+00:00,82.19,82.86,82.05,82.73,50784.047
2026-07-04 04:00:00+00:00,82.72,84.02,82.67,83.48,74093.531
2026-07-04 05:00:00+00:00,83.46,83.49,82.9,83.38,56746.976
2026-07-04 06:00:00+00:00,83.39,83.59,82.5,82.55,50011.978
2026-07-04 07:00:00+00:00,82.56,82.84,82.27,82.72,27678.376
2026-07-04 08:00:00+00:00,82.72,82.79,82.25,82.32,25379.228
2026-07-04 09:00:00+00:00,82.32,82.34,81.62,81.74,51260.844
2026-07-04 10:00:00+00:00,81.74,81.95,81.43,81.65,34659.601
2026-07-04 11:00:00+00:00,81.65,81.93,81.54,81.82,28604.574
2026-07-04 12:00:00+00:00,81.82,81.99,81.38,81.59,26064.739
2026-07-04 13:00:00+00:00,81.6,81.91,81.39,81.66,24547.405
2026-07-04 14:00:00+00:00,81.65,81.86,81.55,81.81,17255.819
2026-07-04 15:00:00+00:00,81.82,82.42,81.73,82.23,67522.46
2026-07-04 16:00:00+00:00,82.24,82.38,81.99,82.21,31350.694
2026-07-04 17:00:00+00:00,82.21,82.84,81.9,82.52,48788.819
2026-07-04 18:00:00+00:00,82.53,82.62,82.11,82.27,32172.5
2026-07-04 19:00:00+00:00,82.27,82.36,81.71,81.88,35975.247
2026-07-04 20:00:00+00:00,81.87,82.16,81.56,81.98,19553.12
2026-07-04 21:00:00+00:00,81.99,82.23,81.84,82.01,10974.506
2026-07-04 22:00:00+00:00,81.98,82.04,81.79,81.93,10310.53
2026-07-04 23:00:00+00:00,81.94,81.94,81.45,81.81,23774.134
2026-07-05 00:00:00+00:00,81.8,81.83,81.13,81.3,48126.93
2026-07-05 01:00:00+00:00,81.31,81.46,80.55,80.84,63070.887
2026-07-05 02:00:00+00:00,80.83,80.88,80.19,80.37,41069.459
2026-07-05 03:00:00+00:00,80.38,80.61,80.36,80.56,17771.899
2026-07-05 04:00:00+00:00,80.55,80.87,80.4,80.6,26949.894
2026-07-05 05:00:00+00:00,80.57,80.58,80.25,80.47,16096.367
2026-07-05 06:00:00+00:00,80.48,80.65,80.34,80.6,11097.847
2026-07-05 07:00:00+00:00,80.6,80.77,80.37,80.71,20857.435
2026-07-05 08:00:00+00:00,80.71,80.87,80.45,80.48,27756.49
2026-07-05 09:00:00+00:00,80.49,80.55,79.67,79.89,45827.996
2026-07-05 10:00:00+00:00,79.89,80.45,79.75,80.44,23925.084
2026-07-05 11:00:00+00:00,80.44,80.65,80.36,80.56,25108.557
2026-07-05 12:00:00+00:00,80.57,81.28,80.36,80.77,49754.026
2026-07-05 13:00:00+00:00,80.75,81.24,80.7,81.23,30516.716
2026-07-05 14:00:00+00:00,81.24,81.6,81.04,81.45,35961.342
2026-07-05 15:00:00+00:00,81.46,81.75,81.13,81.35,31885.447
2026-07-05 16:00:00+00:00,81.37,81.52,80.91,81.1,34003.751
2026-07-05 17:00:00+00:00,81.09,81.37,81.01,81.15,22710.735
2026-07-05 18:00:00+00:00,81.15,81.26,80.99,81.0,10989.835
2026-07-05 19:00:00+00:00,80.99,81.13,80.82,81.03,21970.596
2026-07-05 20:00:00+00:00,81.04,81.18,80.96,81.09,8457.82
2026-07-05 21:00:00+00:00,81.1,82.22,80.78,81.78,42662.916
2026-07-05 22:00:00+00:00,81.8,82.42,81.64,81.83,75703.002
2026-07-05 23:00:00+00:00,81.82,82.08,81.45,81.6,38520.232
2026-07-06 00:00:00+00:00,81.58,82.25,81.12,82.19,48527.367
2026-07-06 01:00:00+00:00,82.19,82.34,81.49,81.55,44702.481
2026-07-06 02:00:00+00:00,81.54,81.7,80.82,81.01,45572.661
2026-07-06 03:00:00+00:00,81.0,81.05,80.45,80.79,40006.479
2026-07-06 04:00:00+00:00,80.79,81.01,80.71,80.83,25814.674
2026-07-06 05:00:00+00:00,80.81,80.82,80.17,80.41,32735.977
2026-07-06 06:00:00+00:00,80.42,80.53,80.26,80.37,16463.957
2026-07-06 07:00:00+00:00,80.35,81.03,80.28,80.82,32969.235
2026-07-06 08:00:00+00:00,80.84,81.08,80.31,80.49,23437.62
2026-07-06 09:00:00+00:00,80.5,80.5,80.06,80.08,21877.834
2026-07-06 10:00:00+00:00,80.05,80.71,80.05,80.67,28870.873
2026-07-06 11:00:00+00:00,80.68,81.0,80.38,80.38,23570.53
2026-07-06 12:00:00+00:00,80.38,80.65,79.31,79.47,156888.923
2026-07-06 13:00:00+00:00,79.46,80.92,79.23,80.17,120482.278
2026-07-06 14:00:00+00:00,80.17,80.78,79.86,80.29,82334.966
2026-07-06 15:00:00+00:00,80.31,81.54,80.29,81.48,97873.675
2026-07-06 16:00:00+00:00,81.49,82.4,81.28,82.1,98320.335
2026-07-06 17:00:00+00:00,82.1,82.17,81.47,81.64,52684.086
2026-07-06 18:00:00+00:00,81.66,82.3,81.31,81.99,55326.966
2026-07-06 19:00:00+00:00,82.0,82.17,81.81,82.07,36565.232
2026-07-06 20:00:00+00:00,82.07,82.24,81.68,82.09,21286.803
2026-07-06 21:00:00+00:00,82.1,83.76,82.06,82.82,139644.96
2026-07-06 22:00:00+00:00,82.83,82.88,82.25,82.32,25430.763
2026-07-06 23:00:00+00:00,82.33,82.42,81.91,81.95,18108.392
2026-07-07 00:00:00+00:00,81.95,82.49,81.83,82.37,47965.951
2026-07-07 01:00:00+00:00,82.36,82.36,81.82,81.91,32083.749
2026-07-07 02:00:00+00:00,81.91,81.98,81.3,81.36,29080.174
2026-07-07 03:00:00+00:00,81.36,81.48,80.97,81.07,26300.379
2026-07-07 04:00:00+00:00,81.06,81.1,80.65,80.91,23686.285
2026-07-07 05:00:00+00:00,80.92,81.23,80.47,81.1,30714.877
2026-07-07 06:00:00+00:00,81.1,81.64,80.81,81.54,27359.989
2026-07-07 07:00:00+00:00,81.55,81.75,81.35,81.51,28237.83
2026-07-07 08:00:00+00:00,81.51,81.59,81.2,81.27,43070.554
2026-07-07 09:00:00+00:00,81.27,81.49,81.15,81.31,41649.527
2026-07-07 10:00:00+00:00,81.32,81.58,80.93,81.0,34820.068
2026-07-07 11:00:00+00:00,81.0,81.39,80.75,81.33,28987.158
2026-07-07 12:00:00+00:00,81.33,81.99,81.3,81.45,37898.381
2026-07-07 13:00:00+00:00,81.45,81.62,80.67,80.84,60539.653
2026-07-07 14:00:00+00:00,80.86,81.9,80.51,81.81,80406.95
2026-07-07 15:00:00+00:00,81.81,82.36,81.5,82.11,75957.762
2026-07-07 16:00:00+00:00,82.11,82.57,81.82,82.21,40180.569
2026-07-07 17:00:00+00:00,82.19,82.79,82.08,82.72,44394.421
2026-07-07 18:00:00+00:00,82.71,82.72,81.25,81.3,34859.851
2026-07-07 19:00:00+00:00,81.29,81.56,80.77,81.37,65177.232
2026-07-07 20:00:00+00:00,81.37,81.48,81.01,81.18,24918.851
2026-07-07 21:00:00+00:00,81.17,81.42,80.56,80.82,38609.736
2026-07-07 22:00:00+00:00,80.82,81.1,80.33,80.88,39822.694
2026-07-07 23:00:00+00:00,80.86,81.15,80.52,80.57,22977.424
2026-07-08 00:00:00+00:00,80.57,80.77,80.35,80.37,57295.278
2026-07-08 01:00:00+00:00,80.39,80.42,78.84,79.09,91062.117
2026-07-08 02:00:00+00:00,79.08,79.18,78.19,79.06,80118.966
2026-07-08 03:00:00+00:00,79.08,79.34,78.61,78.72,33952.333
2026-07-08 04:00:00+00:00,78.74,78.94,78.4,78.65,26029.28
2026-07-08 05:00:00+00:00,78.66,78.82,78.36,78.43,34456.146
2026-07-08 06:00:00+00:00,78.43,78.45,77.95,78.22,47610.322
2026-07-08 07:00:00+00:00,78.23,78.33,77.81,78.3,63012.309
2026-07-08 08:00:00+00:00,78.29,78.42,76.91,77.26,102333.449
2026-07-08 09:00:00+00:00,77.27,77.48,77.01,77.18,47499.172
2026-07-08 10:00:00+00:00,77.2,77.49,76.95,77.34,28806.205
2026-07-08 11:00:00+00:00,77.33,77.72,77.08,77.55,47877.23
2026-07-08 12:00:00+00:00,77.55,77.65,77.0,77.03,28264.656
2026-07-08 13:00:00+00:00,77.04,77.47,76.64,77.32,89077.056
2026-07-08 14:00:00+00:00,77.29,77.43,76.71,77.1,67733.165
2026-07-08 15:00:00+00:00,77.12,77.14,76.29,76.74,57900.387
2026-07-08 16:00:00+00:00,76.75,77.35,76.75,77.28,37243.23
2026-07-08 17:00:00+00:00,77.28,77.67,77.05,77.13,32448.923
2026-07-08 18:00:00+00:00,77.13,77.37,76.81,77.15,21264.936
2026-07-08 19:00:00+00:00,77.14,77.5,76.95,77.43,21437.432
2026-07-08 20:00:00+00:00,77.44,77.56,77.05,77.18,22357.565
2026-07-08 21:00:00+00:00,77.18,77.34,76.93,77.24,24730.634
2026-07-08 22:00:00+00:00,77.26,77.58,77.18,77.54,24947.794
2026-07-08 23:00:00+00:00,77.54,77.94,77.44,77.83,23156.127
2026-07-09 00:00:00+00:00,77.85,77.89,77.52,77.73,26425.397
2026-07-09 01:00:00+00:00,77.72,78.77,77.27,77.34,68942.443
2026-07-09 02:00:00+00:00,77.36,77.83,76.98,77.07,35071.593
2026-07-09 03:00:00+00:00,77.08,77.4,76.71,77.38,32595.618
2026-07-09 04:00:00+00:00,77.39,78.02,77.23,78.0,26553.116
2026-07-09 05:00:00+00:00,77.98,78.4,77.74,78.39,38289.25
2026-07-09 06:00:00+00:00,78.4,78.62,78.11,78.49,34368.986
2026-07-09 07:00:00+00:00,78.48,78.82,78.14,78.21,49560.04
2026-07-09 08:00:00+00:00,78.22,78.41,77.95,78.1,26378.557
2026-07-09 09:00:00+00:00,78.1,78.18,77.86,78.14,29910.052
2026-07-09 10:00:00+00:00,78.15,78.23,77.54,77.7,34774.145
2026-07-09 11:00:00+00:00,77.71,77.79,77.34,77.62,40727.495
2026-07-09 12:00:00+00:00,77.63,78.21,77.45,77.65,111840.289
2026-07-09 13:00:00+00:00,77.66,78.49,77.37,78.22,59384.405
2026-07-09 14:00:00+00:00,78.26,78.36,77.58,77.89,41046.308
2026-07-09 15:00:00+00:00,77.9,78.19,77.52,77.63,32748.673
2026-07-09 16:00:00+00:00,77.63,77.8,77.26,77.68,24139.377
2026-07-09 17:00:00+00:00,77.69,78.17,77.64,78.06,25413.497
2026-07-09 18:00:00+00:00,78.07,78.43,78.0,78.18,25897.342
2026-07-09 19:00:00+00:00,78.19,78.3,77.9,78.16,20455.752
2026-07-09 20:00:00+00:00,78.18,78.31,77.99,78.16,11329.761
2026-07-09 21:00:00+00:00,78.16,78.29,77.91,78.05,12352.937
2026-07-09 22:00:00+00:00,78.05,78.28,78.0,78.1,11328.6
2026-07-09 23:00:00+00:00,78.1,78.21,77.77,78.03,11341.914
2026-07-10 00:00:00+00:00,78.04,78.15,77.8,78.12,27204.146
2026-07-10 01:00:00+00:00,78.13,79.45,77.94,79.07,61376.441
2026-07-10 02:00:00+00:00,79.09,79.15,78.84,79.05,39730.571
2026-07-10 03:00:00+00:00,79.05,79.13,78.73,79.04,34515.469
2026-07-10 04:00:00+00:00,79.05,79.1,78.84,78.97,18503.436
2026-07-10 05:00:00+00:00,78.97,79.35,78.87,79.18,31277.235
2026-07-10 06:00:00+00:00,79.19,79.23,78.88,78.9,12237.425
2026-07-10 07:00:00+00:00,78.93,79.08,78.75,78.87,13723.185
2026-07-10 08:00:00+00:00,78.87,79.42,78.81,79.21,25000.657
2026-07-10 09:00:00+00:00,79.2,79.38,78.96,79.23,41753.925
2026-07-10 10:00:00+00:00,79.22,79.67,79.14,79.39,33896.231
2026-07-10 11:00:00+00:00,79.39,79.52,79.18,79.36,27400.863
2026-07-10 12:00:00+00:00,79.37,79.55,78.91,78.92,38791.359
2026-07-10 13:00:00+00:00,78.93,79.33,78.77,78.98,31410.747
2026-07-10 14:00:00+00:00,78.97,78.98,77.08,77.9,171447.708
2026-07-10 15:00:00+00:00,77.9,78.35,77.78,78.13,60493.194
2026-07-10 16:00:00+00:00,78.15,78.26,77.66,78.14,26286.77
2026-07-10 17:00:00+00:00,78.12,78.18,77.57,77.59,33403.743
2026-07-10 18:00:00+00:00,77.58,77.9,77.32,77.52,25275.094
2026-07-10 19:00:00+00:00,77.5,78.05,77.46,77.89,22194.755
2026-07-10 20:00:00+00:00,77.9,78.0,77.71,77.75,16169.796
2026-07-10 21:00:00+00:00,77.74,78.11,77.72,77.98,13300.575
2026-07-10 22:00:00+00:00,77.99,78.25,77.95,78.16,15831.39
2026-07-10 23:00:00+00:00,78.17,78.18,77.94,78.13,14017.362
2026-07-11 00:00:00+00:00,78.13,78.15,77.79,77.84,12792.32
2026-07-11 01:00:00+00:00,77.85,78.07,77.46,77.55,31825.373
2026-07-11 02:00:00+00:00,77.55,77.83,77.5,77.77,14291.86
2026-07-11 03:00:00+00:00,77.78,77.87,77.61,77.79,12721.293
2026-07-11 04:00:00+00:00,77.78,77.85,77.64,77.73,7876.725
2026-07-11 05:00:00+00:00,77.74,77.98,77.6,77.9,9205.411
2026-07-11 06:00:00+00:00,77.9,78.12,77.78,78.05,13153.9
2026-07-11 07:00:00+00:00,78.06,78.11,77.94,77.99,14993.571
2026-07-11 08:00:00+00:00,77.98,78.17,77.95,78.16,11829.461
2026-07-11 09:00:00+00:00,78.16,78.33,77.83,77.84,24362.45
2026-07-11 10:00:00+00:00,77.83,78.11,77.76,78.05,18806.091
2026-07-11 11:00:00+00:00,78.05,78.15,77.98,78.11,13579.876
2026-07-11 12:00:00+00:00,78.11,78.21,77.95,78.1,11531.497
2026-07-11 13:00:00+00:00,78.1,78.44,78.04,78.18,11744.608
2026-07-11 14:00:00+00:00,78.19,78.72,78.16,78.48,19856.439
2026-07-11 15:00:00+00:00,78.49,78.86,77.87,78.38,52020.338
2026-07-11 16:00:00+00:00,78.38,78.41,77.67,77.93,69861.272
2026-07-11 17:00:00+00:00,77.93,78.19,77.82,78.09,18181.563
2026-07-11 18:00:00+00:00,78.08,78.31,78.0,78.07,15218.624
2026-07-11 19:00:00+00:00,78.07,78.15,77.88,78.14,14332.514
2026-07-11 20:00:00+00:00,78.15,78.28,78.11,78.16,6567.872
2026-07-11 21:00:00+00:00,78.17,78.32,78.15,78.22,11243.557
2026-07-11 22:00:00+00:00,78.23,78.27,77.75,77.9,16917.772
2026-07-11 23:00:00+00:00,77.9,77.94,76.78,76.78,58322.546
2026-07-12 00:00:00+00:00,76.77,76.87,75.65,76.1,89039.334
2026-07-12 01:00:00+00:00,76.08,76.88,76.05,76.83,39262.825
2026-07-12 02:00:00+00:00,76.84,76.91,76.64,76.85,15679.979
2026-07-12 03:00:00+00:00,76.85,77.09,76.74,77.04,28161.126
2026-07-12 04:00:00+00:00,77.04,77.07,76.61,76.71,14200.26
2026-07-12 05:00:00+00:00,76.72,76.82,76.39,76.43,14496.755
2026-07-12 06:00:00+00:00,76.43,76.43,75.86,76.36,35046.119
2026-07-12 07:00:00+00:00,76.36,76.7,76.3,76.51,22682.411
2026-07-12 08:00:00+00:00,76.51,76.82,76.47,76.71,16423.844
2026-07-12 09:00:00+00:00,76.71,76.91,76.39,76.76,16511.926
2026-07-12 10:00:00+00:00,76.75,76.84,76.65,76.72,9490.965
2026-07-12 11:00:00+00:00,76.71,77.27,76.53,76.94,14438.647
2026-07-12 12:00:00+00:00,76.94,77.24,76.79,77.18,21086.076
2026-07-12 13:00:00+00:00,77.19,77.48,77.12,77.16,28320.408
2026-07-12 14:00:00+00:00,77.16,77.7,76.97,77.55,25066.414
2026-07-12 15:00:00+00:00,77.55,77.61,77.28,77.48,28278.449
2026-07-12 16:00:00+00:00,77.49,77.67,77.38,77.53,19065.526
2026-07-12 17:00:00+00:00,77.54,77.62,77.25,77.35,8883.206
2026-07-12 18:00:00+00:00,77.36,77.64,77.25,77.57,12954.143
2026-07-12 19:00:00+00:00,77.57,77.76,77.43,77.68,8309.488
2026-07-12 20:00:00+00:00,77.68,77.71,77.44,77.44,5519.163
2026-07-12 21:00:00+00:00,77.47,77.71,76.99,77.11,21480.244
2026-07-12 22:00:00+00:00,77.09,77.09,76.48,76.76,32137.276
2026-07-12 23:00:00+00:00,76.77,76.96,76.65,76.9,15489.004
2026-07-13 00:00:00+00:00,76.91,78.22,76.82,77.52,69075.304
2026-07-13 01:00:00+00:00,77.48,77.65,76.28,76.32,52109.189
2026-07-13 02:00:00+00:00,76.31,76.67,76.14,76.48,37540.75
2026-07-13 03:00:00+00:00,76.48,76.49,75.45,75.86,60722.52
2026-07-13 04:00:00+00:00,75.86,76.14,75.71,75.92,24185.013
2026-07-13 05:00:00+00:00,75.93,76.46,75.76,76.4,56878.868
2026-07-13 06:00:00+00:00,76.4,76.59,76.28,76.34,29604.566
2026-07-13 07:00:00+00:00,76.34,76.69,76.24,76.46,24857.833
2026-07-13 08:00:00+00:00,76.46,76.89,76.37,76.75,19443.491
2026-07-13 09:00:00+00:00,76.75,76.75,76.61,76.63,12402.918
2026-07-13 10:00:00+00:00,76.63,76.64,76.11,76.28,22578.757
2026-07-13 11:00:00+00:00,76.33,76.59,76.31,76.34,34727.125
2026-07-13 12:00:00+00:00,76.35,76.4,75.75,75.85,45058.278
2026-07-13 13:00:00+00:00,75.86,75.94,75.12,75.4,70772.509
2026-07-13 14:00:00+00:00,75.4,76.17,75.32,76.15,70659.471
2026-07-13 15:00:00+00:00,76.15,76.31,75.74,75.82,34366.122
2026-07-13 16:00:00+00:00,75.8,76.03,75.19,75.3,30413.07
2026-07-13 17:00:00+00:00,75.29,75.46,74.54,74.59,61719.869
2026-07-13 18:00:00+00:00,74.58,75.04,74.58,74.85,40146.931
2026-07-13 19:00:00+00:00,74.86,75.22,74.75,75.19,24603.149
2026-07-13 20:00:00+00:00,75.19,75.33,74.6,74.79,24406.937
2026-07-13 21:00:00+00:00,74.79,74.8,74.12,74.4,40774.404
2026-07-13 22:00:00+00:00,74.41,74.73,74.41,74.52,16192.361
2026-07-13 23:00:00+00:00,74.52,75.0,74.41,75.0,21378.132
2026-07-14 00:00:00+00:00,75.0,75.47,74.83,75.44,28614.878
2026-07-14 01:00:00+00:00,75.45,75.54,75.21,75.3,22763.427
2026-07-14 02:00:00+00:00,75.3,75.32,74.87,75.08,14317.88
2026-07-14 03:00:00+00:00,75.07,75.16,74.56,75.15,19326.538
2026-07-14 04:00:00+00:00,75.15,75.34,75.03,75.15,16838.772
2026-07-14 05:00:00+00:00,75.15,75.48,75.1,75.4,18213.389
2026-07-14 06:00:00+00:00,75.39,75.43,75.1,75.16,13867.303
2026-07-14 07:00:00+00:00,75.15,75.26,74.9,74.96,16399.723
2026-07-14 08:00:00+00:00,74.97,75.39,74.87,75.16,14187.131
2026-07-14 09:00:00+00:00,75.17,75.3,74.87,75.08,15951.77
2026-07-14 10:00:00+00:00,75.08,75.59,74.97,75.47,17739.157
2026-07-14 11:00:00+00:00,75.47,75.6,75.34,75.39,23402.719
2026-07-14 12:00:00+00:00,75.4,76.98,75.18,76.85,131547.333
2026-07-14 13:00:00+00:00,76.88,77.73,76.51,76.94,119191.419
2026-07-14 14:00:00+00:00,76.94,77.48,76.67,77.36,71103.525
2026-07-14 15:00:00+00:00,77.36,77.93,77.19,77.37,97356.318
2026-07-14 16:00:00+00:00,77.39,77.64,77.11,77.29,49863.356
2026-07-14 17:00:00+00:00,77.29,77.29,76.76,77.18,44308.66
2026-07-14 18:00:00+00:00,77.18,77.33,77.0,77.28,22001.685
2026-07-14 19:00:00+00:00,77.29,77.53,77.11,77.17,26124.915
2026-07-14 20:00:00+00:00,77.18,77.22,76.93,77.16,20101.931
2026-07-14 21:00:00+00:00,77.16,77.4,77.12,77.23,19733.837
2026-07-14 22:00:00+00:00,77.22,77.97,77.13,77.64,37856.286
2026-07-14 23:00:00+00:00,77.64,77.92,77.55,77.86,21407.54
2026-07-15 00:00:00+00:00,77.88,77.91,77.47,77.66,21255.125
2026-07-15 01:00:00+00:00,77.67,77.82,77.29,77.43,33048.619
2026-07-15 02:00:00+00:00,77.44,77.59,77.04,77.29,33480.153
2026-07-15 03:00:00+00:00,77.3,77.89,77.22,77.78,17739.407
2026-07-15 04:00:00+00:00,77.78,78.18,77.55,78.0,24536.334
2026-07-15 05:00:00+00:00,78.01,78.31,77.66,78.25,34563.328
2026-07-15 06:00:00+00:00,78.26,78.69,77.93,77.93,64178.166
2026-07-15 07:00:00+00:00,77.95,78.0,77.4,77.42,36670.784
2026-07-15 08:00:00+00:00,77.42,77.63,77.24,77.58,28951.696
2026-07-15 09:00:00+00:00,77.57,77.91,77.43,77.48,30062.532
2026-07-15 10:00:00+00:00,77.48,77.72,77.23,77.37,23713.481
2026-07-15 11:00:00+00:00,77.34,77.53,77.34,77.51,14411.847
2026-07-15 12:00:00+00:00,77.53,78.3,77.27,78.27,61311.986
2026-07-15 13:00:00+00:00,78.29,79.02,77.72,78.1,123077.369
2026-07-15 14:00:00+00:00,78.1,78.38,77.77,78.23,72907.395
2026-07-15 15:00:00+00:00,78.23,78.25,77.76,78.07,59630.572
2026-07-15 16:00:00+00:00,78.08,78.12,77.07,77.63,49396.519
2026-07-15 17:00:00+00:00,77.65,78.05,77.49,77.83,37363.535
2026-07-15 18:00:00+00:00,77.81,78.09,77.52,77.58,22990.642
2026-07-15 19:00:00+00:00,77.6,77.7,76.93,77.18,47012.746
2026-07-15 20:00:00+00:00,77.18,77.54,77.08,77.38,21050.392
2026-07-15 21:00:00+00:00,77.37,77.52,77.24,77.44,12188.188
2026-07-15 22:00:00+00:00,77.44,77.73,77.3,77.49,16558.066
2026-07-15 23:00:00+00:00,77.5,77.62,77.21,77.27,18459.217
2026-07-16 00:00:00+00:00,77.26,77.48,76.7,76.94,33151.504
2026-07-16 01:00:00+00:00,76.94,77.15,76.7,77.1,29670.723
2026-07-16 02:00:00+00:00,77.11,77.15,76.87,77.12,12465.465
2026-07-16 03:00:00+00:00,77.13,77.27,76.81,76.95,16099.574
2026-07-16 04:00:00+00:00,76.95,77.02,76.6,76.81,20457.733
2026-07-16 05:00:00+00:00,76.83,77.52,76.75,77.49,39820.268
2026-07-16 06:00:00+00:00,77.49,77.63,77.11,77.35,25788.2
2026-07-16 07:00:00+00:00,77.34,77.35,76.21,76.44,56186.045
2026-07-16 08:00:00+00:00,76.42,76.49,75.65,76.16,68824.608
2026-07-16 09:00:00+00:00,76.15,76.27,75.99,76.04,21435.086
2026-07-16 10:00:00+00:00,76.03,76.36,76.0,76.2,16026.616
2026-07-16 11:00:00+00:00,76.2,76.28,76.02,76.28,22585.204
2026-07-16 12:00:00+00:00,76.27,76.28,75.7,75.92,39100.711
2026-07-16 13:00:00+00:00,75.92,76.62,75.91,76.36,43732.09
2026-07-16 14:00:00+00:00,76.35,76.79,76.19,76.5,32654.095
2026-07-16 15:00:00+00:00,76.5,76.86,76.01,76.62,45624.1
2026-07-16 16:00:00+00:00,76.63,76.64,76.12,76.27,22621.22
2026-07-16 17:00:00+00:00,76.27,76.28,75.4,75.61,37798.454
2026-07-16 18:00:00+00:00,75.62,75.93,75.42,75.74,41109.099
2026-07-16 19:00:00+00:00,75.73,75.94,75.62,75.81,16306.935
2026-07-16 20:00:00+00:00,75.78,75.9,75.7,75.8,14883.995
2026-07-16 21:00:00+00:00,75.79,76.07,75.77,75.94,11945.014
2026-07-16 22:00:00+00:00,75.95,76.04,75.25,75.32,21610.992
2026-07-16 23:00:00+00:00,75.31,75.42,75.02,75.33,45308.1
2026-07-17 00:00:00+00:00,75.33,75.56,74.94,75.56,24419.978
2026-07-17 01:00:00+00:00,75.57,75.75,74.99,75.1,26913.741
2026-07-17 02:00:00+00:00,75.09,75.27,74.74,75.0,38470.307
2026-07-17 03:00:00+00:00,75.0,75.45,74.98,75.22,16858.763
2026-07-17 04:00:00+00:00,75.2,75.33,74.75,75.24,17443.953
2026-07-17 05:00:00+00:00,75.2,75.21,74.29,74.39,41125.838
2026-07-17 06:00:00+00:00,74.4,74.75,74.31,74.58,26208.635
2026-07-17 07:00:00+00:00,74.6,74.76,74.41,74.62,17381.071
2026-07-17 08:00:00+00:00,74.62,74.69,74.2,74.51,23964.178
2026-07-17 09:00:00+00:00,74.52,74.81,74.47,74.66,19039.537
2026-07-17 10:00:00+00:00,74.67,74.88,74.63,74.8,13416.335
2026-07-17 11:00:00+00:00,74.8,75.01,74.65,74.86,14279.43
2026-07-17 12:00:00+00:00,74.86,74.88,74.38,74.4,13882.265
2026-07-17 13:00:00+00:00,74.4,74.4,73.39,74.31,98595.4
2026-07-17 14:00:00+00:00,74.33,74.81,74.1,74.32,68421.811
2026-07-17 15:00:00+00:00,74.29,74.78,73.81,74.78,47096.085
2026-07-17 16:00:00+00:00,74.78,75.12,74.61,74.95,36541.725
2026-07-17 17:00:00+00:00,74.98,75.6,74.96,75.24,35853.363
2026-07-17 18:00:00+00:00,75.25,75.41,74.98,75.33,20455.31
2026-07-17 19:00:00+00:00,75.32,75.38,74.86,75.19,19888.433
2026-07-17 20:00:00+00:00,75.2,75.2,74.88,75.1,15873.149
2026-07-17 21:00:00+00:00,75.11,75.24,74.96,75.02,12753.112
2026-07-17 22:00:00+00:00,75.02,75.12,74.84,75.04,9385.746
2026-07-17 23:00:00+00:00,75.04,75.14,74.85,75.03,6972.572
2026-07-18 00:00:00+00:00,75.04,75.27,74.99,75.1,5595.067
2026-07-18 01:00:00+00:00,75.1,75.24,75.05,75.23,6420.235
2026-07-18 02:00:00+00:00,75.24,75.45,75.15,75.21,8476.314
2026-07-18 03:00:00+00:00,75.22,75.39,75.15,75.38,6441.697
2026-07-18 04:00:00+00:00,75.39,75.39,75.05,75.11,6110.07
2026-07-18 05:00:00+00:00,75.11,75.11,74.87,74.94,8718.529
2026-07-18 06:00:00+00:00,74.95,75.09,74.92,74.98,6445.568
2026-07-18 07:00:00+00:00,74.96,75.05,74.9,74.96,5984.546
2026-07-18 08:00:00+00:00,74.98,75.04,74.79,74.98,10838.228
2026-07-18 09:00:00+00:00,74.97,75.02,74.67,74.84,10852.964
2026-07-18 10:00:00+00:00,74.84,74.96,74.8,74.9,5727.209
2026-07-18 11:00:00+00:00,74.91,75.02,74.9,74.96,3720.063
2026-07-18 12:00:00+00:00,74.96,75.19,74.73,74.99,11719.847
2026-07-18 13:00:00+00:00,74.99,74.99,74.51,74.74,15897.557
2026-07-18 14:00:00+00:00,74.76,75.01,74.66,75.0,11145.087
2026-07-18 15:00:00+00:00,74.99,75.04,74.81,74.96,8555.467
2026-07-18 16:00:00+00:00,74.96,75.28,74.84,75.17,14741.877
2026-07-18 17:00:00+00:00,75.17,75.39,75.06,75.35,17943.035
2026-07-18 18:00:00+00:00,75.37,75.66,75.19,75.28,30793.98
2026-07-18 19:00:00+00:00,75.28,75.45,75.22,75.45,8962.155
2026-07-18 20:00:00+00:00,75.45,75.57,75.33,75.46,8017.202
2026-07-18 21:00:00+00:00,75.47,75.62,75.35,75.47,14100.853
2026-07-18 22:00:00+00:00,75.47,75.62,75.38,75.56,8312.901
2026-07-18 23:00:00+00:00,75.56,75.59,75.4,75.53,8646.528
2026-07-19 00:00:00+00:00,75.52,75.68,75.46,75.63,6620.06
2026-07-19 01:00:00+00:00,75.64,75.73,75.52,75.69,17858.209
2026-07-19 02:00:00+00:00,75.7,76.56,75.7,76.21,49617.474
2026-07-19 03:00:00+00:00,76.2,76.45,75.8,75.95,19263.477
2026-07-19 04:00:00+00:00,75.94,76.08,75.74,75.99,11137.176
2026-07-19 05:00:00+00:00,76.0,76.1,75.88,75.98,10201.503
2026-07-19 06:00:00+00:00,75.98,76.15,75.94,76.11,13600.303
2026-07-19 07:00:00+00:00,76.1,76.33,75.99,76.14,18112.772
2026-07-19 08:00:00+00:00,76.16,76.37,76.08,76.27,14463.625
2026-07-19 09:00:00+00:00,76.27,76.31,75.93,76.0,12787.374
2026-07-19 10:00:00+00:00,75.98,76.51,75.9,76.26,12390.655
2026-07-19 11:00:00+00:00,76.27,76.42,76.04,76.06,11442.702
2026-07-19 12:00:00+00:00,76.06,76.18,75.75,76.02,21182.445
2026-07-19 13:00:00+00:00,76.04,76.16,75.88,76.1,12588.213
2026-07-19 14:00:00+00:00,76.11,76.68,76.06,76.41,23746.682
2026-07-19 15:00:00+00:00,76.41,76.48,76.1,76.22,14191.986
2026-07-19 16:00:00+00:00,76.22,76.29,75.85,75.91,11039.641
2026-07-19 17:00:00+00:00,75.89,76.23,75.57,75.97,27161.711
2026-07-19 18:00:00+00:00,75.97,75.98,75.37,75.75,28407.45
2026-07-19 19:00:00+00:00,75.76,75.89,75.64,75.88,8215.354
2026-07-19 20:00:00+00:00,75.88,76.14,75.86,76.13,7766.566
2026-07-19 21:00:00+00:00,76.14,76.25,75.71,75.78,17365.554
2026-07-19 22:00:00+00:00,75.77,76.41,75.65,76.09,37429.885
2026-07-19 23:00:00+00:00,76.1,76.56,75.89,76.37,30565.145
2026-07-20 00:00:00+00:00,76.37,77.1,76.14,76.57,58831.008
2026-07-20 01:00:00+00:00,76.58,77.42,76.3,76.38,62870.061
2026-07-20 02:00:00+00:00,76.38,77.2,76.38,76.97,37456.032
2026-07-20 03:00:00+00:00,76.99,77.09,76.55,76.76,22828.03
2026-07-20 04:00:00+00:00,76.79,76.95,76.3,76.47,22246.231
2026-07-20 05:00:00+00:00,76.48,76.5,75.79,75.93,36459.202
2026-07-20 06:00:00+00:00,75.94,76.05,75.52,75.65,42577.478
2026-07-20 07:00:00+00:00,75.65,76.25,75.54,76.22,24431.363
2026-07-20 08:00:00+00:00,76.21,76.44,75.9,76.15,33099.865
2026-07-20 09:00:00+00:00,76.15,76.74,76.07,76.47,30578.843
2026-07-20 10:00:00+00:00,76.47,76.68,76.33,76.35,14429.469
2026-07-20 11:00:00+00:00,76.35,77.24,76.31,77.13,53896.503
2026-07-20 12:00:00+00:00,77.13,77.15,76.66,76.76,48790.657
2026-07-20 13:00:00+00:00,76.75,77.14,76.15,76.3,44394.596
2026-07-20 14:00:00+00:00,76.29,76.46,75.8,76.16,60412.541
2026-07-20 15:00:00+00:00,76.19,77.92,76.1,77.77,87075.899
2026-07-20 16:00:00+00:00,77.77,77.87,77.45,77.67,66700.924
2026-07-20 17:00:00+00:00,77.64,77.9,77.37,77.73,35017.229
2026-07-20 18:00:00+00:00,77.74,78.38,77.6,77.66,62177.523
2026-07-20 19:00:00+00:00,77.64,77.73,77.3,77.64,46295.919
2026-07-20 20:00:00+00:00,77.64,78.05,77.53,77.88,21961.155
2026-07-20 21:00:00+00:00,77.88,78.03,77.74,77.75,15667.849
2026-07-20 22:00:00+00:00,77.75,77.84,77.43,77.46,15900.422
2026-07-20 23:00:00+00:00,77.45,77.89,77.42,77.85,10197.695
2026-07-21 00:00:00+00:00,77.85,78.28,77.76,78.12,19373.032
2026-07-21 01:00:00+00:00,78.11,78.23,77.83,77.85,19242.354
2026-07-21 02:00:00+00:00,77.85,78.24,77.67,78.03,9909.552
2026-07-21 03:00:00+00:00,78.03,78.55,78.03,78.2,29294.33
2026-07-21 04:00:00+00:00,78.19,78.4,78.02,78.12,24966.405
2026-07-21 05:00:00+00:00,78.12,78.68,78.11,78.44,22010.363
2026-07-21 06:00:00+00:00,78.44,78.88,78.3,78.67,35373.104
2026-07-21 07:00:00+00:00,78.66,78.75,78.47,78.57,30036.914
2026-07-21 08:00:00+00:00,78.56,78.75,78.33,78.35,40741.017
2026-07-21 09:00:00+00:00,78.36,78.5,78.17,78.43,21489.259
2026-07-21 10:00:00+00:00,78.44,78.49,78.08,78.2,27446.006
2026-07-21 11:00:00+00:00,78.2,78.43,78.09,78.36,19713.696
2026-07-21 12:00:00+00:00,78.38,78.54,78.27,78.52,22239.306
2026-07-21 13:00:00+00:00,78.53,78.64,78.22,78.59,30235.903
2026-07-21 14:00:00+00:00,78.59,78.64,77.91,78.01,38854.852
2026-07-21 15:00:00+00:00,78.01,78.17,77.8,78.14,35343.734
2026-07-21 16:00:00+00:00,78.15,78.25,77.97,78.19,16911.477
2026-07-21 17:00:00+00:00,78.19,78.24,77.43,77.73,32825.574
2026-07-21 18:00:00+00:00,77.73,77.99,77.6,77.85,16177.097
2026-07-21 19:00:00+00:00,77.85,78.0,77.71,77.86,17260.752
2026-07-21 20:00:00+00:00,77.91,78.12,77.81,77.9,21541.885
2026-07-21 21:00:00+00:00,77.91,78.15,77.8,78.03,16433.302
2026-07-21 22:00:00+00:00,78.03,78.07,77.85,78.0,15813.343
2026-07-21 23:00:00+00:00,77.98,78.21,77.81,78.13,8318.17
2026-07-22 00:00:00+00:00,78.15,78.58,78.1,78.46,23424.086
2026-07-22 01:00:00+00:00,78.45,78.52,78.15,78.34,24963.77
2026-07-22 02:00:00+00:00,78.36,78.52,78.09,78.12,13882.57
2026-07-22 03:00:00+00:00,78.12,78.24,77.81,77.86,16436.428
2026-07-22 04:00:00+00:00,77.86,78.22,77.81,78.05,23370.861
2026-07-22 05:00:00+00:00,78.06,78.07,77.4,77.43,43738.306
2026-07-22 06:00:00+00:00,77.43,77.5,77.01,77.3,39022.017
2026-07-22 07:00:00+00:00,77.31,77.32,77.0,77.1,33659.56
2026-07-22 08:00:00+00:00,77.11,77.52,77.06,77.43,24066.951
2026-07-22 09:00:00+00:00,77.42,77.59,77.29,77.56,16028.687
2026-07-22 10:00:00+00:00,77.56,77.72,77.45,77.68,17315.398
2026-07-22 11:00:00+00:00,77.68,77.81,77.49,77.57,22928.506
2026-07-22 12:00:00+00:00,77.57,77.57,77.03,77.24,31950.483
2026-07-22 13:00:00+00:00,77.24,77.95,77.14,77.87,44667.674
2026-07-22 14:00:00+00:00,77.85,78.42,77.4,77.89,43345.103
2026-07-22 15:00:00+00:00,77.89,78.85,77.89,78.45,73066.363
2026-07-22 16:00:00+00:00,78.46,78.8,78.1,78.57,40009.924
2026-07-22 17:00:00+00:00,78.58,78.65,78.16,78.22,27239.088
2026-07-22 18:00:00+00:00,78.22,78.3,77.48,77.75,29460.377
2026-07-22 19:00:00+00:00,77.75,77.81,77.32,77.67,30341.736
2026-07-22 20:00:00+00:00,77.65,77.97,77.57,77.8,27953.194
2026-07-22 21:00:00+00:00,77.79,78.07,77.67,78.03,13071.919
2026-07-22 22:00:00+00:00,78.04,78.12,77.71,78.01,26712.444
2026-07-22 23:00:00+00:00,78.03,78.03,77.5,77.98,23767.368
2026-07-23 00:00:00+00:00,77.99,78.54,77.99,78.26,32805.267
2026-07-23 01:00:00+00:00,78.24,78.41,77.88,77.89,22319.174
2026-07-23 02:00:00+00:00,77.88,77.9,77.4,77.75,21793.783
2026-07-23 03:00:00+00:00,77.76,77.79,77.48,77.6,12666.898
2026-07-23 04:00:00+00:00,77.61,77.83,77.42,77.53,18764.867
2026-07-23 05:00:00+00:00,77.54,77.73,77.4,77.54,13938.136
2026-07-23 06:00:00+00:00,77.54,77.6,77.37,77.58,11408.136
2026-07-23 07:00:00+00:00,77.58,77.58,77.06,77.16,37914.973
2026-07-23 08:00:00+00:00,77.17,77.5,77.12,77.48,12481.923
2026-07-23 09:00:00+00:00,77.47,77.66,77.4,77.5,9856.507
2026-07-23 10:00:00+00:00,77.5,77.81,77.44,77.75,11997.309
2026-07-23 11:00:00+00:00,77.74,77.87,77.6,77.66,13190.477
2026-07-23 12:00:00+00:00,77.66,77.72,76.5,76.91,56281.736
2026-07-23 13:00:00+00:00,76.93,77.03,76.58,76.71,62869.06
2026-07-23 14:00:00+00:00,76.7,76.88,76.35,76.43,43462.827
2026-07-23 15:00:00+00:00,76.43,76.45,75.85,76.38,66232.842
2026-07-23 16:00:00+00:00,76.39,76.39,75.85,76.0,26344.276
2026-07-23 17:00:00+00:00,76.0,76.16,75.5,75.66,22677.39
2026-07-23 18:00:00+00:00,75.67,75.85,75.58,75.79,34155.488
2026-07-23 19:00:00+00:00,75.81,75.85,75.42,75.74,21487.412
2026-07-23 20:00:00+00:00,75.73,76.18,75.71,76.14,13717.694
2026-07-23 21:00:00+00:00,76.14,76.27,75.92,76.05,14179.654
2026-07-23 22:00:00+00:00,76.06,76.24,75.86,76.2,10846.645
2026-07-23 23:00:00+00:00,76.2,76.24,75.87,75.87,16871.689
2026-07-24 00:00:00+00:00,75.88,75.9,75.53,75.83,26333.14
2026-07-24 01:00:00+00:00,75.84,76.12,75.66,75.68,23703.612
2026-07-24 02:00:00+00:00,75.69,75.92,75.3,75.53,19897.515
2026-07-24 03:00:00+00:00,75.55,75.95,75.47,75.82,19472.519
2026-07-24 04:00:00+00:00,75.83,75.86,75.6,75.65,8123.602
2026-07-24 05:00:00+00:00,75.67,75.91,75.59,75.78,13750.023
2026-07-24 06:00:00+00:00,75.8,76.01,75.72,75.85,11175.908
2026-07-24 07:00:00+00:00,75.85,76.44,75.79,76.06,37631.811
2026-07-24 08:00:00+00:00,76.07,76.09,75.71,75.78,15897.699
2026-07-24 09:00:00+00:00,75.78,75.84,75.36,75.62,30793.397
2026-07-24 10:00:00+00:00,75.63,75.66,75.38,75.48,8539.549
2026-07-24 11:00:00+00:00,75.49,75.51,74.98,75.19,30668.902
2026-07-24 12:00:00+00:00,75.19,75.29,74.81,74.86,25182.176
2026-07-24 13:00:00+00:00,74.92,74.93,73.99,74.21,71386.984
2026-07-24 14:00:00+00:00,74.22,74.26,73.6,74.04,69461.519
2026-07-24 15:00:00+00:00,74.03,74.29,73.7,74.03,53565.606
2026-07-24 16:00:00+00:00,74.04,74.21,73.71,73.9,23945.978
2026-07-24 17:00:00+00:00,73.91,74.15,73.85,74.05,29822.938
2026-07-24 18:00:00+00:00,74.06,74.08,73.89,73.98,11715.712
2026-07-24 19:00:00+00:00,73.98,74.04,73.77,73.96,15739.602
2026-07-24 20:00:00+00:00,73.97,74.04,73.73,73.78,17091.864
2026-07-24 21:00:00+00:00,73.78,73.84,73.46,73.64,34095.988
2026-07-24 22:00:00+00:00,73.63,73.98,73.63,73.93,12706.593
2026-07-24 23:00:00+00:00,73.94,74.03,73.85,73.97,11178.198
2026-07-25 00:00:00+00:00,73.97,74.15,73.95,74.12,14398.152
2026-07-25 01:00:00+00:00,74.13,74.25,74.0,74.14,14968.69
2026-07-25 02:00:00+00:00,74.17,74.22,74.05,74.12,6740.093
2026-07-25 03:00:00+00:00,74.12,74.32,74.05,74.13,11365.962
2026-07-25 04:00:00+00:00,74.14,74.36,74.14,74.3,12785.008
2026-07-25 05:00:00+00:00,74.31,74.36,73.92,73.98,10705.581
2026-07-25 06:00:00+00:00,73.98,74.04,73.77,74.04,12048.156
2026-07-25 07:00:00+00:00,74.04,74.06,73.78,73.79,10843.101
2026-07-25 08:00:00+00:00,73.79,73.87,73.55,73.8,14915.03
2026-07-25 09:00:00+00:00,73.81,74.05,73.75,73.99,7341.657
2026-07-25 10:00:00+00:00,74.0,74.04,73.91,73.98,6797.81
2026-07-25 11:00:00+00:00,73.98,74.05,73.86,73.92,6521.311
2026-07-25 12:00:00+00:00,73.93,74.0,73.87,73.96,6477.602
2026-07-25 13:00:00+00:00,73.97,74.2,73.94,73.99,20317.257
2026-07-25 14:00:00+00:00,73.98,74.08,73.78,74.05,14647.324
2026-07-25 15:00:00+00:00,74.05,74.31,74.01,74.17,14612.762
2026-07-25 16:00:00+00:00,74.17,74.43,74.09,74.32,10615.729
2026-07-25 17:00:00+00:00,74.32,74.67,74.31,74.48,15867.04
2026-07-25 18:00:00+00:00,74.47,74.72,74.47,74.65,14802.431
2026-07-25 19:00:00+00:00,74.67,74.73,74.54,74.57,9810.997
2026-07-25 20:00:00+00:00,74.57,74.59,74.4,74.45,9592.963
2026-07-25 21:00:00+00:00,74.45,74.6,74.29,74.45,13671.1
2026-07-25 22:00:00+00:00,74.46,74.54,74.31,74.49,9143.726
2026-07-25 23:00:00+00:00,74.5,74.55,74.4,74.52,8120.679
2026-07-26 00:00:00+00:00,74.53,74.97,74.47,74.79,14873.232
2026-07-26 01:00:00+00:00,74.79,74.9,74.68,74.84,8542.955
2026-07-26 02:00:00+00:00,74.84,74.93,74.72,74.91,7796.149
2026-07-26 03:00:00+00:00,74.91,75.06,74.83,75.03,13143.198
2026-07-26 04:00:00+00:00,75.03,75.23,74.94,75.08,10821.966
2026-07-26 05:00:00+00:00,75.08,75.18,74.95,75.02,9294.959
2026-07-26 06:00:00+00:00,75.04,75.14,74.74,75.13,10986.019
2026-07-26 07:00:00+00:00,75.13,75.15,74.86,74.88,9438.171
2026-07-26 08:00:00+00:00,74.89,75.06,74.85,75.0,7035.78
2026-07-26 09:00:00+00:00,75.0,75.29,74.99,75.07,15947.198
2026-07-26 10:00:00+00:00,75.08,75.25,75.02,75.12,6211.355
2026-07-26 11:00:00+00:00,75.12,75.18,74.9,74.94,11604.969
2026-07-26 12:00:00+00:00,74.96,75.15,74.82,74.87,9030.542
2026-07-26 13:00:00+00:00,74.88,74.98,74.77,74.93,11133.037
2026-07-26 14:00:00+00:00,74.93,75.23,74.89,75.05,13089.371
2026-07-26 15:00:00+00:00,75.06,75.5,74.97,75.49,23232.419
2026-07-26 16:00:00+00:00,75.49,75.98,75.3,75.54,26429.552
2026-07-26 17:00:00+00:00,75.53,75.61,75.31,75.39,11452.779
2026-07-26 18:00:00+00:00,75.39,75.46,75.29,75.4,5894.995
2026-07-26 19:00:00+00:00,75.39,75.47,75.25,75.33,7180.895
2026-07-26 20:00:00+00:00,75.35,75.41,75.32,75.35,4326.553
2026-07-26 21:00:00+00:00,75.35,75.76,75.32,75.66,19099.318
2026-07-26 22:00:00+00:00,75.67,76.8,75.67,76.71,51660.448
2026-07-26 23:00:00+00:00,76.72,77.09,76.53,76.78,46083.696
2026-07-27 00:00:00+00:00,76.78,76.8,76.2,76.34,19765.385
2026-07-27 01:00:00+00:00,76.35,76.53,75.99,76.51,23412.518
2026-07-27 02:00:00+00:00,76.52,76.66,76.37,76.45,23726.969
2026-07-27 03:00:00+00:00,76.45,76.54,76.32,76.41,13444.251
2026-07-27 04:00:00+00:00,76.42,76.63,76.27,76.3,18973.227
2026-07-27 05:00:00+00:00,76.3,76.63,76.26,76.55,19019.925
2026-07-27 06:00:00+00:00,76.56,76.97,76.52,76.72,25569.637
2026-07-27 07:00:00+00:00,76.72,76.76,76.38,76.47,18911.464
2026-07-27 08:00:00+00:00,76.5,76.52,76.23,76.3,14230.104
2026-07-27 09:00:00+00:00,76.29,76.56,76.12,76.48,16770.792
2026-07-27 10:00:00+00:00,76.47,76.68,76.41,76.61,9480.773
2026-07-27 11:00:00+00:00,76.61,76.68,76.49,76.51,14891.412
2026-07-27 12:00:00+00:00,76.51,77.06,76.25,76.85,57579.968
2026-07-27 13:00:00+00:00,76.86,77.49,76.47,76.9,78653.231
2026-07-27 14:00:00+00:00,76.91,77.0,75.04,75.48,106601.945
2026-07-27 15:00:00+00:00,75.48,75.62,75.1,75.29,46202.439
2026-07-27 16:00:00+00:00,75.29,75.98,75.15,75.95,34580.027
2026-07-27 17:00:00+00:00,75.96,76.24,75.82,75.91,25070.204
2026-07-27 18:00:00+00:00,75.91,75.99,75.28,75.61,24354.943
2026-07-27 19:00:00+00:00,75.62,76.05,75.5,75.97,25394.178
2026-07-27 20:00:00+00:00,75.99,76.14,75.81,75.98,17681.366
2026-07-27 21:00:00+00:00,75.96,75.99,75.52,75.6,13778.24
2026-07-27 22:00:00+00:00,75.6,75.63,74.03,74.07,54443.612
2026-07-27 23:00:00+00:00,74.06,74.42,73.76,74.22,73454.439
2026-07-28 00:00:00+00:00,74.22,74.3,73.68,73.73,32817.384
2026-07-28 01:00:00+00:00,73.74,73.74,72.87,73.2,83447.755
2026-07-28 02:00:00+00:00,73.19,73.46,73.08,73.38,25207.46
2026-07-28 03:00:00+00:00,73.38,73.42,73.18,73.28,18328.934
2026-07-28 04:00:00+00:00,73.28,73.29,72.99,73.21,21284.789
2026-07-28 05:00:00+00:00,73.22,73.54,73.2,73.26,20750.9602
2026-07-28 06:00:00+00:00,73.27,73.49,73.13,73.45,24281.324
2026-07-28 07:00:00+00:00,73.45,73.49,73.13,73.28,19148.013
2026-07-28 08:00:00+00:00,73.28,73.44,73.15,73.36,14189.177
2026-07-28 09:00:00+00:00,73.36,73.52,73.2,73.25,17809.252
2026-07-28 10:00:00+00:00,73.25,73.33,73.13,73.15,24415.553
2026-07-28 11:00:00+00:00,73.16,73.35,72.89,73.18,45696.813
2026-07-28 12:00:00+00:00,73.18,73.45,73.13,73.38,24624.919
2026-07-28 13:00:00+00:00,73.38,73.44,72.36,72.72,70509.254
2026-07-28 14:00:00+00:00,72.72,73.49,72.55,73.43,50754.953
2026-07-28 15:00:00+00:00,73.43,74.58,73.31,74.34,70641.891
2026-07-28 16:00:00+00:00,74.35,74.58,74.06,74.43,26613.616
2026-07-28 17:00:00+00:00,74.42,74.44,73.54,73.81,34750.352
2026-07-28 18:00:00+00:00,73.82,74.05,73.8,73.89,10803.196
2026-07-28 19:00:00+00:00,73.9,74.39,73.83,74.32,16251.215
2026-07-28 20:00:00+00:00,74.33,74.36,74.01,74.05,27653.558
2026-07-28 21:00:00+00:00,74.05,74.39,74.0,74.13,20177.731
2026-07-28 22:00:00+00:00,74.14,74.24,73.43,73.43,22760.905
2026-07-28 23:00:00+00:00,73.44,73.84,73.18,73.83,32338.045
2026-07-29 00:00:00+00:00,73.82,74.18,73.76,73.77,41165.871
2026-07-29 01:00:00+00:00,73.77,73.8,73.23,73.26,20263.118
2026-07-29 02:00:00+00:00,73.27,73.99,73.09,73.7,23891.176
2026-07-29 03:00:00+00:00,73.71,73.75,73.03,73.07,25043.823
2026-07-29 04:00:00+00:00,73.12,73.49,72.73,73.45,35314.626
2026-07-29 05:00:00+00:00,73.46,73.79,73.34,73.66,22772.35
2026-07-29 06:00:00+00:00,73.66,74.09,73.53,74.08,16915.99
2026-07-29 07:00:00+00:00,74.08,74.29,73.99,74.25,13933.11
2026-07-29 08:00:00+00:00,74.26,74.33,73.71,73.95,34205.867
2026-07-29 09:00:00+00:00,73.95,74.33,73.92,74.14,15462.569
2026-07-29 10:00:00+00:00,74.14,74.15,73.81,73.92,12060.299
2026-07-29 11:00:00+00:00,73.92,74.09,73.83,73.95,12025.154
2026-07-29 12:00:00+00:00,73.96,73.96,73.46,73.53,18772.685
2026-07-29 13:00:00+00:00,73.52,73.77,73.36,73.72,28559.703
2026-07-29 14:00:00+00:00,73.73,73.91,73.11,73.27,36671.527
2026-07-29 15:00:00+00:00,73.28,73.45,72.99,73.12,31477.336
2026-07-29 16:00:00+00:00,73.13,73.39,72.92,73.28,39558.502
2026-07-29 17:00:00+00:00,73.28,73.94,73.17,73.94,39782.646
2026-07-29 18:00:00+00:00,73.93,74.51,73.44,74.25,133411.213
2026-07-29 19:00:00+00:00,74.25,74.38,72.74,72.75,74845.359
2026-07-29 20:00:00+00:00,72.77,73.2,72.44,72.66,70576.922
2026-07-29 21:00:00+00:00,72.64,73.19,72.32,73.19,50401.957
2026-07-29 22:00:00+00:00,73.2,73.79,73.19,73.64,35013.913
2026-07-29 23:00:00+00:00,73.65,73.75,73.42,73.69,21799.988
2026-07-30 00:00:00+00:00,73.69,73.91,73.15,73.31,19809.089
2026-07-30 01:00:00+00:00,73.32,74.2,73.26,74.03,27533.401
2026-07-30 02:00:00+00:00,74.03,74.14,73.82,73.83,13874.654
2026-07-30 03:00:00+00:00,73.85,74.0,73.67,73.71,13283.957
2026-07-30 04:00:00+00:00,73.72,73.75,73.5,73.51,13668.055
2026-07-30 05:00:00+00:00,73.52,73.86,73.44,73.71,14945.041
2026-07-30 06:00:00+00:00,73.7,73.77,73.49,73.53,9641.619
2026-07-30 07:00:00+00:00,73.53,73.81,73.39,73.43,20526.91
2026-07-30 08:00:00+00:00,73.44,73.83,73.3,73.82,23773.112
2026-07-30 09:00:00+00:00,73.81,74.22,73.8,74.05,25130.545
2026-07-30 10:00:00+00:00,74.06,74.21,73.83,73.92,18117.35
2026-07-30 11:00:00+00:00,73.92,74.32,73.91,74.21,16473.903
2026-07-30 12:00:00+00:00,74.23,74.48,74.09,74.41,28044.394
2026-07-30 13:00:00+00:00,74.4,74.9,74.11,74.68,41668.622
2026-07-30 14:00:00+00:00,74.68,74.77,74.31,74.63,41295.736
2026-07-30 15:00:00+00:00,74.64,74.86,74.46,74.65,32896.001
2026-07-30 16:00:00+00:00,74.65,74.84,74.47,74.58,18384.454
2026-07-30 17:00:00+00:00,74.58,74.88,74.42,74.77,20304.646
2026-07-30 18:00:00+00:00,74.77,74.97,74.49,74.52,10432.886
2026-07-30 19:00:00+00:00,74.53,74.83,74.53,74.78,11143.222
2026-07-30 20:00:00+00:00,74.78,74.91,74.45,74.49,35177.638
2026-07-30 21:00:00+00:00,74.48,74.62,74.43,74.5,13638.328
2026-07-30 22:00:00+00:00,74.49,74.89,74.41,74.75,17297.066
2026-07-30 23:00:00+00:00,74.74,74.99,74.47,74.5,28188.548
2026-07-31 00:00:00+00:00,74.52,74.64,74.44,74.5,19183.825
2026-07-31 01:00:00+00:00,74.49,75.29,74.29,74.4,59144.345
2026-07-31 02:00:00+00:00,74.39,74.55,74.08,74.16,23871.865
2026-07-31 03:00:00+00:00,74.16,74.35,73.89,74.15,23766.675
2026-07-31 04:00:00+00:00,74.15,74.16,73.73,73.83,18566.764
2026-07-31 05:00:00+00:00,73.83,74.32,73.82,74.24,33839.891
2026-07-31 06:00:00+00:00,74.24,74.54,74.01,74.1,20485.197
2026-07-31 07:00:00+00:00,74.08,74.08,73.5,73.68,25515.08
2026-07-31 08:00:00+00:00,73.69,73.81,73.53,73.66,16140.073
2026-07-31 09:00:00+00:00,73.67,73.71,73.39,73.49,19755.248
2026-07-31 10:00:00+00:00,73.5,73.66,73.3,73.56,18654.353
2026-07-31 11:00:00+00:00,73.58,73.72,73.47,73.58,9746.935
2026-07-31 12:00:00+00:00,73.59,73.64,73.39,73.62,15514.656
2026-07-31 13:00:00+00:00,73.63,73.81,73.18,73.29,37730.225
2026-07-31 14:00:00+00:00,73.28,73.68,72.8,73.03,93971.334
2026-07-31 15:00:00+00:00,73.04,73.2,72.87,73.1,47056.07
2026-07-31 16:00:00+00:00,73.09,73.35,72.98,73.32,21471.515
2026-07-31 17:00:00+00:00,73.28,73.44,73.17,73.36,21775.521
2026-07-31 18:00:00+00:00,73.36,73.48,72.95,73.11,15809.851
2026-07-31 19:00:00+00:00,73.1,73.28,72.92,73.08,11561.682
2026-07-31 20:00:00+00:00,73.1,73.22,72.94,72.95,22343.677
2026-07-31 21:00:00+00:00,72.95,73.1,72.56,72.73,14680.814
2026-07-31 22:00:00+00:00,72.73,72.96,72.67,72.85,20705.245
2026-07-31 23:00:00+00:00,72.84,72.96,72.8,72.88,7308.166
2026-08-01 00:00:00+00:00,72.89,73.14,72.88,73.01,11737.138
2026-08-01 01:00:00+00:00,73.02,73.14,72.98,73.03,11812.851
2026-08-01 02:00:00+00:00,73.06,73.15,73.0,73.08,14593.815
2026-08-01 03:00:00+00:00,73.09,73.1,72.88,73.04,11233.974
2026-08-01 04:00:00+00:00,73.04,73.21,73.04,73.17,5167.324
2026-08-01 05:00:00+00:00,73.16,73.21,72.87,72.94,8795.327
2026-08-01 06:00:00+00:00,72.95,73.02,72.89,72.99,4742.625
2026-08-01 07:00:00+00:00,72.99,73.12,72.93,72.97,6998.003
2026-08-01 08:00:00+00:00,72.98,73.08,72.95,73.04,3772.542
2026-08-01 09:00:00+00:00,73.04,73.08,72.84,72.84,4775.288
2026-08-01 10:00:00+00:00,72.85,72.9,72.67,72.84,8026.27
2026-08-01 11:00:00+00:00,72.84,72.91,72.78,72.89,5430.5194
2026-08-01 12:00:00+00:00,72.9,72.95,72.87,72.93,7440.059
2026-08-01 13:00:00+00:00,72.94,72.99,72.9,72.97,4601.532
2026-08-01 14:00:00+00:00,72.98,73.03,72.87,73.02,11972.806
2026-08-01 15:00:00+00:00,73.03,73.03,72.74,72.8,12659.014
2026-08-01 16:00:00+00:00,72.8,72.95,72.48,72.72,9123.543
2026-08-01 17:00:00+00:00,72.71,72.79,71.62,71.93,84391.861
2026-08-01 18:00:00+00:00,71.9,71.98,70.59,71.09,86085.003
2026-08-01 19:00:00+00:00,71.08,71.36,71.05,71.27,27381.874
2026-08-01 20:00:00+00:00,71.26,71.57,71.21,71.56,14134.276
2026-08-01 21:00:00+00:00,71.56,71.85,71.55,71.85,36454.768
2026-08-01 22:00:00+00:00,71.86,72.01,71.86,71.91,9056.71
2026-08-01 23:00:00+00:00,71.9,72.09,71.82,71.95,9185.867
2026-08-02 00:00:00+00:00,71.95,72.15,71.94,72.1,8075.664
2026-08-02 01:00:00+00:00,72.11,72.75,72.11,72.64,29359.245
2026-08-02 02:00:00+00:00,72.65,73.38,72.58,73.14,46301.613
2026-08-02 03:00:00+00:00,73.14,73.24,73.09,73.2,15395.358
2026-08-02 04:00:00+00:00,73.21,73.55,73.21,73.53,15536.264
2026-08-02 05:00:00+00:00,73.52,73.66,73.47,73.61,24383.709
2026-08-02 06:00:00+00:00,73.61,73.65,73.43,73.45,9240.097
2026-08-02 07:00:00+00:00,73.45,73.51,73.41,73.47,8003.941
2026-08-02 08:00:00+00:00,73.47,73.52,73.16,73.18,17194.618
2026-08-02 09:00:00+00:00,73.19,73.42,72.98,73.38,14935.231
2026-08-02 10:00:00+00:00,73.38,73.38,73.15,73.27,7131.761
2026-08-02 11:00:00+00:00,73.28,73.31,72.94,73.0,8008.984
2026-08-02 12:00:00+00:00,73.0,73.23,72.9,72.9,11510.185
2026-08-02 13:00:00+00:00,72.89,73.0,72.7,72.96,13743.596
2026-08-02 14:00:00+00:00,72.96,73.23,72.94,73.09,10942.924
2026-08-02 15:00:00+00:00,73.1,73.21,73.0,73.02,5568.408
2026-08-02 16:00:00+00:00,73.03,73.3,72.92,73.14,11127.023
2026-08-02 17:00:00+00:00,73.13,73.4,73.1,73.32,5892.894
2026-08-02 18:00:00+00:00,73.31,73.84,73.25,73.57,22587.561
2026-08-02 19:00:00+00:00,73.56,73.78,73.53,73.72,9759.25
2026-08-02 20:00:00+00:00,73.72,73.74,73.56,73.69,7837.815
2026-08-02 21:00:00+00:00,73.69,74.33,73.67,73.99,29251.817
2026-08-02 22:00:00+00:00,74.0,74.22,73.65,73.66,21941.261
2026-08-02 23:00:00+00:00,73.65,73.65,73.47,73.64,10734.263
2026-08-03 00:00:00+00:00,73.63,73.68,73.18,73.24,24443.572
2026-08-03 01:00:00+00:00,73.24,73.26,72.94,73.01,15372.679
2026-08-03 02:00:00+00:00,73.0,73.15,72.91,73.02,12242.607
2026-08-03 03:00:00+00:00,73.01,73.12,72.7,72.91,10705.45
2026-08-03 04:00:00+00:00,72.89,73.08,72.83,72.86,8151.676
2026-08-03 05:00:00+00:00,72.87,73.05,72.83,72.92,12709.681
2026-08-03 06:00:00+00:00,72.92,72.97,72.52,72.6,14705.118
2026-08-03 07:00:00+00:00,72.61,72.7,72.44,72.52,19147.082
2026-08-03 08:00:00+00:00,72.52,72.57,71.99,72.37,32771.532
2026-08-03 09:00:00+00:00,72.37,72.79,72.33,72.75,12207.246
2026-08-03 10:00:00+00:00,72.74,72.79,72.53,72.62,14893.691
2026-08-03 11:00:00+00:00,72.62,72.65,72.41,72.44,10219.105
2026-08-03 12:00:00+00:00,72.45,72.57,72.34,72.43,11305.219
2026-08-03 13:00:00+00:00,72.43,73.29,72.34,73.27,41179.262
2026-08-03 14:00:00+00:00,73.29,73.8,73.03,73.79,68672.308
2026-08-03 15:00:00+00:00,73.78,73.81,73.47,73.62,48350.797
2026-08-03 16:00:00+00:00,73.62,73.8,73.23,73.41,26738.607
2026-08-03 17:00:00+00:00,73.42,73.85,73.3,73.69,23460.056
2026-08-03 18:00:00+00:00,73.7,74.28,73.68,73.98,32760.998
2026-08-03 19:00:00+00:00,73.98,74.18,73.96,74.01,22762.908
2026-08-03 20:00:00+00:00,74.02,74.15,73.77,73.86,22727.292
2026-08-03 21:00:00+00:00,73.85,73.88,73.68,73.71,12971.013
2026-08-03 22:00:00+00:00,73.71,73.74,73.37,73.55,15280.279
2026-08-03 23:00:00+00:00,73.54,73.57,73.39,73.56,6947.241
2026-08-04 00:00:00+00:00,73.57,73.62,73.05,73.08,18697.395
2026-08-04 01:00:00+00:00,73.06,73.78,73.04,73.77,23224.31
2026-08-04 02:00:00+00:00,73.78,74.11,73.68,73.87,21834.1
2026-08-04 03:00:00+00:00,73.88,73.9,73.47,73.7,17378.216
2026-08-04 04:00:00+00:00,73.69,74.09,73.59,73.81,12508.531
2026-08-04 05:00:00+00:00,73.82,73.88,73.7,73.74,12693.28
2026-08-04 06:00:00+00:00,73.75,73.91,73.4,73.44,12453.001
2026-08-04 07:00:00+00:00,73.44,73.74,73.21,73.69,18392.912
2026-08-04 08:00:00+00:00,73.68,73.75,73.29,73.37,18109.677
2026-08-04 09:00:00+00:00,73.33,73.34,73.17,73.28,13216.179
2026-08-04 10:00:00+00:00,73.29,73.7,73.11,73.62,18588.996
2026-08-04 11:00:00+00:00,73.62,73.97,73.54,73.96,21453.312
2026-08-04 12:00:00+00:00,73.94,74.08,73.76,73.81,18932.98
2026-08-04 13:00:00+00:00,73.8,74.04,73.59,73.63,37423.581
2026-08-04 14:00:00+00:00,73.66,73.92,73.34,73.82,40144.592
2026-08-04 15:00:00+00:00,73.83,74.2,73.41,73.98,35446.964
2026-08-04 16:00:00+00:00,73.99,74.02,73.61,73.73,20055.793
2026-08-04 17:00:00+00:00,73.75,74.23,73.72,73.77,26617.559
2026-08-04 18:00:00+00:00,73.78,74.38,73.77,74.17,28996.994
2026-08-04 19:00:00+00:00,74.17,74.4,74.13,74.19,23722.844
2026-08-04 20:00:00+00:00,74.2,74.46,73.89,74.27,27212.927
2026-08-04 21:00:00+00:00,74.27,74.33,74.02,74.14,26188.165
2026-08-04 22:00:00+00:00,74.14,74.23,74.0,74.11,10250.782
2026-08-04 23:00:00+00:00,74.11,74.29,73.75,73.75,23927.538
2026-08-05 00:00:00+00:00,73.75,73.81,73.49,73.52,15914.322
2026-08-05 01:00:00+00:00,73.5,74.11,73.4,74.11,16973.569
2026-08-05 02:00:00+00:00,74.12,74.49,74.08,74.22,32184.077
2026-08-05 03:00:00+00:00,74.22,74.31,73.72,73.78,35162.291
2026-08-05 04:00:00+00:00,73.79,73.85,73.63,73.79,10389.64
2026-08-05 05:00:00+00:00,73.77,74.29,73.75,74.14,26266.95
2026-08-05 06:00:00+00:00,74.13,74.25,73.99,74.01,10575.601
2026-08-05 07:00:00+00:00,74.02,74.05,73.69,73.97,20069.058
2026-08-05 08:00:00+00:00,73.99,74.16,73.95,74.08,13622.758
2026-08-05 09:00:00+00:00,74.09,74.21,74.01,74.02,13528.821
2026-08-05 10:00:00+00:00,74.02,74.12,73.81,73.85,13111.658
2026-08-05 11:00:00+00:00,73.84,74.0,73.73,73.77,16413.158
2026-08-05 12:00:00+00:00,73.78,74.38,73.73,74.08,29433.054
2026-08-05 13:00:00+00:00,74.06,74.11,73.28,73.98,55076.514
2026-08-05 14:00:00+00:00,73.97,74.14,73.61,73.96,44598.522
2026-08-05 15:00:00+00:00,73.97,74.3,73.85,73.95,47450.168
2026-08-05 16:00:00+00:00,73.96,74.44,73.93,74.28,32574.896
2026-08-05 17:00:00+00:00,74.3,74.65,74.13,74.55,31854.834
2026-08-05 18:00:00+00:00,74.56,74.82,74.44,74.53,23147.057
2026-08-05 19:00:00+00:00,74.53,74.64,74.41,74.48,14019.764
2026-08-05 20:00:00+00:00,74.47,74.59,74.31,74.37,24012.234
2026-08-05 21:00:00+00:00,74.38,74.39,74.07,74.13,16635.756
2026-08-05 22:00:00+00:00,74.14,74.2,74.01,74.02,10210.158
2026-08-05 23:00:00+00:00,74.02,74.11,73.86,74.03,15150.103
2026-08-06 00:00:00+00:00,74.05,74.27,74.03,74.07,9973.278
2026-08-06 01:00:00+00:00,74.06,74.12,73.73,73.76,19232.496
2026-08-06 02:00:00+00:00,73.76,73.78,73.39,73.54,28654.006
2026-08-06 03:00:00+00:00,73.54,73.6,73.44,73.49,12375.38
2026-08-06 04:00:00+00:00,73.5,73.87,73.4,73.86,11155.725
2026-08-06 05:00:00+00:00,73.86,74.35,73.85,74.23,31069.438
2026-08-06 06:00:00+00:00,74.24,74.25,73.95,74.06,11121.668
2026-08-06 07:00:00+00:00,74.06,74.14,73.88,73.89,12486.459
2026-08-06 08:00:00+00:00,73.89,74.11,73.72,73.99,20112.95
2026-08-06 09:00:00+00:00,73.99,74.0,73.22,73.31,40641.134
2026-08-06 10:00:00+00:00,73.29,73.44,73.18,73.3,17081.426
2026-08-06 11:00:00+00:00,73.33,73.57,73.19,73.47,14889.661
2026-08-06 12:00:00+00:00,73.47,73.48,73.13,73.16,8444.479
2026-08-06 13:00:00+00:00,73.14,73.34,72.85,73.24,37810.707
2026-08-06 14:00:00+00:00,73.25,73.57,73.1,73.47,31538.739
2026-08-06 15:00:00+00:00,73.47,73.64,73.3,73.32,22522.445
2026-08-06 16:00:00+00:00,73.33,73.5,73.1,73.46,16512.366
2026-08-06 17:00:00+00:00,73.47,73.55,73.07,73.19,11914.312
2026-08-06 18:00:00+00:00,73.19,73.21,72.73,72.83,16768.138
2026-08-06 19:00:00+00:00,72.83,72.94,72.56,72.8,21142.701
2026-08-06 20:00:00+00:00,72.8,72.99,72.8,72.84,16955.164
2026-08-06 21:00:00+00:00,72.85,73.01,72.81,72.87,19782.891
2026-08-06 22:00:00+00:00,72.87,72.88,72.66,72.69,10341.133
2026-08-06 23:00:00+00:00,72.69,72.74,72.35,72.69,22652.28
2026-08-07 00:00:00+00:00,72.69,72.81,72.57,72.66,14569.283
2026-08-07 01:00:00+00:00,72.66,72.87,72.58,72.75,13665.351
2026-08-07 02:00:00+00:00,72.75,72.93,72.5,72.7,13273.617
2026-08-07 03:00:00+00:00,72.7,72.76,72.56,72.62,8990.693
2026-08-07 04:00:00+00:00,72.61,72.79,72.51,72.67,7490.119
2026-08-07 05:00:00+00:00,72.68,72.95,72.43,72.89,17546.274
2026-08-07 06:00:00+00:00,72.88,73.07,72.8,72.84,16017.05
2026-08-07 07:00:00+00:00,72.83,73.03,72.75,72.94,15114.605
2026-08-07 08:00:00+00:00,72.93,73.32,72.91,73.2,13326.163
2026-08-07 09:00:00+00:00,73.2,73.73,73.19,73.62,30753.28
2026-08-07 10:00:00+00:00,73.63,73.75,73.49,73.54,16228.291
2026-08-07 11:00:00+00:00,73.54,73.77,73.53,73.63,12471.041
2026-08-07 12:00:00+00:00,73.63,74.3,73.62,73.9,62732.853
2026-08-07 13:00:00+00:00,73.9,74.35,73.79,74.12,51686.806
2026-08-07 14:00:00+00:00,74.13,74.23,73.57,73.72,49878.125
2026-08-07 15:00:00+00:00,73.73,73.98,73.69,73.89,19606.116
2026-08-07 16:00:00+00:00,73.92,74.12,73.57,73.57,17319.895
2026-08-07 17:00:00+00:00,73.57,73.58,73.2,73.42,33682.435
2026-08-07 18:00:00+00:00,73.42,73.57,73.27,73.42,14009.916
2026-08-07 19:00:00+00:00,73.42,74.02,73.4,74.02,19680.953
2026-08-07 20:00:00+00:00,74.03,74.09,73.8,73.83,17822.376
2026-08-07 21:00:00+00:00,73.83,73.88,73.61,73.67,16337.985
2026-08-07 22:00:00+00:00,73.66,73.73,73.6,73.65,8183.062
2026-08-07 23:00:00+00:00,73.65,73.79,73.61,73.67,6912.401
2026-08-08 00:00:00+00:00,73.65,73.75,73.57,73.72,5755.772
2026-08-08 01:00:00+00:00,73.71,73.95,73.68,73.89,6833.969
2026-08-08 02:00:00+00:00,73.88,73.97,73.85,73.86,7724.8658
2026-08-08 03:00:00+00:00,73.86,74.98,73.86,74.83,40168.807
2026-08-08 04:00:00+00:00,74.84,75.13,74.58,74.64,46872.525
2026-08-08 05:00:00+00:00,74.64,74.75,74.49,74.66,14461.148
2026-08-08 06:00:00+00:00,74.66,74.82,74.56,74.71,13913.451
2026-08-08 07:00:00+00:00,74.72,74.83,74.66,74.82,11190.605
2026-08-08 08:00:00+00:00,74.82,74.92,74.7,74.8,13001.728
2026-08-08 09:00:00+00:00,74.8,75.03,74.79,74.87,11035.224
2026-08-08 10:00:00+00:00,74.88,75.17,74.87,75.07,11238.795
2026-08-08 11:00:00+00:00,75.07,75.7,75.05,75.6,51776.625
2026-08-08 12:00:00+00:00,75.6,75.67,75.36,75.43,37359.742
2026-08-08 13:00:00+00:00,75.44,75.55,75.42,75.53,11314.198
2026-08-08 14:00:00+00:00,75.53,76.61,75.53,76.48,46148.716
2026-08-08 15:00:00+00:00,76.49,76.81,76.25,76.39,67122.098
2026-08-08 16:00:00+00:00,76.4,76.5,76.17,76.37,23506.363
2026-08-08 17:00:00+00:00,76.39,76.49,76.26,76.38,18002.328
2026-08-08 18:00:00+00:00,76.38,76.38,76.07,76.14,13340.367
2026-08-08 19:00:00+00:00,76.14,76.27,75.97,76.14,13850.022
2026-08-08 20:00:00+00:00,76.14,76.27,76.13,76.27,9170.239
2026-08-08 21:00:00+00:00,76.27,76.36,76.15,76.21,7541.434
2026-08-08 22:00:00+00:00,76.22,76.29,75.86,75.91,7573.484
2026-08-08 23:00:00+00:00,75.91,76.09,75.79,76.02,16609.345
2026-08-09 00:00:00+00:00,76.02,76.05,75.84,76.01,8435.544
2026-08-09 01:00:00+00:00,76.03,76.1,75.75,75.87,11573.67
2026-08-09 02:00:00+00:00,75.87,76.0,75.79,75.87,9845.039
2026-08-09 03:00:00+00:00,75.87,76.05,75.77,75.99,9423.916
2026-08-09 04:00:00+00:00,75.98,76.13,75.95,75.98,6806.717
2026-08-09 05:00:00+00:00,75.97,76.03,75.88,76.0,5526.291
2026-08-09 06:00:00+00:00,76.01,76.49,75.95,76.41,20554.878
2026-08-09 07:00:00+00:00,76.41,76.47,76.23,76.36,19893.913
2026-08-09 08:00:00+00:00,76.36,76.56,76.11,76.33,24020.027
2026-08-09 09:00:00+00:00,76.32,76.51,76.25,76.45,17095.934
2026-08-09 10:00:00+00:00,76.44,76.65,76.37,76.39,9314.697
2026-08-09 11:00:00+00:00,76.38,76.53,76.35,76.5,8698.234
2026-08-09 12:00:00+00:00,76.5,76.59,76.31,76.36,9756.132
2026-08-09 13:00:00+00:00,76.35,76.87,76.35,76.57,20647.917
2026-08-09 14:00:00+00:00,76.57,77.07,76.57,77.01,15925.79
2026-08-09 15:00:00+00:00,77.04,77.46,76.84,77.43,48630.516
2026-08-09 16:00:00+00:00,77.44,77.57,77.09,77.33,44259.235
2026-08-09 17:00:00+00:00,77.33,77.34,77.12,77.19,10506.256
2026-08-09 18:00:00+00:00,77.18,77.24,77.08,77.21,4168.492
2026-08-09 19:00:00+00:00,77.21,77.36,77.13,77.21,7715.615
2026-08-09 20:00:00+00:00,77.21,77.27,77.06,77.26,5665.995
2026-08-09 21:00:00+00:00,77.26,77.49,77.15,77.34,10973.845
2026-08-09 22:00:00+00:00,77.39,77.82,76.67,76.81,27604.77
2026-08-09 23:00:00+00:00,76.79,76.91,76.21,76.28,38702.655
2026-08-10 00:00:00+00:00,76.26,77.01,76.22,76.54,38794.965
2026-08-10 01:00:00+00:00,76.55,77.16,76.41,76.91,29042.32
2026-08-10 02:00:00+00:00,76.93,76.93,76.44,76.83,26704.627
2026-08-10 03:00:00+00:00,76.82,76.94,76.39,76.65,26690.894
2026-08-10 04:00:00+00:00,76.64,76.76,76.45,76.57,14795.009
2026-08-10 05:00:00+00:00,76.56,76.97,76.55,76.87,11190.733
2026-08-10 06:00:00+00:00,76.88,77.08,76.82,76.99,16021.785
2026-08-10 07:00:00+00:00,77.0,77.1,76.83,76.98,13684.955
2026-08-10 08:00:00+00:00,76.99,77.14,76.68,76.96,23217.972
2026-08-10 09:00:00+00:00,76.95,77.03,76.56,76.57,20888.21
2026-08-10 10:00:00+00:00,76.57,76.87,76.54,76.83,21696.855
2026-08-10 11:00:00+00:00,76.83,77.05,76.66,77.04,13182.24
2026-08-10 12:00:00+00:00,77.04,77.12,76.61,76.65,30518.379
2026-08-10 13:00:00+00:00,76.65,76.77,76.15,76.32,57983.184
2026-08-10 14:00:00+00:00,76.3,76.69,76.24,76.28,48263.099
2026-08-10 15:00:00+00:00,76.26,76.43,75.84,75.95,87120.705
2026-08-10 16:00:00+00:00,75.96,76.09,75.59,75.71,63146.26
2026-08-10 17:00:00+00:00,75.72,76.11,75.61,75.98,46025.809
2026-08-10 18:00:00+00:00,75.99,76.08,75.72,75.84,27043.537
2026-08-10 19:00:00+00:00,75.84,76.27,75.8,76.19,20548.782
2026-08-10 20:00:00+00:00,76.2,76.48,76.16,76.43,14646.558
2026-08-10 21:00:00+00:00,76.42,76.49,76.28,76.28,11664.319
2026-08-10 22:00:00+00:00,76.29,76.38,76.05,76.21,13354.871
2026-08-10 23:00:00+00:00,76.22,76.22,75.98,76.0,12916.706
2026-08-11 00:00:00+00:00,76.0,76.04,75.75,75.88,16078.878
2026-08-11 01:00:00+00:00,75.88,76.11,75.72,76.1,14361.169
2026-08-11 02:00:00+00:00,76.09,76.15,75.98,76.05,7733.297
2026-08-11 03:00:00+00:00,76.05,76.25,76.05,76.08,8998.042
2026-08-11 04:00:00+00:00,76.09,76.23,76.07,76.08,7663.789
2026-08-11 05:00:00+00:00,76.09,76.1,75.79,75.81,10859.533
2026-08-11 06:00:00+00:00,75.81,76.04,75.67,75.81,26050.257
2026-08-11 07:00:00+00:00,75.82,75.87,75.42,75.7,34445.329
2026-08-11 08:00:00+00:00,75.71,75.99,75.64,75.93,15026.574
2026-08-11 09:00:00+00:00,75.93,75.95,75.68,75.88,27450.917
2026-08-11 10:00:00+00:00,75.88,76.07,75.77,75.95,24215.493
2026-08-11 11:00:00+00:00,75.96,76.36,75.94,76.21,28682.925
2026-08-11 12:00:00+00:00,76.22,76.25,75.81,75.87,21233.718
2026-08-11 13:00:00+00:00,75.87,76.09,75.74,76.01,33356.989
2026-08-11 14:00:00+00:00,76.01,76.15,75.09,75.21,39987.93
2026-08-11 15:00:00+00:00,75.2,75.42,74.64,74.93,61984.941
2026-08-11 16:00:00+00:00,74.93,75.08,74.8,74.93,24728.48
2026-08-11 17:00:00+00:00,74.94,75.22,74.92,75.18,23470.617
2026-08-11 18:00:00+00:00,75.18,75.35,75.09,75.27,18870.473
2026-08-11 19:00:00+00:00,75.28,75.71,75.07,75.65,17531.35
2026-08-11 20:00:00+00:00,75.69,76.26,75.64,76.04,39372.776
2026-08-11 21:00:00+00:00,76.04,76.45,76.0,76.44,26854.221
2026-08-11 22:00:00+00:00,76.45,76.66,76.25,76.4,23784.833
2026-08-11 23:00:00+00:00,76.42,76.42,76.21,76.3,13182.522
2026-08-12 00:00:00+00:00,76.3,76.38,76.23,76.37,7894.439
2026-08-12 01:00:00+00:00,76.37,76.6,76.31,76.44,10187.216
2026-08-12 02:00:00+00:00,76.44,76.61,76.42,76.44,11935.414
2026-08-12 03:00:00+00:00,76.44,76.54,76.27,76.42,10178.892
2026-08-12 04:00:00+00:00,76.43,76.58,76.28,76.3,6990.291
2026-08-12 05:00:00+00:00,76.3,76.38,76.19,76.34,11480.164
2026-08-12 06:00:00+00:00,76.32,76.36,75.99,76.04,8943.374
2026-08-12 07:00:00+00:00,76.05,76.27,75.95,76.27,9910.294
2026-08-12 08:00:00+00:00,76.27,76.46,76.15,76.18,19076.125
2026-08-12 09:00:00+00:00,76.19,76.9,76.13,76.76,26582.831
2026-08-12 10:00:00+00:00,76.76,76.84,76.67,76.77,17025.651
2026-08-12 11:00:00+00:00,76.79,76.88,76.7,76.84,11575.361
2026-08-12 12:00:00+00:00,76.85,77.3,76.37,76.65,94346.392
2026-08-12 13:00:00+00:00,76.66,76.68,76.07,76.24,52631.674
2026-08-12 14:00:00+00:00,76.21,76.24,75.43,75.47,53447.165
2026-08-12 15:00:00+00:00,75.47,75.87,75.39,75.76,30822.989
2026-08-12 16:00:00+00:00,75.75,75.86,75.57,75.7,19063.552
2026-08-12 17:00:00+00:00,75.7,76.06,75.68,75.93,15908.691
2026-08-12 18:00:00+00:00,75.93,76.09,75.84,75.89,11116.401
2026-08-12 19:00:00+00:00,75.89,76.01,75.6,75.76,13460.259
2026-08-12 20:00:00+00:00,75.76,76.02,75.75,75.94,8507.637
2026-08-12 21:00:00+00:00,75.95,76.01,75.44,75.49,19119.669
2026-08-12 22:00:00+00:00,75.48,75.68,75.35,75.54,17246.68
2026-08-12 23:00:00+00:00,75.54,75.64,75.39,75.62,15823.6
2026-08-13 00:00:00+00:00,75.62,75.88,75.56,75.61,14187.578
2026-08-13 01:00:00+00:00,75.6,75.81,75.48,75.64,13518.415
2026-08-13 02:00:00+00:00,75.64,75.98,75.53,75.98,13317.055
2026-08-13 03:00:00+00:00,75.98,76.32,75.96,76.25,36048.882
2026-08-13 04:00:00+00:00,76.27,76.28,76.04,76.13,17400.793
2026-08-13 05:00:00+00:00,76.13,76.62,76.09,76.52,23582.46
2026-08-13 06:00:00+00:00,76.52,76.55,76.32,76.52,13966.216
2026-08-13 07:00:00+00:00,76.54,76.54,76.39,76.44,11368.82
2026-08-13 08:00:00+00:00,76.44,76.49,76.18,76.2,7727.448
2026-08-13 09:00:00+00:00,76.21,76.22,75.9,76.16,17712.697
2026-08-13 10:00:00+00:00,76.15,76.19,75.7,75.76,25876.204
2026-08-13 11:00:00+00:00,75.75,75.76,75.56,75.66,13942.003
2026-08-13 12:00:00+00:00,75.68,76.14,75.64,76.13,17476.772
2026-08-13 13:00:00+00:00,76.15,76.36,76.05,76.2,22698.811
2026-08-13 14:00:00+00:00,76.21,76.58,76.15,76.45,22993.479
2026-08-13 15:00:00+00:00,76.46,76.55,75.64,75.65,21158.929
2026-08-13 16:00:00+00:00,75.65,75.87,75.11,75.6,56840.017
2026-08-13 17:00:00+00:00,75.58,75.93,75.55,75.77,19342.861
2026-08-13 18:00:00+00:00,75.76,76.1,75.69,76.03,8778.247
2026-08-13 19:00:00+00:00,76.03,76.28,75.98,76.19,14247.359
2026-08-13 20:00:00+00:00,76.2,76.34,76.14,76.23,12172.646
2026-08-13 21:00:00+00:00,76.22,76.31,76.13,76.22,8320.121
2026-08-13 22:00:00+00:00,76.22,76.44,76.21,76.25,11125.292
2026-08-13 23:00:00+00:00,76.26,76.3,76.15,76.27,7008.211
2026-08-14 00:00:00+00:00,76.27,76.33,75.99,76.08,28263.616
2026-08-14 01:00:00+00:00,76.06,76.18,75.92,76.09,11620.16
2026-08-14 02:00:00+00:00,76.09,76.2,76.0,76.04,8310.306
2026-08-14 03:00:00+00:00,76.04,76.07,75.76,75.76,12890.052
2026-08-14 04:00:00+00:00,75.76,76.03,75.75,75.83,5537.184
2026-08-14 05:00:00+00:00,75.85,76.0,75.81,75.93,5996.563
2026-08-14 06:00:00+00:00,75.93,75.93,75.52,75.54,11591.793
2026-08-14 07:00:00+00:00,75.53,75.73,75.5,75.59,15662.934
2026-08-14 08:00:00+00:00,75.59,75.87,75.57,75.86,15150.534
2026-08-14 09:00:00+00:00,75.87,75.87,75.43,75.5,13632.043
2026-08-14 10:00:00+00:00,75.49,75.65,75.36,75.41,13130.487
2026-08-14 11:00:00+00:00,75.4,75.6,75.39,75.53,14638.398
2026-08-14 12:00:00+00:00,75.53,75.59,75.35,75.47,15807.558
2026-08-14 13:00:00+00:00,75.48,75.49,75.26,75.37,30626.16
2026-08-14 14:00:00+00:00,75.36,75.42,75.07,75.27,23631.582
2026-08-14 15:00:00+00:00,75.26,75.77,75.2,75.64,21304.856
2026-08-14 16:00:00+00:00,75.65,75.71,75.45,75.47,13045.879
2026-08-14 17:00:00+00:00,75.48,75.68,75.17,75.29,10339.57
2026-08-14 18:00:00+00:00,75.3,75.3,74.94,74.97,27446.496
2026-08-14 19:00:00+00:00,74.97,75.12,74.68,75.02,28551.178
2026-08-14 20:00:00+00:00,75.02,75.25,74.99,75.17,12657.428
2026-08-14 21:00:00+00:00,75.16,75.24,75.11,75.21,10356.635
2026-08-14 22:00:00+00:00,75.21,75.28,74.97,75.2,10052.087
2026-08-14 23:00:00+00:00,75.2,75.42,75.15,75.41,11582.639
2026-08-15 00:00:00+00:00,75.41,75.43,75.34,75.35,6908.637
2026-08-15 01:00:00+00:00,75.35,75.48,75.29,75.41,10531.994
2026-08-15 02:00:00+00:00,75.42,75.68,75.4,75.66,10016.054
2026-08-15 03:00:00+00:00,75.68,75.72,75.4,75.41,6995.744
2026-08-15 04:00:00+00:00,75.42,75.61,75.35,75.53,11583.562
2026-08-15 05:00:00+00:00,75.53,75.59,75.31,75.35,12815.173
2026-08-15 06:00:00+00:00,75.36,75.49,75.26,75.43,6752.956
2026-08-15 07:00:00+00:00,75.43,75.44,75.21,75.23,11249.725
2026-08-15 08:00:00+00:00,75.24,75.31,75.07,75.09,7915.428
2026-08-15 09:00:00+00:00,75.08,75.26,75.04,75.23,6651.228
2026-08-15 10:00:00+00:00,75.26,75.35,75.2,75.29,5402.326
2026-08-15 11:00:00+00:00,75.29,75.31,75.21,75.25,3914.443
2026-08-15 12:00:00+00:00,75.26,75.43,75.2,75.43,4014.211
2026-08-15 13:00:00+00:00,75.42,75.58,75.4,75.56,8837.266
2026-08-15 14:00:00+00:00,75.56,75.59,75.46,75.47,11041.511
2026-08-15 15:00:00+00:00,75.46,75.54,75.38,75.52,5751.093
2026-08-15 16:00:00+00:00,75.54,75.54,75.41,75.48,5000.06
2026-08-15 17:00:00+00:00,75.49,75.68,75.48,75.67,9201.916
2026-08-15 18:00:00+00:00,75.67,75.68,75.51,75.56,7495.356
2026-08-15 19:00:00+00:00,75.57,75.57,75.52,75.55,2770.316
2026-08-15 20:00:00+00:00,75.56,75.58,75.43,75.53,5880.489
2026-08-15 21:00:00+00:00,75.53,75.74,75.53,75.62,10170.07
2026-08-15 22:00:00+00:00,75.62,75.68,75.56,75.59,4446.102
2026-08-15 23:00:00+00:00,75.58,75.59,75.31,75.35,10577.196
2026-08-16 00:00:00+00:00,75.34,75.5,75.27,75.47,4882.275
2026-08-16 01:00:00+00:00,75.45,75.49,75.3,75.43,5558.219
2026-08-16 02:00:00+00:00,75.43,75.66,75.27,75.57,8606.227
2026-08-16 03:00:00+00:00,75.58,75.66,75.56,75.59,5898.226
2026-08-16 04:00:00+00:00,75.58,75.62,75.44,75.46,2304.586
2026-08-16 05:00:00+00:00,75.46,75.52,75.35,75.37,5854.454
2026-08-16 06:00:00+00:00,75.37,75.52,75.28,75.38,6524.676
2026-08-16 07:00:00+00:00,75.38,75.48,75.34,75.48,2291.617
2026-08-16 08:00:00+00:00,75.48,75.49,75.41,75.47,2159.715
2026-08-16 09:00:00+00:00,75.48,75.48,75.27,75.32,6414.346
2026-08-16 10:00:00+00:00,75.33,75.33,75.18,75.27,5561.346
2026-08-16 11:00:00+00:00,75.28,75.32,75.22,75.28,3880.757
2026-08-16 12:00:00+00:00,75.29,75.3,75.2,75.23,2491.834
2026-08-16 13:00:00+00:00,75.23,75.42,75.23,75.31,4864.162
2026-08-16 14:00:00+00:00,75.31,75.42,75.25,75.39,2946.99
2026-08-16 15:00:00+00:00,75.4,75.64,75.39,75.57,9582.262
2026-08-16 16:00:00+00:00,75.57,75.72,75.5,75.56,18286.365
2026-08-16 17:00:00+00:00,75.56,75.61,75.28,75.28,8825.533
2026-08-16 18:00:00+00:00,75.29,75.3,75.05,75.18,14234.891
2026-08-16 19:00:00+00:00,75.19,75.37,75.19,75.24,4447.031
2026-08-16 20:00:00+00:00,75.23,75.32,74.99,75.04,14722.219
2026-08-16 21:00:00+00:00,75.04,75.09,74.01,74.35,45173.375
2026-08-16 22:00:00+00:00,74.34,74.54,74.18,74.52,22401.526
2026-08-16 23:00:00+00:00,74.52,74.66,74.47,74.62,8692.328
2026-08-17 00:00:00+00:00,74.62,74.74,74.44,74.63,18017.132
2026-08-17 01:00:00+00:00,74.6,75.35,74.58,75.1,34037.519
2026-08-17 02:00:00+00:00,75.1,75.59,75.06,75.48,25571.449
2026-08-17 03:00:00+00:00,75.49,75.58,75.45,75.51,29452.675
2026-08-17 04:00:00+00:00,75.51,75.63,75.5,75.56,13136.436
2026-08-17 05:00:00+00:00,75.57,75.62,75.41,75.41,13708.896
2026-08-17 06:00:00+00:00,75.42,76.03,75.37,75.84,27287.107
2026-08-17 07:00:00+00:00,75.85,75.95,75.73,75.79,18950.983
2026-08-17 08:00:00+00:00,75.79,75.81,75.18,75.25,31251.99
2026-08-17 09:00:00+00:00,75.25,75.43,75.22,75.36,20215.839
2026-08-17 10:00:00+00:00,75.35,75.8,75.3,75.78,13945.486
2026-08-17 11:00:00+00:00,75.78,75.92,75.67,75.71,17502.873
2026-08-17 12:00:00+00:00,75.71,75.72,75.36,75.43,22871.12
2026-08-17 13:00:00+00:00,75.44,75.78,75.29,75.65,20178.71
2026-08-17 14:00:00+00:00,75.65,76.01,75.52,75.98,18058.494
2026-08-17 15:00:00+00:00,75.99,76.23,75.79,76.11,34483.954
2026-08-17 16:00:00+00:00,76.11,76.14,75.94,76.01,26415.358
2026-08-17 17:00:00+00:00,76.01,76.11,75.7,75.94,24444.432
2026-08-17 18:00:00+00:00,75.93,76.2,75.87,75.91,13634.459
2026-08-17 19:00:00+00:00,75.91,75.96,75.75,75.81,8693.636
2026-08-17 20:00:00+00:00,75.8,76.11,75.64,75.99,16653.932
2026-08-17 21:00:00+00:00,76.0,76.06,75.88,75.96,9292.57
2026-08-17 22:00:00+00:00,75.99,76.04,75.72,75.75,8874.112
2026-08-17 23:00:00+00:00,75.75,76.13,75.71,76.01,11828.219
2026-08-18 00:00:00+00:00,76.02,76.1,75.88,76.04,13996.824
2026-08-18 01:00:00+00:00,76.05,76.06,75.57,75.61,13106.986
2026-08-18 02:00:00+00:00,75.61,75.65,75.21,75.28,22515.075
2026-08-18 03:00:00+00:00,75.28,75.54,75.27,75.49,15223.057
2026-08-18 04:00:00+00:00,75.5,75.85,75.4,75.84,18362.424
2026-08-18 05:00:00+00:00,75.84,75.96,75.58,75.72,26437.909
2026-08-18 06:00:00+00:00,75.72,76.05,75.64,76.01,15538.575
2026-08-18 07:00:00+00:00,76.02,76.26,75.97,76.09,34954.553
2026-08-18 08:00:00+00:00,76.09,76.2,75.86,76.17,25790.315
2026-08-18 09:00:00+00:00,76.17,76.17,75.88,75.95,13132.578
2026-08-18 10:00:00+00:00,75.95,75.99,75.81,75.84,11853.736
2026-08-18 11:00:00+00:00,75.84,76.45,75.82,76.32,37632.518
2026-08-18 12:00:00+00:00,76.33,76.52,76.23,76.25,21149.751
2026-08-18 13:00:00+00:00,76.25,76.29,76.06,76.22,21078.505
2026-08-18 14:00:00+00:00,76.2,77.31,76.12,76.79,77061.545
2026-08-18 15:00:00+00:00,76.79,77.25,76.79,77.19,37129.926
2026-08-18 16:00:00+00:00,77.19,77.32,76.85,77.08,27035.951
2026-08-18 17:00:00+00:00,77.09,77.1,76.88,76.9,16049.521
2026-08-18 18:00:00+00:00,76.89,77.31,76.89,77.28,14216.124
2026-08-18 19:00:00+00:00,77.27,77.42,77.08,77.18,19420.72
2026-08-18 20:00:00+00:00,77.19,77.23,76.75,76.9,24264.574
2026-08-18 21:00:00+00:00,76.89,77.12,76.89,77.0,19608.46
2026-08-18 22:00:00+00:00,76.99,77.2,76.89,76.96,23448.187
2026-08-18 23:00:00+00:00,76.94,77.24,76.94,77.07,22093.136
2026-08-19 00:00:00+00:00,77.07,77.11,76.82,76.92,13415.299
2026-08-19 01:00:00+00:00,76.91,77.07,76.72,76.8,39988.881
2026-08-19 02:00:00+00:00,76.79,76.93,76.71,76.81,12108.656
2026-08-19 03:00:00+00:00,76.82,77.1,76.71,76.98,14227.85
2026-08-19 04:00:00+00:00,76.98,77.14,76.8,76.86,11586.158
2026-08-19 05:00:00+00:00,76.86,77.06,76.78,76.81,17686.976
2026-08-19 06:00:00+00:00,76.81,77.16,76.64,77.08,27884.254
2026-08-19 07:00:00+00:00,77.1,77.1,76.95,76.95,19273.368
2026-08-19 08:00:00+00:00,76.95,77.67,76.92,77.38,48911.64
2026-08-19 09:00:00+00:00,77.38,77.48,77.22,77.3,21336.71
2026-08-19 10:00:00+00:00,77.31,77.39,77.22,77.38,9484.117
2026-08-19 11:00:00+00:00,77.39,77.61,77.38,77.54,25634.329
2026-08-19 12:00:00+00:00,77.54,78.82,77.43,78.41,60118.647
2026-08-19 13:00:00+00:00,78.39,78.7,78.17,78.4,59065.758
2026-08-19 14:00:00+00:00,78.42,81.0,78.37,80.88,137169.991
2026-08-19 15:00:00+00:00,80.92,82.91,80.69,81.85,421136.018
2026-08-19 16:00:00+00:00,81.84,82.39,81.55,81.59,106491.931
2026-08-19 17:00:00+00:00,81.58,81.72,81.02,81.65,79753.985
2026-08-19 18:00:00+00:00,81.66,82.29,81.27,82.28,62602.216
2026-08-19 19:00:00+00:00,82.27,82.5,82.01,82.36,64609.322
2026-08-19 20:00:00+00:00,82.37,84.33,82.28,83.71,117452.649
2026-08-19 21:00:00+00:00,83.73,87.27,83.72,86.61,153999.568
2026-08-19 22:00:00+00:00,86.65,86.84,84.94,85.49,150695.639
2026-08-19 23:00:00+00:00,85.51,85.75,85.06,85.37,83943.981
2026-08-20 00:00:00+00:00,85.38,85.79,84.92,85.0,79627.722
2026-08-20 01:00:00+00:00,85.0,85.39,84.66,85.36,103819.443
2026-08-20 02:00:00+00:00,85.36,85.46,84.69,84.77,36239.181
2026-08-20 03:00:00+00:00,84.78,84.79,84.0,84.49,62656.717
2026-08-20 04:00:00+00:00,84.48,84.96,84.43,84.85,34239.428
2026-08-20 05:00:00+00:00,84.85,85.08,84.82,84.95,32015.237
2026-08-20 06:00:00+00:00,84.98,85.92,84.7,85.91,89798.74
2026-08-20 07:00:00+00:00,85.91,86.19,85.78,86.15,56514.385
2026-08-20 08:00:00+00:00,86.15,87.97,86.05,87.51,158296.68
2026-08-20 09:00:00+00:00,87.53,87.82,87.09,87.36,123003.984
2026-08-20 10:00:00+00:00,87.34,87.81,87.01,87.46,56497.653
2026-08-20 11:00:00+00:00,87.46,88.13,87.09,87.25,85943.642
2026-08-20 12:00:00+00:00,87.22,87.42,86.54,87.08,89748.511
2026-08-20 13:00:00+00:00,87.1,87.49,86.21,86.56,134737.509
2026-08-20 14:00:00+00:00,86.56,86.87,86.17,86.61,73964.748
2026-08-20 15:00:00+00:00,86.61,87.47,86.57,87.37,115343.148
2026-08-20 16:00:00+00:00,87.37,87.85,86.88,87.76,83642.32
2026-08-20 17:00:00+00:00,87.74,87.94,87.29,87.5,81257.652
2026-08-20 18:00:00+00:00,87.5,87.66,86.66,86.87,70053.619
2026-08-20 19:00:00+00:00,86.86,87.52,86.86,87.31,61915.976
2026-08-20 20:00:00+00:00,87.32,87.67,87.24,87.6,37101.758
2026-08-20 21:00:00+00:00,87.58,87.87,87.43,87.51,40206.94
2026-08-20 22:00:00+00:00,87.51,87.59,87.2,87.21,34528.553
2026-08-20 23:00:00+00:00,87.25,87.99,87.22,87.66,53257.865
2026-08-21 00:00:00+00:00,87.65,88.79,87.57,88.24,81656.242
2026-08-21 01:00:00+00:00,88.21,89.49,88.12,89.02,111873.219
2026-08-21 02:00:00+00:00,89.03,90.21,88.5,89.26,167197.129
2026-08-21 03:00:00+00:00,89.27,89.55,88.75,89.11,77224.866
2026-08-21 04:00:00+00:00,89.11,89.5,88.88,89.44,76313.449
2026-08-21 05:00:00+00:00,89.47,90.74,89.18,90.45,75223.537
2026-08-21 06:00:00+00:00,90.45,91.32,89.78,90.22,110767.417
2026-08-21 07:00:00+00:00,90.23,91.18,89.96,90.43,107826.637
2026-08-21 08:00:00+00:00,90.43,93.42,90.38,93.3,126588.761
2026-08-21 09:00:00+00:00,93.27,93.35,90.33,91.7,174425.046
2026-08-21 10:00:00+00:00,91.67,91.74,90.87,91.48,87071.165
2026-08-21 11:00:00+00:00,91.48,91.62,89.91,90.31,110793.948
2026-08-21 12:00:00+00:00,90.31,91.15,90.03,90.86,70753.645
2026-08-21 13:00:00+00:00,90.9,91.36,89.79,91.07,93405.782
2026-08-21 14:00:00+00:00,91.05,91.97,90.55,91.91,89582.645
2026-08-21 15:00:00+00:00,91.89,92.15,91.24,91.36,87963.747
2026-08-21 16:00:00+00:00,91.37,91.92,90.77,91.62,50379.542
2026-08-21 17:00:00+00:00,91.64,91.98,91.17,91.77,97087.844
2026-08-21 18:00:00+00:00,91.81,92.05,91.09,91.58,65941.241
2026-08-21 19:00:00+00:00,91.59,91.61,90.78,90.98,52918.27
2026-08-21 20:00:00+00:00,90.96,91.97,90.59,91.85,58068.679
2026-08-21 21:00:00+00:00,91.84,93.87,91.7,93.72,123366.83
2026-08-21 22:00:00+00:00,93.73,94.63,93.33,94.28,126833.11
2026-08-21 23:00:00+00:00,94.33,95.0,93.39,93.73,106590.831
2026-08-22 00:00:00+00:00,93.73,94.41,92.88,93.89,70903.504
2026-08-22 01:00:00+00:00,93.87,94.43,93.49,93.69,66144.48
2026-08-22 02:00:00+00:00,93.67,95.78,93.67,95.64,93881.672
2026-08-22 03:00:00+00:00,95.65,97.56,95.5,96.8,175049.888
2026-08-22 04:00:00+00:00,96.8,102.71,96.18,99.15,260651.175
2026-08-22 05:00:00+00:00,99.13,99.98,87.85,94.18,356742.52892815
2026-08-22 06:00:00+00:00,94.17,95.13,93.08,94.29,119696.651
2026-08-22 07:00:00+00:00,94.28,95.53,94.06,94.45,90929.054
2026-08-22 08:00:00+00:00,94.47,95.01,93.06,94.1,101307.473
2026-08-22 09:00:00+00:00,94.1,94.58,92.99,93.92,82527.391
2026-08-22 10:00:00+00:00,93.92,94.0,91.33,92.87,96885.116
2026-08-22 11:00:00+00:00,92.88,93.54,92.58,93.32,57683.416
2026-08-22 12:00:00+00:00,93.32,94.36,93.16,93.85,60573.22
2026-08-22 13:00:00+00:00,93.86,94.24,93.55,94.12,38814.087
2026-08-22 14:00:00+00:00,94.13,94.31,92.92,93.25,55534.296
2026-08-22 15:00:00+00:00,93.26,93.58,92.83,93.08,53557.162
2026-08-22 16:00:00+00:00,93.08,94.66,93.07,94.31,56732.891
2026-08-22 17:00:00+00:00,94.33,94.56,93.78,94.27,64053.667
2026-08-22 18:00:00+00:00,94.27,94.52,94.03,94.46,34965.76
2026-08-22 19:00:00+00:00,94.45,94.81,94.28,94.48,61023.728
2026-08-22 20:00:00+00:00,94.5,94.78,94.3,94.4,31522.058
2026-08-22 21:00:00+00:00,94.38,94.4,92.73,92.84,53540.396
2026-08-22 22:00:00+00:00,92.82,94.0,92.59,93.63,49435.291
2026-08-22 23:00:00+00:00,93.63,94.0,93.35,93.86,30874.966
2026-08-23 00:00:00+00:00,93.83,97.46,93.58,96.36,112786.628
2026-08-23 01:00:00+00:00,96.36,96.58,95.66,96.0,87229.825
2026-08-23 02:00:00+00:00,96.0,96.73,94.01,94.9,106871.555
2026-08-23 03:00:00+00:00,94.89,95.03,93.43,93.7,76329.309
2026-08-23 04:00:00+00:00,93.71,94.1,92.16,92.56,71408.812
2026-08-23 05:00:00+00:00,92.55,93.3,91.59,92.31,81547.193
2026-08-23 06:00:00+00:00,92.3,92.77,91.76,92.25,61331.956
2026-08-23 07:00:00+00:00,92.26,92.99,92.13,92.49,50645.504
2026-08-23 08:00:00+00:00,92.46,93.52,92.33,93.2,55097.873
2026-08-23 09:00:00+00:00,93.19,93.55,92.91,93.35,38931.945
2026-08-23 10:00:00+00:00,93.32,94.11,93.29,93.65,46293.749
2026-08-23 11:00:00+00:00,93.63,94.81,93.55,94.63,50404.331
2026-08-23 12:00:00+00:00,94.62,94.8,94.11,94.59,45756.836
2026-08-23 13:00:00+00:00,94.58,95.8,94.58,95.39,55460.996
2026-08-23 14:00:00+00:00,95.38,95.68,93.22,95.03,91970.192
2026-08-23 15:00:00+00:00,95.08,95.88,94.68,95.37,73484.8
2026-08-23 16:00:00+00:00,95.36,95.72,95.19,95.41,44102.854
2026-08-23 17:00:00+00:00,95.45,95.52,94.82,95.12,52161.567
2026-08-23 18:00:00+00:00,95.13,95.46,94.96,95.3,29223.236
2026-08-23 19:00:00+00:00,95.33,95.49,94.83,95.07,41150.186
2026-08-23 20:00:00+00:00,95.08,95.38,94.77,95.07,24894.113
2026-08-23 21:00:00+00:00,95.08,96.25,95.08,95.36,73632.833
2026-08-23 22:00:00+00:00,95.43,95.73,94.78,95.57,54764.781
2026-08-23 23:00:00+00:00,95.62,95.88,95.03,95.43,55206.162
2026-08-24 00:00:00+00:00,95.44,95.55,93.89,95.55,96925.684
2026-08-24 01:00:00+00:00,95.55,95.55,93.74,93.88,78851.816
2026-08-24 02:00:00+00:00,93.85,95.04,93.68,94.59,70814.764
2026-08-24 03:00:00+00:00,94.59,94.64,93.48,93.67,59555.248
2026-08-24 04:00:00+00:00,93.67,94.34,93.67,94.22,51283.144
2026-08-24 05:00:00+00:00,94.2,94.66,93.48,94.28,91299.172
2026-08-24 06:00:00+00:00,94.26,94.64,93.8,94.53,48542.166
2026-08-24 07:00:00+00:00,94.56,95.46,94.0,94.09,69336.366
2026-08-24 08:00:00+00:00,94.13,94.37,93.26,93.95,51077.332
2026-08-24 09:00:00+00:00,93.92,94.88,93.88,94.66,58122.155
2026-08-24 10:00:00+00:00,94.67,95.08,94.57,94.71,62944.509
2026-08-24 11:00:00+00:00,94.72,96.31,94.27,95.83,82939.099
2026-08-24 12:00:00+00:00,95.83,96.63,94.26,96.25,102450.61
2026-08-24 13:00:00+00:00,96.29,96.53,94.3,95.02,87895.1
2026-08-24 14:00:00+00:00,95.06,96.71,94.86,96.11,98502.163
2026-08-24 15:00:00+00:00,96.11,97.58,96.0,96.46,117736.694
2026-08-24 16:00:00+00:00,96.46,97.57,95.79,96.06,89493.926
2026-08-24 17:00:00+00:00,96.07,96.2,94.79,95.39,113620.174
2026-08-24 18:00:00+00:00,95.4,96.42,95.39,95.92,59801.514
2026-08-24 19:00:00+00:00,95.92,96.64,95.43,96.52,75056.499
2026-08-24 20:00:00+00:00,96.55,96.75,95.75,96.53,53376.398
2026-08-24 21:00:00+00:00,96.55,97.56,96.55,97.49,39000.004
2026-08-24 22:00:00+00:00,97.48,98.7,97.17,97.45,99879.225
2026-08-24 23:00:00+00:00,97.45,98.98,97.27,98.98,117236.213
2026-08-25 00:00:00+00:00,98.97,102.77,98.55,101.77,356557.447
2026-08-25 01:00:00+00:00,101.77,102.54,100.11,100.47,131553.101
2026-08-25 02:00:00+00:00,100.48,102.32,100.23,100.93,66697.837
2026-08-25 03:00:00+00:00,100.94,102.04,100.88,101.6,54361.119
2026-08-25 04:00:00+00:00,101.62,101.72,100.83,101.34,84880.262
2026-08-25 05:00:00+00:00,101.36,103.14,101.25,101.89,68019.489
2026-08-25 06:00:00+00:00,101.9,102.08,100.46,100.78,63158.259
2026-08-25 07:00:00+00:00,100.77,101.95,99.51,100.23,108448.598
2026-08-25 08:00:00+00:00,100.26,101.11,99.73,100.39,83980.98
2026-08-25 09:00:00+00:00,100.41,100.64,99.29,99.79,65022.833
2026-08-25 10:00:00+00:00,99.8,99.88,99.11,99.66,74826.354
2026-08-25 11:00:00+00:00,99.64,99.72,98.49,98.56,74832.124
2026-08-25 12:00:00+00:00,98.63,98.83,97.48,98.6,77984.677
2026-08-25 13:00:00+00:00,98.6,98.81,96.23,97.15,81807.981
2026-08-25 14:00:00+00:00,97.15,98.4,96.91,98.19,77127.102
2026-08-25 15:00:00+00:00,98.22,98.47,97.62,98.38,35997.324
2026-08-25 16:00:00+00:00,98.38,98.65,97.77,98.19,33357.568
2026-08-25 17:00:00+00:00,98.2,98.2,97.44,98.19,48740.284
2026-08-25 18:00:00+00:00,98.2,98.82,98.08,98.5,40593.372
2026-08-25 19:00:00+00:00,98.49,98.62,97.47,97.95,49645.884
2026-08-25 20:00:00+00:00,97.96,98.03,96.64,96.66,63688.308
2026-08-25 21:00:00+00:00,96.68,97.28,95.27,97.17,76987.593
2026-08-25 22:00:00+00:00,97.18,97.77,97.16,97.23,29669.558
2026-08-25 23:00:00+00:00,97.2,97.39,96.39,96.6,29999.699
2026-08-26 00:00:00+00:00,96.6,96.93,96.17,96.66,48873.082
2026-08-26 01:00:00+00:00,96.65,97.26,96.61,97.02,28392.424
2026-08-26 02:00:00+00:00,97.04,97.53,96.79,97.27,14087.277774
2026-08-26 03:00:00+00:00,97.27,97.36,96.82,97.06,18681.304
2026-08-26 04:00:00+00:00,97.05,97.31,96.56,96.61,30249.227
2026-08-26 05:00:00+00:00,96.62,97.19,96.25,97.07,25217.5
2026-08-26 06:00:00+00:00,97.08,97.31,96.52,96.79,26270.599
2026-08-26 07:00:00+00:00,96.8,97.15,96.68,96.93,28095.848
2026-08-26 08:00:00+00:00,96.94,97.38,96.69,96.82,16777.58
2026-08-26 09:00:00+00:00,96.82,97.01,95.8,96.17,37121.063
2026-08-26 10:00:00+00:00,96.15,97.87,96.0,97.47,46222.13
2026-08-26 11:00:00+00:00,97.47,97.65,96.69,97.04,31831.119
2026-08-26 12:00:00+00:00,97.04,97.56,96.09,97.03,48280.98
2026-08-26 13:00:00+00:00,96.97,97.22,95.83,96.55,56892.821
2026-08-26 14:00:00+00:00,96.54,96.96,95.41,95.47,60762.208
2026-08-26 15:00:00+00:00,95.47,96.33,94.96,95.94,48343.196
2026-08-26 16:00:00+00:00,95.94,96.18,95.47,95.94,23277.052
2026-08-26 17:00:00+00:00,95.96,97.22,95.88,96.97,50822.232
2026-08-26 18:00:00+00:00,96.97,97.16,96.64,96.84,24517.164
2026-08-26 19:00:00+00:00,96.83,96.91,96.35,96.8,36074.594
2026-08-26 20:00:00+00:00,96.79,97.03,96.28,96.93,24556.191
2026-08-26 21:00:00+00:00,96.94,98.32,96.89,98.24,49644.985
2026-08-26 22:00:00+00:00,98.23,100.95,98.04,99.67,94574.465
2026-08-26 23:00:00+00:00,99.68,102.44,99.53,102.06,129872.773
2026-08-27 00:00:00+00:00,102.09,102.11,100.6,100.61,74012.632
2026-08-27 01:00:00+00:00,100.59,101.91,100.52,101.44,52347.116
2026-08-27 02:00:00+00:00,101.46,101.94,100.87,101.17,43725.66
2026-08-27 03:00:00+00:00,101.15,101.79,100.89,101.06,34575.168
2026-08-27 04:00:00+00:00,101.06,101.52,100.7,101.05,37122.512
2026-08-27 05:00:00+00:00,101.08,102.27,100.77,102.05,42889.938
2026-08-27 06:00:00+00:00,102.02,102.02,100.88,101.29,51971.861
2026-08-27 07:00:00+00:00,101.26,102.07,101.04,101.77,41675.286
2026-08-27 08:00:00+00:00,101.8,105.05,101.72,104.67,166005.337
2026-08-27 09:00:00+00:00,104.67,105.78,104.07,104.41,114842.907
2026-08-27 10:00:00+00:00,104.4,105.02,103.08,104.1,79783.734
2026-08-27 11:00:00+00:00,104.12,104.93,103.41,103.93,46414.788
2026-08-27 12:00:00+00:00,103.94,104.76,103.93,104.42,39745.678
2026-08-27 13:00:00+00:00,104.42,106.3,104.16,106.03,77679.405
2026-08-27 14:00:00+00:00,106.06,107.94,105.21,106.78,133787.347
2026-08-27 15:00:00+00:00,106.8,108.0,106.5,107.17,102139.127
2026-08-27 16:00:00+00:00,107.17,109.48,106.88,108.94,73763.587
2026-08-27 17:00:00+00:00,108.95,109.62,107.68,108.18,75210.659
2026-08-27 18:00:00+00:00,108.19,108.37,106.7,108.37,51876.36
2026-08-27 19:00:00+00:00,108.39,109.93,108.25,109.4,77145.268
2026-08-27 20:00:00+00:00,109.37,109.78,108.42,109.01,59072.808
2026-08-27 21:00:00+00:00,109.02,109.14,108.17,108.72,42091.546
2026-08-27 22:00:00+00:00,108.74,110.62,108.74,109.2,53705.638
2026-08-27 23:00:00+00:00,109.18,110.04,108.85,109.14,46375.012
2026-08-28 00:00:00+00:00,109.16,110.1,108.71,109.1,76288.708
2026-08-28 01:00:00+00:00,109.13,109.75,107.7,107.87,75372.651
2026-08-28 02:00:00+00:00,107.82,107.97,106.18,106.52,86196.53
2026-08-28 03:00:00+00:00,106.51,107.33,105.87,106.91,63537.073
2026-08-28 04:00:00+00:00,106.84,107.62,106.27,106.78,50297.876
2026-08-28 05:00:00+00:00,106.77,107.47,106.64,107.2,45241.536
2026-08-28 06:00:00+00:00,107.22,107.82,107.19,107.55,32569.263
2026-08-28 07:00:00+00:00,107.56,107.56,106.3,106.36,38926.203
2026-08-28 08:00:00+00:00,106.36,106.88,105.81,106.05,44822.736
2026-08-28 09:00:00+00:00,106.06,106.61,105.51,105.94,50869.436
2026-08-28 10:00:00+00:00,105.95,106.21,104.53,106.19,90951.345
2026-08-28 11:00:00+00:00,106.18,106.83,105.57,105.83,69307.527
2026-08-28 12:00:00+00:00,105.82,106.02,104.55,104.89,103760.103
2026-08-28 13:00:00+00:00,104.86,105.6,104.67,105.18,82440.4
2026-08-28 14:00:00+00:00,105.17,106.68,103.64,106.26,259774.94
2026-08-28 15:00:00+00:00,106.29,107.95,105.22,105.24,220973.856
2026-08-28 16:00:00+00:00,105.25,105.71,103.0,105.17,237027.435
2026-08-28 17:00:00+00:00,105.17,105.26,104.3,104.68,81210.225
2026-08-28 18:00:00+00:00,104.68,104.72,102.29,103.11,102365.458
2026-08-28 19:00:00+00:00,103.11,103.87,103.01,103.4,62872.429
2026-08-28 20:00:00+00:00,103.4,104.33,102.84,103.86,55365.954
2026-08-28 21:00:00+00:00,103.88,104.04,103.28,103.44,42950.363
2026-08-28 22:00:00+00:00,103.46,104.21,103.41,104.14,42356.422
2026-08-28 23:00:00+00:00,104.11,104.37,103.99,104.13,43324.945
2026-08-29 00:00:00+00:00,104.14,104.58,103.89,103.9,25469.996
2026-08-29 01:00:00+00:00,103.89,104.35,103.81,104.16,31171.35
2026-08-29 02:00:00+00:00,104.17,104.39,103.65,103.95,30957.779
2026-08-29 03:00:00+00:00,103.96,104.22,103.83,103.88,49538.412
2026-08-29 04:00:00+00:00,103.89,104.03,103.47,103.87,38076.083
2026-08-29 05:00:00+00:00,103.87,104.2,103.82,104.03,33949.348
2026-08-29 06:00:00+00:00,104.03,104.05,103.34,103.59,26741.649
2026-08-29 07:00:00+00:00,103.59,103.97,103.59,103.73,26073.625
2026-08-29 08:00:00+00:00,103.73,103.73,103.13,103.47,29007.863
2026-08-29 09:00:00+00:00,103.49,103.63,103.3,103.32,28165.019
2026-08-29 10:00:00+00:00,103.33,103.6,103.02,103.44,25146.913
2026-08-29 11:00:00+00:00,103.45,103.7,103.41,103.48,11676.328
2026-08-29 12:00:00+00:00,103.5,104.0,103.38,103.6,37441.177
2026-08-29 13:00:00+00:00,103.61,103.97,103.51,103.81,28506.303
2026-08-29 14:00:00+00:00,103.82,105.5,103.78,105.34,94860.986
2026-08-29 15:00:00+00:00,105.41,105.51,104.66,105.02,66377.149
2026-08-29 16:00:00+00:00,105.03,105.39,104.85,104.87,59614.872
2026-08-29 17:00:00+00:00,104.87,105.14,104.39,104.85,34392.629
2026-08-29 18:00:00+00:00,104.85,105.29,104.75,105.13,35101.658
2026-08-29 19:00:00+00:00,105.13,105.87,105.12,105.36,42243.581
2026-08-29 20:00:00+00:00,105.38,105.53,105.08,105.22,26428.871
2026-08-29 21:00:00+00:00,105.22,105.5,104.8,105.05,29295.693
2026-08-29 22:00:00+00:00,105.04,105.55,104.9,105.51,21965.087
2026-08-29 23:00:00+00:00,105.5,105.77,105.44,105.62,35631.014
2026-08-30 00:00:00+00:00,105.61,105.71,105.23,105.26,31420.144
2026-08-30 01:00:00+00:00,105.27,105.38,105.03,105.24,29371.493
2026-08-30 02:00:00+00:00,105.25,105.48,105.18,105.24,31413.545
2026-08-30 03:00:00+00:00,105.23,105.34,104.98,105.06,25115.831
2026-08-30 04:00:00+00:00,105.07,105.13,104.68,105.11,34000.69
2026-08-30 05:00:00+00:00,105.12,105.25,104.92,105.08,19343.867
2026-08-30 06:00:00+00:00,105.09,105.43,104.93,105.43,12267.07
2026-08-30 07:00:00+00:00,105.43,105.45,104.73,104.84,24652.944
2026-08-30 08:00:00+00:00,104.85,105.06,104.47,104.76,38808.023
2026-08-30 09:00:00+00:00,104.75,104.97,104.48,104.61,29939.836
2026-08-30 10:00:00+00:00,104.58,105.23,104.49,105.1,25474.472
2026-08-30 11:00:00+00:00,105.11,105.3,104.93,105.1,22416.609
2026-08-30 12:00:00+00:00,105.1,106.18,105.06,106.11,59094.617
2026-08-30 13:00:00+00:00,106.12,107.47,105.88,107.11,92046.834
2026-08-30 14:00:00+00:00,107.11,107.24,106.64,106.73,48995.019
2026-08-30 15:00:00+00:00,106.74,106.83,105.96,106.28,60553.598
2026-08-30 16:00:00+00:00,106.31,107.15,106.14,106.9,66766.151
2026-08-30 17:00:00+00:00,106.9,106.9,105.27,106.41,60139.457
2026-08-30 18:00:00+00:00,106.41,106.86,106.05,106.7,34705.546
2026-08-30 19:00:00+00:00,106.7,106.81,105.46,105.83,35276.123
2026-08-30 20:00:00+00:00,105.83,106.03,104.41,104.76,58055.371
2026-08-30 21:00:00+00:00,104.78,104.78,103.42,104.46,64476.324
2026-08-30 22:00:00+00:00,104.47,104.74,103.34,103.81,40800.929
2026-08-30 23:00:00+00:00,103.8,103.81,100.34,101.78,81936.134
2026-08-31 00:00:00+00:00,101.77,102.61,101.13,102.15,33890.715
2026-08-31 01:00:00+00:00,102.12,102.26,101.41,101.52,37673.313
2026-08-31 02:00:00+00:00,101.52,102.36,101.23,101.46,27191.468
2026-08-31 03:00:00+00:00,101.48,102.21,101.3,101.96,30445.679
2026-08-31 04:00:00+00:00,101.97,102.0,100.92,101.44,54421.146
2026-08-31 05:00:00+00:00,101.42,103.03,101.26,102.64,57736.146
2026-08-31 06:00:00+00:00,102.63,102.89,102.35,102.73,37526.775
2026-08-31 07:00:00+00:00,102.7,103.17,102.63,102.98,43780.305
2026-08-31 08:00:00+00:00,102.98,103.45,102.47,103.22,52432.857
2026-08-31 09:00:00+00:00,103.21,103.48,103.0,103.08,36241.711
2026-08-31 10:00:00+00:00,103.11,104.07,102.66,103.68,31391.913
2026-08-31 11:00:00+00:00,103.67,104.17,103.26,103.43,44811.31
2026-08-31 12:00:00+00:00,103.4,103.77,102.47,102.77,48608.929
2026-08-31 13:00:00+00:00,102.78,103.06,102.18,102.38,47735.242
2026-08-31 14:00:00+00:00,102.37,103.91,102.23,103.51,52570.559
2026-08-31 15:00:00+00:00,103.53,103.66,102.78,102.86,43855.106
2026-08-31 16:00:00+00:00,102.88,103.32,102.46,102.83,36282.531
2026-08-31 17:00:00+00:00,102.83,103.79,102.65,103.63,39219.418
2026-08-31 18:00:00+00:00,103.64,105.0,103.4,104.47,43145.355
2026-08-31 19:00:00+00:00,104.45,104.76,103.54,103.61,37304.173
2026-08-31 20:00:00+00:00,103.63,104.29,103.54,103.75,22395.326
2026-08-31 21:00:00+00:00,103.75,103.97,103.23,103.64,49403.527
2026-08-31 22:00:00+00:00,103.66,103.78,103.12,103.21,18662.261
2026-08-31 23:00:00+00:00,103.21,103.21,102.89,103.05,15126.557
2026-09-01 00:00:00+00:00,103.04,103.54,102.94,103.19,21179.585
2026-09-01 01:00:00+00:00,103.18,103.53,102.77,103.24,29800.044
2026-09-01 02:00:00+00:00,103.21,103.43,102.82,103.4,18779.016
2026-09-01 03:00:00+00:00,103.4,104.19,103.28,103.66,23023.352
2026-09-01 04:00:00+00:00,103.65,104.09,103.53,103.63,16892.698
2026-09-01 05:00:00+00:00,103.64,104.37,103.61,104.32,52705.124
2026-09-01 06:00:00+00:00,104.31,104.31,103.37,103.37,33512.168
2026-09-01 07:00:00+00:00,103.37,103.58,102.82,103.15,47245.052
2026-09-01 08:00:00+00:00,103.16,103.22,101.8,102.07,77582.039
2026-09-01 09:00:00+00:00,102.08,102.28,101.86,101.98,35664.41
2026-09-01 10:00:00+00:00,101.98,102.73,101.95,102.37,42339.576
2026-09-01 11:00:00+00:00,102.35,102.62,102.1,102.28,37270.32
2026-09-01 12:00:00+00:00,102.3,102.49,101.47,101.93,51552.518
2026-09-01 13:00:00+00:00,101.92,102.47,101.33,101.98,70416.424
2026-09-01 14:00:00+00:00,101.99,102.6,101.88,102.02,58603.672
2026-09-01 15:00:00+00:00,102.04,102.36,101.0,102.04,66926.067
2026-09-01 16:00:00+00:00,102.04,102.07,100.63,100.95,59273.268
2026-09-01 17:00:00+00:00,100.95,101.24,100.45,100.59,55171.791
2026-09-01 18:00:00+00:00,100.59,100.72,98.34,99.6,148318.897
2026-09-01 19:00:00+00:00,99.6,100.34,99.53,100.07,77934.093
2026-09-01 20:00:00+00:00,100.11,100.34,99.68,100.11,45939.523
2026-09-01 21:00:00+00:00,100.1,100.23,98.94,99.6,76658.458
2026-09-01 22:00:00+00:00,99.6,99.93,99.37,99.7,40947.885
2026-09-01 23:00:00+00:00,99.67,100.25,99.62,99.99,33960.313
2026-09-02 00:00:00+00:00,99.99,100.25,99.62,99.67,28189.14
2026-09-02 01:00:00+00:00,99.66,99.94,98.52,99.09,59268.813
2026-09-02 02:00:00+00:00,99.1,99.92,98.78,99.92,86602.429
2026-09-02 03:00:00+00:00,99.92,100.69,99.83,100.29,59542.591
2026-09-02 04:00:00+00:00,100.31,100.31,99.75,100.09,38740.232
2026-09-02 05:00:00+00:00,100.09,100.4,99.78,100.28,29146.764
2026-09-02 06:00:00+00:00,100.31,100.38,99.69,100.09,33637.758
2026-09-02 07:00:00+00:00,100.12,100.43,99.83,99.85,25374.03
2026-09-02 08:00:00+00:00,99.86,100.03,98.81,99.01,57982.745
2026-09-02 09:00:00+00:00,99.01,99.32,98.22,98.64,71135.727
2026-09-02 10:00:00+00:00,98.63,98.68,97.47,98.24,72217.027
2026-09-02 11:00:00+00:00,98.23,98.27,97.38,98.11,61144.354
2026-09-02 12:00:00+00:00,98.1,98.48,97.64,97.7,42058.119
2026-09-02 13:00:00+00:00,97.7,99.66,97.69,99.21,61129.798
2026-09-02 14:00:00+00:00,99.22,99.78,98.92,98.94,67830.725
2026-09-02 15:00:00+00:00,98.93,99.51,98.46,99.32,87234.513
2026-09-02 16:00:00+00:00,99.33,99.81,98.78,98.81,63491.433
2026-09-02 17:00:00+00:00,98.84,99.32,98.22,99.31,72581.232
2026-09-02 18:00:00+00:00,99.32,99.68,99.18,99.53,57269.025
2026-09-02 19:00:00+00:00,99.53,99.64,99.08,99.42,31427.575
2026-09-02 20:00:00+00:00,99.45,100.02,99.34,99.7,57221.556
2026-09-02 21:00:00+00:00,99.71,99.84,99.43,99.67,25035.552
2026-09-02 22:00:00+00:00,99.67,99.76,99.2,99.55,26033.928
2026-09-02 23:00:00+00:00,99.55,100.54,99.43,100.43,29481.408
2026-09-03 00:00:00+00:00,100.43,100.47,99.48,99.52,33781.412
2026-09-03 01:00:00+00:00,99.52,100.58,99.22,100.16,71140.396
2026-09-03 02:00:00+00:00,100.16,101.34,99.96,101.11,52474.77
2026-09-03 03:00:00+00:00,101.12,101.19,100.19,100.53,59835.162
2026-09-03 04:00:00+00:00,100.52,101.0,100.09,101.0,43412.358
2026-09-03 05:00:00+00:00,101.01,101.05,99.72,100.88,70880.793
2026-09-03 06:00:00+00:00,100.88,101.0,100.59,100.89,30570.441
2026-09-03 07:00:00+00:00,100.87,101.38,100.28,100.4,64059.916
2026-09-03 08:00:00+00:00,100.41,101.13,100.41,100.64,41796.83
2026-09-03 09:00:00+00:00,100.64,100.79,100.13,100.15,41058.996
2026-09-03 10:00:00+00:00,100.17,100.48,99.92,100.43,42597.583
2026-09-03 11:00:00+00:00,100.43,101.0,100.32,100.81,64360.432
2026-09-03 12:00:00+00:00,100.78,101.83,100.61,101.68,80189.111
2026-09-03 13:00:00+00:00,101.67,102.01,101.12,101.49,119259.853
2026-09-03 14:00:00+00:00,101.48,104.84,101.24,104.81,165810.629
2026-09-03 15:00:00+00:00,104.81,105.66,103.78,105.16,203499.06
2026-09-03 16:00:00+00:00,105.16,105.19,103.86,104.55,74785.054
2026-09-03 17:00:00+00:00,104.59,105.22,104.41,105.1,82638.678
2026-09-03 18:00:00+00:00,105.1,105.3,104.63,105.23,48772.621
2026-09-03 19:00:00+00:00,105.22,105.88,105.05,105.28,48086.042
2026-09-03 20:00:00+00:00,105.28,105.46,104.75,104.92,32467.104
2026-09-03 21:00:00+00:00,104.92,105.71,104.79,105.2,47120.218
2026-09-03 22:00:00+00:00,105.19,105.31,103.67,104.15,68619.545
2026-09-03 23:00:00+00:00,104.16,104.23,103.84,103.95,42367.31
2026-09-04 00:00:00+00:00,103.94,104.32,103.44,103.48,74260.87
2026-09-04 01:00:00+00:00,103.52,103.87,103.25,103.81,38007.241
2026-09-04 02:00:00+00:00,103.8,103.81,103.34,103.78,22211.503
2026-09-04 03:00:00+00:00,103.78,104.12,103.71,103.71,28139.081
2026-09-04 04:00:00+00:00,103.71,104.37,103.6,103.92,25983.775
2026-09-04 05:00:00+00:00,103.91,104.08,103.45,103.71,36110.587
2026-09-04 06:00:00+00:00,103.7,104.05,103.36,103.62,25339.263
2026-09-04 07:00:00+00:00,103.63,104.06,103.55,103.61,54604.341
2026-09-04 08:00:00+00:00,103.61,104.52,103.24,104.39,64927.045
2026-09-04 09:00:00+00:00,104.41,104.79,103.98,104.06,98667.417
2026-09-04 10:00:00+00:00,104.05,104.14,103.56,104.11,30154.997
2026-09-04 11:00:00+00:00,104.14,104.51,103.96,104.08,43842.292
2026-09-04 12:00:00+00:00,104.09,104.44,100.21,101.59,248451.442
2026-09-04 13:00:00+00:00,101.59,102.25,101.06,101.66,107668.083
2026-09-04 14:00:00+00:00,101.65,101.81,100.33,100.8,62329.649
2026-09-04 15:00:00+00:00,100.79,101.66,100.66,101.45,68348.54
2026-09-04 16:00:00+00:00,101.44,102.08,101.34,101.82,29169.99
2026-09-04 17:00:00+00:00,101.83,101.87,101.09,101.24,40361.061
2026-09-04 18:00:00+00:00,101.24,101.69,101.22,101.66,17438.749
2026-09-04 19:00:00+00:00,101.66,101.96,101.61,101.69,19160.966
2026-09-04 20:00:00+00:00,101.69,101.87,101.6,101.77,19714.806
2026-09-04 21:00:00+00:00,101.77,101.93,101.47,101.58,34272.14
2026-09-04 22:00:00+00:00,101.57,101.86,101.57,101.74,16435.259
2026-09-04 23:00:00+00:00,101.74,101.97,101.66,101.91,11225.215
2026-09-05 00:00:00+00:00,101.92,101.99,101.72,101.82,20467.86
2026-09-05 01:00:00+00:00,101.83,102.16,101.75,101.84,31029.32
2026-09-05 02:00:00+00:00,101.85,101.96,101.69,101.95,20932.783
2026-09-05 03:00:00+00:00,101.96,102.01,101.76,101.89,16717.763
2026-09-05 04:00:00+00:00,101.9,101.93,101.7,101.75,19455.544
2026-09-05 05:00:00+00:00,101.75,101.94,101.6,101.87,30585.335
2026-09-05 06:00:00+00:00,101.9,102.39,101.82,102.29,29668.952
2026-09-05 07:00:00+00:00,102.29,102.61,102.17,102.23,25240.231
2026-09-05 08:00:00+00:00,102.23,102.59,102.11,102.59,27737.727
2026-09-05 09:00:00+00:00,102.59,102.82,102.52,102.55,21964.426
2026-09-05 10:00:00+00:00,102.55,102.71,102.4,102.52,26831.599
2026-09-05 11:00:00+00:00,102.53,102.59,102.22,102.35,23696.98
2026-09-05 12:00:00+00:00,102.35,103.25,102.33,103.23,34388.631
2026-09-05 13:00:00+00:00,103.24,103.42,102.58,102.66,61335.775
2026-09-05 14:00:00+00:00,102.65,102.96,102.65,102.87,27331.165
2026-09-05 15:00:00+00:00,102.86,102.98,102.64,102.94,43633.972
2026-09-05 16:00:00+00:00,102.94,103.52,102.81,103.41,33399.915
2026-09-05 17:00:00+00:00,103.4,104.3,103.29,104.24,97097.458
2026-09-05 18:00:00+00:00,104.25,104.38,103.76,103.92,31109.804
2026-09-05 19:00:00+00:00,103.92,103.98,103.24,103.41,25753.747
2026-09-05 20:00:00+00:00,103.43,103.62,103.14,103.25,52283.831
2026-09-05 21:00:00+00:00,103.25,103.98,103.21,103.73,17338.869
2026-09-05 22:00:00+00:00,103.75,103.87,103.22,103.37,17957.279
2026-09-05 23:00:00+00:00,103.38,103.39,102.97,103.17,30128.873
2026-09-06 00:00:00+00:00,103.17,103.52,103.16,103.31,20900.066
2026-09-06 01:00:00+00:00,103.32,104.22,103.26,104.05,56838.831
2026-09-06 02:00:00+00:00,104.05,104.74,103.88,104.37,57086.726
2026-09-06 03:00:00+00:00,104.39,107.07,104.36,105.96,133677.895
2026-09-06 04:00:00+00:00,105.97,106.35,105.59,105.76,75247.059
2026-09-06 05:00:00+00:00,105.77,106.84,105.48,106.43,77532.584
2026-09-06 06:00:00+00:00,106.43,106.46,105.33,105.37,45023.958
2026-09-06 07:00:00+00:00,105.38,105.57,104.7,105.26,68005.891
2026-09-06 08:00:00+00:00,105.23,105.41,105.0,105.2,42905.896
2026-09-06 09:00:00+00:00,105.2,107.28,105.18,106.5,114939.519
2026-09-06 10:00:00+00:00,106.5,106.91,106.37,106.64,54717.667
2026-09-06 11:00:00+00:00,106.64,106.73,106.26,106.45,48629.331
2026-09-06 12:00:00+00:00,106.46,107.35,106.38,106.8,51963.079
2026-09-06 13:00:00+00:00,106.8,107.16,105.91,107.08,66216.418
2026-09-06 14:00:00+00:00,107.11,107.12,105.17,105.73,85670.882
2026-09-06 15:00:00+00:00,105.75,105.98,104.88,105.76,67855.929
2026-09-06 16:00:00+00:00,105.76,106.38,105.5,106.08,38672.703
2026-09-06 17:00:00+00:00,106.09,106.42,105.58,106.19,40320.021
2026-09-06 18:00:00+00:00,106.2,106.58,105.86,105.97,31737.654
2026-09-06 19:00:00+00:00,105.99,105.99,105.37,105.5,24076.611
2026-09-06 20:00:00+00:00,105.5,105.88,105.36,105.74,19825.606
2026-09-06 21:00:00+00:00,105.76,106.27,105.76,105.92,25647.803
2026-09-06 22:00:00+00:00,105.92,106.03,104.92,105.85,56857.648
2026-09-06 23:00:00+00:00,105.86,106.79,105.81,106.55,69057.014
2026-09-07 00:00:00+00:00,106.56,106.65,105.9,106.17,63842.205
2026-09-07 01:00:00+00:00,106.17,106.35,105.05,105.33,64118.78
2026-09-07 02:00:00+00:00,105.33,107.08,104.93,105.79,58156.147
2026-09-07 03:00:00+00:00,105.81,105.9,104.93,104.95,53278.008
2026-09-07 04:00:00+00:00,104.96,105.3,104.75,105.09,44957.469
2026-09-07 05:00:00+00:00,105.1,105.81,105.06,105.16,40052.494
2026-09-07 06:00:00+00:00,105.13,105.4,104.87,105.07,46184.771
2026-09-07 07:00:00+00:00,105.09,105.54,103.8,104.48,82969.286
2026-09-07 08:00:00+00:00,104.48,104.9,104.45,104.71,52130.687
2026-09-07 09:00:00+00:00,104.73,105.18,104.6,104.67,41701.459
2026-09-07 10:00:00+00:00,104.69,105.15,104.66,105.01,31516.117
2026-09-07 11:00:00+00:00,105.01,105.16,104.75,104.93,34409.193
2026-09-07 12:00:00+00:00,104.93,105.91,104.92,105.74,43559.019
2026-09-07 13:00:00+00:00,105.73,105.82,104.85,105.08,61611.653
2026-09-07 14:00:00+00:00,105.09,105.19,104.02,104.67,68893.588
2026-09-07 15:00:00+00:00,104.66,104.73,102.95,103.26,70425.871
2026-09-07 16:00:00+00:00,103.27,103.89,103.22,103.88,35540.506
2026-09-07 17:00:00+00:00,103.89,104.24,103.79,104.01,19406.381
2026-09-07 18:00:00+00:00,104.02,104.1,103.58,103.92,19489.794
2026-09-07 19:00:00+00:00,103.93,104.41,103.83,104.36,36386.331
2026-09-07 20:00:00+00:00,104.36,104.4,103.92,104.11,28416.373
2026-09-07 21:00:00+00:00,104.12,104.17,103.8,103.92,21040.506
2026-09-07 22:00:00+00:00,103.92,104.06,103.18,103.54,31392.998
2026-09-07 23:00:00+00:00,103.54,104.03,103.5,103.8,33250.597
2026-09-08 00:00:00+00:00,103.8,104.17,103.46,104.1,42810.8
2026-09-08 01:00:00+00:00,104.1,104.41,104.01,104.38,34685.389
2026-09-08 02:00:00+00:00,104.38,104.53,103.29,103.3,33727.236
2026-09-08 03:00:00+00:00,103.29,103.46,102.75,103.36,75572.855
2026-09-08 04:00:00+00:00,103.35,103.46,103.0,103.01,29801.586
2026-09-08 05:00:00+00:00,103.01,103.5,102.91,102.97,72537.66
2026-09-08 06:00:00+00:00,102.98,103.1,102.43,102.68,55961.494
2026-09-08 07:00:00+00:00,102.7,103.14,102.62,102.95,38273.695
2026-09-08 08:00:00+00:00,102.95,103.29,102.5,103.06,28978.71
2026-09-08 09:00:00+00:00,103.06,103.83,102.94,103.7,45733.534
2026-09-08 10:00:00+00:00,103.67,104.09,103.37,103.39,48197.166
2026-09-08 11:00:00+00:00,103.39,103.45,102.65,102.87,41521.518
2026-09-08 12:00:00+00:00,102.88,103.33,102.48,103.09,38674.639
2026-09-08 13:00:00+00:00,103.1,103.18,101.74,102.68,76992.14
2026-09-08 14:00:00+00:00,102.69,103.45,102.47,103.33,62395.802
2026-09-08 15:00:00+00:00,103.32,104.4,103.24,104.32,69401.271
2026-09-08 16:00:00+00:00,104.3,104.82,103.59,104.2,65108.276
2026-09-08 17:00:00+00:00,104.2,104.43,103.68,103.71,48217.186
2026-09-08 18:00:00+00:00,103.71,104.5,103.18,103.38,42937.407
2026-09-08 19:00:00+00:00,103.38,103.6,102.88,103.2,77748.394
2026-09-08 20:00:00+00:00,103.23,103.78,103.07,103.07,34833.27
2026-09-08 21:00:00+00:00,103.1,103.35,102.81,103.03,42308.575
2026-09-08 22:00:00+00:00,103.03,103.46,102.98,103.43,25843.96
2026-09-08 23:00:00+00:00,103.43,103.59,103.28,103.36,24077.939
2026-09-09 00:00:00+00:00,103.37,103.89,103.34,103.79,21305.749
2026-09-09 01:00:00+00:00,103.79,103.93,103.38,103.79,37453.755
2026-09-09 02:00:00+00:00,103.78,104.02,103.34,103.46,34129.393
2026-09-09 03:00:00+00:00,103.47,103.49,102.97,103.3,31738.403
2026-09-09 04:00:00+00:00,103.32,104.45,103.31,104.43,53691.522
2026-09-09 05:00:00+00:00,104.45,104.71,103.76,104.08,65715.391
2026-09-09 06:00:00+00:00,104.09,104.77,104.0,104.53,28977.409
2026-09-09 07:00:00+00:00,104.53,105.17,104.49,104.58,54285.438
2026-09-09 08:00:00+00:00,104.59,105.04,104.56,104.82,32220.205
2026-09-09 09:00:00+00:00,104.83,104.86,103.44,103.51,38582.718
2026-09-09 10:00:00+00:00,103.51,104.07,103.5,103.8,34873.354
2026-09-09 11:00:00+00:00,103.79,104.32,103.3,104.25,48692.368
2026-09-09 12:00:00+00:00,104.25,104.82,104.12,104.67,49327.212
2026-09-09 13:00:00+00:00,104.67,104.7,103.54,103.8,67586.99
2026-09-09 14:00:00+00:00,103.81,104.18,103.37,103.47,63819.324
2026-09-09 15:00:00+00:00,103.49,104.11,102.08,103.06,102197.259
2026-09-09 16:00:00+00:00,103.07,103.51,102.77,103.39,41243.814
2026-09-09 17:00:00+00:00,103.38,103.82,103.23,103.54,31497.861
2026-09-09 18:00:00+00:00,103.54,103.75,103.22,103.27,26756.484
2026-09-09 19:00:00+00:00,103.28,103.38,102.19,102.35,56344.458
2026-09-09 20:00:00+00:00,102.34,102.67,101.82,102.56,70678.69
2026-09-09 21:00:00+00:00,102.57,102.63,101.82,102.08,46006.16
2026-09-09 22:00:00+00:00,102.11,102.18,100.14,100.82,69670.006
2026-09-09 23:00:00+00:00,100.82,101.76,100.75,101.61,30184.707
2026-09-10 00:00:00+00:00,101.57,101.74,100.95,101.03,35670.225
2026-09-10 01:00:00+00:00,101.03,101.75,100.53,101.07,44281.468
2026-09-10 02:00:00+00:00,101.07,101.91,101.0,101.9,14396.533
2026-09-10 03:00:00+00:00,101.9,102.07,101.68,101.86,27823.255
2026-09-10 04:00:00+00:00,101.85,102.21,101.8,101.98,27699.48
2026-09-10 05:00:00+00:00,101.99,102.18,101.66,102.12,35169.235
2026-09-10 06:00:00+00:00,102.11,102.14,101.41,101.93,17671.583
2026-09-10 07:00:00+00:00,101.94,101.94,100.85,101.32,37631.318
2026-09-10 08:00:00+00:00,101.32,101.41,101.03,101.18,41386.608
2026-09-10 09:00:00+00:00,101.17,101.42,100.82,101.14,28762.08
2026-09-10 10:00:00+00:00,101.12,101.38,100.86,101.06,33606.698
2026-09-10 11:00:00+00:00,101.05,101.54,100.83,101.01,38993.997
2026-09-10 12:00:00+00:00,101.0,101.49,98.4,98.93,175380.457
2026-09-10 13:00:00+00:00,98.92,99.85,98.88,99.74,118542.24
2026-09-10 14:00:00+00:00,99.74,100.36,99.25,100.21,44299.758
2026-09-10 15:00:00+00:00,100.21,100.21,99.43,99.73,50019.064
2026-09-10 16:00:00+00:00,99.73,99.89,98.86,99.69,54530.828
2026-09-10 17:00:00+00:00,99.67,100.46,99.57,99.97,69049.883
2026-09-10 18:00:00+00:00,99.97,100.01,99.26,99.93,20397.147
2026-09-10 19:00:00+00:00,99.93,100.1,99.61,99.68,56432.323
2026-09-10 20:00:00+00:00,99.7,100.15,99.62,100.05,15389.26
2026-09-10 21:00:00+00:00,100.06,100.16,99.76,99.83,24038.231
2026-09-10 22:00:00+00:00,99.83,100.1,99.25,99.27,21213.196
2026-09-10 23:00:00+00:00,99.29,99.38,98.62,98.68,37454.67
2026-09-11 00:00:00+00:00,98.67,99.41,98.58,99.17,58496.274
2026-09-11 01:00:00+00:00,99.14,99.5,98.73,99.45,41373.685
2026-09-11 02:00:00+00:00,99.45,99.52,99.07,99.32,19429.944
2026-09-11 03:00:00+00:00,99.32,99.47,98.93,99.32,43389.874
2026-09-11 04:00:00+00:00,99.34,99.96,99.23,99.69,28903.406
2026-09-11 05:00:00+00:00,99.7,99.9,99.56,99.89,37094.011
2026-09-11 06:00:00+00:00,99.9,99.99,99.54,99.81,27787.141
2026-09-11 07:00:00+00:00,99.81,100.12,99.69,99.74,34014.81
2026-09-11 08:00:00+00:00,99.76,100.29,99.48,99.92,33997.498
2026-09-11 09:00:00+00:00,99.92,99.96,99.02,99.41,28834.935
2026-09-11 10:00:00+00:00,99.4,99.73,99.16,99.18,34359.476
2026-09-11 11:00:00+00:00,99.18,99.58,98.59,99.49,52739.881
2026-09-11 12:00:00+00:00,99.48,101.83,98.0,101.68,201143.778
2026-09-11 13:00:00+00:00,101.68,104.89,100.61,104.89,142232.853
2026-09-11 14:00:00+00:00,104.88,105.85,102.85,103.3,147012.925
2026-09-11 15:00:00+00:00,103.29,103.6,101.27,101.62,83351.797
2026-09-11 16:00:00+00:00,101.59,102.4,101.33,102.34,63548.358
2026-09-11 17:00:00+00:00,102.33,102.48,101.84,101.95,29027.544
2026-09-11 18:00:00+00:00,101.95,102.03,100.4,101.06,55848.867
2026-09-11 19:00:00+00:00,101.09,102.14,100.82,102.01,43049.589
2026-09-11 20:00:00+00:00,102.01,102.98,102.0,102.47,59356.042
2026-09-11 21:00:00+00:00,102.48,103.09,102.06,102.08,37749.14
2026-09-11 22:00:00+00:00,102.11,102.47,101.54,101.87,57666.287
2026-09-11 23:00:00+00:00,101.87,102.48,101.78,102.46,27572.678
2026-09-12 00:00:00+00:00,102.46,102.58,101.79,101.93,15541.765
2026-09-12 01:00:00+00:00,101.93,102.26,101.83,101.99,19012.888
2026-09-12 02:00:00+00:00,102.0,102.08,101.66,101.88,24728.678
2026-09-12 03:00:00+00:00,101.87,101.93,101.47,101.65,30108.184
2026-09-12 04:00:00+00:00,101.66,101.9,101.56,101.61,16100.646
2026-09-12 05:00:00+00:00,101.61,101.72,101.42,101.67,24346.748
2026-09-12 06:00:00+00:00,101.67,101.9,101.51,101.68,19450.075
2026-09-12 07:00:00+00:00,101.69,101.93,101.63,101.66,12513.422
2026-09-12 08:00:00+00:00,101.66,101.86,101.58,101.84,23237.612
2026-09-12 09:00:00+00:00,101.85,102.23,101.76,102.03,31611.426
2026-09-12 10:00:00+00:00,102.03,102.26,101.97,102.14,15642.793
2026-09-12 11:00:00+00:00,102.14,102.25,101.98,102.14,14055.854
2026-09-12 12:00:00+00:00,102.14,102.4,101.94,102.06,16465.276
2026-09-12 13:00:00+00:00,102.07,102.23,101.77,102.0,30465.554
2026-09-12 14:00:00+00:00,102.0,102.11,101.91,102.0,18573.738
2026-09-12 15:00:00+00:00,102.01,102.16,101.86,102.07,21964.091
2026-09-12 16:00:00+00:00,102.06,102.12,101.93,102.06,11282.919
2026-09-12 17:00:00+00:00,102.06,102.17,101.97,101.98,14191.97
2026-09-12 18:00:00+00:00,101.98,101.98,101.58,101.65,19331.878
2026-09-12 19:00:00+00:00,101.66,101.73,101.23,101.28,21791.368
2026-09-12 20:00:00+00:00,101.28,101.59,101.26,101.36,10131.765
2026-09-12 21:00:00+00:00,101.36,101.62,101.35,101.48,12906.519
2026-09-12 22:00:00+00:00,101.49,101.79,101.4,101.69,18170.867
2026-09-12 23:00:00+00:00,101.69,101.86,101.65,101.77,22079.811
2026-09-13 00:00:00+00:00,101.77,101.78,101.6,101.74,11974.142
2026-09-13 01:00:00+00:00,101.75,102.35,101.74,102.3,57859.036
2026-09-13 02:00:00+00:00,102.3,102.34,101.78,101.9,35166.417
2026-09-13 03:00:00+00:00,101.9,102.05,101.57,101.63,24416.342
2026-09-13 04:00:00+00:00,101.62,101.81,101.54,101.73,19309.576
2026-09-13 05:00:00+00:00,101.73,101.94,101.7,101.8,9192.065
2026-09-13 06:00:00+00:00,101.81,101.82,101.1,101.25,14292.944
2026-09-13 07:00:00+00:00,101.26,101.41,100.68,100.73,33347.199
2026-09-13 08:00:00+00:00,100.7,100.88,99.92,100.02,49494.141
2026-09-13 09:00:00+00:00,100.05,100.19,99.42,99.86,39395.228
2026-09-13 10:00:00+00:00,99.86,99.91,99.43,99.57,17207.701
2026-09-13 11:00:00+00:00,99.57,99.87,99.46,99.83,18487.428
2026-09-13 12:00:00+00:00,99.84,99.84,99.56,99.71,23879.861
2026-09-13 13:00:00+00:00,99.7,100.21,99.45,100.1,22602.766
2026-09-13 14:00:00+00:00,100.11,100.84,100.11,100.67,21948.182
2026-09-13 15:00:00+00:00,100.67,100.68,100.19,100.24,18399.22
2026-09-13 16:00:00+00:00,100.24,100.99,100.24,100.81,20549.02
2026-09-13 17:00:00+00:00,100.81,101.21,100.81,101.0,17348.36
2026-09-13 18:00:00+00:00,100.99,101.29,100.97,101.21,14148.065
2026-09-13 19:00:00+00:00,101.21,101.33,100.85,100.96,15993.49
2026-09-13 20:00:00+00:00,100.97,101.52,100.97,101.48,10162.608
2026-09-13 21:00:00+00:00,101.47,101.62,101.23,101.34,18510.879
2026-09-13 22:00:00+00:00,101.33,101.33,99.4,99.73,60687.472
2026-09-13 23:00:00+00:00,99.73,99.99,99.19,99.3,42985.619
2026-09-14 00:00:00+00:00,99.3,99.92,98.99,99.65,31764.313
2026-09-14 01:00:00+00:00,99.65,100.22,99.2,100.17,23097.996
2026-09-14 02:00:00+00:00,100.14,101.07,99.97,100.99,37183.39
2026-09-14 03:00:00+00:00,100.99,101.33,100.78,100.98,23773.514
2026-09-14 04:00:00+00:00,100.98,101.38,100.88,101.2,21147.618
2026-09-14 05:00:00+00:00,101.2,101.24,100.95,101.1,12415.452
2026-09-14 06:00:00+00:00,101.13,102.0,101.09,101.55,43090.827
2026-09-14 07:00:00+00:00,101.58,101.74,101.44,101.61,19975.281
2026-09-14 08:00:00+00:00,101.61,101.83,101.33,101.48,26481.474
2026-09-14 09:00:00+00:00,101.48,102.33,101.24,101.95,49187.968
2026-09-14 10:00:00+00:00,101.97,102.01,101.69,101.78,40198.454
2026-09-14 11:00:00+00:00,101.79,101.91,101.31,101.37,23551.65
2026-09-14 12:00:00+00:00,101.38,101.98,101.21,101.38,26258.922
2026-09-14 13:00:00+00:00,101.38,101.9,100.68,101.36,47729.622
2026-09-14 14:00:00+00:00,101.36,102.01,101.22,101.64,45526.733
2026-09-14 15:00:00+00:00,101.61,102.27,101.36,101.97,55585.888
2026-09-14 16:00:00+00:00,101.97,102.86,101.86,102.6,44950.447
2026-09-14 17:00:00+00:00,102.6,103.28,102.53,103.07,43086.1
2026-09-14 18:00:00+00:00,103.06,103.83,102.93,103.6,48878.67
2026-09-14 19:00:00+00:00,103.58,103.6,102.95,103.26,39288.89
2026-09-14 20:00:00+00:00,103.27,104.82,103.21,104.01,65903.136
2026-09-14 21:00:00+00:00,104.01,104.06,103.04,103.21,66217.277
2026-09-14 22:00:00+00:00,103.21,103.58,102.8,102.89,38731.77
2026-09-14 23:00:00+00:00,102.89,103.01,102.43,102.54,20283.414
2026-09-15 00:00:00+00:00,102.54,102.85,102.39,102.47,26924.814
2026-09-15 01:00:00+00:00,102.47,102.59,102.16,102.27,36023.451
2026-09-15 02:00:00+00:00,102.28,102.41,101.99,102.0,18414.174
2026-09-15 03:00:00+00:00,101.99,101.99,101.26,101.56,35121.666
2026-09-15 04:00:00+00:00,101.56,101.7,101.18,101.28,24579.766
2026-09-15 05:00:00+00:00,101.26,101.4,100.59,101.32,32315.978
2026-09-15 06:00:00+00:00,101.34,101.58,100.74,100.9,16483.208
2026-09-15 07:00:00+00:00,100.9,101.05,100.34,100.44,39331.172
2026-09-15 08:00:00+00:00,100.43,100.67,100.09,100.65,35903.636
2026-09-15 09:00:00+00:00,100.66,101.1,100.51,100.83,21894.137
2026-09-15 10:00:00+00:00,100.82,101.11,100.68,100.96,18206.204
2026-09-15 11:00:00+00:00,100.97,101.02,100.44,100.84,22474.867
2026-09-15 12:00:00+00:00,100.84,101.21,100.82,100.98,27125.846
2026-09-15 13:00:00+00:00,100.99,101.38,99.74,100.57,52378.674
2026-09-15 14:00:00+00:00,100.57,100.76,98.02,98.87,96560.008
2026-09-15 15:00:00+00:00,98.87,99.75,98.56,99.37,69874.845
2026-09-15 16:00:00+00:00,99.37,99.46,98.91,99.1,23172.933
2026-09-15 17:00:00+00:00,99.09,100.71,98.71,100.22,45359.631
2026-09-15 18:00:00+00:00,100.21,100.35,95.82,98.16,158433.296
2026-09-15 19:00:00+00:00,98.2,98.67,97.53,97.89,95486.663
2026-09-15 20:00:00+00:00,97.9,98.1,96.65,97.45,48459.46
2026-09-15 21:00:00+00:00,97.45,97.45,96.54,96.62,37183.617
2026-09-15 22:00:00+00:00,96.56,97.31,96.31,97.15,37952.971
2026-09-15 23:00:00+00:00,97.15,97.67,96.89,96.89,32931.009
2026-09-16 00:00:00+00:00,96.9,97.31,96.85,97.11,23332.145
2026-09-16 01:00:00+00:00,97.07,97.3,96.41,96.48,34544.165
2026-09-16 02:00:00+00:00,96.48,97.59,96.46,97.25,42603.529
2026-09-16 03:00:00+00:00,97.27,97.59,97.04,97.26,47087.131
2026-09-16 04:00:00+00:00,97.28,97.72,97.16,97.28,53813.442
2026-09-16 05:00:00+00:00,97.27,97.31,96.87,97.25,35540.133
2026-09-16 06:00:00+00:00,97.25,97.41,96.88,97.41,22248.724
2026-09-16 07:00:00+00:00,97.4,97.54,96.94,96.97,31131.393
2026-09-16 08:00:00+00:00,96.95,97.03,96.4,97.03,32218.903
2026-09-16 09:00:00+00:00,97.03,97.35,97.0,97.29,34640.853
2026-09-16 10:00:00+00:00,97.31,97.38,97.14,97.26,24016.408
2026-09-16 11:00:00+00:00,97.31,98.32,97.05,98.03,45206.189
2026-09-16 12:00:00+00:00,98.03,98.12,97.2,97.58,31477.23
2026-09-16 13:00:00+00:00,97.54,97.66,96.89,97.17,46692.72
2026-09-16 14:00:00+00:00,97.18,97.28,96.64,97.02,47703.928
2026-09-16 15:00:00+00:00,97.04,97.59,96.85,97.1,38098.615
2026-09-16 16:00:00+00:00,97.11,97.5,96.96,97.23,24919.511
2026-09-16 17:00:00+00:00,97.24,97.33,96.1,97.0,53787.219
2026-09-16 18:00:00+00:00,97.04,98.92,96.27,97.82,128857.401
2026-09-16 19:00:00+00:00,97.83,98.73,96.91,98.08,81364.443
2026-09-16 20:00:00+00:00,98.09,98.9,98.02,98.73,48584.607
2026-09-16 21:00:00+00:00,98.73,98.78,98.13,98.4,15781.376
2026-09-16 22:00:00+00:00,98.4,98.45,97.44,97.48,33354.733
2026-09-16 23:00:00+00:00,97.48,98.84,97.39,98.64,39957.427
2026-09-17 00:00:00+00:00,98.64,99.2,98.48,98.71,37148.494
2026-09-17 01:00:00+00:00,98.71,99.64,98.48,99.24,42142.762
2026-09-17 02:00:00+00:00,99.25,99.74,98.84,99.38,36312.328
2026-09-17 03:00:00+00:00,99.38,100.05,99.38,99.96,27718.855
2026-09-17 04:00:00+00:00,99.97,100.0,99.16,99.92,38470.731
2026-09-17 05:00:00+00:00,99.92,100.07,99.5,99.56,30365.018
2026-09-17 06:00:00+00:00,99.56,99.97,99.47,99.74,22925.927
2026-09-17 07:00:00+00:00,99.73,100.35,99.72,100.04,38471.49
2026-09-17 08:00:00+00:00,100.05,100.33,99.9,100.33,40253.835
2026-09-17 09:00:00+00:00,100.33,100.84,100.17,100.25,43776.582
2026-09-17 10:00:00+00:00,100.25,100.26,99.57,99.86,42408.423
2026-09-17 11:00:00+00:00,99.84,100.23,99.56,100.14,39641.793
2026-09-17 12:00:00+00:00,100.13,101.43,100.09,100.75,63939.998
2026-09-17 13:00:00+00:00,100.74,100.99,99.67,100.75,62722.983
2026-09-17 14:00:00+00:00,100.75,101.78,100.1,101.06,119061.951
2026-09-17 15:00:00+00:00,101.09,101.33,100.24,101.27,58529.01
2026-09-17 16:00:00+00:00,101.29,101.49,100.71,101.39,41220.825
2026-09-17 17:00:00+00:00,101.41,102.04,101.2,101.52,62709.412
2026-09-17 18:00:00+00:00,101.54,101.64,100.84,100.85,24990.705
2026-09-17 19:00:00+00:00,100.84,101.1,100.73,100.95,28321.715
2026-09-17 20:00:00+00:00,100.96,101.38,100.88,101.29,20109.83
2026-09-17 21:00:00+00:00,101.29,101.44,101.09,101.14,21147.535
2026-09-17 22:00:00+00:00,101.14,101.54,100.79,101.43,34336.697
2026-09-17 23:00:00+00:00,101.43,101.75,101.34,101.62,32932.029
2026-09-18 00:00:00+00:00,101.62,101.7,100.89,101.41,37275.892
2026-09-18 01:00:00+00:00,101.42,102.88,101.39,102.48,44583.49
2026-09-18 02:00:00+00:00,102.48,102.91,102.17,102.75,38524.574
2026-09-18 03:00:00+00:00,102.76,105.09,102.67,104.59,91972.78
2026-09-18 04:00:00+00:00,104.6,105.92,104.42,105.78,62686.671
2026-09-18 05:00:00+00:00,105.82,106.1,105.33,105.36,73531.541
2026-09-18 06:00:00+00:00,105.35,105.82,105.32,105.57,60449.164
2026-09-18 07:00:00+00:00,105.54,106.1,105.4,105.77,81052.846
2026-09-18 08:00:00+00:00,105.8,106.38,105.28,106.3,69648.098
2026-09-18 09:00:00+00:00,106.3,106.6,105.93,106.42,51298.685
2026-09-18 10:00:00+00:00,106.4,106.68,106.27,106.27,43690.418
2026-09-18 11:00:00+00:00,106.26,106.38,105.42,105.74,55727.008
2026-09-18 12:00:00+00:00,105.77,106.13,105.41,105.79,39430.115
2026-09-18 13:00:00+00:00,105.78,109.39,105.46,108.53,96881.229
2026-09-18 14:00:00+00:00,108.56,110.99,108.4,110.77,149203.212
2026-09-18 15:00:00+00:00,110.8,111.6,109.35,111.19,124897.248
2026-09-18 16:00:00+00:00,111.23,112.3,111.01,111.73,113922.917
2026-09-18 17:00:00+00:00,111.73,112.73,111.4,112.62,78919.489
2026-09-18 18:00:00+00:00,112.6,112.89,112.06,112.19,54517.335
2026-09-18 19:00:00+00:00,112.21,114.31,112.21,114.24,104611.191
2026-09-18 20:00:00+00:00,114.23,114.23,113.12,113.52,51428.636
2026-09-18 21:00:00+00:00,113.57,113.79,113.06,113.21,38766.5
2026-09-18 22:00:00+00:00,113.22,113.61,112.8,113.17,42978.078
2026-09-18 23:00:00+00:00,113.19,113.49,112.52,112.73,32097.425
2026-09-19 00:00:00+00:00,112.75,113.77,112.38,113.66,51311.31
2026-09-19 01:00:00+00:00,113.66,114.1,112.89,113.44,45620.767
2026-09-19 02:00:00+00:00,113.42,113.85,113.34,113.62,26860.049
2026-09-19 03:00:00+00:00,113.63,113.84,113.16,113.24,24535.819
2026-09-19 04:00:00+00:00,113.25,113.45,112.08,112.36,36844.22
2026-09-19 05:00:00+00:00,112.36,112.98,111.83,111.94,29133.075
2026-09-19 06:00:00+00:00,111.93,112.06,111.19,111.84,51715.991
2026-09-19 07:00:00+00:00,111.84,112.24,111.59,111.6,23594.384
2026-09-19 08:00:00+00:00,111.6,112.47,111.52,112.26,35520.281
2026-09-19 09:00:00+00:00,112.27,112.49,111.48,111.83,28683.06
2026-09-19 10:00:00+00:00,111.83,112.14,111.64,111.64,22632.561
2026-09-19 11:00:00+00:00,111.65,112.1,111.61,111.9,31182.079
2026-09-19 12:00:00+00:00,111.92,112.07,111.64,111.79,29135.65
2026-09-19 13:00:00+00:00,111.79,111.86,111.3,111.63,33751.953
2026-09-19 14:00:00+00:00,111.64,112.2,111.5,111.79,30593.604
2026-09-19 15:00:00+00:00,111.79,112.13,111.5,111.65,34146.513
2026-09-19 16:00:00+00:00,111.68,112.02,111.24,111.99,35472.82
2026-09-19 17:00:00+00:00,111.98,112.45,111.36,111.4,35754.255
2026-09-19 18:00:00+00:00,111.41,111.65,110.7,111.16,38003.64
2026-09-19 19:00:00+00:00,111.17,111.6,110.8,111.19,32252.594
2026-09-19 20:00:00+00:00,111.18,111.37,110.98,111.11,24507.93
2026-09-19 21:00:00+00:00,111.17,111.3,110.13,110.58,46069.717
2026-09-19 22:00:00+00:00,110.56,110.78,109.94,110.67,21594.945
2026-09-19 23:00:00+00:00,110.66,111.2,110.63,111.06,22059.275
2026-09-20 00:00:00+00:00,111.06,111.15,110.62,110.96,15716.034
2026-09-20 01:00:00+00:00,110.96,110.98,109.72,110.18,24257.54
2026-09-20 02:00:00+00:00,110.18,110.51,107.41,107.68,72963.999
2026-09-20 03:00:00+00:00,107.64,109.12,107.41,108.91,47558.675
2026-09-20 04:00:00+00:00,108.9,109.25,108.66,109.04,20953.538
2026-09-20 05:00:00+00:00,109.06,109.25,108.62,108.77,28642.211
2026-09-20 06:00:00+00:00,108.77,108.93,108.11,108.46,30774.595
2026-09-20 07:00:00+00:00,108.47,108.82,108.46,108.47,18508.352
2026-09-20 08:00:00+00:00,108.47,108.72,107.73,108.1,35240.562
2026-09-20 09:00:00+00:00,108.09,108.88,108.06,108.29,22098.834
2026-09-20 10:00:00+00:00,108.3,108.44,107.93,108.03,15494.041
2026-09-20 11:00:00+00:00,108.03,108.68,107.94,108.48,16844.308
2026-09-20 12:00:00+00:00,108.46,108.86,108.14,108.41,15845.191
2026-09-20 13:00:00+00:00,108.39,108.58,107.97,108.22,20448.638
2026-09-20 14:00:00+00:00,108.23,108.66,107.95,108.15,17048.719
2026-09-20 15:00:00+00:00,108.17,108.83,108.07,108.82,48389.643
2026-09-20 16:00:00+00:00,108.83,110.7,108.52,110.33,65270.477
2026-09-20 17:00:00+00:00,110.33,110.53,109.51,109.94,52313.83
2026-09-20 18:00:00+00:00,109.92,110.36,109.21,109.41,27105.707
2026-09-20 19:00:00+00:00,109.41,110.85,109.35,110.45,30683.469
2026-09-20 20:00:00+00:00,110.47,110.65,110.09,110.13,18575.405
2026-09-20 21:00:00+00:00,110.13,110.15,109.09,109.89,41193.004
2026-09-20 22:00:00+00:00,109.91,111.05,109.62,111.04,25199.597
2026-09-20 23:00:00+00:00,110.97,111.45,110.58,111.16,42512.709
2026-09-21 00:00:00+00:00,111.18,112.94,111.16,112.37,62487.892
2026-09-21 01:00:00+00:00,112.32,113.4,110.75,110.98,50013.356
2026-09-21 02:00:00+00:00,110.97,112.0,110.71,111.23,46341.833
2026-09-21 03:00:00+00:00,111.23,111.93,111.19,111.54,41754.831
2026-09-21 04:00:00+00:00,111.55,111.81,111.03,111.44,34140.984
2026-09-21 05:00:00+00:00,111.47,112.23,111.29,111.77,33578.483
2026-09-21 06:00:00+00:00,111.76,112.57,111.53,112.19,37422.356
2026-09-21 07:00:00+00:00,112.18,112.38,111.39,112.1,39452.674
2026-09-21 08:00:00+00:00,112.08,116.38,112.08,115.32,128752.297
2026-09-21 09:00:00+00:00,115.3,116.85,114.96,115.91,134671.593
2026-09-21 10:00:00+00:00,115.94,116.12,115.49,116.03,51256.812
2026-09-21 11:00:00+00:00,116.02,117.16,115.83,116.81,79477.77
2026-09-21 12:00:00+00:00,116.79,117.11,116.19,116.81,71384.917
2026-09-21 13:00:00+00:00,116.8,118.41,116.72,118.05,180993.702
2026-09-21 14:00:00+00:00,118.07,118.9,117.37,118.04,135812.672
2026-09-21 15:00:00+00:00,118.02,119.18,117.38,117.93,124147.161
2026-09-21 16:00:00+00:00,117.94,118.32,116.78,117.52,80775.068
2026-09-21 17:00:00+00:00,117.53,117.94,116.72,117.22,115391.966
2026-09-21 18:00:00+00:00,117.22,117.87,116.87,117.74,40460.415
2026-09-21 19:00:00+00:00,117.74,118.48,117.28,118.38,41591.007
2026-09-21 20:00:00+00:00,118.36,119.5,118.23,119.21,47659.494
2026-09-21 21:00:00+00:00,119.2,119.99,118.67,119.12,43170.82
2026-09-21 22:00:00+00:00,119.17,119.83,118.81,119.46,34823.134
2026-09-21 23:00:00+00:00,119.45,119.92,118.4,118.9,47688.678
2026-09-22 00:00:00+00:00,118.91,119.47,118.08,118.31,46993.435
2026-09-22 01:00:00+00:00,118.37,118.45,117.05,117.59,70475.381
2026-09-22 02:00:00+00:00,117.59,118.09,116.5,116.91,49045.626
2026-09-22 03:00:00+00:00,116.9,117.04,116.33,116.79,53481.633
2026-09-22 04:00:00+00:00,116.85,117.12,116.27,116.4,82842.877
2026-09-22 05:00:00+00:00,116.42,117.19,115.57,116.87,92386.651
2026-09-22 06:00:00+00:00,116.88,117.07,116.4,116.53,28207.859
2026-09-22 07:00:00+00:00,116.53,116.83,116.03,116.32,41132.901
2026-09-22 08:00:00+00:00,116.32,118.03,115.81,117.5,58110.571
2026-09-22 09:00:00+00:00,117.49,117.55,116.69,117.47,50149.107
2026-09-22 10:00:00+00:00,117.47,117.5,116.41,116.86,38884.658
2026-09-22 11:00:00+00:00,116.83,117.5,116.41,117.34,32709.591
2026-09-22 12:00:00+00:00,117.34,117.73,116.88,117.48,38575.44
2026-09-22 13:00:00+00:00,117.47,118.0,116.86,117.99,64684.867
2026-09-22 14:00:00+00:00,117.98,117.98,115.93,116.91,85452.585
2026-09-22 15:00:00+00:00,116.91,117.92,116.79,117.38,54928.198
2026-09-22 16:00:00+00:00,117.37,117.84,116.72,117.46,47014.044
2026-09-22 17:00:00+00:00,117.46,118.2,117.34,117.98,71958.788
2026-09-22 18:00:00+00:00,117.98,118.44,117.63,118.13,54788.7
2026-09-22 19:00:00+00:00,118.14,118.71,117.8,118.25,66016.305
2026-09-22 20:00:00+00:00,118.26,118.37,117.82,117.98,39942.632
2026-09-22 21:00:00+00:00,117.99,118.29,117.69,118.09,34489.002
2026-09-22 22:00:00+00:00,118.09,118.78,117.61,118.46,36929.46
2026-09-22 23:00:00+00:00,118.48,119.29,118.23,118.56,54408.245
2026-09-23 00:00:00+00:00,118.55,119.21,118.3,118.81,30252.575
2026-09-23 01:00:00+00:00,118.83,119.4,117.84,118.35,42181.069
2026-09-23 02:00:00+00:00,118.35,118.53,117.9,118.49,22381.583
2026-09-23 03:00:00+00:00,118.5,119.65,118.27,119.12,46678.983
2026-09-23 04:00:00+00:00,119.15,119.73,118.78,119.53,39101.137
2026-09-23 05:00:00+00:00,119.53,119.53,118.27,118.41,38410.124
2026-09-23 06:00:00+00:00,118.42,119.29,118.38,118.95,30464.938
2026-09-23 07:00:00+00:00,118.95,119.09,117.57,117.9,64010.393
2026-09-23 08:00:00+00:00,117.92,118.33,117.0,117.4,65527.653
2026-09-23 09:00:00+00:00,117.4,117.74,117.1,117.39,62900.291
2026-09-23 10:00:00+00:00,117.4,117.63,116.86,117.62,61809.234
2026-09-23 11:00:00+00:00,117.63,117.7,116.48,117.08,49300.608
2026-09-23 12:00:00+00:00,117.08,117.27,116.57,116.91,49307.586
2026-09-23 13:00:00+00:00,116.9,117.19,115.99,116.81,66911.52
2026-09-23 14:00:00+00:00,116.81,117.03,112.99,115.16,167337.773
2026-09-23 15:00:00+00:00,115.16,115.93,113.79,113.88,92943.564
2026-09-23 16:00:00+00:00,113.86,115.27,113.16,114.41,87118.538
2026-09-23 17:00:00+00:00,114.41,114.81,113.58,114.58,40967.289
2026-09-23 18:00:00+00:00,114.58,114.61,113.97,114.28,26088.815
2026-09-23 19:00:00+00:00,114.29,114.89,114.01,114.52,29487.412
2026-09-23 20:00:00+00:00,114.55,114.66,113.99,114.03,18024.027
2026-09-23 21:00:00+00:00,114.03,114.76,113.9,114.72,24886.187
2026-09-23 22:00:00+00:00,114.74,115.63,114.63,115.15,24711.897
2026-09-23 23:00:00+00:00,115.15,115.2,114.75,115.01,14216.799
2026-09-24 00:00:00+00:00,114.97,115.67,114.89,115.15,20814.486
2026-09-24 01:00:00+00:00,115.16,115.5,114.56,114.71,28063.205967
2026-09-24 02:00:00+00:00,114.73,115.45,114.08,115.32,26007.142
2026-09-24 03:00:00+00:00,115.31,115.71,114.56,114.71,21075.626
2026-09-24 04:00:00+00:00,114.71,115.49,114.4,115.41,16036.876
2026-09-24 05:00:00+00:00,115.42,116.13,114.87,114.87,25519.981
2026-09-24 06:00:00+00:00,114.86,115.27,114.74,114.84,17190.952
2026-09-24 07:00:00+00:00,114.84,115.68,114.51,115.52,30389.428
2026-09-24 08:00:00+00:00,115.53,115.66,113.35,114.12,31317.093
2026-09-24 09:00:00+00:00,114.15,114.3,112.5,113.12,57677.935
2026-09-24 10:00:00+00:00,113.12,113.58,112.74,113.39,41759.389
2026-09-24 11:00:00+00:00,113.39,113.56,113.06,113.35,25022.858
2026-09-24 12:00:00+00:00,113.35,113.92,113.1,113.81,22816.341
2026-09-24 13:00:00+00:00,113.83,115.42,113.83,114.98,45707.631
2026-09-24 14:00:00+00:00,114.99,116.43,114.12,114.59,71874.158
2026-09-24 15:00:00+00:00,114.57,116.61,114.36,116.28,47696.52
2026-09-24 16:00:00+00:00,116.33,117.77,115.92,117.08,56805.79
2026-09-24 17:00:00+00:00,117.08,117.34,116.48,116.76,50248.431
2026-09-24 18:00:00+00:00,116.74,117.56,116.27,117.38,35680.801
2026-09-24 19:00:00+00:00,117.41,117.69,117.1,117.25,35948.511
2026-09-24 20:00:00+00:00,117.31,117.45,116.67,116.83,26458.449
2026-09-24 21:00:00+00:00,116.83,117.24,116.63,116.86,21387.493
2026-09-24 22:00:00+00:00,116.83,116.95,116.13,116.61,21145.645
2026-09-24 23:00:00+00:00,116.6,117.22,116.56,117.06,19112.952
2026-09-25 00:00:00+00:00,117.06,117.69,117.05,117.44,17900.316
2026-09-25 01:00:00+00:00,117.41,117.92,117.15,117.48,23258.163
2026-09-25 02:00:00+00:00,117.5,118.43,116.84,116.9,23598.212
2026-09-25 03:00:00+00:00,116.91,117.32,116.51,116.91,20843.565
2026-09-25 04:00:00+00:00,116.91,117.34,116.27,116.41,18110.548
2026-09-25 05:00:00+00:00,116.4,116.66,116.14,116.44,25176.317
2026-09-25 06:00:00+00:00,116.44,116.74,116.1,116.28,19571.171
2026-09-25 07:00:00+00:00,116.27,116.63,115.88,116.39,21594.936
2026-09-25 08:00:00+00:00,116.38,117.57,116.34,117.31,27126.209
2026-09-25 09:00:00+00:00,117.32,118.92,117.29,118.37,46706.958
2026-09-25 10:00:00+00:00,118.37,119.57,117.92,119.19,53497.978
2026-09-25 11:00:00+00:00,119.2,122.25,119.15,120.83,145240.63
2026-09-25 12:00:00+00:00,120.87,121.2,118.59,120.74,73560.666
2026-09-25 13:00:00+00:00,120.73,121.11,118.49,119.5,73972.904
2026-09-25 14:00:00+00:00,119.58,120.5,118.27,120.42,79620.155
2026-09-25 15:00:00+00:00,120.38,121.46,119.04,120.12,87314.262
2026-09-25 16:00:00+00:00,120.13,121.88,120.09,120.88,89753.622
2026-09-25 17:00:00+00:00,120.89,121.63,120.29,121.0,51719.781
2026-09-25 18:00:00+00:00,121.02,122.78,120.96,121.94,47241.517
2026-09-25 19:00:00+00:00,121.95,122.19,121.47,121.88,38053.892
2026-09-25 20:00:00+00:00,121.91,122.92,121.48,121.58,38721.377
2026-09-25 21:00:00+00:00,121.58,121.75,120.83,120.99,33962.513
2026-09-25 22:00:00+00:00,120.98,122.44,120.87,122.19,19538.465
2026-09-25 23:00:00+00:00,122.19,122.37,121.92,122.12,13396.314
2026-09-26 00:00:00+00:00,122.13,122.43,121.23,121.54,19165.353
2026-09-26 01:00:00+00:00,121.53,122.28,121.5,122.08,26404.853
2026-09-26 02:00:00+00:00,122.07,122.29,121.54,121.59,21561.619
2026-09-26 03:00:00+00:00,121.59,121.59,120.56,120.63,34943.807
2026-09-26 04:00:00+00:00,120.64,120.97,120.26,120.68,18525.927
2026-09-26 05:00:00+00:00,120.69,120.75,120.22,120.51,16870.599
2026-09-26 06:00:00+00:00,120.52,120.53,120.16,120.23,16251.814
2026-09-26 07:00:00+00:00,120.25,120.82,120.17,120.77,21926.046
2026-09-26 08:00:00+00:00,120.78,121.28,120.34,120.71,20617.87
2026-09-26 09:00:00+00:00,120.72,120.75,119.87,120.0,22314.669
2026-09-26 10:00:00+00:00,120.01,120.71,119.98,120.65,15689.363
2026-09-26 11:00:00+00:00,120.64,121.45,120.29,121.29,34821.467
2026-09-26 12:00:00+00:00,121.29,121.58,120.93,121.06,18126.706
2026-09-26 13:00:00+00:00,121.07,121.32,120.24,120.76,33690.585
2026-09-26 14:00:00+00:00,120.79,121.12,120.61,120.94,21090.326
2026-09-26 15:00:00+00:00,120.95,122.1,120.8,121.89,37971.701
2026-09-26 16:00:00+00:00,121.89,121.89,121.37,121.63,16860.362
2026-09-26 17:00:00+00:00,121.63,121.64,120.98,121.51,23719.036
2026-09-26 18:00:00+00:00,121.49,121.68,120.83,121.05,12160.532
2026-09-26 19:00:00+00:00,121.07,121.3,120.84,121.15,10750.647
2026-09-26 20:00:00+00:00,121.15,121.53,120.08,120.35,18225.277
2026-09-26 21:00:00+00:00,120.36,121.71,120.27,121.32,24023.001
2026-09-26 22:00:00+00:00,121.33,121.84,121.1,121.14,19307.927
2026-09-26 23:00:00+00:00,121.15,121.85,121.15,121.39,16771.044
2026-09-27 00:00:00+00:00,121.42,121.44,120.71,120.83,11831.096
2026-09-27 01:00:00+00:00,120.83,121.6,120.66,121.43,13497.196
2026-09-27 02:00:00+00:00,121.43,121.68,121.08,121.14,15857.901
2026-09-27 03:00:00+00:00,121.15,121.38,120.56,120.6,17002.376
2026-09-27 04:00:00+00:00,120.6,120.87,120.12,120.16,19325.994
2026-09-27 05:00:00+00:00,120.16,121.49,120.12,121.12,21587.227
2026-09-27 06:00:00+00:00,121.11,121.58,121.1,121.33,14751.919
2026-09-27 07:00:00+00:00,121.33,124.39,121.31,124.11,36895.04
2026-09-27 08:00:00+00:00,124.17,124.95,123.97,124.09,86404.525
2026-09-27 09:00:00+00:00,124.09,124.52,123.39,124.47,38549.239
2026-09-27 10:00:00+00:00,124.45,124.8,123.88,124.03,19652.764
2026-09-27 11:00:00+00:00,124.02,124.22,123.68,123.92,19626.032
2026-09-27 12:00:00+00:00,123.96,124.39,123.35,123.35,24927.989
2026-09-27 13:00:00+00:00,123.34,123.68,122.34,123.16,60644.617
2026-09-27 14:00:00+00:00,123.19,123.22,121.42,121.7,40457.881
2026-09-27 15:00:00+00:00,121.71,121.88,121.31,121.76,31838.65
2026-09-27 16:00:00+00:00,121.77,122.34,121.71,121.81,25968.227
2026-09-27 17:00:00+00:00,121.81,122.18,121.71,122.07,20574.323
2026-09-27 18:00:00+00:00,122.06,123.3,121.93,123.29,17189.579
2026-09-27 19:00:00+00:00,123.31,123.42,122.89,123.06,14960.792
2026-09-27 20:00:00+00:00,123.02,123.45,122.55,122.7,16826.17
2026-09-27 21:00:00+00:00,122.71,123.3,122.24,122.86,20331.32
2026-09-27 22:00:00+00:00,122.86,123.02,120.96,121.43,45044.023
2026-09-27 23:00:00+00:00,121.42,122.24,121.35,122.01,27919.371
2026-09-28 00:00:00+00:00,122.0,122.93,121.44,121.68,26305.269
2026-09-28 01:00:00+00:00,121.66,122.24,120.34,120.72,28014.17
2026-09-28 02:00:00+00:00,120.72,121.44,119.88,120.06,31898.851
2026-09-28 03:00:00+00:00,120.08,120.45,119.47,119.86,29842.898
2026-09-28 04:00:00+00:00,119.86,120.23,119.22,119.99,17220.746
2026-09-28 05:00:00+00:00,119.99,120.2,118.16,119.14,45151.952
2026-09-28 06:00:00+00:00,119.12,119.47,118.19,118.75,29216.265
2026-09-28 07:00:00+00:00,118.75,119.14,117.92,118.06,27560.413
2026-09-28 08:00:00+00:00,118.07,118.61,118.01,118.35,25269.297
2026-09-28 09:00:00+00:00,118.36,118.71,117.58,117.77,41498.922
2026-09-28 10:00:00+00:00,117.78,118.78,117.78,118.46,32876.988
2026-09-28 11:00:00+00:00,118.47,118.85,118.39,118.73,29678.118
2026-09-28 12:00:00+00:00,118.73,120.23,118.5,120.03,48401.507
2026-09-28 13:00:00+00:00,120.01,120.39,119.4,119.85,37971.378
2026-09-28 14:00:00+00:00,119.85,119.85,117.37,118.04,63482.006
2026-09-28 15:00:00+00:00,118.09,118.83,117.48,118.72,41137.009
2026-09-28 16:00:00+00:00,118.7,120.38,118.26,119.7,29509.172
