timestamp,open,high,low,close,volume
2025-09-28 16:00:00+00:00,203.34938049316406,204.33975219726562,203.34938049316406,203.97198486328125,84966144
2025-09-28 17:00:00+00:00,203.99435424804688,205.64906311035156,203.99435424804688,205.06431579589844,89076224
2025-09-28 18:00:00+00:00,205.2276611328125,206.19223022460938,205.02455139160156,206.0684814453125,0
2025-09-28 19:00:00+00:00,206.06668090820312,206.3929901123047,205.6002960205078,206.18536376953125,58149120
2025-09-28 20:00:00+00:00,206.19400024414062,207.62933349609375,206.19400024414062,207.04974365234375,149556224
2025-09-28 21:00:00+00:00,207.05763244628906,207.2954864501953,206.66738891601562,206.92408752441406,39521792
2025-09-28 22:00:00+00:00,207.23776245117188,209.8588409423828,207.23776245117188,209.6896514892578,283713792
2025-09-28 23:00:00+00:00,209.80323791503906,210.8884735107422,209.80323791503906,210.73973083496094,187412224
2025-09-29 00:00:00+00:00,210.86026000976562,210.86026000976562,209.4093780517578,209.4093780517578,49859584
2025-09-29 01:00:00+00:00,209.4090118408203,209.75587463378906,209.05906677246094,209.46726989746094,0
2025-09-29 02:00:00+00:00,209.47596740722656,210.78680419921875,209.24281311035156,209.67071533203125,159420928
2025-09-29 03:00:00+00:00,209.65032958984375,210.34658813476562,209.3206329345703,210.34201049804688,74899456
2025-09-29 04:00:00+00:00,210.35220336914062,210.4779510498047,210.0211639404297,210.21133422851562,99160064
2025-09-29 05:00:00+00:00,210.16445922851562,210.16445922851562,209.07577514648438,209.3317108154297,78332928
2025-09-29 06:00:00+00:00,209.2469024658203,209.2469024658203,208.0902862548828,208.42442321777344,136114688
2025-09-29 07:00:00+00:00,208.27789306640625,209.16944885253906,207.61448669433594,208.99819946289062,128847360
2025-09-29 08:00:00+00:00,208.9907989501953,209.4352569580078,208.6904296875,209.11154174804688,66909696
2025-09-29 09:00:00+00:00,209.0693817138672,209.08331298828125,208.12037658691406,208.1475372314453,0
2025-09-29 10:00:00+00:00,208.1538543701172,208.2330780029297,206.95851135253906,206.98130798339844,44201472
2025-09-29 11:00:00+00:00,206.91177368164062,207.27029418945312,206.32516479492188,207.08270263671875,64843776
2025-09-29 12:00:00+00:00,207.07969665527344,207.8047637939453,205.70680236816406,205.70680236816406,0
2025-09-29 13:00:00+00:00,205.7050018310547,208.9969482421875,205.186279296875,208.9969482421875,360282112
2025-09-29 14:00:00+00:00,208.8859100341797,212.63839721679688,208.8859100341797,212.63839721679688,671974912
2025-09-29 15:00:00+00:00,212.5156707763672,213.40682983398438,210.15953063964844,210.15953063964844,322269696
2025-09-29 16:00:00+00:00,210.15765380859375,211.14926147460938,209.3680419921875,209.3680419921875,71150080
2025-09-29 17:00:00+00:00,209.11251831054688,210.20306396484375,208.1813507080078,210.20306396484375,32277504
2025-09-29 18:00:00+00:00,210.1648712158203,210.69024658203125,209.4311065673828,210.69024658203125,36582912
2025-09-29 19:00:00+00:00,210.7030792236328,212.8983154296875,210.7030792236328,212.8983154296875,190731264
2025-09-29 20:00:00+00:00,212.85670471191406,214.3037872314453,212.82461547851562,214.3037872314453,154899456
2025-09-29 21:00:00+00:00,214.3469696044922,214.676025390625,214.07272338867188,214.3216094970703,53246976
2025-09-29 22:00:00+00:00,214.3133087158203,214.333740234375,213.35316467285156,213.8334197998047,0
2025-09-29 23:00:00+00:00,213.78543090820312,213.78543090820312,212.88772583007812,213.08128356933594,0
2025-09-30 00:00:00+00:00,213.0347442626953,213.49798583984375,211.81919860839844,211.81919860839844,27355648
2025-09-30 01:00:00+00:00,211.75608825683594,212.824951171875,210.20069885253906,210.2706298828125,184350720
2025-09-30 02:00:00+00:00,210.40969848632812,211.05328369140625,210.33724975585938,210.7081298828125,0
2025-09-30 03:00:00+00:00,210.68202209472656,211.43661499023438,210.512451171875,210.7476806640625,0
2025-09-30 04:00:00+00:00,210.78887939453125,211.58236694335938,210.57432556152344,210.57432556152344,0
2025-09-30 05:00:00+00:00,210.56475830078125,210.65663146972656,209.69996643066406,210.2292022705078,35037696
2025-09-30 06:00:00+00:00,210.22560119628906,210.87765502929688,209.84254455566406,210.36111450195312,0
2025-09-30 07:00:00+00:00,210.36302185058594,210.71058654785156,208.82017517089844,209.02285766601562,0
2025-09-30 08:00:00+00:00,209.03176879882812,209.03631591796875,207.97242736816406,208.03399658203125,37149184
2025-09-30 09:00:00+00:00,208.0133056640625,208.0133056640625,205.8947296142578,205.8947296142578,168244736
2025-09-30 10:00:00+00:00,205.9225616455078,206.91273498535156,205.89712524414062,206.76564025878906,77957632
2025-09-30 11:00:00+00:00,206.76148986816406,207.16819763183594,206.15318298339844,207.03892517089844,4811776
2025-09-30 12:00:00+00:00,207.04498291015625,207.33432006835938,206.63348388671875,206.63348388671875,0
2025-09-30 13:00:00+00:00,206.55157470703125,209.3354949951172,206.01528930664062,208.03500366210938,0
2025-09-30 14:00:00+00:00,207.98524475097656,208.56381225585938,206.6313018798828,208.56381225585938,0
2025-09-30 15:00:00+00:00,208.7923126220703,208.7923126220703,205.13919067382812,205.9918212890625,0
2025-09-30 16:00:00+00:00,206.01956176757812,206.05982971191406,204.57302856445312,204.90878295898438,39404544
2025-09-30 17:00:00+00:00,204.9507598876953,206.15896606445312,204.9507598876953,205.82823181152344,799232
2025-09-30 18:00:00+00:00,205.77232360839844,207.715087890625,205.6831512451172,207.64370727539062,49459712
2025-09-30 19:00:00+00:00,207.6498565673828,208.90658569335938,207.57704162597656,208.70135498046875,47736832
2025-09-30 20:00:00+00:00,208.77688598632812,209.9053955078125,208.5333251953125,209.85418701171875,0
2025-09-30 21:00:00+00:00,209.8660125732422,210.80735778808594,209.45274353027344,210.4011993408203,140778496
2025-09-30 22:00:00+00:00,210.33425903320312,210.72975158691406,208.25363159179688,208.26641845703125,111006208
2025-09-30 23:00:00+00:00,208.27212524414062,208.7422332763672,207.7957305908203,208.7422332763672,36460032
2025-10-01 00:00:00+00:00,208.73638916015625,209.18556213378906,206.62326049804688,207.5280303955078,0
2025-10-01 01:00:00+00:00,207.53424072265625,210.47796630859375,207.4248046875,210.4700469970703,0
2025-10-01 02:00:00+00:00,210.5084228515625,210.7886199951172,209.37493896484375,209.37493896484375,22129664
2025-10-01 03:00:00+00:00,209.36305236816406,209.487060546875,206.82708740234375,206.82708740234375,107119616
2025-10-01 04:00:00+00:00,206.8379669189453,209.388916015625,206.8379669189453,208.3494873046875,153757696
2025-10-01 05:00:00+00:00,208.3553924560547,209.83119201660156,208.3553924560547,209.212890625,0
2025-10-01 06:00:00+00:00,209.18869018554688,209.21270751953125,208.02223205566406,208.04104614257812,37534208
2025-10-01 07:00:00+00:00,208.04287719726562,210.2090301513672,208.04287719726562,210.20738220214844,0
2025-10-01 08:00:00+00:00,210.20486450195312,216.43072509765625,210.12974548339844,216.381103515625,699749376
2025-10-01 09:00:00+00:00,216.39950561523438,217.90850830078125,216.2676239013672,217.8043212890625,347621888
2025-10-01 10:00:00+00:00,217.79212951660156,217.79212951660156,216.30892944335938,216.7188720703125,89610240
2025-10-01 11:00:00+00:00,216.71414184570312,217.78578186035156,216.71414184570312,217.78578186035156,20073472
2025-10-01 12:00:00+00:00,217.83197021484375,219.03109741210938,217.35997009277344,218.4116973876953,288553984
2025-10-01 13:00:00+00:00,218.61375427246094,219.6678466796875,218.61375427246094,219.41331481933594,40214016
2025-10-01 14:00:00+00:00,219.41415405273438,220.59158325195312,219.33172607421875,219.69161987304688,202258944
2025-10-01 15:00:00+00:00,219.7318878173828,220.24765014648438,219.06900024414062,219.74359130859375,0
2025-10-01 16:00:00+00:00,219.92105102539062,220.82119750976562,219.27537536621094,219.27537536621094,21559808
2025-10-01 17:00:00+00:00,219.2628631591797,219.7809600830078,217.84030151367188,217.85939025878906,22182912
2025-10-01 18:00:00+00:00,217.8343505859375,219.5364990234375,217.67953491210938,219.23280334472656,31216640
2025-10-01 19:00:00+00:00,219.22720336914062,220.3768310546875,219.22720336914062,220.1330108642578,0
2025-10-01 20:00:00+00:00,220.1503448486328,220.28211975097656,219.51776123046875,219.51776123046875,0
2025-10-01 21:00:00+00:00,219.52960205078125,219.54721069335938,218.68516540527344,218.88465881347656,0
2025-10-01 22:00:00+00:00,218.97666931152344,219.8555450439453,218.97666931152344,219.62664794921875,0
2025-10-01 23:00:00+00:00,219.6326141357422,221.69473266601562,219.6326141357422,221.69473266601562,68414464
2025-10-02 00:00:00+00:00,221.6840057373047,222.19561767578125,219.94398498535156,219.94398498535156,250696192
2025-10-02 01:00:00+00:00,219.9555206298828,222.9595947265625,219.86309814453125,222.9595947265625,19735040
2025-10-02 02:00:00+00:00,222.96481323242188,223.78207397460938,221.94847106933594,223.27737426757812,104382976
2025-10-02 03:00:00+00:00,223.22561645507812,224.93594360351562,223.18167114257812,223.91160583496094,85488640
2025-10-02 04:00:00+00:00,223.90931701660156,224.94851684570312,223.0078582763672,223.48887634277344,5615616
2025-10-02 05:00:00+00:00,223.58497619628906,226.0008087158203,223.58497619628906,224.2079315185547,175197184
2025-10-02 06:00:00+00:00,224.208251953125,225.4976043701172,223.7832489013672,224.85919189453125,185853952
2025-10-02 07:00:00+00:00,224.9539031982422,225.17990112304688,222.85488891601562,222.85488891601562,78492672
2025-10-02 08:00:00+00:00,223.0476531982422,224.64419555664062,222.99798583984375,224.6136016845703,0
2025-10-02 09:00:00+00:00,224.68109130859375,225.35035705566406,224.29202270507812,225.17100524902344,0
2025-10-02 10:00:00+00:00,225.19482421875,225.6208953857422,225.0321044921875,225.2401885986328,0
2025-10-02 11:00:00+00:00,225.25303649902344,226.24864196777344,225.03802490234375,225.75555419921875,12790272
2025-10-02 12:00:00+00:00,225.7711181640625,226.99205017089844,225.31861877441406,226.99205017089844,0
2025-10-02 13:00:00+00:00,227.02255249023438,227.4423065185547,225.30615234375,226.5860595703125,116625408
2025-10-02 14:00:00+00:00,226.58274841308594,226.6182098388672,223.7751922607422,223.8315887451172,0
2025-10-02 15:00:00+00:00,223.7345428466797,227.11758422851562,223.1085968017578,227.11758422851562,195484672
2025-10-02 16:00:00+00:00,227.11398315429688,229.0797576904297,227.09596252441406,227.9288787841797,259926016
2025-10-02 17:00:00+00:00,227.9681396484375,230.12554931640625,227.83920288085938,230.05484008789062,136509952
2025-10-02 18:00:00+00:00,229.9852294921875,232.8942108154297,229.9852294921875,232.74656677246094,367065088
2025-10-02 19:00:00+00:00,232.64710998535156,233.60842895507812,232.0360870361328,232.7219696044922,289215488
2025-10-02 20:00:00+00:00,232.72726440429688,232.72726440429688,231.1085662841797,232.14547729492188,114353152
2025-10-02 21:00:00+00:00,232.26475524902344,233.83827209472656,232.26475524902344,232.87872314453125,113628160
2025-10-02 22:00:00+00:00,232.84210205078125,233.74293518066406,232.4093017578125,232.99258422851562,156667904
2025-10-02 23:00:00+00:00,233.0223846435547,234.8505401611328,233.0223846435547,234.8505401611328,104818688
2025-10-03 00:00:00+00:00,234.8362579345703,234.8362579345703,232.2455291748047,232.2455291748047,0
2025-10-03 01:00:00+00:00,232.20077514648438,232.5209197998047,231.03781127929688,231.06884765625,0
2025-10-03 02:00:00+00:00,231.08767700195312,233.3120880126953,231.08767700195312,233.3120880126953,0
2025-10-03 03:00:00+00:00,233.2973175048828,234.38258361816406,232.63174438476562,232.63174438476562,0
2025-10-03 04:00:00+00:00,232.63772583007812,233.1748046875,231.91539001464844,232.08470153808594,0
2025-10-03 05:00:00+00:00,232.10345458984375,232.17140197753906,230.56033325195312,231.18679809570312,0
2025-10-03 06:00:00+00:00,231.23019409179688,231.51646423339844,229.03382873535156,229.13758850097656,0
2025-10-03 07:00:00+00:00,229.1976776123047,229.6418914794922,228.96356201171875,229.48963928222656,42677248
2025-10-03 08:00:00+00:00,229.5270233154297,230.6752166748047,228.30661010742188,230.6752166748047,129050624
2025-10-03 09:00:00+00:00,230.71334838867188,231.79168701171875,230.71334838867188,231.09300231933594,139805696
2025-10-03 10:00:00+00:00,231.10679626464844,231.57118225097656,230.66358947753906,231.52142333984375,0
2025-10-03 11:00:00+00:00,231.46286010742188,231.46286010742188,230.13302612304688,231.00767517089844,0
2025-10-03 12:00:00+00:00,230.99441528320312,231.04403686523438,230.1517333984375,230.50286865234375,0
2025-10-03 13:00:00+00:00,230.16221618652344,230.65927124023438,229.18734741210938,230.11029052734375,0
2025-10-03 14:00:00+00:00,230.0718994140625,230.887451171875,227.9402313232422,230.62741088867188,30324736
2025-10-03 15:00:00+00:00,230.49009704589844,234.77061462402344,229.91683959960938,234.68743896484375,121249792
2025-10-03 16:00:00+00:00,235.06573486328125,236.71035766601562,234.75245666503906,235.11300659179688,339355648
2025-10-03 17:00:00+00:00,233.28237915039062,233.3312530517578,230.24374389648438,230.37408447265625,659722240
2025-10-03 18:00:00+00:00,230.33628845214844,233.31695556640625,229.51075744628906,233.3158721923828,0
2025-10-03 19:00:00+00:00,233.538330078125,235.1128387451172,233.06307983398438,233.50155639648438,0
2025-10-03 20:00:00+00:00,233.46144104003906,233.46144104003906,231.83779907226562,233.0099334716797,0
2025-10-03 21:00:00+00:00,233.04470825195312,233.3283233642578,232.221435546875,232.75302124023438,0
2025-10-03 22:00:00+00:00,232.8160400390625,233.7533416748047,232.8160400390625,233.1571044921875,0
2025-10-03 23:00:00+00:00,233.20758056640625,233.47659301757812,232.7272491455078,233.0009765625,18432
2025-10-04 00:00:00+00:00,232.98040771484375,233.90084838867188,231.89663696289062,231.91720581054688,0
2025-10-04 01:00:00+00:00,231.96102905273438,231.96102905273438,229.9744110107422,230.06765747070312,0
2025-10-04 02:00:00+00:00,230.31243896484375,231.0009002685547,228.82315063476562,230.0345916748047,44193792
2025-10-04 03:00:00+00:00,229.96717834472656,229.96717834472656,228.40016174316406,229.29493713378906,0
2025-10-04 04:00:00+00:00,229.287841796875,229.85926818847656,229.18295288085938,229.65821838378906,0
2025-10-04 05:00:00+00:00,229.67051696777344,230.24317932128906,229.47921752929688,229.986572265625,0
2025-10-04 06:00:00+00:00,230.00453186035156,230.45851135253906,229.86920166015625,229.9347686767578,0
2025-10-04 07:00:00+00:00,229.9340057373047,229.94290161132812,228.94468688964844,229.03770446777344,0
2025-10-04 08:00:00+00:00,229.1971435546875,229.3912811279297,228.4729461669922,228.9488983154297,0
2025-10-04 09:00:00+00:00,228.95278930664062,229.4529266357422,228.4984893798828,228.501220703125,0
2025-10-04 10:00:00+00:00,228.53439331054688,229.95248413085938,228.53439331054688,229.0203094482422,0
2025-10-04 11:00:00+00:00,229.1035614013672,229.58169555664062,229.0717010498047,229.23941040039062,0
2025-10-04 12:00:00+00:00,229.24301147460938,229.28811645507812,228.22616577148438,228.22616577148438,0
2025-10-04 13:00:00+00:00,228.23513793945312,229.6950225830078,228.23513793945312,228.93386840820312,0
2025-10-04 14:00:00+00:00,228.93661499023438,229.44810485839844,227.60618591308594,227.60618591308594,0
2025-10-04 15:00:00+00:00,227.0163116455078,227.28622436523438,224.88128662109375,224.88128662109375,0
2025-10-04 16:00:00+00:00,224.8848876953125,225.41725158691406,224.49537658691406,225.3831787109375,0
2025-10-04 17:00:00+00:00,225.60751342773438,226.98350524902344,225.60751342773438,226.4737091064453,0
2025-10-04 18:00:00+00:00,226.49131774902344,226.97044372558594,225.96392822265625,225.982666015625,0
2025-10-04 19:00:00+00:00,226.1411590576172,226.80052185058594,226.119140625,226.78271484375,0
2025-10-04 20:00:00+00:00,226.8084259033203,227.9780731201172,226.8084259033203,227.60440063476562,0
2025-10-04 21:00:00+00:00,227.59153747558594,228.19737243652344,227.4693603515625,227.52955627441406,0
2025-10-04 22:00:00+00:00,227.4948272705078,227.999755859375,227.22726440429688,227.84922790527344,0
2025-10-04 23:00:00+00:00,227.79486083984375,228.11172485351562,227.27113342285156,228.00869750976562,0
2025-10-05 00:00:00+00:00,227.98675537109375,228.2442626953125,227.16932678222656,227.16932678222656,0
2025-10-05 01:00:00+00:00,227.08294677734375,227.69744873046875,226.90872192382812,227.67645263671875,0
2025-10-05 02:00:00+00:00,227.71224975585938,230.8636932373047,227.58294677734375,230.60057067871094,275122176
2025-10-05 03:00:00+00:00,231.1466522216797,231.98709106445312,230.52804565429688,231.144775390625,170153984
2025-10-05 04:00:00+00:00,231.15789794921875,234.4410858154297,231.12254333496094,234.1382293701172,345134080
2025-10-05 05:00:00+00:00,234.01922607421875,234.8212890625,233.765869140625,234.13629150390625,342510080
2025-10-05 06:00:00+00:00,234.41024780273438,235.54327392578125,234.41024780273438,235.3006591796875,268329472
2025-10-05 07:00:00+00:00,235.23155212402344,236.65330505371094,235.1861572265625,236.6483612060547,282469376
2025-10-05 08:00:00+00:00,236.63011169433594,236.72918701171875,235.24160766601562,235.252685546875,111735808
2025-10-05 09:00:00+00:00,235.25209045410156,235.63681030273438,232.90232849121094,233.97833251953125,362470400
2025-10-05 10:00:00+00:00,233.7855224609375,233.7855224609375,231.1352081298828,232.106689453125,276498944
2025-10-05 11:00:00+00:00,232.08987426757812,232.74200439453125,230.9775848388672,232.74200439453125,141733888
2025-10-05 12:00:00+00:00,232.6822509765625,232.6822509765625,231.1961669921875,231.499267578125,81633280
2025-10-05 13:00:00+00:00,231.49240112304688,231.92572021484375,230.91510009765625,231.49600219726562,53652992
2025-10-05 14:00:00+00:00,231.64366149902344,232.00750732421875,229.6363067626953,229.9329071044922,107148288
2025-10-05 15:00:00+00:00,230.1174774169922,230.76136779785156,229.9492645263672,230.26104736328125,0
2025-10-05 16:00:00+00:00,230.20301818847656,230.64059448242188,229.39620971679688,230.4761199951172,0
2025-10-05 17:00:00+00:00,230.53785705566406,231.22618103027344,229.64002990722656,229.66873168945312,0
2025-10-05 18:00:00+00:00,229.6824188232422,229.76585388183594,227.97061157226562,229.06710815429688,156009984
2025-10-05 19:00:00+00:00,229.0050811767578,229.0050811767578,226.96343994140625,226.96343994140625,151759872
2025-10-05 20:00:00+00:00,227.0143280029297,228.74603271484375,226.95677185058594,228.45303344726562,78354432
2025-10-05 21:00:00+00:00,228.40000915527344,228.63609313964844,227.64779663085938,228.63609313964844,22691840
2025-10-05 22:00:00+00:00,228.7357940673828,228.984130859375,227.42091369628906,228.36492919921875,76964352
2025-10-05 23:00:00+00:00,228.36451721191406,229.00631713867188,228.33827209472656,228.60110473632812,84180992
2025-10-06 00:00:00+00:00,228.60647583007812,229.9093780517578,227.998046875,228.6709442138672,191899136
2025-10-06 01:00:00+00:00,228.66871643066406,231.30020141601562,228.21324157714844,231.2396240234375,248841728
2025-10-06 02:00:00+00:00,231.25965881347656,232.54962158203125,230.08485412597656,232.27352905273438,0
2025-10-06 03:00:00+00:00,232.27113342285156,233.07888793945312,232.021240234375,232.257568359375,0
2025-10-06 04:00:00+00:00,232.25279235839844,232.28811645507812,230.96566772460938,230.96682739257812,0
2025-10-06 05:00:00+00:00,230.94129943847656,232.26080322265625,230.32020568847656,232.26080322265625,0
2025-10-06 06:00:00+00:00,232.2571258544922,234.41676330566406,232.2571258544922,233.71507263183594,0
2025-10-06 07:00:00+00:00,233.74058532714844,234.00640869140625,231.05728149414062,231.2236328125,0
2025-10-06 08:00:00+00:00,231.23086547851562,233.72341918945312,231.23086547851562,233.7201690673828,0
2025-10-06 09:00:00+00:00,233.720703125,234.0492706298828,233.08273315429688,233.60159301757812,0
2025-10-06 10:00:00+00:00,233.61587524414062,233.6572265625,232.66551208496094,232.8654022216797,0
2025-10-06 11:00:00+00:00,232.85838317871094,233.60055541992188,232.14230346679688,233.1210479736328,0
2025-10-06 12:00:00+00:00,233.121826171875,234.26512145996094,233.121826171875,234.0787353515625,59736576
2025-10-06 13:00:00+00:00,234.09381103515625,234.65077209472656,233.34420776367188,234.4586639404297,198095872
2025-10-06 14:00:00+00:00,234.79641723632812,235.46487426757812,233.2788848876953,233.3013458251953,215427072
2025-10-06 15:00:00+00:00,233.28659057617188,236.2165069580078,233.28659057617188,235.9825439453125,306827264
2025-10-06 16:00:00+00:00,235.96051025390625,236.12307739257812,234.365478515625,235.72500610351562,88075264
2025-10-06 17:00:00+00:00,235.79295349121094,237.32254028320312,235.69483947753906,236.77403259277344,264445952
2025-10-06 18:00:00+00:00,236.39491271972656,236.80136108398438,235.1292266845703,236.80136108398438,28509184
2025-10-06 19:00:00+00:00,236.75634765625,236.95101928710938,235.0017547607422,235.30982971191406,70910976
2025-10-06 20:00:00+00:00,235.4242401123047,236.0052947998047,233.87623596191406,233.92591857910156,139910144
2025-10-06 21:00:00+00:00,233.76123046875,234.3585205078125,233.1620330810547,233.7819061279297,105311744
2025-10-06 22:00:00+00:00,234.6433868408203,234.8291015625,234.29525756835938,234.59036254882812,25769984
2025-10-06 23:00:00+00:00,234.5946044921875,234.68382263183594,232.5147705078125,232.5147705078125,128876544
2025-10-07 00:00:00+00:00,232.41006469726562,232.83155822753906,231.4556884765625,232.44154357910156,0
2025-10-07 01:00:00+00:00,232.51629638671875,232.93174743652344,231.36585998535156,232.62879943847656,0
2025-10-07 02:00:00+00:00,232.72706604003906,233.7914581298828,232.57235717773438,233.4956512451172,0
2025-10-07 03:00:00+00:00,233.49755859375,233.7818603515625,233.14678955078125,233.7818603515625,0
2025-10-07 04:00:00+00:00,233.8256072998047,235.07630920410156,233.2405548095703,235.06912231445312,74203648
2025-10-07 05:00:00+00:00,235.04006958007812,235.04006958007812,233.44520568847656,233.44520568847656,56807424
2025-10-07 06:00:00+00:00,233.56016540527344,233.6182098388672,230.2748565673828,230.61685180664062,137844224
2025-10-07 07:00:00+00:00,230.6082763671875,231.03952026367188,229.99774169921875,231.03952026367188,26024448
2025-10-07 08:00:00+00:00,231.04786682128906,231.04786682128906,228.77841186523438,230.2064666748047,205569536
2025-10-07 09:00:00+00:00,230.16212463378906,230.5525360107422,230.0349578857422,230.4398651123047,51418624
2025-10-07 10:00:00+00:00,230.43324279785156,231.51100158691406,230.05328369140625,231.00030517578125,67633152
2025-10-07 11:00:00+00:00,231.0209197998047,231.1414337158203,230.4005126953125,230.6068572998047,5850624
2025-10-07 12:00:00+00:00,230.63412475585938,231.2919158935547,229.66690063476562,231.2919158935547,84916736
2025-10-07 13:00:00+00:00,231.32394409179688,231.54627990722656,227.3538818359375,227.844482421875,270295040
2025-10-07 14:00:00+00:00,228.0183563232422,228.0183563232422,225.203369140625,225.8159942626953,350985216
2025-10-07 15:00:00+00:00,225.76535034179688,225.76535034179688,222.40829467773438,223.521728515625,658135552
2025-10-07 16:00:00+00:00,223.6648712158203,225.1512451171875,222.73338317871094,224.7104949951172,396025856
2025-10-07 17:00:00+00:00,224.71165466308594,224.71165466308594,223.0861358642578,223.0861358642578,0
2025-10-07 18:00:00+00:00,222.81956481933594,223.0242462158203,221.9136962890625,221.9136962890625,0
2025-10-07 19:00:00+00:00,221.61126708984375,222.50135803222656,221.4325714111328,222.06118774414062,49756160
2025-10-07 20:00:00+00:00,222.02005004882812,224.1023712158203,221.87557983398438,224.02838134765625,0
2025-10-07 21:00:00+00:00,223.9167022705078,224.20802307128906,222.80447387695312,223.18109130859375,0
2025-10-07 22:00:00+00:00,223.2301788330078,223.5843505859375,222.4048309326172,222.51499938964844,0
2025-10-07 23:00:00+00:00,222.54742431640625,222.54742431640625,220.4560546875,220.4855499267578,10768384
2025-10-08 00:00:00+00:00,220.47760009765625,221.7412872314453,219.27108764648438,221.42430114746094,188299264
2025-10-08 01:00:00+00:00,221.17295837402344,222.26568603515625,220.77752685546875,222.26258850097656,0
2025-10-08 02:00:00+00:00,222.24673461914062,222.74551391601562,221.60104370117188,221.80735778808594,5078016
2025-10-08 03:00:00+00:00,221.80642700195312,221.80642700195312,218.39559936523438,218.39559936523438,125394944
2025-10-08 04:00:00+00:00,218.3878631591797,220.3303680419922,218.31222534179688,220.32754516601562,82631680
2025-10-08 05:00:00+00:00,220.34490966796875,220.36692810058594,218.8017120361328,219.58914184570312,0
2025-10-08 06:00:00+00:00,219.56329345703125,220.30223083496094,219.11080932617188,220.30223083496094,0
2025-10-08 07:00:00+00:00,220.32130432128906,220.73822021484375,219.75509643554688,220.73822021484375,0
2025-10-08 08:00:00+00:00,220.81153869628906,222.5597686767578,220.81153869628906,221.73118591308594,0
2025-10-08 09:00:00+00:00,221.73753356933594,221.96578979492188,221.078857421875,221.3246307373047,0
2025-10-08 10:00:00+00:00,221.33998107910156,222.2022247314453,221.2622528076172,222.18714904785156,0
2025-10-08 11:00:00+00:00,222.19203186035156,222.510009765625,220.9070281982422,221.06875610351562,0
2025-10-08 12:00:00+00:00,221.2787628173828,222.44760131835938,221.2787628173828,222.01419067382812,0
2025-10-08 13:00:00+00:00,222.07815551757812,222.42550659179688,219.76126098632812,220.5347442626953,0
2025-10-08 14:00:00+00:00,220.66659545898438,223.6825408935547,219.88629150390625,219.91639709472656,0
2025-10-08 15:00:00+00:00,219.97291564941406,222.57992553710938,219.97291564941406,221.42422485351562,0
2025-10-08 16:00:00+00:00,221.40957641601562,223.54971313476562,221.1060333251953,223.54971313476562,0
2025-10-08 17:00:00+00:00,223.56369018554688,227.6100311279297,223.56369018554688,227.57907104492188,203794944
2025-10-08 18:00:00+00:00,227.46804809570312,229.16958618164062,226.68711853027344,229.1587677001953,244428800
2025-10-08 19:00:00+00:00,228.8860321044922,229.17445373535156,227.6781463623047,229.17445373535156,0
2025-10-08 20:00:00+00:00,229.20623779296875,229.5471649169922,227.97830200195312,227.97830200195312,0
2025-10-08 21:00:00+00:00,227.92794799804688,229.00326538085938,227.67910766601562,228.2516632080078,9402368
2025-10-08 22:00:00+00:00,228.30824279785156,229.35906982421875,228.30824279785156,229.0113525390625,38650368
2025-10-08 23:00:00+00:00,228.990966796875,229.26034545898438,228.1266326904297,229.0968780517578,0
2025-10-09 00:00:00+00:00,229.10426330566406,229.3097686767578,228.2294464111328,228.66102600097656,0
2025-10-09 01:00:00+00:00,228.50303649902344,228.50303649902344,226.34645080566406,228.29580688476562,144286720
2025-10-09 02:00:00+00:00,228.2815704345703,228.51234436035156,224.24534606933594,224.3168487548828,189335040
2025-10-09 03:00:00+00:00,224.30511474609375,226.27719116210938,224.30511474609375,226.2552032470703,0
2025-10-09 04:00:00+00:00,226.2242431640625,227.43112182617188,225.73277282714844,227.41571044921875,0
2025-10-09 05:00:00+00:00,227.47483825683594,228.57728576660156,227.03770446777344,227.4345245361328,42843648
2025-10-09 06:00:00+00:00,227.48565673828125,228.13734436035156,226.63204956054688,226.64439392089844,37885440
2025-10-09 07:00:00+00:00,226.60000610351562,226.7557373046875,224.43885803222656,224.85520935058594,127242240
2025-10-09 08:00:00+00:00,224.82225036621094,224.82225036621094,219.86764526367188,219.92430114746094,355092992
2025-10-09 09:00:00+00:00,219.91465759277344,221.98902893066406,219.91465759277344,221.9553680419922,126383616
2025-10-09 10:00:00+00:00,221.95481872558594,222.7295684814453,221.27001953125,222.4701385498047,19520512
2025-10-09 11:00:00+00:00,222.4613494873047,223.86148071289062,222.43582153320312,223.503173828125,50757120
2025-10-09 12:00:00+00:00,223.44834899902344,226.11839294433594,223.25596618652344,226.11839294433594,106919936
2025-10-09 13:00:00+00:00,226.08888244628906,226.12098693847656,223.43829345703125,223.43829345703125,46003200
2025-10-09 14:00:00+00:00,223.2441864013672,223.2441864013672,220.1758575439453,220.97914123535156,101813760
2025-10-09 15:00:00+00:00,221.3420867919922,221.8015594482422,219.20822143554688,219.23580932617188,166315008
2025-10-09 16:00:00+00:00,219.26272583007812,219.59457397460938,218.03871154785156,218.2069549560547,219457024
2025-10-09 17:00:00+00:00,218.08018493652344,219.02633666992188,217.32508850097656,218.72332763671875,0
2025-10-09 18:00:00+00:00,218.93426513671875,219.42910766601562,217.59735107421875,217.86610412597656,0
2025-10-09 19:00:00+00:00,217.68978881835938,218.8878173828125,217.68978881835938,218.31822204589844,0
2025-10-09 20:00:00+00:00,218.4822998046875,219.1719970703125,217.9360809326172,218.6427764892578,0
2025-10-09 21:00:00+00:00,218.88839721679688,220.31907653808594,218.8594207763672,220.31907653808594,0
2025-10-09 22:00:00+00:00,220.32110595703125,221.65895080566406,220.23851013183594,221.24383544921875,0
2025-10-09 23:00:00+00:00,221.2672119140625,221.29893493652344,220.15133666992188,220.99305725097656,477696
2025-10-10 00:00:00+00:00,220.99685668945312,221.9388885498047,220.99685668945312,221.3196258544922,0
2025-10-10 01:00:00+00:00,221.32276916503906,222.09046936035156,221.00355529785156,221.05535888671875,0
2025-10-10 02:00:00+00:00,221.0492706298828,221.81248474121094,220.30616760253906,220.33380126953125,0
2025-10-10 03:00:00+00:00,220.35220336914062,222.71539306640625,219.93280029296875,221.65432739257812,2212864
2025-10-10 04:00:00+00:00,221.63494873046875,222.77333068847656,221.19627380371094,221.19627380371094,29261312
2025-10-10 05:00:00+00:00,221.1976776123047,221.69366455078125,220.5626678466797,221.68316650390625,0
2025-10-10 06:00:00+00:00,221.68531799316406,222.28968811035156,219.75308227539062,219.7592010498047,0
2025-10-10 07:00:00+00:00,219.70681762695312,219.70681762695312,218.35971069335938,218.60841369628906,0
2025-10-10 08:00:00+00:00,218.5840301513672,219.8053436279297,218.11752319335938,219.8053436279297,0
2025-10-10 09:00:00+00:00,220.0829620361328,220.5330810546875,219.19544982910156,219.1988983154297,0
2025-10-10 10:00:00+00:00,219.1735076904297,220.555419921875,218.9811248779297,220.526611328125,0
2025-10-10 11:00:00+00:00,220.53309631347656,221.49462890625,220.53182983398438,221.41522216796875,0
2025-10-10 12:00:00+00:00,221.4207305908203,221.7183380126953,221.0763702392578,221.64913940429688,0
2025-10-10 13:00:00+00:00,221.65237426757812,224.08949279785156,221.65237426757812,222.96730041503906,47452160
2025-10-10 14:00:00+00:00,223.10264587402344,224.25025939941406,222.44041442871094,222.6248779296875,0
2025-10-10 15:00:00+00:00,222.00564575195312,222.00564575195312,210.29360961914062,210.4872589111328,1441669120
2025-10-10 16:00:00+00:00,210.62371826171875,212.72830200195312,210.34849548339844,211.21253967285156,377118208
2025-10-10 17:00:00+00:00,211.2278289794922,211.29693603515625,209.5453643798828,209.61590576171875,53711872
2025-10-10 18:00:00+00:00,209.61878967285156,209.85653686523438,207.93983459472656,207.93983459472656,143370752
2025-10-10 19:00:00+00:00,207.9091033935547,208.0487823486328,204.63824462890625,206.13294982910156,523449856
2025-10-10 20:00:00+00:00,206.00732421875,207.58839416503906,201.603515625,201.603515625,599812096
2025-10-10 21:00:00+00:00,201.01377868652344,201.01377868652344,174.43038940429688,194.9978485107422,3752203264
2025-10-10 22:00:00+00:00,194.21688842773438,194.21688842773438,186.46633911132812,189.96954345703125,2051558400
2025-10-10 23:00:00+00:00,190.05685424804688,194.365966796875,188.6278533935547,188.63890075683594,1316664320
2025-10-11 00:00:00+00:00,188.69309997558594,190.565673828125,186.37045288085938,188.96900939941406,775424000
2025-10-11 01:00:00+00:00,188.86610412597656,188.86610412597656,183.16290283203125,183.75738525390625,512040960
2025-10-11 02:00:00+00:00,183.60108947753906,190.7732391357422,183.55328369140625,189.3526611328125,794875904
2025-10-11 03:00:00+00:00,189.31927490234375,189.31927490234375,183.39122009277344,184.46969604492188,368654336
2025-10-11 04:00:00+00:00,184.5687713623047,186.6571044921875,184.41412353515625,186.1269073486328,312807424
2025-10-11 05:00:00+00:00,186.1136932373047,186.34608459472656,181.03018188476562,182.8485107421875,436064256
2025-10-11 06:00:00+00:00,182.72756958007812,185.86822509765625,182.72756958007812,183.4871368408203,335296512
2025-10-11 07:00:00+00:00,183.5590362548828,183.7310791015625,182.4307861328125,183.3944854736328,222158848
2025-10-11 08:00:00+00:00,183.26206970214844,187.2791290283203,182.6755828857422,187.2791290283203,365705216
2025-10-11 09:00:00+00:00,187.0280303955078,188.11407470703125,184.819091796875,184.819091796875,342220800
2025-10-11 10:00:00+00:00,184.82032775878906,186.02850341796875,183.47512817382812,183.61837768554688,258859008
2025-10-11 11:00:00+00:00,183.7117462158203,184.17318725585938,182.58299255371094,184.17318725585938,237680640
2025-10-11 12:00:00+00:00,184.09317016601562,184.5457763671875,182.4289093017578,183.1957550048828,214458368
2025-10-11 13:00:00+00:00,183.42234802246094,184.36659240722656,181.9215087890625,184.15162658691406,83554304
2025-10-11 14:00:00+00:00,184.17562866210938,184.54818725585938,182.4698028564453,182.70736694335938,0
2025-10-11 15:00:00+00:00,182.75511169433594,184.57089233398438,182.75511169433594,184.06842041015625,0
2025-10-11 16:00:00+00:00,184.0821990966797,184.4377899169922,182.41522216796875,182.99559020996094,0
2025-10-11 17:00:00+00:00,182.97801208496094,184.32481384277344,182.90187072753906,182.9955291748047,0
2025-10-11 18:00:00+00:00,183.0332489013672,183.11517333984375,182.61474609375,182.6170196533203,0
2025-10-11 19:00:00+00:00,182.64137268066406,182.67750549316406,177.41891479492188,177.41891479492188,0
2025-10-11 20:00:00+00:00,177.48297119140625,177.73623657226562,174.92527770996094,175.0841064453125,0
2025-10-11 21:00:00+00:00,175.73513793945312,177.2926788330078,173.83447265625,177.1048583984375,0
2025-10-11 22:00:00+00:00,177.09815979003906,178.07485961914062,176.44349670410156,177.5982666015625,0
2025-10-11 23:00:00+00:00,177.7487335205078,178.65188598632812,177.64320373535156,178.0561981201172,0
2025-10-12 00:00:00+00:00,177.53488159179688,177.53488159179688,173.7491912841797,173.7491912841797,0
2025-10-12 01:00:00+00:00,173.54965209960938,175.1833038330078,173.54965209960938,174.5260009765625,0
2025-10-12 02:00:00+00:00,174.5067138671875,176.29827880859375,174.1005859375,174.18145751953125,0
2025-10-12 03:00:00+00:00,174.8734588623047,178.07798767089844,174.77691650390625,177.19337463378906,0
2025-10-12 04:00:00+00:00,177.2057647705078,180.86497497558594,177.16229248046875,180.0596923828125,0
2025-10-12 05:00:00+00:00,180.1211395263672,181.91152954101562,180.03977966308594,181.78140258789062,0
2025-10-12 06:00:00+00:00,181.60855102539062,182.60147094726562,181.31277465820312,182.60147094726562,0
2025-10-12 07:00:00+00:00,182.63206481933594,182.92271423339844,182.03041076660156,182.65835571289062,0
2025-10-12 08:00:00+00:00,182.65982055664062,182.7883758544922,181.9679412841797,182.10379028320312,0
2025-10-12 09:00:00+00:00,181.91932678222656,181.98255920410156,180.71559143066406,181.98255920410156,0
2025-10-12 10:00:00+00:00,181.99099731445312,182.26153564453125,181.0699005126953,181.0699005126953,0
2025-10-12 11:00:00+00:00,181.07998657226562,181.5893096923828,180.91574096679688,180.98880004882812,0
2025-10-12 12:00:00+00:00,181.01258850097656,183.10574340820312,181.01258850097656,181.6474151611328,3828736
2025-10-12 13:00:00+00:00,181.7509765625,181.80552673339844,178.91000366210938,179.17381286621094,0
2025-10-12 14:00:00+00:00,179.1539306640625,188.25253295898438,179.1539306640625,187.7231903076172,473894912
2025-10-12 15:00:00+00:00,187.4082489013672,191.4532470703125,186.960205078125,191.41363525390625,1043768320
2025-10-12 16:00:00+00:00,191.60818481445312,194.32508850097656,191.60818481445312,193.88211059570312,696372224
2025-10-12 17:00:00+00:00,193.88316345214844,195.779296875,193.72218322753906,194.52264404296875,317079552
2025-10-12 18:00:00+00:00,194.5579071044922,195.29879760742188,192.5014190673828,193.52072143554688,170014720
2025-10-12 19:00:00+00:00,193.87008666992188,196.12152099609375,193.87008666992188,196.12152099609375,0
2025-10-12 20:00:00+00:00,196.1123809814453,198.7578582763672,195.86224365234375,196.8561248779297,0
2025-10-12 21:00:00+00:00,196.9578857421875,197.55416870117188,194.35691833496094,195.48855590820312,0
2025-10-12 22:00:00+00:00,196.1449737548828,197.9538116455078,196.1449737548828,197.5667266845703,204961792
2025-10-12 23:00:00+00:00,197.56333923339844,197.56333923339844,196.05239868164062,197.51219177246094,34369536
2025-10-13 00:00:00+00:00,197.445556640625,198.55859375,196.29598999023438,197.6277313232422,52243456
2025-10-13 01:00:00+00:00,197.64381408691406,199.0225830078125,196.65048217773438,199.0225830078125,56389632
2025-10-13 02:00:00+00:00,199.0455322265625,199.62046813964844,196.2626190185547,196.863037109375,38691840
2025-10-13 03:00:00+00:00,196.7640838623047,197.011474609375,194.75473022460938,194.93234252929688,0
2025-10-13 04:00:00+00:00,194.97039794921875,196.40988159179688,194.7052001953125,196.40988159179688,0
2025-10-13 05:00:00+00:00,196.439453125,196.439453125,194.01272583007812,194.04063415527344,0
2025-10-13 06:00:00+00:00,194.06826782226562,197.34054565429688,193.5352783203125,197.30294799804688,0
2025-10-13 07:00:00+00:00,197.31031799316406,199.4300079345703,196.81405639648438,196.9625701904297,100979712
2025-10-13 08:00:00+00:00,196.93202209472656,198.65399169921875,196.5879669189453,198.62559509277344,1898496
2025-10-13 09:00:00+00:00,198.38485717773438,198.38485717773438,197.11106872558594,197.11106872558594,0
2025-10-13 10:00:00+00:00,196.98526000976562,196.98526000976562,195.3208465576172,195.50184631347656,8981504
2025-10-13 11:00:00+00:00,195.51068115234375,195.51068115234375,192.13418579101562,193.03688049316406,387724288
2025-10-13 12:00:00+00:00,192.9921875,194.19049072265625,192.09307861328125,192.09307861328125,0
2025-10-13 13:00:00+00:00,192.26748657226562,196.35928344726562,192.0428466796875,196.13587951660156,398593024
2025-10-13 14:00:00+00:00,196.21128845214844,196.644287109375,193.45892333984375,193.45892333984375,0
2025-10-13 15:00:00+00:00,193.5067596435547,197.31947326660156,193.5067596435547,196.9821319580078,0
2025-10-13 16:00:00+00:00,196.92611694335938,200.24066162109375,196.74710083007812,200.24066162109375,0
2025-10-13 17:00:00+00:00,200.23204040527344,202.3767547607422,200.23204040527344,202.31944274902344,186180608
2025-10-13 18:00:00+00:00,202.99534606933594,206.61183166503906,202.99534606933594,206.06793212890625,597257216
2025-10-13 19:00:00+00:00,206.05477905273438,208.88229370117188,206.03623962402344,207.10704040527344,167579648
2025-10-13 20:00:00+00:00,207.13575744628906,208.74819946289062,207.13575744628906,208.74819946289062,0
2025-10-13 21:00:00+00:00,208.867431640625,208.867431640625,208.06277465820312,208.2930908203125,0
2025-10-13 22:00:00+00:00,208.29183959960938,209.2491912841797,208.11830139160156,208.3907470703125,0
2025-10-13 23:00:00+00:00,208.458740234375,209.02413940429688,207.7772216796875,208.36355590820312,2399232
2025-10-14 00:00:00+00:00,208.4324188232422,211.06594848632812,208.4324188232422,209.29197692871094,0
2025-10-14 01:00:00+00:00,209.47543334960938,210.00808715820312,208.5719451904297,208.65260314941406,27685888
2025-10-14 02:00:00+00:00,208.64385986328125,208.64385986328125,206.3612060546875,206.3612060546875,109549568
2025-10-14 03:00:00+00:00,206.4901580810547,206.942138671875,205.53680419921875,206.2490997314453,154414080
2025-10-14 04:00:00+00:00,206.20301818847656,206.20301818847656,201.68115234375,201.89930725097656,210981888
2025-10-14 05:00:00+00:00,201.99075317382812,203.71353149414062,199.60511779785156,199.70347595214844,376172544
2025-10-14 06:00:00+00:00,199.75013732910156,200.57846069335938,194.22369384765625,195.99180603027344,544000000
2025-10-14 07:00:00+00:00,196.00473022460938,197.15782165527344,194.06619262695312,194.06619262695312,197565440
2025-10-14 08:00:00+00:00,194.28958129882812,196.79135131835938,193.80287170410156,196.32443237304688,297345024
2025-10-14 09:00:00+00:00,196.27207946777344,197.38279724121094,194.75942993164062,194.98782348632812,0
2025-10-14 10:00:00+00:00,194.99478149414062,195.04312133789062,191.7279510498047,194.21621704101562,310505472
2025-10-14 11:00:00+00:00,194.4928436279297,196.71820068359375,194.46055603027344,195.40982055664062,0
2025-10-14 12:00:00+00:00,195.4120635986328,195.4120635986328,192.91864013671875,193.46478271484375,31973376
2025-10-14 13:00:00+00:00,193.52081298828125,195.3462677001953,192.50975036621094,195.16293334960938,0
2025-10-14 14:00:00+00:00,195.23802185058594,198.7100830078125,195.0934600830078,196.2503662109375,220826624
2025-10-14 15:00:00+00:00,196.1110076904297,201.90939331054688,195.2847900390625,201.90939331054688,291761152
2025-10-14 16:00:00+00:00,202.18148803710938,204.73104858398438,200.68392944335938,203.45416259765625,349561856
2025-10-14 17:00:00+00:00,203.3569793701172,204.21128845214844,201.5428466796875,202.00604248046875,0
2025-10-14 18:00:00+00:00,201.97618103027344,204.23703002929688,201.45872497558594,201.45872497558594,0
2025-10-14 19:00:00+00:00,201.5794219970703,203.59359741210938,198.45188903808594,199.07577514648438,138305536
2025-10-14 20:00:00+00:00,199.00372314453125,200.50961303710938,198.87818908691406,200.50961303710938,16177152
2025-10-14 21:00:00+00:00,200.53704833984375,201.47030639648438,198.72702026367188,201.47030639648438,0
2025-10-14 22:00:00+00:00,201.4486083984375,201.9556121826172,200.84881591796875,201.86187744140625,0
2025-10-14 23:00:00+00:00,201.77195739746094,203.24693298339844,201.68150329589844,202.4618682861328,0
2025-10-15 00:00:00+00:00,202.4652557373047,203.41043090820312,201.71226501464844,203.41043090820312,7673856
2025-10-15 01:00:00+00:00,203.47457885742188,203.98069763183594,201.5809783935547,203.87686157226562,0
2025-10-15 02:00:00+00:00,203.8313751220703,205.66213989257812,203.5192108154297,203.7278594970703,0
2025-10-15 03:00:00+00:00,203.6763153076172,203.6763153076172,201.51193237304688,201.95303344726562,0
2025-10-15 04:00:00+00:00,201.9537353515625,203.4542236328125,201.23866271972656,203.4542236328125,0
2025-10-15 05:00:00+00:00,203.4540252685547,204.8134002685547,203.33465576171875,204.3406982421875,0
2025-10-15 06:00:00+00:00,204.3765411376953,204.98789978027344,202.3550262451172,204.4552001953125,0
2025-10-15 07:00:00+00:00,204.49557495117188,205.01165771484375,203.6624298095703,204.6172637939453,0
2025-10-15 08:00:00+00:00,204.67318725585938,208.2335968017578,204.67318725585938,206.0059356689453,66177024
2025-10-15 09:00:00+00:00,206.12269592285156,207.07864379882812,206.0323944091797,206.04302978515625,0
2025-10-15 10:00:00+00:00,206.09716796875,206.1396026611328,204.00827026367188,204.14398193359375,0
2025-10-15 11:00:00+00:00,204.14012145996094,204.6953887939453,202.67483520507812,202.99302673339844,0
2025-10-15 12:00:00+00:00,202.99325561523438,203.4807891845703,202.3008575439453,203.3115234375,0
2025-10-15 13:00:00+00:00,203.30918884277344,203.8729248046875,200.21466064453125,200.91262817382812,8597504
2025-10-15 14:00:00+00:00,200.9752197265625,204.5541534423828,199.12855529785156,199.1995086669922,0
2025-10-15 15:00:00+00:00,199.29624938964844,200.14535522460938,196.74801635742188,197.2824249267578,24806400
2025-10-15 16:00:00+00:00,197.28494262695312,198.600830078125,197.28494262695312,197.91384887695312,0
2025-10-15 17:00:00+00:00,197.91090393066406,197.91090393066406,195.5113525390625,197.77255249023438,0
2025-10-15 18:00:00+00:00,197.87860107421875,198.25962829589844,196.766845703125,198.10748291015625,0
2025-10-15 19:00:00+00:00,198.10824584960938,198.10824584960938,194.77320861816406,194.79879760742188,0
2025-10-15 20:00:00+00:00,194.8219451904297,196.26548767089844,193.17611694335938,194.44898986816406,187535360
2025-10-15 21:00:00+00:00,194.45037841796875,195.24900817871094,192.70376586914062,192.89303588867188,152313856
2025-10-15 22:00:00+00:00,192.9324188232422,194.5371856689453,192.9324188232422,193.40875244140625,62472192
2025-10-15 23:00:00+00:00,193.48614501953125,194.57659912109375,193.24864196777344,194.02186584472656,0
2025-10-16 00:00:00+00:00,193.99285888671875,194.49188232421875,193.45013427734375,194.0312042236328,0
2025-10-16 01:00:00+00:00,194.03890991210938,195.28768920898438,194.03890991210938,195.27322387695312,0
2025-10-16 02:00:00+00:00,195.27664184570312,195.81813049316406,194.80873107910156,195.38478088378906,0
2025-10-16 03:00:00+00:00,195.40676879882812,195.83982849121094,194.50704956054688,194.50704956054688,0
2025-10-16 04:00:00+00:00,194.3614044189453,194.56326293945312,192.8875274658203,193.19158935546875,19124224
2025-10-16 05:00:00+00:00,193.06689453125,194.14718627929688,192.13449096679688,192.48719787597656,25623552
2025-10-16 06:00:00+00:00,192.51220703125,195.35121154785156,192.51220703125,195.23130798339844,0
2025-10-16 07:00:00+00:00,195.23907470703125,195.29733276367188,192.76353454589844,193.05027770996094,0
2025-10-16 08:00:00+00:00,193.08189392089844,193.23736572265625,192.4230499267578,192.67320251464844,0
2025-10-16 09:00:00+00:00,192.63343811035156,193.92771911621094,188.72706604003906,193.92771911621094,528628736
2025-10-16 10:00:00+00:00,193.88734436035156,196.53469848632812,193.88734436035156,196.25437927246094,135187456
2025-10-16 11:00:00+00:00,196.2152862548828,196.99130249023438,195.05010986328125,196.87762451171875,30611456
2025-10-16 12:00:00+00:00,196.8692169189453,197.775390625,196.23085021972656,197.54556274414062,25671680
2025-10-16 13:00:00+00:00,197.49539184570312,197.92922973632812,195.89981079101562,195.89981079101562,0
2025-10-16 14:00:00+00:00,196.01458740234375,196.01458740234375,192.27294921875,194.27554321289062,0
2025-10-16 15:00:00+00:00,194.14944458007812,194.16725158691406,187.2281951904297,187.2281951904297,0
2025-10-16 16:00:00+00:00,187.4796142578125,191.20870971679688,186.8689727783203,191.20870971679688,503209984
2025-10-16 17:00:00+00:00,191.35133361816406,191.6742706298828,189.1290283203125,189.53192138671875,3936256
2025-10-16 18:00:00+00:00,189.56101989746094,189.56101989746094,187.5319366455078,189.0010223388672,158479360
2025-10-16 19:00:00+00:00,189.0010223388672,189.2586669921875,184.97268676757812,185.5912322998047,203252736
2025-10-16 20:00:00+00:00,185.55087280273438,185.70294189453125,182.29872131347656,183.13539123535156,0
2025-10-16 21:00:00+00:00,183.15577697753906,185.36793518066406,183.15577697753906,185.36793518066406,0
2025-10-16 22:00:00+00:00,185.80751037597656,185.80751037597656,183.3468017578125,183.3468017578125,0
2025-10-16 23:00:00+00:00,183.2534637451172,184.9957275390625,183.17347717285156,184.6862030029297,121595904
2025-10-17 00:00:00+00:00,184.707275390625,186.2278594970703,184.6150360107422,186.08494567871094,0
2025-10-17 01:00:00+00:00,186.0853271484375,187.19105529785156,185.13035583496094,185.24850463867188,36396032
2025-10-17 02:00:00+00:00,185.342041015625,186.99368286132812,185.141357421875,186.97315979003906,2338816
2025-10-17 03:00:00+00:00,186.97476196289062,187.2805633544922,186.4904022216797,187.16796875,5482496
2025-10-17 04:00:00+00:00,187.13487243652344,187.22718811035156,186.47027587890625,187.22349548339844,0
2025-10-17 05:00:00+00:00,187.19346618652344,187.38650512695312,185.6838836669922,186.07989501953125,0
2025-10-17 06:00:00+00:00,186.03469848632812,186.29525756835938,180.7186279296875,180.90940856933594,382312448
2025-10-17 07:00:00+00:00,180.7237091064453,180.7237091064453,177.81651306152344,178.33282470703125,544141312
2025-10-17 08:00:00+00:00,178.3179473876953,178.3179473876953,175.83912658691406,175.84576416015625,582364160
2025-10-17 09:00:00+00:00,175.76800537109375,180.02830505371094,175.5914764404297,177.68295288085938,0
2025-10-17 10:00:00+00:00,177.60630798339844,177.65689086914062,174.9503173828125,176.79661560058594,214872064
2025-10-17 11:00:00+00:00,176.92169189453125,181.9757080078125,176.92169189453125,181.0235137939453,480693248
2025-10-17 12:00:00+00:00,181.2177276611328,182.1620330810547,180.26089477539062,180.26089477539062,69910528
2025-10-17 13:00:00+00:00,180.24832153320312,181.64305114746094,178.78514099121094,181.1943817138672,315830272
2025-10-17 14:00:00+00:00,181.1686553955078,181.1686553955078,176.7851104736328,178.49070739746094,0
2025-10-17 15:00:00+00:00,178.48094177246094,181.7825927734375,178.3560791015625,181.7825927734375,0
2025-10-17 16:00:00+00:00,182.07273864746094,184.6904296875,182.01675415039062,182.094970703125,0
2025-10-17 17:00:00+00:00,182.1249542236328,184.4028778076172,182.1249542236328,183.9919891357422,0
2025-10-17 18:00:00+00:00,183.99229431152344,185.10284423828125,183.41343688964844,183.41616821289062,0
2025-10-17 19:00:00+00:00,183.45941162109375,183.9084014892578,181.71519470214844,182.0012664794922,0
2025-10-17 20:00:00+00:00,182.02023315429688,183.94557189941406,181.65711975097656,183.7827606201172,0
2025-10-17 21:00:00+00:00,183.77281188964844,185.71734619140625,183.77281188964844,185.5668487548828,0
2025-10-17 22:00:00+00:00,185.5447235107422,185.87498474121094,183.43301391601562,184.1279296875,0
2025-10-17 23:00:00+00:00,184.1262664794922,184.1262664794922,182.01332092285156,182.03616333007812,0
2025-10-18 00:00:00+00:00,182.02415466308594,183.4951934814453,182.02415466308594,182.77590942382812,0
2025-10-18 01:00:00+00:00,182.8037567138672,184.81753540039062,182.8037567138672,184.58587646484375,0
2025-10-18 02:00:00+00:00,184.554931640625,185.33827209472656,183.6683349609375,183.69117736816406,0
2025-10-18 03:00:00+00:00,183.70672607421875,185.36732482910156,183.70672607421875,184.8635711669922,0
2025-10-18 04:00:00+00:00,184.88134765625,184.88134765625,183.37240600585938,183.5123748779297,0
2025-10-18 05:00:00+00:00,183.51425170898438,184.67205810546875,183.5062255859375,184.60052490234375,0
2025-10-18 06:00:00+00:00,184.625732421875,186.57601928710938,184.6006317138672,186.5738983154297,0
2025-10-18 07:00:00+00:00,186.5541534423828,188.22987365722656,186.47018432617188,186.63868713378906,0
2025-10-18 08:00:00+00:00,186.61016845703125,187.06349182128906,186.17068481445312,186.1709442138672,0
2025-10-18 09:00:00+00:00,186.05026245117188,186.42127990722656,185.63613891601562,186.1141815185547,0
2025-10-18 10:00:00+00:00,186.08853149414062,186.15936279296875,184.92257690429688,184.97010803222656,0
2025-10-18 11:00:00+00:00,185.0511016845703,185.98040771484375,184.8477783203125,185.8395233154297,0
2025-10-18 12:00:00+00:00,185.95013427734375,187.28846740722656,185.95013427734375,186.16578674316406,0
2025-10-18 13:00:00+00:00,186.16879272460938,186.16879272460938,185.00262451171875,185.48477172851562,0
2025-10-18 14:00:00+00:00,185.45516967773438,185.9194793701172,184.2816925048828,185.5927734375,0
2025-10-18 15:00:00+00:00,185.59320068359375,185.79469299316406,184.83343505859375,185.36001586914062,0
2025-10-18 16:00:00+00:00,185.3555145263672,185.3555145263672,183.60031127929688,184.3496856689453,0
2025-10-18 17:00:00+00:00,184.33853149414062,185.75096130371094,184.01185607910156,185.75096130371094,0
2025-10-18 18:00:00+00:00,185.83895874023438,186.02525329589844,185.46473693847656,185.78858947753906,0
2025-10-18 19:00:00+00:00,185.80838012695312,186.28363037109375,185.80838012695312,186.2773895263672,0
2025-10-18 20:00:00+00:00,186.30516052246094,187.4345245361328,186.30516052246094,186.98619079589844,0
2025-10-18 21:00:00+00:00,186.97564697265625,187.2151641845703,186.13697814941406,187.1492919921875,0
2025-10-18 22:00:00+00:00,187.17237854003906,187.80911254882812,187.0615997314453,187.3682861328125,0
2025-10-18 23:00:00+00:00,187.37118530273438,187.660400390625,187.1243133544922,187.66029357910156,547584
2025-10-19 00:00:00+00:00,187.64895629882812,187.73077392578125,185.59268188476562,185.81143188476562,0
2025-10-19 01:00:00+00:00,185.8257598876953,185.8257598876953,185.1312713623047,185.80043029785156,0
2025-10-19 02:00:00+00:00,185.81405639648438,185.89596557617188,185.3936004638672,185.8365936279297,0
2025-10-19 03:00:00+00:00,185.84190368652344,187.01150512695312,185.19004821777344,186.96054077148438,10633728
2025-10-19 04:00:00+00:00,187.1170196533203,187.1170196533203,186.59584045410156,186.76644897460938,0
2025-10-19 05:00:00+00:00,186.74974060058594,187.57252502441406,186.46128845214844,186.57325744628906,0
2025-10-19 06:00:00+00:00,186.58172607421875,186.8763427734375,185.404541015625,185.6558380126953,0
2025-10-19 07:00:00+00:00,185.66700744628906,186.01268005371094,185.44070434570312,185.95858764648438,0
2025-10-19 08:00:00+00:00,185.9551239013672,186.58250427246094,184.00845336914062,184.3950958251953,112340480
2025-10-19 09:00:00+00:00,184.1317596435547,188.0253448486328,183.47744750976562,187.66424560546875,266901760
2025-10-19 10:00:00+00:00,187.59555053710938,189.59573364257812,187.28106689453125,188.6906280517578,155206912
2025-10-19 11:00:00+00:00,188.75064086914062,189.92869567871094,188.75064086914062,188.99264526367188,85007104
2025-10-19 12:00:00+00:00,188.97100830078125,189.25991821289062,188.42379760742188,188.8754425048828,4945664
2025-10-19 13:00:00+00:00,188.86563110351562,190.83766174316406,188.5059356689453,190.7951202392578,128589568
2025-10-19 14:00:00+00:00,190.7845458984375,191.60699462890625,190.04501342773438,191.6025390625,154328320
2025-10-19 15:00:00+00:00,191.60269165039062,191.638427734375,190.41261291503906,190.78585815429688,102120960
2025-10-19 16:00:00+00:00,190.79908752441406,191.38720703125,190.23707580566406,191.1991424560547,0
2025-10-19 17:00:00+00:00,191.18280029296875,192.16098022460938,190.0569610595703,190.05787658691406,124339712
2025-10-19 18:00:00+00:00,190.056884765625,190.2227020263672,189.4593505859375,190.18650817871094,105248256
2025-10-19 19:00:00+00:00,190.1815185546875,190.1815185546875,188.62765502929688,188.83480834960938,75672576
2025-10-19 20:00:00+00:00,188.85874938964844,189.77406311035156,188.85874938964844,189.76853942871094,0
2025-10-19 21:00:00+00:00,189.7757568359375,189.80406188964844,188.5662841796875,189.14149475097656,36906496
2025-10-19 22:00:00+00:00,189.21673583984375,190.11257934570312,189.17086791992188,189.90008544921875,74188800
2025-10-19 23:00:00+00:00,189.91424560546875,189.91424560546875,187.18988037109375,187.79830932617188,119484416
2025-10-20 00:00:00+00:00,187.82472229003906,187.87501525878906,184.2568359375,185.5326690673828,141917696
2025-10-20 01:00:00+00:00,185.5839080810547,186.06024169921875,185.19448852539062,185.74679565429688,87166976
2025-10-20 02:00:00+00:00,185.7509765625,187.16973876953125,184.45089721679688,186.83612060546875,184453120
2025-10-20 03:00:00+00:00,186.84060668945312,191.36900329589844,186.28445434570312,191.36900329589844,272530432
2025-10-20 04:00:00+00:00,191.40106201171875,192.16883850097656,190.8875732421875,192.16883850097656,249487872
2025-10-20 05:00:00+00:00,192.1903839111328,193.09886169433594,191.84722900390625,192.89682006835938,184527872
2025-10-20 06:00:00+00:00,192.953857421875,194.24893188476562,192.953857421875,194.19386291503906,199519232
2025-10-20 07:00:00+00:00,193.98777770996094,194.34115600585938,193.01564025878906,193.08338928222656,123661824
2025-10-20 08:00:00+00:00,193.04637145996094,193.84750366210938,192.50222778320312,193.12509155273438,0
2025-10-20 09:00:00+00:00,193.12074279785156,193.55841064453125,192.83987426757812,193.1857147216797,0
2025-10-20 10:00:00+00:00,193.18612670898438,193.69642639160156,191.6788330078125,191.75149536132812,0
2025-10-20 11:00:00+00:00,191.7445526123047,192.2090606689453,191.27943420410156,192.16029357910156,0
2025-10-20 12:00:00+00:00,192.1829376220703,192.51255798339844,191.85321044921875,192.51255798339844,235008
2025-10-20 13:00:00+00:00,192.5535125732422,192.84609985351562,191.76364135742188,192.43406677246094,0
2025-10-20 14:00:00+00:00,192.41407775878906,192.59092712402344,191.08465576171875,191.60755920410156,0
2025-10-20 15:00:00+00:00,191.6029510498047,192.0315704345703,191.27713012695312,191.2879638671875,0
2025-10-20 16:00:00+00:00,191.27755737304688,191.27755737304688,187.4810028076172,187.57260131835938,377578496
2025-10-20 17:00:00+00:00,187.5679473876953,188.21238708496094,185.85064697265625,187.6877899169922,499988992
2025-10-20 18:00:00+00:00,187.6800994873047,188.21939086914062,187.41575622558594,188.21939086914062,148062720
2025-10-20 19:00:00+00:00,188.2387237548828,189.15899658203125,187.71633911132812,189.0498504638672,28068352
2025-10-20 20:00:00+00:00,188.82363891601562,190.32630920410156,188.6290740966797,190.3153839111328,62222848
2025-10-20 21:00:00+00:00,190.4638671875,191.00852966308594,188.98040771484375,188.98040771484375,10238976
2025-10-20 22:00:00+00:00,189.04244995117188,190.82374572753906,188.8897247314453,190.80337524414062,0
2025-10-20 23:00:00+00:00,190.82272338867188,190.82272338867188,189.6590118408203,189.75067138671875,61440
2025-10-21 00:00:00+00:00,189.72755432128906,190.14151000976562,188.92271423339844,189.34600830078125,0
2025-10-21 01:00:00+00:00,189.19342041015625,189.19342041015625,186.85569763183594,186.85569763183594,99631616
2025-10-21 02:00:00+00:00,186.84832763671875,186.84832763671875,185.86581420898438,186.42164611816406,14669312
2025-10-21 03:00:00+00:00,186.34561157226562,186.56216430664062,185.9500732421875,185.9500732421875,0
2025-10-21 04:00:00+00:00,185.9123992919922,185.9123992919922,183.62005615234375,183.62161254882812,86042624
2025-10-21 05:00:00+00:00,183.78244018554688,184.2158203125,183.37510681152344,183.8700408935547,14671872
2025-10-21 06:00:00+00:00,183.83615112304688,184.84060668945312,183.38966369628906,184.43739318847656,0
2025-10-21 07:00:00+00:00,184.4845733642578,185.1839141845703,183.9301300048828,185.03564453125,0
2025-10-21 08:00:00+00:00,185.05186462402344,185.05186462402344,183.9907684326172,184.49371337890625,0
2025-10-21 09:00:00+00:00,184.3204803466797,184.49252319335938,183.98150634765625,184.31805419921875,0
2025-10-21 10:00:00+00:00,184.34429931640625,186.55792236328125,184.34429931640625,186.19656372070312,3166720
2025-10-21 11:00:00+00:00,186.17210388183594,186.50820922851562,185.3128662109375,186.3822479248047,0
2025-10-21 12:00:00+00:00,186.37623596191406,187.65560913085938,186.16160583496094,187.0045166015625,65932288
2025-10-21 13:00:00+00:00,187.0045166015625,187.0045166015625,184.67843627929688,185.0171661376953,113449984
2025-10-21 14:00:00+00:00,185.04510498046875,192.12562561035156,185.04510498046875,192.12562561035156,348674048
2025-10-21 15:00:00+00:00,192.12562561035156,196.9407501220703,192.12562561035156,196.1439971923828,707175424
2025-10-21 16:00:00+00:00,196.16455078125,197.35324096679688,193.86282348632812,193.86282348632812,102436352
2025-10-21 17:00:00+00:00,193.6179656982422,195.3411865234375,192.8955841064453,194.75257873535156,386404352
2025-10-21 18:00:00+00:00,194.97637939453125,195.3179931640625,193.98190307617188,194.23829650878906,113365504
2025-10-21 19:00:00+00:00,194.28549194335938,194.56654357910156,193.43446350097656,194.31993103027344,4395520
2025-10-21 20:00:00+00:00,194.11399841308594,194.18548583984375,191.2860107421875,191.85426330566406,147305984
2025-10-21 21:00:00+00:00,191.50341796875,191.69834899902344,189.2755584716797,191.3417205810547,236323840
2025-10-21 22:00:00+00:00,191.35011291503906,191.45077514648438,188.18565368652344,188.7163848876953,180777472
2025-10-21 23:00:00+00:00,188.72189331054688,188.91685485839844,185.48599243164062,185.66732788085938,194097664
2025-10-22 00:00:00+00:00,185.61073303222656,186.3809051513672,184.60914611816406,185.66197204589844,98678272
2025-10-22 01:00:00+00:00,185.8708953857422,187.18923950195312,185.8708953857422,187.1844940185547,0
2025-10-22 02:00:00+00:00,187.16798400878906,187.312255859375,186.10897827148438,186.18014526367188,0
2025-10-22 03:00:00+00:00,186.02821350097656,186.03070068359375,184.75363159179688,185.36434936523438,46298624
2025-10-22 04:00:00+00:00,185.33901977539062,186.30819702148438,185.28390502929688,185.95474243164062,0
2025-10-22 05:00:00+00:00,185.9444122314453,185.9444122314453,183.72210693359375,184.6177978515625,30637056
2025-10-22 06:00:00+00:00,184.6194610595703,184.9158477783203,184.1862030029297,184.39198303222656,0
2025-10-22 07:00:00+00:00,184.3780975341797,185.0439453125,183.6258087158203,184.94894409179688,75219968
2025-10-22 08:00:00+00:00,184.95263671875,185.07533264160156,184.4220733642578,184.92420959472656,0
2025-10-22 09:00:00+00:00,184.83224487304688,184.86837768554688,183.70248413085938,184.18922424316406,49886720
2025-10-22 10:00:00+00:00,184.2089385986328,184.50355529785156,183.4008331298828,183.748291015625,0
2025-10-22 11:00:00+00:00,183.77081298828125,185.82374572753906,183.29495239257812,185.0652618408203,308314112
2025-10-22 12:00:00+00:00,185.0652618408203,186.75527954101562,184.79335021972656,185.82464599609375,38191616
2025-10-22 13:00:00+00:00,185.83689880371094,186.15084838867188,184.8383026123047,185.8538360595703,2511360
2025-10-22 14:00:00+00:00,185.84718322753906,186.51898193359375,182.252197265625,184.88052368164062,93148672
2025-10-22 15:00:00+00:00,184.9686279296875,185.4048309326172,182.81871032714844,184.00518798828125,0
2025-10-22 16:00:00+00:00,184.03469848632812,184.7102813720703,183.02427673339844,184.1619415283203,0
2025-10-22 17:00:00+00:00,184.15196228027344,184.15196228027344,181.59561157226562,181.60316467285156,0
2025-10-22 18:00:00+00:00,181.60169982910156,182.1576690673828,180.46458435058594,180.75289916992188,34208256
2025-10-22 19:00:00+00:00,180.75772094726562,182.4009552001953,179.63246154785156,179.63246154785156,135183872
2025-10-22 20:00:00+00:00,180.40216064453125,180.67628479003906,179.4052734375,180.02455139160156,44083200
2025-10-22 21:00:00+00:00,180.06625366210938,180.14089965820312,177.67417907714844,178.52581787109375,55947776
2025-10-22 22:00:00+00:00,178.5040740966797,179.26942443847656,178.0048828125,178.93017578125,0
2025-10-22 23:00:00+00:00,178.92063903808594,180.39541625976562,178.92063903808594,180.14813232421875,267264
2025-10-23 00:00:00+00:00,180.1519775390625,181.11392211914062,179.83192443847656,181.09664916992188,0
2025-10-23 01:00:00+00:00,181.09971618652344,181.97438049316406,180.8101043701172,181.905517578125,0
2025-10-23 02:00:00+00:00,181.87313842773438,182.3322296142578,181.59228515625,182.09681701660156,0
2025-10-23 03:00:00+00:00,182.11109924316406,183.33444213867188,182.11109924316406,182.9455108642578,0
2025-10-23 04:00:00+00:00,182.93222045898438,184.265380859375,182.85389709472656,184.04031372070312,0
2025-10-23 05:00:00+00:00,184.20040893554688,184.79067993164062,184.00054931640625,184.78883361816406,0
2025-10-23 06:00:00+00:00,184.79234313964844,186.91392517089844,184.70367431640625,186.91392517089844,176196608
2025-10-23 07:00:00+00:00,187.5246124267578,187.85267639160156,186.51304626464844,187.43679809570312,89479168
2025-10-23 08:00:00+00:00,187.44593811035156,188.51507568359375,187.44593811035156,187.8234100341797,110893568
2025-10-23 09:00:00+00:00,187.84620666503906,188.6198272705078,187.671142578125,188.49032592773438,60332544
2025-10-23 10:00:00+00:00,188.45660400390625,189.09548950195312,188.3958282470703,188.40821838378906,64294400
2025-10-23 11:00:00+00:00,188.38272094726562,189.29783630371094,187.85513305664062,187.95118713378906,0
2025-10-23 12:00:00+00:00,187.970703125,189.20631408691406,187.03964233398438,189.20631408691406,139624960
2025-10-23 13:00:00+00:00,189.24282836914062,192.3248291015625,188.8376922607422,190.50546264648438,283476992
2025-10-23 14:00:00+00:00,190.52230834960938,190.86341857910156,188.61802673339844,189.6425018310547,0
2025-10-23 15:00:00+00:00,189.6733856201172,191.7629852294922,189.6733856201172,191.4405975341797,0
2025-10-23 16:00:00+00:00,191.44496154785156,192.00184631347656,190.7852783203125,191.91452026367188,0
2025-10-23 17:00:00+00:00,191.9342041015625,193.1396942138672,190.59259033203125,192.77061462402344,130061312
2025-10-23 18:00:00+00:00,192.73472595214844,192.73472595214844,191.30206298828125,191.59230041503906,0
2025-10-23 19:00:00+00:00,191.60658264160156,191.80323791503906,191.07720947265625,191.5980987548828,0
2025-10-23 20:00:00+00:00,191.5693817138672,191.5693817138672,189.8350372314453,189.9068603515625,0
2025-10-23 21:00:00+00:00,189.6089630126953,189.66650390625,188.96542358398438,188.97921752929688,0
2025-10-23 22:00:00+00:00,188.96780395507812,190.4818115234375,188.9180908203125,190.4792938232422,0
2025-10-23 23:00:00+00:00,190.4806671142578,191.48741149902344,190.4806671142578,191.3885955810547,0
2025-10-24 00:00:00+00:00,191.4243927001953,193.37152099609375,191.25656127929688,193.02049255371094,64769024
2025-10-24 01:00:00+00:00,192.88916015625,193.26206970214844,192.36863708496094,193.00302124023438,0
2025-10-24 02:00:00+00:00,192.9638214111328,192.97015380859375,191.6745147705078,192.61907958984375,47973376
2025-10-24 03:00:00+00:00,192.58168029785156,192.58168029785156,191.095458984375,191.3629150390625,0
2025-10-24 04:00:00+00:00,191.36102294921875,194.11151123046875,191.1453399658203,194.0633544921875,204217344
2025-10-24 05:00:00+00:00,194.05044555664062,194.05044555664062,193.2232666015625,193.2532958984375,62382080
2025-10-24 06:00:00+00:00,193.25698852539062,193.40199279785156,192.82273864746094,193.294921875,0
2025-10-24 07:00:00+00:00,193.2925262451172,193.36962890625,191.9252166748047,192.13719177246094,0
2025-10-24 08:00:00+00:00,192.13868713378906,193.3390350341797,191.95863342285156,193.09202575683594,0
2025-10-24 09:00:00+00:00,193.08538818359375,193.29019165039062,192.09579467773438,192.09579467773438,0
2025-10-24 10:00:00+00:00,192.09982299804688,192.13357543945312,191.63763427734375,191.96066284179688,0
2025-10-24 11:00:00+00:00,191.9348907470703,192.0520477294922,191.25137329101562,192.0520477294922,0
2025-10-24 12:00:00+00:00,192.0672607421875,194.99542236328125,192.0672607421875,193.4600372314453,290540032
2025-10-24 13:00:00+00:00,193.5501708984375,194.02432250976562,191.3966827392578,192.08047485351562,0
2025-10-24 14:00:00+00:00,192.19940185546875,192.34449768066406,189.79412841796875,190.193115234375,22242304
2025-10-24 15:00:00+00:00,190.2258758544922,190.51202392578125,189.25892639160156,189.48446655273438,70497280
2025-10-24 16:00:00+00:00,189.48370361328125,190.35064697265625,189.10888671875,190.3376007080078,17146880
2025-10-24 17:00:00+00:00,190.36172485351562,191.60946655273438,190.36172485351562,191.31336975097656,0
2025-10-24 18:00:00+00:00,191.31515502929688,191.82275390625,191.21763610839844,191.7872772216797,0
2025-10-24 19:00:00+00:00,191.78880310058594,193.51907348632812,191.78880310058594,193.15032958984375,86745088
2025-10-24 20:00:00+00:00,193.14578247070312,193.9066619873047,193.08712768554688,193.6291046142578,0
2025-10-24 21:00:00+00:00,193.6243133544922,193.90733337402344,193.4593963623047,193.8165740966797,0
2025-10-24 22:00:00+00:00,193.82839965820312,194.0257110595703,193.38319396972656,193.80319213867188,0
2025-10-24 23:00:00+00:00,193.79454040527344,193.79454040527344,193.30625915527344,193.56082153320312,613376
2025-10-25 00:00:00+00:00,193.57347106933594,193.57347106933594,192.6447296142578,192.81527709960938,0
2025-10-25 01:00:00+00:00,192.8619842529297,194.19300842285156,192.8619842529297,193.72442626953125,0
2025-10-25 02:00:00+00:00,193.74789428710938,194.08868408203125,193.46241760253906,193.90707397460938,0
2025-10-25 03:00:00+00:00,193.92335510253906,193.92335510253906,193.4853973388672,193.53111267089844,0
2025-10-25 04:00:00+00:00,193.52655029296875,194.39303588867188,193.52655029296875,194.37203979492188,0
2025-10-25 05:00:00+00:00,194.34609985351562,194.67962646484375,193.80918884277344,194.3113250732422,0
2025-10-25 06:00:00+00:00,194.48519897460938,194.66567993164062,194.21661376953125,194.26913452148438,0
2025-10-25 07:00:00+00:00,194.2290802001953,194.65362548828125,193.94850158691406,194.00274658203125,0
2025-10-25 08:00:00+00:00,194.00462341308594,195.06790161132812,193.99681091308594,194.88262939453125,0
2025-10-25 09:00:00+00:00,194.89649963378906,194.8984832763672,192.6747283935547,192.6747283935547,54011904
2025-10-25 10:00:00+00:00,192.6263885498047,192.7166748046875,191.78762817382812,192.03964233398438,45316608
2025-10-25 11:00:00+00:00,192.03579711914062,192.8496856689453,191.95753479003906,192.76849365234375,0
2025-10-25 12:00:00+00:00,192.76390075683594,194.0591583251953,192.73280334472656,193.96847534179688,0
2025-10-25 13:00:00+00:00,193.9547576904297,193.9547576904297,192.6162567138672,192.86270141601562,0
2025-10-25 14:00:00+00:00,192.8643341064453,192.8820037841797,192.34512329101562,192.6734619140625,0
2025-10-25 15:00:00+00:00,192.66522216796875,192.66522216796875,191.99447631835938,192.018310546875,0
2025-10-25 16:00:00+00:00,191.98399353027344,192.01467895507812,191.60667419433594,191.88768005371094,0
2025-10-25 17:00:00+00:00,191.89193725585938,192.45184326171875,191.89193725585938,192.43365478515625,0
2025-10-25 18:00:00+00:00,192.42938232421875,194.10545349121094,192.38772583007812,194.10545349121094,61520384
2025-10-25 19:00:00+00:00,194.1103973388672,194.5730743408203,194.06707763671875,194.5052490234375,0
2025-10-25 20:00:00+00:00,194.50509643554688,194.6167755126953,193.9749755859375,194.52139282226562,26469888
2025-10-25 21:00:00+00:00,194.4945068359375,194.72698974609375,193.96522521972656,194.27182006835938,0
2025-10-25 22:00:00+00:00,194.29473876953125,194.63539123535156,194.04412841796875,194.59312438964844,20791552
2025-10-25 23:00:00+00:00,194.5791015625,194.67578125,193.98744201660156,194.03758239746094,0
2025-10-26 00:00:00+00:00,194.02151489257812,194.2817840576172,193.36721801757812,193.45999145507812,0
2025-10-26 01:00:00+00:00,193.42385864257812,193.6521759033203,192.9865264892578,193.0401153564453,0
2025-10-26 02:00:00+00:00,193.0282440185547,193.0282440185547,192.17869567871094,192.20826721191406,33397760
2025-10-26 03:00:00+00:00,192.21286010742188,193.01744079589844,192.1607666015625,192.9148406982422,0
2025-10-26 04:00:00+00:00,192.9180145263672,193.3741455078125,192.9180145263672,193.14187622070312,0
2025-10-26 05:00:00+00:00,193.1348419189453,193.706787109375,192.81617736816406,193.6951141357422,0
2025-10-26 06:00:00+00:00,193.68179321289062,194.09384155273438,193.61105346679688,194.09384155273438,0
2025-10-26 07:00:00+00:00,194.0805206298828,194.2382354736328,193.89524841308594,193.92567443847656,0
2025-10-26 08:00:00+00:00,193.9210662841797,194.29879760742188,193.8285675048828,194.29879760742188,0
2025-10-26 09:00:00+00:00,194.30447387695312,196.11415100097656,194.0369415283203,195.72674560546875,105177088
2025-10-26 10:00:00+00:00,195.91958618164062,195.91958618164062,194.81837463378906,194.91925048828125,19535104
2025-10-26 11:00:00+00:00,194.9158172607422,197.5923614501953,194.5715789794922,197.5923614501953,231681280
2025-10-26 12:00:00+00:00,197.6068115234375,198.0888214111328,197.188232421875,198.03468322753906,215513344
2025-10-26 13:00:00+00:00,198.02081298828125,199.4414825439453,197.66549682617188,199.11317443847656,180890880
2025-10-26 14:00:00+00:00,199.09097290039062,199.34451293945312,198.87596130371094,198.97642517089844,167529984
2025-10-26 15:00:00+00:00,198.965087890625,199.6124725341797,198.63682556152344,199.6124725341797,62491136
2025-10-26 16:00:00+00:00,199.50653076171875,199.50653076171875,198.41226196289062,199.0098876953125,103732992
2025-10-26 17:00:00+00:00,198.984130859375,199.14389038085938,198.626220703125,199.04368591308594,56953856
2025-10-26 18:00:00+00:00,199.01974487304688,199.57107543945312,198.9671630859375,199.2249298095703,0
2025-10-26 19:00:00+00:00,199.2306365966797,199.2306365966797,198.5723876953125,198.76483154296875,0
2025-10-26 20:00:00+00:00,198.78163146972656,198.82034301757812,197.62855529785156,197.62855529785156,85046784
2025-10-26 21:00:00+00:00,197.60057067871094,198.35598754882812,197.1329345703125,198.34066772460938,44848640
2025-10-26 22:00:00+00:00,198.36898803710938,200.48143005371094,198.36898803710938,200.2035675048828,521380096
2025-10-26 23:00:00+00:00,200.2001953125,200.59561157226562,199.89730834960938,200.02748107910156,198526976
2025-10-27 00:00:00+00:00,200.0195770263672,203.18695068359375,199.8750457763672,203.18695068359375,248306688
2025-10-27 01:00:00+00:00,203.16212463378906,204.7101593017578,202.9626922607422,204.45108032226562,261300736
2025-10-27 02:00:00+00:00,204.45358276367188,204.84298706054688,203.63995361328125,203.90054321289062,101758464
2025-10-27 03:00:00+00:00,203.9111785888672,204.26751708984375,203.4158477783203,204.26751708984375,110920192
2025-10-27 04:00:00+00:00,204.3396759033203,204.3396759033203,203.3732452392578,203.9669952392578,166509568
2025-10-27 05:00:00+00:00,203.96600341796875,205.0194549560547,203.96600341796875,204.4501190185547,169648640
2025-10-27 06:00:00+00:00,204.40945434570312,204.7835235595703,203.7606201171875,204.73440551757812,163948032
2025-10-27 07:00:00+00:00,204.67686462402344,204.88844299316406,202.51246643066406,202.54344177246094,224849408
2025-10-27 08:00:00+00:00,202.52366638183594,202.52366638183594,200.12109375,200.27589416503906,317980160
2025-10-27 09:00:00+00:00,200.2726287841797,200.46945190429688,198.89517211914062,199.92855834960938,168334848
2025-10-27 10:00:00+00:00,199.93429565429688,200.58282470703125,199.79685974121094,200.36709594726562,0
2025-10-27 11:00:00+00:00,200.38223266601562,200.63131713867188,199.23959350585938,200.15968322753906,0
2025-10-27 12:00:00+00:00,200.1404266357422,200.1404266357422,199.11561584472656,199.65196228027344,0
2025-10-27 13:00:00+00:00,199.63526916503906,200.2823486328125,198.74496459960938,200.1869354248047,0
2025-10-27 14:00:00+00:00,200.19851684570312,200.3250732421875,198.75828552246094,199.12339782714844,23306240
2025-10-27 15:00:00+00:00,199.09629821777344,200.3032989501953,199.09629821777344,200.0188446044922,63882240
2025-10-27 16:00:00+00:00,200.0253143310547,202.94842529296875,200.0253143310547,202.7157745361328,201955328
2025-10-27 17:00:00+00:00,202.6878204345703,203.15277099609375,201.99465942382812,202.29916381835938,160038400
2025-10-27 18:00:00+00:00,202.28961181640625,203.0326385498047,201.76390075683594,201.83226013183594,107244032
2025-10-27 19:00:00+00:00,201.8212127685547,201.8212127685547,200.064453125,200.0895538330078,158531072
2025-10-27 20:00:00+00:00,200.0335235595703,200.08441162109375,198.8787841796875,199.05490112304688,50851840
2025-10-27 21:00:00+00:00,199.0548858642578,199.3260040283203,198.0743408203125,199.2432098388672,66826240
2025-10-27 22:00:00+00:00,199.16868591308594,199.23231506347656,198.19361877441406,198.2012939453125,0
2025-10-27 23:00:00+00:00,198.22018432617188,198.82066345214844,197.60195922851562,198.74099731445312,0
2025-10-28 00:00:00+00:00,198.73703002929688,200.00804138183594,198.64332580566406,199.71621704101562,0
2025-10-28 01:00:00+00:00,199.72494506835938,201.78744506835938,199.72494506835938,201.4922637939453,0
2025-10-28 02:00:00+00:00,201.49388122558594,201.66807556152344,200.32284545898438,201.1389923095703,0
2025-10-28 14:00:00+00:00,201.36373901367188,201.36373901367188,198.30931091308594,199.66163635253906,472135680
2025-10-28 15:00:00+00:00,199.65097045898438,200.41099548339844,198.5963897705078,198.8429412841797,163575296
2025-10-28 16:00:00+00:00,198.81454467773438,200.4491729736328,198.0967254638672,200.01605224609375,0
2025-10-28 17:00:00+00:00,199.98069763183594,200.72055053710938,199.93479919433594,200.7109375,0
2025-10-28 18:00:00+00:00,200.73049926757812,200.9872283935547,199.07691955566406,199.50892639160156,0
2025-10-28 19:00:00+00:00,199.52455139160156,199.9735870361328,194.839111328125,194.91555786132812,273334784
2025-10-28 20:00:00+00:00,195.08602905273438,195.24855041503906,192.72247314453125,192.82762145996094,519784448
2025-10-28 21:00:00+00:00,192.8358917236328,194.30279541015625,191.41168212890625,194.19375610351562,308761088
2025-10-28 22:00:00+00:00,194.02662658691406,194.96893310546875,193.79608154296875,194.83840942382812,130028032
2025-10-28 23:00:00+00:00,194.8539581298828,194.8539581298828,194.09864807128906,194.43362426757812,992768
2025-10-29 00:00:00+00:00,194.40692138671875,195.02813720703125,193.5950927734375,193.8529052734375,0
2025-10-29 01:00:00+00:00,193.8256378173828,194.95167541503906,193.18768310546875,194.25103759765625,19694592
2025-10-29 02:00:00+00:00,194.2444610595703,194.7920684814453,194.15187072753906,194.75503540039062,0
2025-10-29 03:00:00+00:00,194.7709197998047,194.7709197998047,193.53387451171875,193.94610595703125,0
2025-10-29 04:00:00+00:00,193.95541381835938,194.6825714111328,193.9039306640625,194.64796447753906,0
2025-10-29 05:00:00+00:00,194.6155242919922,195.60911560058594,194.6155242919922,195.20663452148438,0
2025-10-29 06:00:00+00:00,195.19589233398438,195.65798950195312,194.95591735839844,195.65798950195312,0
2025-10-29 07:00:00+00:00,195.57850646972656,195.96812438964844,195.36756896972656,195.7022705078125,0
2025-10-29 08:00:00+00:00,195.6998291015625,195.6998291015625,194.33201599121094,194.5312042236328,0
2025-10-29 09:00:00+00:00,194.5868377685547,194.6588592529297,194.05938720703125,194.37966918945312,0
2025-10-29 10:00:00+00:00,194.3025665283203,196.98040771484375,194.2316436767578,196.45364379882812,41346560
2025-10-29 11:00:00+00:00,196.44178771972656,198.9244842529297,196.29251098632812,198.90769958496094,201340928
2025-10-29 12:00:00+00:00,198.87905883789062,199.6029510498047,198.44064331054688,199.6029510498047,0
2025-10-29 13:00:00+00:00,199.821044921875,201.6530303955078,199.73123168945312,200.6200408935547,123037184
2025-10-29 14:00:00+00:00,200.77386474609375,200.77386474609375,198.97488403320312,200.050537109375,0
2025-10-29 15:00:00+00:00,200.07974243164062,200.25875854492188,196.75643920898438,196.75643920898438,0
2025-10-29 16:00:00+00:00,196.76356506347656,196.76356506347656,194.98171997070312,195.39674377441406,109826048
2025-10-29 17:00:00+00:00,195.3539276123047,198.39581298828125,195.1448974609375,197.91897583007812,137149440
2025-10-29 18:00:00+00:00,198.01504516601562,198.21617126464844,190.82147216796875,194.5939178466797,1210433536
2025-10-29 19:00:00+00:00,194.47596740722656,195.09584045410156,191.6475372314453,193.4339141845703,201367040
2025-10-29 20:00:00+00:00,193.4339141845703,196.17144775390625,192.62890625,195.69305419921875,0
2025-10-29 21:00:00+00:00,195.68341064453125,196.79507446289062,195.41317749023438,196.13552856445312,0
2025-10-29 22:00:00+00:00,196.11521911621094,196.23667907714844,195.44436645507812,195.6214141845703,0
2025-10-29 23:00:00+00:00,195.59873962402344,195.59873962402344,193.3856964111328,194.40017700195312,66049536
2025-10-30 00:00:00+00:00,194.07302856445312,194.5675506591797,192.37185668945312,194.5675506591797,0
2025-10-30 01:00:00+00:00,194.5150604248047,195.7964630126953,193.8448486328125,195.7964630126953,0
2025-10-30 02:00:00+00:00,195.50148010253906,197.92237854003906,195.50148010253906,197.92237854003906,122183168
2025-10-30 03:00:00+00:00,198.02377319335938,198.02377319335938,196.7696990966797,196.79815673828125,28306432
2025-10-30 04:00:00+00:00,196.79774475097656,197.00709533691406,190.8608856201172,192.34738159179688,599883776
2025-10-30 05:00:00+00:00,191.861328125,195.46148681640625,191.8140411376953,195.35897827148438,272850944
2025-10-30 06:00:00+00:00,195.39303588867188,195.39303588867188,193.76724243164062,194.66555786132812,157138944
2025-10-30 07:00:00+00:00,194.46701049804688,195.97254943847656,194.18325805664062,195.84849548339844,120754176
2025-10-30 08:00:00+00:00,195.8197021484375,195.8227996826172,194.97708129882812,195.44578552246094,0
2025-10-30 09:00:00+00:00,195.41908264160156,195.42318725585938,192.6336212158203,192.77723693847656,76352512
2025-10-30 10:00:00+00:00,192.39837646484375,192.39837646484375,191.40316772460938,192.0901641845703,20806656
2025-10-30 11:00:00+00:00,192.10032653808594,192.44131469726562,191.62283325195312,192.1478271484375,0
2025-10-30 12:00:00+00:00,191.9736785888672,191.9736785888672,186.97120666503906,187.61746215820312,541954048
2025-10-30 13:00:00+00:00,187.642333984375,188.50341796875,185.903076171875,186.08934020996094,89412608
2025-10-30 14:00:00+00:00,186.00918579101562,187.47412109375,186.00918579101562,187.47412109375,17311744
2025-10-30 15:00:00+00:00,187.40025329589844,187.40025329589844,184.81825256347656,184.81825256347656,0
2025-10-30 16:00:00+00:00,184.85867309570312,185.7986602783203,184.59092712402344,184.9258575439453,0
2025-10-30 17:00:00+00:00,185.21604919433594,185.21604919433594,182.06752014160156,183.37428283691406,152760320
2025-10-30 18:00:00+00:00,183.6566925048828,183.6566925048828,181.42979431152344,181.42979431152344,0
2025-10-30 19:00:00+00:00,181.35610961914062,181.38677978515625,179.42340087890625,180.517822265625,0
2025-10-30 20:00:00+00:00,179.79563903808594,182.10235595703125,179.23507690429688,182.10235595703125,85468672
2025-10-30 21:00:00+00:00,182.084228515625,182.62525939941406,182.0093536376953,182.45486450195312,116969984
2025-10-30 22:00:00+00:00,182.384033203125,183.51116943359375,182.2803955078125,183.43994140625,102698496
2025-10-30 23:00:00+00:00,183.55764770507812,184.6289520263672,182.92855834960938,184.6289520263672,16149504
2025-10-31 00:00:00+00:00,184.63792419433594,186.02976989746094,184.33462524414062,185.87982177734375,0
2025-10-31 01:00:00+00:00,185.6248016357422,186.60104370117188,185.37149047851562,186.23294067382812,125607936
2025-10-31 02:00:00+00:00,186.29388427734375,186.29388427734375,184.02078247070312,184.63812255859375,0
2025-10-31 03:00:00+00:00,184.64256286621094,185.44772338867188,184.35934448242188,184.9591522216797,0
2025-10-31 04:00:00+00:00,184.9969024658203,186.8932342529297,184.9969024658203,186.61888122558594,0
2025-10-31 05:00:00+00:00,186.6028594970703,186.6028594970703,185.448486328125,185.51904296875,0
2025-10-31 06:00:00+00:00,185.53073120117188,185.7584228515625,185.1243438720703,185.3636474609375,0
2025-10-31 07:00:00+00:00,185.45848083496094,185.98211669921875,185.111328125,185.27236938476562,0
2025-10-31 08:00:00+00:00,185.29049682617188,186.23516845703125,184.84884643554688,186.23516845703125,0
2025-10-31 09:00:00+00:00,186.43228149414062,186.74632263183594,186.18310546875,186.42953491210938,18558464
2025-10-31 10:00:00+00:00,186.4300994873047,187.15089416503906,186.34780883789062,186.54197692871094,0
2025-10-31 11:00:00+00:00,186.44631958007812,188.07688903808594,186.28775024414062,188.07688903808594,0
2025-10-31 12:00:00+00:00,188.2987518310547,189.10609436035156,186.66159057617188,186.66159057617188,0
2025-10-31 13:00:00+00:00,186.6401824951172,188.24386596679688,186.4697723388672,188.24386596679688,0
2025-10-31 14:00:00+00:00,188.20376586914062,189.13079833984375,187.38951110839844,189.11404418945312,0
2025-10-31 15:00:00+00:00,189.0721893310547,189.84725952148438,188.14820861816406,188.15579223632812,81806848
2025-10-31 16:00:00+00:00,188.15037536621094,188.40823364257812,184.95628356933594,184.95628356933594,0
2025-10-31 17:00:00+00:00,184.83212280273438,185.5813446044922,184.75633239746094,185.4084014892578,0
2025-10-31 18:00:00+00:00,185.40664672851562,186.09205627441406,184.87283325195312,185.67422485351562,0
2025-10-31 19:00:00+00:00,185.72804260253906,188.74072265625,185.2085723876953,188.552734375,0
2025-10-31 20:00:00+00:00,188.5658721923828,188.57440185546875,186.77842712402344,186.77842712402344,0
2025-10-31 21:00:00+00:00,186.78823852539062,187.42294311523438,186.70228576660156,187.241943359375,0
2025-10-31 22:00:00+00:00,187.19613647460938,187.67355346679688,187.13082885742188,187.26455688476562,0
2025-10-31 23:00:00+00:00,187.23170471191406,187.64630126953125,187.20579528808594,187.20925903320312,1278464
2025-11-01 00:00:00+00:00,187.1440887451172,187.16590881347656,186.36492919921875,186.93154907226562,0
2025-11-01 01:00:00+00:00,186.9349365234375,187.25804138183594,186.22927856445312,186.22927856445312,0
2025-11-01 02:00:00+00:00,186.2094268798828,186.52830505371094,185.6916961669922,186.52830505371094,0
2025-11-01 03:00:00+00:00,186.54351806640625,187.20758056640625,186.52088928222656,187.06198120117188,0
2025-11-01 04:00:00+00:00,187.06488037109375,187.22984313964844,186.40171813964844,186.86007690429688,0
2025-11-01 05:00:00+00:00,186.91635131835938,186.92083740234375,186.20236206054688,186.20236206054688,0
2025-11-01 06:00:00+00:00,186.16937255859375,186.19223022460938,185.14273071289062,185.43455505371094,0
2025-11-01 07:00:00+00:00,185.4427947998047,186.12294006347656,185.4427947998047,185.70574951171875,0
2025-11-01 08:00:00+00:00,185.70205688476562,186.26409912109375,185.70205688476562,186.26409912109375,0
2025-11-01 09:00:00+00:00,186.2882843017578,186.5061798095703,185.8951873779297,185.9556121826172,0
2025-11-01 10:00:00+00:00,185.96609497070312,186.15052795410156,185.3158416748047,186.03945922851562,0
2025-11-01 11:00:00+00:00,186.09317016601562,186.40440368652344,185.73899841308594,185.9634246826172,0
2025-11-01 12:00:00+00:00,185.98599243164062,186.50894165039062,185.98599243164062,186.31517028808594,0
2025-11-01 13:00:00+00:00,186.3167266845703,186.3323974609375,185.0963897705078,185.2671661376953,0
2025-11-01 14:00:00+00:00,185.31918334960938,185.39735412597656,184.06446838378906,184.8877716064453,0
2025-11-01 15:00:00+00:00,184.93338012695312,186.26441955566406,184.87628173828125,186.08888244628906,0
2025-11-01 16:00:00+00:00,186.21548461914062,186.96621704101562,186.21548461914062,186.6290283203125,0
2025-11-01 17:00:00+00:00,186.62501525878906,186.62501525878906,185.1564178466797,185.1564178466797,0
2025-11-01 18:00:00+00:00,185.12770080566406,185.86036682128906,185.12770080566406,185.86036682128906,0
2025-11-01 19:00:00+00:00,185.85975646972656,186.31224060058594,185.65557861328125,186.31224060058594,0
2025-11-01 20:00:00+00:00,186.28567504882812,186.96856689453125,186.28567504882812,186.70111083984375,0
2025-11-01 21:00:00+00:00,186.68475341796875,186.68475341796875,185.6210479736328,185.6210479736328,5289984
2025-11-01 22:00:00+00:00,185.58981323242188,186.04507446289062,185.21066284179688,186.04507446289062,0
2025-11-01 23:00:00+00:00,186.05548095703125,186.3778533935547,185.9009246826172,186.3778533935547,0
2025-11-02 00:00:00+00:00,186.34707641601562,186.34707641601562,185.11109924316406,185.11109924316406,0
2025-11-02 01:00:00+00:00,185.1023406982422,185.41567993164062,184.89773559570312,184.89773559570312,31427072
2025-11-02 02:00:00+00:00,184.81472778320312,185.8261260986328,184.81472778320312,185.3577117919922,0
2025-11-02 03:00:00+00:00,185.36935424804688,185.36935424804688,185.0280303955078,185.20062255859375,0
2025-11-02 04:00:00+00:00,185.1934814453125,187.82762145996094,185.11282348632812,187.8112030029297,55578112
2025-11-02 05:00:00+00:00,187.70277404785156,187.70277404785156,186.812744140625,187.02328491210938,81477888
2025-11-02 06:00:00+00:00,187.02760314941406,187.4478759765625,186.69903564453125,187.41278076171875,0
2025-11-02 07:00:00+00:00,187.4014434814453,188.1114044189453,186.79873657226562,188.04747009277344,12906752
2025-11-02 08:00:00+00:00,187.95098876953125,187.95098876953125,187.0100555419922,187.0205535888672,26317568
2025-11-02 09:00:00+00:00,187.08143615722656,187.72222900390625,185.8679962158203,185.89112854003906,30590464
2025-11-02 10:00:00+00:00,185.88070678710938,185.94256591796875,184.71881103515625,184.75291442871094,86419968
2025-11-02 11:00:00+00:00,184.822265625,186.21055603027344,184.822265625,186.202880859375,39941888
2025-11-02 12:00:00+00:00,185.91893005371094,186.24508666992188,185.5030059814453,185.5790252685547,59830784
2025-11-02 13:00:00+00:00,185.49673461914062,185.49673461914062,184.45144653320312,185.0894775390625,18970624
2025-11-02 14:00:00+00:00,185.0812225341797,185.21987915039062,184.2899169921875,184.5658416748047,0
2025-11-02 15:00:00+00:00,184.514892578125,184.90463256835938,184.05345153808594,184.1630096435547,0
2025-11-02 16:00:00+00:00,184.11180114746094,184.13365173339844,182.8406219482422,184.13365173339844,107057408
2025-11-02 17:00:00+00:00,184.1116943359375,184.4478302001953,183.70704650878906,184.1593017578125,0
2025-11-02 18:00:00+00:00,184.34933471679688,184.4453582763672,184.0785369873047,184.2244415283203,0
2025-11-02 19:00:00+00:00,184.23365783691406,184.23365783691406,183.16709899902344,183.82737731933594,29414144
2025-11-02 20:00:00+00:00,183.91661071777344,184.48446655273438,183.73924255371094,184.48446655273438,0
2025-11-02 21:00:00+00:00,184.53750610351562,185.814208984375,184.53750610351562,185.75729370117188,22902016
2025-11-02 22:00:00+00:00,185.56393432617188,185.56393432617188,184.5605010986328,184.80233764648438,0
2025-11-02 23:00:00+00:00,184.81492614746094,187.8260498046875,184.81492614746094,187.8260498046875,157032704
2025-11-03 00:00:00+00:00,187.68881225585938,188.72645568847656,186.7526092529297,186.75282287597656,156913152
2025-11-03 01:00:00+00:00,186.597412109375,186.94581604003906,185.66502380371094,185.68408203125,81665792
2025-11-03 02:00:00+00:00,185.6768035888672,185.6768035888672,183.3228759765625,183.6786346435547,234426624
2025-11-03 03:00:00+00:00,183.63604736328125,183.63604736328125,177.492431640625,177.59164428710938,616074752
2025-11-03 04:00:00+00:00,177.58648681640625,177.97671508789062,176.9183349609375,177.75270080566406,303377920
2025-11-03 05:00:00+00:00,177.88970947265625,178.58233642578125,176.72605895996094,176.7574920654297,132982272
2025-11-03 06:00:00+00:00,176.7606201171875,177.10626220703125,174.7600555419922,175.86328125,307349504
2025-11-03 07:00:00+00:00,176.00006103515625,176.74270629882812,175.73611450195312,176.63587951660156,149791744
2025-11-03 08:00:00+00:00,176.4181365966797,176.45843505859375,174.88682556152344,175.54464721679688,315646464
2025-11-03 09:00:00+00:00,175.56597900390625,176.6249542236328,175.0626220703125,175.08143615722656,158340096
2025-11-03 10:00:00+00:00,175.1200714111328,175.68675231933594,174.74671936035156,174.80490112304688,18273792
2025-11-03 11:00:00+00:00,174.55711364746094,175.56532287597656,174.55711364746094,175.37847900390625,211345408
2025-11-03 12:00:00+00:00,175.35105895996094,176.3716583251953,175.33480834960938,175.57931518554688,71676416
2025-11-03 13:00:00+00:00,175.59776306152344,176.17723083496094,175.13461303710938,175.9091796875,84155904
2025-11-03 14:00:00+00:00,175.9150848388672,176.3831329345703,175.18385314941406,176.34303283691406,113841152
2025-11-03 15:00:00+00:00,176.37657165527344,176.3892364501953,166.31939697265625,166.80599975585938,1742308352
2025-11-03 16:00:00+00:00,166.72418212890625,168.64573669433594,166.383056640625,168.47265625,544894976
2025-11-03 17:00:00+00:00,168.48138427734375,170.33370971679688,168.37210083007812,169.97720336914062,382314496
2025-11-03 18:00:00+00:00,169.94517517089844,169.9852294921875,167.9712677001953,167.9712677001953,230578176
2025-11-03 19:00:00+00:00,167.97134399414062,167.97134399414062,167.15240478515625,167.15240478515625,172268544
2025-11-03 20:00:00+00:00,167.04335021972656,167.04335021972656,163.5902862548828,163.67495727539062,388805632
2025-11-03 21:00:00+00:00,163.86376953125,166.02267456054688,163.86376953125,165.88845825195312,330384384
2025-11-03 22:00:00+00:00,165.87863159179688,165.97909545898438,164.49810791015625,165.64962768554688,149958656
2025-11-03 23:00:00+00:00,165.68272399902344,166.126220703125,164.8577117919922,166.0955352783203,0
2025-11-04 00:00:00+00:00,166.0918731689453,166.8011474609375,164.39706420898438,166.30502319335938,0
2025-11-04 01:00:00+00:00,166.394775390625,168.1226043701172,166.2880096435547,168.07391357421875,70589440
2025-11-04 02:00:00+00:00,167.98875427246094,168.20030212402344,166.6499786376953,166.7789764404297,0
2025-11-04 03:00:00+00:00,166.77040100097656,168.02952575683594,166.53494262695312,167.77589416503906,0
2025-11-04 04:00:00+00:00,167.7165985107422,167.907958984375,164.9818878173828,165.0133514404297,0
2025-11-04 05:00:00+00:00,164.9727020263672,165.12657165527344,157.65704345703125,157.65704345703125,617111552
2025-11-04 06:00:00+00:00,157.6429901123047,160.80194091796875,157.6429901123047,158.5923309326172,133702656
2025-11-04 07:00:00+00:00,158.62884521484375,158.6586151123047,156.18936157226562,156.9912872314453,259476480
2025-11-04 08:00:00+00:00,156.9950714111328,160.2100067138672,156.74313354492188,158.9738006591797,119215104
2025-11-04 09:00:00+00:00,159.0162811279297,160.1999053955078,159.0162811279297,159.59593200683594,2222080
2025-11-04 10:00:00+00:00,160.4270782470703,160.8245391845703,160.1068878173828,160.30641174316406,87079936
2025-11-04 11:00:00+00:00,160.6717529296875,161.73561096191406,160.6717529296875,161.53834533691406,0
2025-11-04 12:00:00+00:00,161.66432189941406,161.7520294189453,161.08984375,161.6703643798828,32044032
2025-11-04 13:00:00+00:00,161.57310485839844,162.06997680664062,160.74191284179688,161.5254669189453,94527488
2025-11-04 14:00:00+00:00,160.77015686035156,164.25636291503906,159.8952178955078,164.05453491210938,282305536
2025-11-04 15:00:00+00:00,164.34329223632812,164.59542846679688,161.67626953125,161.77305603027344,0
2025-11-04 16:00:00+00:00,161.6262664794922,161.8734130859375,158.547607421875,158.547607421875,0
2025-11-04 17:00:00+00:00,156.7298583984375,157.45651245117188,156.09552001953125,156.31289672851562,360374272
2025-11-04 18:00:00+00:00,156.09169006347656,156.09169006347656,154.09339904785156,155.77078247070312,407032832
2025-11-04 19:00:00+00:00,156.2577362060547,156.71224975585938,154.50711059570312,154.56272888183594,124716032
2025-11-04 20:00:00+00:00,154.52671813964844,154.66329956054688,150.5234375,152.4052734375,595647488
2025-11-04 21:00:00+00:00,152.6912841796875,153.0470733642578,147.76878356933594,150.74989318847656,577782784
2025-11-04 22:00:00+00:00,150.95970153808594,154.8546142578125,150.95970153808594,154.65145874023438,421128192
2025-11-04 23:00:00+00:00,154.90145874023438,155.55433654785156,154.26466369628906,155.55433654785156,208007168
2025-11-05 00:00:00+00:00,155.13729858398438,155.13729858398438,152.73165893554688,153.4141387939453,24315904
2025-11-05 01:00:00+00:00,152.8033905029297,152.8033905029297,147.93264770507812,152.3957977294922,364029952
2025-11-05 02:00:00+00:00,152.40464782714844,155.41836547851562,152.40464782714844,155.41836547851562,455270400
2025-11-05 03:00:00+00:00,155.4185333251953,157.1006317138672,155.4185333251953,157.1006317138672,205005824
2025-11-05 04:00:00+00:00,156.9993896484375,157.643310546875,156.05921936035156,156.98826599121094,0
2025-11-05 05:00:00+00:00,157.02391052246094,157.97833251953125,157.02391052246094,157.5249786376953,0
2025-11-05 06:00:00+00:00,157.53060913085938,157.89529418945312,156.86488342285156,157.87164306640625,0
2025-11-05 07:00:00+00:00,157.8941650390625,157.8941650390625,156.338134765625,156.6900177001953,0
2025-11-05 08:00:00+00:00,155.80764770507812,155.80764770507812,154.41322326660156,155.39955139160156,0
2025-11-05 09:00:00+00:00,155.65225219726562,156.89129638671875,155.65225219726562,156.89129638671875,0
2025-11-05 10:00:00+00:00,157.04576110839844,157.04576110839844,154.95352172851562,154.95587158203125,0
2025-11-05 11:00:00+00:00,154.91827392578125,157.5001220703125,154.91827392578125,157.44512939453125,0
2025-11-05 12:00:00+00:00,157.42051696777344,158.28164672851562,157.01695251464844,158.2333221435547,12305408
2025-11-05 13:00:00+00:00,158.2557830810547,159.62960815429688,157.83169555664062,159.32518005371094,0
2025-11-05 14:00:00+00:00,159.36770629882812,159.4626007080078,157.4092559814453,159.1352996826172,0
2025-11-05 15:00:00+00:00,159.045654296875,160.2863006591797,158.36492919921875,160.2863006591797,0
2025-11-05 16:00:00+00:00,160.32559204101562,161.94288635253906,158.816650390625,161.8697509765625,0
2025-11-05 17:00:00+00:00,161.93438720703125,162.33074951171875,161.13169860839844,162.084228515625,0
2025-11-05 18:00:00+00:00,161.96237182617188,163.60487365722656,161.93563842773438,163.32666015625,0
2025-11-05 19:00:00+00:00,163.2022705078125,163.22982788085938,162.33816528320312,162.49551391601562,0
2025-11-05 20:00:00+00:00,162.55218505859375,163.63937377929688,162.55218505859375,162.8419952392578,0
2025-11-05 21:00:00+00:00,162.7835693359375,162.7835693359375,161.36343383789062,162.20770263671875,0
2025-11-05 22:00:00+00:00,162.1393585205078,162.74380493164062,161.45556640625,162.73707580566406,0
2025-11-05 23:00:00+00:00,162.80221557617188,162.9283905029297,162.34996032714844,162.5847930908203,0
2025-11-06 00:00:00+00:00,162.54029846191406,162.54029846191406,160.7595977783203,161.41317749023438,0
2025-11-06 01:00:00+00:00,161.41990661621094,161.41990661621094,159.87852478027344,160.84149169921875,0
2025-11-06 02:00:00+00:00,160.87669372558594,162.02212524414062,160.50979614257812,161.90902709960938,0
2025-11-06 03:00:00+00:00,161.8056182861328,162.779296875,161.8056182861328,162.44419860839844,0
2025-11-06 04:00:00+00:00,162.4062957763672,162.53744506835938,161.83709716796875,162.11961364746094,0
2025-11-06 05:00:00+00:00,162.11561584472656,162.11561584472656,159.10125732421875,159.24537658691406,0
2025-11-06 06:00:00+00:00,159.2486572265625,159.86386108398438,159.20953369140625,159.20953369140625,0
2025-11-06 07:00:00+00:00,159.1861572265625,159.4077911376953,158.54286193847656,158.96804809570312,0
2025-11-06 08:00:00+00:00,158.94358825683594,159.26611328125,158.7234344482422,159.25665283203125,0
2025-11-06 09:00:00+00:00,159.24525451660156,159.62255859375,158.9316864013672,159.1332550048828,0
2025-11-06 10:00:00+00:00,159.0923614501953,159.26742553710938,157.99790954589844,158.915283203125,34516992
2025-11-06 11:00:00+00:00,158.59596252441406,159.18948364257812,158.3792266845703,158.7373046875,15244288
2025-11-06 12:00:00+00:00,158.75796508789062,159.17416381835938,157.27149963378906,157.58575439453125,0
2025-11-06 13:00:00+00:00,157.57723999023438,160.96792602539062,157.5336151123047,160.96792602539062,104434176
2025-11-06 14:00:00+00:00,160.31837463378906,160.31837463378906,157.75352478027344,157.75352478027344,0
2025-11-06 15:00:00+00:00,157.78794860839844,158.3730926513672,155.73265075683594,155.81173706054688,101354496
2025-11-06 16:00:00+00:00,155.84823608398438,156.33755493164062,154.57028198242188,155.46768188476562,116645376
2025-11-06 17:00:00+00:00,155.46485900878906,157.4720001220703,155.19488525390625,157.28866577148438,0
2025-11-06 18:00:00+00:00,157.28109741210938,158.12193298339844,155.80690002441406,157.4138946533203,0
2025-11-06 19:00:00+00:00,157.40536499023438,157.5680694580078,156.38946533203125,156.7021942138672,0
2025-11-06 20:00:00+00:00,156.63235473632812,157.4367218017578,154.8931121826172,155.21621704101562,0
2025-11-06 21:00:00+00:00,155.2102813720703,156.74220275878906,154.97216796875,156.58746337890625,0
2025-11-06 22:00:00+00:00,156.58912658691406,156.6498260498047,154.5841522216797,155.49484252929688,15614464
2025-11-06 23:00:00+00:00,155.5062713623047,155.5062713623047,153.8031768798828,155.06640625,38166016
2025-11-07 00:00:00+00:00,155.17074584960938,156.75559997558594,155.13792419433594,156.49752807617188,0
2025-11-07 01:00:00+00:00,156.51416015625,156.79408264160156,154.6381072998047,155.86083984375,0
2025-11-07 02:00:00+00:00,156.0137939453125,157.58880615234375,156.0137939453125,157.58880615234375,43844608
2025-11-07 03:00:00+00:00,157.84384155273438,158.3836669921875,156.9064178466797,156.9064178466797,48052736
2025-11-07 04:00:00+00:00,156.8577880859375,156.8577880859375,155.5560302734375,155.9010772705078,62663680
2025-11-07 05:00:00+00:00,155.932373046875,157.85687255859375,155.932373046875,157.85687255859375,0
2025-11-07 06:00:00+00:00,157.84622192382812,158.04965209960938,156.9350128173828,156.9350128173828,0
2025-11-07 07:00:00+00:00,156.92953491210938,157.6826171875,156.57275390625,157.63134765625,0
2025-11-07 08:00:00+00:00,157.63851928710938,158.0133819580078,157.01531982421875,157.0953369140625,0
2025-11-07 09:00:00+00:00,157.130615234375,157.1726837158203,154.3133544921875,154.58282470703125,47158272
2025-11-07 10:00:00+00:00,154.602783203125,155.3787841796875,154.01324462890625,154.11643981933594,6738944
2025-11-07 11:00:00+00:00,154.1270294189453,154.1270294189453,152.0643310546875,153.81028747558594,155288576
2025-11-07 12:00:00+00:00,153.83407592773438,153.8726043701172,151.22166442871094,151.662353515625,57217536
2025-11-07 13:00:00+00:00,151.5833282470703,152.76280212402344,151.3266143798828,152.44580078125,14548992
2025-11-07 14:00:00+00:00,152.39852905273438,154.3539581298828,150.54580688476562,154.3539581298828,158162432
2025-11-07 15:00:00+00:00,154.28562927246094,155.90223693847656,153.78192138671875,155.8574981689453,0
2025-11-07 16:00:00+00:00,155.74356079101562,157.6461181640625,154.5641326904297,156.73570251464844,0
2025-11-07 17:00:00+00:00,156.9915771484375,161.23904418945312,156.95834350585938,160.71109008789062,309254144
2025-11-07 18:00:00+00:00,160.7721405029297,162.5957794189453,160.7721405029297,162.04202270507812,133267968
2025-11-07 19:00:00+00:00,161.95428466796875,164.00216674804688,161.68495178222656,163.93121337890625,127242240
2025-11-07 20:00:00+00:00,163.9767608642578,164.08094787597656,162.40711975097656,163.4501190185547,134650368
2025-11-07 21:00:00+00:00,163.45655822753906,163.62863159179688,162.94190979003906,163.4879913330078,21699072
2025-11-07 22:00:00+00:00,163.48245239257812,163.66932678222656,162.96902465820312,163.29544067382812,22125568
2025-11-07 23:00:00+00:00,163.1791229248047,163.19146728515625,161.71005249023438,161.71005249023438,0
2025-11-08 00:00:00+00:00,161.69906616210938,162.12066650390625,160.86328125,161.23394775390625,0
2025-11-08 01:00:00+00:00,160.89280700683594,162.21678161621094,160.89280700683594,161.5936279296875,0
2025-11-08 02:00:00+00:00,161.8466339111328,164.13851928710938,161.8466339111328,163.3455047607422,26204672
2025-11-08 03:00:00+00:00,163.37521362304688,164.69178771972656,162.68678283691406,162.68678283691406,20330496
2025-11-08 04:00:00+00:00,162.62054443359375,163.3155975341797,162.5442352294922,162.78465270996094,0
2025-11-08 05:00:00+00:00,162.6941375732422,162.92384338378906,161.09422302246094,161.17364501953125,0
2025-11-08 06:00:00+00:00,161.1971893310547,161.70852661132812,160.3147735595703,161.09088134765625,54603776
2025-11-08 07:00:00+00:00,161.09202575683594,161.09202575683594,159.98374938964844,160.9524688720703,14076928
2025-11-08 08:00:00+00:00,160.95245361328125,161.7366485595703,160.64761352539062,161.62210083007812,15979008
2025-11-08 09:00:00+00:00,161.62197875976562,162.18882751464844,161.0674591064453,161.0757598876953,0
2025-11-08 10:00:00+00:00,161.07763671875,161.07763671875,160.59783935546875,160.9137725830078,0
2025-11-08 11:00:00+00:00,160.8829803466797,160.93115234375,159.28456115722656,159.28456115722656,0
2025-11-08 12:00:00+00:00,159.2963409423828,159.4974822998047,159.03651428222656,159.258544921875,0
2025-11-08 13:00:00+00:00,159.24119567871094,159.3125457763672,158.3696746826172,158.3696746826172,0
2025-11-08 14:00:00+00:00,158.3360595703125,158.3360595703125,157.1015625,157.7127227783203,0
2025-11-08 15:00:00+00:00,157.704345703125,157.704345703125,156.16238403320312,156.45516967773438,0
2025-11-08 16:00:00+00:00,156.48585510253906,157.13487243652344,156.1109161376953,156.46156311035156,0
2025-11-08 17:00:00+00:00,156.53036499023438,157.5046844482422,156.2550506591797,157.5046844482422,0
2025-11-08 18:00:00+00:00,157.45938110351562,158.04885864257812,157.1331024169922,158.04885864257812,0
2025-11-08 19:00:00+00:00,158.02133178710938,158.02133178710938,156.52755737304688,157.25820922851562,0
2025-11-08 20:00:00+00:00,157.267578125,158.03732299804688,157.267578125,157.61087036132812,0
2025-11-08 21:00:00+00:00,157.60858154296875,158.06951904296875,157.58522033691406,157.980224609375,0
2025-11-08 22:00:00+00:00,157.9823455810547,158.1995391845703,157.70875549316406,158.06980895996094,0
2025-11-08 23:00:00+00:00,157.98910522460938,158.32833862304688,157.94943237304688,158.10272216796875,0
2025-11-09 00:00:00+00:00,158.0910186767578,158.0910186767578,156.61700439453125,156.63900756835938,0
2025-11-09 01:00:00+00:00,156.6624298095703,158.07177734375,156.6624298095703,158.07177734375,0
2025-11-09 02:00:00+00:00,158.07810974121094,158.07810974121094,156.00247192382812,156.00247192382812,0
2025-11-09 03:00:00+00:00,156.0166778564453,156.31564331054688,155.4191131591797,155.87030029296875,0
2025-11-09 04:00:00+00:00,155.8578338623047,157.35015869140625,155.8578338623047,157.18212890625,33088256
2025-11-09 05:00:00+00:00,157.18629455566406,158.20663452148438,157.1383819580078,158.20663452148438,0
2025-11-09 06:00:00+00:00,158.17234802246094,158.975830078125,157.95567321777344,158.18011474609375,0
2025-11-09 07:00:00+00:00,158.2103729248047,159.39942932128906,158.00961303710938,159.26315307617188,45416448
2025-11-09 08:00:00+00:00,159.2579345703125,159.50286865234375,159.0095977783203,159.2414093017578,0
2025-11-09 09:00:00+00:00,159.2601318359375,159.74456787109375,158.2805938720703,158.2805938720703,0
2025-11-09 10:00:00+00:00,158.2818603515625,158.2818603515625,157.44866943359375,158.09939575195312,1809664
2025-11-09 11:00:00+00:00,158.13055419921875,159.29115295410156,158.13055419921875,158.9902801513672,0
2025-11-09 12:00:00+00:00,158.9989776611328,159.45437622070312,158.73411560058594,159.1308135986328,0
2025-11-09 13:00:00+00:00,159.1274871826172,160.37437438964844,159.1078643798828,160.00527954101562,21882880
2025-11-09 14:00:00+00:00,160.00233459472656,162.7051544189453,159.57437133789062,160.57090759277344,303652864
2025-11-09 15:00:00+00:00,160.56997680664062,163.74716186523438,160.27902221679688,162.42250061035156,264001024
2025-11-09 16:00:00+00:00,162.44276428222656,163.0438995361328,162.007080078125,162.9171905517578,0
2025-11-09 17:00:00+00:00,162.89732360839844,162.93109130859375,161.32606506347656,161.747802734375,27581696
2025-11-09 18:00:00+00:00,161.73533630371094,163.72764587402344,161.48001098632812,163.72764587402344,32500480
2025-11-09 19:00:00+00:00,163.74855041503906,165.89321899414062,163.55599975585938,165.89321899414062,208035328
2025-11-09 20:00:00+00:00,165.87548828125,166.15591430664062,165.29891967773438,165.48683166503906,111015424
2025-11-09 21:00:00+00:00,165.4772186279297,165.62461853027344,164.69776916503906,164.7822265625,54661888
2025-11-09 22:00:00+00:00,164.835693359375,165.51197814941406,164.3159637451172,165.48208618164062,84970496
2025-11-09 23:00:00+00:00,165.50205993652344,165.9775848388672,164.0394744873047,164.45115661621094,133200896
2025-11-10 00:00:00+00:00,164.46629333496094,168.14573669433594,163.86514282226562,167.8832244873047,246645248
2025-11-10 01:00:00+00:00,167.8448028564453,168.03465270996094,166.6039276123047,167.11032104492188,207997440
2025-11-10 02:00:00+00:00,167.03855895996094,167.71664428710938,166.76934814453125,167.1820526123047,56643072
2025-11-10 03:00:00+00:00,167.62379455566406,168.44235229492188,167.39466857910156,168.10157775878906,95461888
2025-11-10 04:00:00+00:00,168.08673095703125,168.666259765625,166.83819580078125,168.1975555419922,56958464
2025-11-10 05:00:00+00:00,168.14381408691406,168.4202117919922,167.23558044433594,167.46241760253906,51517440
2025-11-10 06:00:00+00:00,167.46328735351562,167.56668090820312,166.75999450683594,167.04193115234375,22938112
2025-11-10 07:00:00+00:00,167.03355407714844,168.0498046875,166.96815490722656,167.4436798095703,0
2025-11-10 08:00:00+00:00,167.43994140625,167.43994140625,166.3414306640625,166.62327575683594,57348608
2025-11-10 09:00:00+00:00,166.6399383544922,169.42652893066406,166.53224182128906,169.30934143066406,139247104
2025-11-10 10:00:00+00:00,169.34445190429688,169.43441772460938,168.1896514892578,168.23135375976562,103181824
2025-11-10 11:00:00+00:00,168.2286376953125,168.68328857421875,168.13497924804688,168.23252868652344,9327104
2025-11-10 12:00:00+00:00,168.24977111816406,168.3445587158203,167.11459350585938,168.11410522460938,71681536
2025-11-10 13:00:00+00:00,168.12646484375,170.01324462890625,168.09603881835938,169.80958557128906,69561344
2025-11-10 14:00:00+00:00,169.72950744628906,169.72950744628906,165.6437225341797,165.85194396972656,0
2025-11-10 15:00:00+00:00,166.03704833984375,166.85256958007812,165.75296020507812,166.0183868408203,0
2025-11-10 16:00:00+00:00,166.0368194580078,166.7115020751953,165.56671142578125,166.11654663085938,145485312
2025-11-10 17:00:00+00:00,166.12106323242188,168.22088623046875,166.0813446044922,167.64378356933594,58977792
2025-11-10 18:00:00+00:00,167.71484375,167.8365478515625,166.15834045410156,166.15834045410156,20890112
2025-11-10 19:00:00+00:00,166.11720275878906,167.50204467773438,165.77642822265625,167.43551635742188,0
2025-11-10 20:00:00+00:00,167.37525939941406,168.18548583984375,166.9691925048828,167.67337036132812,0
2025-11-10 21:00:00+00:00,167.73680114746094,167.73680114746094,165.0509033203125,165.2248992919922,32103424
2025-11-10 22:00:00+00:00,165.4629669189453,167.5416259765625,165.45864868164062,167.51382446289062,39363584
2025-11-10 23:00:00+00:00,167.5260772705078,167.93858337402344,167.36734008789062,167.36734008789062,0
2025-11-11 00:00:00+00:00,167.3503875732422,167.38966369628906,166.2848358154297,167.22982788085938,0
2025-11-11 01:00:00+00:00,167.4974822998047,170.5229949951172,167.268310546875,167.48597717285156,77360128
2025-11-11 02:00:00+00:00,167.5042724609375,170.70155334472656,166.7621612548828,169.97854614257812,143650816
2025-11-11 03:00:00+00:00,170.06138610839844,171.59637451171875,169.5830841064453,169.9307098388672,44228096
2025-11-11 04:00:00+00:00,169.9300994873047,169.94515991210938,166.6640625,166.66778564453125,10306560
2025-11-11 05:00:00+00:00,166.70155334472656,166.76608276367188,165.24685668945312,165.5238494873047,183503872
2025-11-11 06:00:00+00:00,165.4976806640625,165.4976806640625,164.20079040527344,164.73851013183594,201693696
2025-11-11 07:00:00+00:00,164.73614501953125,165.11087036132812,164.0703582763672,164.0731964111328,60291584
2025-11-11 08:00:00+00:00,164.06130981445312,164.49874877929688,163.9307861328125,164.04312133789062,0
2025-11-11 09:00:00+00:00,164.0356903076172,164.58180236816406,163.58990478515625,164.01625061035156,0
2025-11-11 10:00:00+00:00,164.0226287841797,164.23696899414062,163.09152221679688,163.54676818847656,44461568
2025-11-11 11:00:00+00:00,163.55860900878906,164.46231079101562,163.26979064941406,163.371826171875,10871808
2025-11-11 12:00:00+00:00,163.45797729492188,164.21583557128906,162.95628356933594,163.40101623535156,0
2025-11-11 13:00:00+00:00,163.3968505859375,163.69935607910156,162.90203857421875,162.90841674804688,0
2025-11-11 14:00:00+00:00,162.8938751220703,162.9280242919922,161.5269012451172,162.3822784423828,4701184
2025-11-11 15:00:00+00:00,162.4732666015625,162.858642578125,160.47547912597656,160.892578125,148710912
2025-11-11 16:00:00+00:00,160.9126434326172,161.0498046875,160.2594451904297,160.6723175048828,0
2025-11-11 17:00:00+00:00,160.67442321777344,160.84872436523438,158.8828887939453,159.4931182861328,38733824
2025-11-11 18:00:00+00:00,159.4901123046875,159.54371643066406,158.58045959472656,159.01187133789062,0
2025-11-11 19:00:00+00:00,159.00094604492188,159.00094604492188,157.85618591308594,157.85618591308594,0
2025-11-11 20:00:00+00:00,157.8651885986328,157.8651885986328,156.52806091308594,156.58917236328125,39243776
2025-11-11 21:00:00+00:00,156.59449768066406,157.18942260742188,155.83111572265625,156.26358032226562,33885184
2025-11-11 22:00:00+00:00,156.21250915527344,157.0207061767578,155.8626251220703,156.9956817626953,39143424
2025-11-11 23:00:00+00:00,156.7528533935547,156.7528533935547,154.2665557861328,154.56333923339844,125083648
2025-11-12 00:00:00+00:00,154.60755920410156,155.09852600097656,154.09564208984375,154.26040649414062,52775424
2025-11-12 01:00:00+00:00,154.10916137695312,155.37841796875,153.916748046875,155.3490753173828,0
2025-11-12 02:00:00+00:00,155.3821563720703,155.3976287841797,153.90524291992188,154.17747497558594,0
2025-11-12 03:00:00+00:00,154.19955444335938,154.8036651611328,154.077880859375,154.71604919433594,0
2025-11-12 04:00:00+00:00,154.69554138183594,154.86865234375,154.30572509765625,154.55780029296875,0
2025-11-12 05:00:00+00:00,154.59144592285156,155.79733276367188,154.59144592285156,155.51473999023438,0
2025-11-12 06:00:00+00:00,155.4981231689453,156.3514404296875,155.41590881347656,156.11773681640625,0
2025-11-12 07:00:00+00:00,156.10296630859375,156.44491577148438,154.97837829589844,154.9805450439453,0
2025-11-12 08:00:00+00:00,154.9856414794922,157.95794677734375,154.9856414794922,157.89523315429688,163104256
2025-11-12 09:00:00+00:00,157.94949340820312,158.81886291503906,157.94949340820312,158.06674194335938,79107072
2025-11-12 10:00:00+00:00,158.0895538330078,160.02288818359375,158.0895538330078,159.91822814941406,7269376
2025-11-12 11:00:00+00:00,159.99671936035156,160.9990997314453,159.68988037109375,159.92755126953125,107300864
2025-11-12 12:00:00+00:00,159.9104461669922,160.6553192138672,159.25218200683594,159.8079833984375,95710208
2025-11-12 13:00:00+00:00,159.8081512451172,160.69712829589844,159.22842407226562,160.55227661132812,0
2025-11-12 14:00:00+00:00,160.5564422607422,160.9169921875,158.45108032226562,158.45108032226562,0
2025-11-12 15:00:00+00:00,158.6317596435547,159.0769500732422,155.5807647705078,155.5807647705078,0
2025-11-12 16:00:00+00:00,155.63258361816406,155.81832885742188,152.59597778320312,153.07908630371094,269884416
2025-11-12 17:00:00+00:00,153.0843505859375,154.31182861328125,152.6896514892578,153.38258361816406,33779200
2025-11-12 18:00:00+00:00,153.3817138671875,154.05186462402344,153.07174682617188,153.1628875732422,56334336
2025-11-12 19:00:00+00:00,153.14366149902344,153.19259643554688,151.470947265625,153.19259643554688,179403264
2025-11-12 20:00:00+00:00,153.14852905273438,154.29592895507812,152.88490295410156,153.72555541992188,0
2025-11-12 21:00:00+00:00,153.7149200439453,154.0759735107422,153.57321166992188,154.0356903076172,0
2025-11-12 22:00:00+00:00,154.07472229003906,154.07472229003906,152.91529846191406,153.62326049804688,0
2025-11-12 23:00:00+00:00,153.6599578857422,153.6599578857422,153.0337371826172,153.2600555419922,0
2025-11-13 00:00:00+00:00,153.272705078125,154.18609619140625,152.80604553222656,153.0421905517578,0
2025-11-13 01:00:00+00:00,153.05123901367188,153.90512084960938,152.64169311523438,152.66677856445312,17456640
2025-11-13 02:00:00+00:00,152.67626953125,153.2010040283203,152.66932678222656,152.7717742919922,0
2025-11-13 03:00:00+00:00,152.81886291503906,155.4145965576172,151.8103485107422,154.94805908203125,252151808
2025-11-13 04:00:00+00:00,154.88052368164062,154.88052368164062,153.57911682128906,154.23460388183594,127938048
2025-11-13 05:00:00+00:00,154.20863342285156,156.23289489746094,153.9131317138672,156.19937133789062,0
2025-11-13 06:00:00+00:00,156.30531311035156,156.9565887451172,155.84066772460938,156.94520568847656,62130688
2025-11-13 07:00:00+00:00,156.8924560546875,156.9674835205078,155.23289489746094,155.2912139892578,73785856
2025-11-13 08:00:00+00:00,155.3498992919922,156.32205200195312,155.2452392578125,155.9422607421875,0
2025-11-13 09:00:00+00:00,155.94546508789062,155.94546508789062,154.14852905273438,154.88230895996094,0
2025-11-13 10:00:00+00:00,154.8822479248047,155.9240264892578,154.8822479248047,155.28956604003906,0
2025-11-13 11:00:00+00:00,155.31005859375,156.37889099121094,155.31005859375,156.2639617919922,0
2025-11-13 12:00:00+00:00,156.25140380859375,156.6844940185547,155.8987579345703,156.3466796875,0
2025-11-13 13:00:00+00:00,156.3446502685547,156.40078735351562,153.8558349609375,153.8558349609375,76837888
2025-11-13 14:00:00+00:00,153.84640502929688,154.9455108642578,152.841796875,154.85443115234375,77741056
2025-11-13 15:00:00+00:00,154.87399291992188,155.52426147460938,152.84808349609375,152.8517303466797,0
2025-11-13 16:00:00+00:00,152.9601593017578,152.9727783203125,150.84271240234375,150.87063598632812,0
2025-11-13 17:00:00+00:00,150.91285705566406,150.97561645507812,147.70956420898438,147.70956420898438,226324480
2025-11-13 18:00:00+00:00,147.6147918701172,147.6147918701172,144.89920043945312,145.37875366210938,399390208
2025-11-13 19:00:00+00:00,145.37506103515625,145.77114868164062,142.80191040039062,142.80191040039062,202030592
2025-11-13 20:00:00+00:00,142.86154174804688,143.0023193359375,141.39913940429688,142.38638305664062,321610752
2025-11-13 21:00:00+00:00,142.58445739746094,143.06967163085938,141.57286071777344,142.19345092773438,229116416
2025-11-13 22:00:00+00:00,142.1222686767578,144.48501586914062,141.93455505371094,144.38201904296875,176381440
2025-11-13 23:00:00+00:00,144.42166137695312,145.89932250976562,144.10238647460938,145.1084747314453,212349952
2025-11-14 00:00:00+00:00,145.12477111816406,145.14602661132812,143.27651977539062,143.31307983398438,82649088
2025-11-14 01:00:00+00:00,143.3837432861328,144.33665466308594,143.10157775878906,143.8232421875,24922624
2025-11-14 02:00:00+00:00,143.80682373046875,145.4578857421875,143.80682373046875,144.9294891357422,51244032
2025-11-14 03:00:00+00:00,145.08091735839844,145.17002868652344,143.91566467285156,144.2223358154297,0
2025-11-14 04:00:00+00:00,144.2487335205078,144.2487335205078,139.9149627685547,141.7475128173828,401374720
2025-11-14 05:00:00+00:00,141.7903594970703,143.2469024658203,141.60874938964844,143.04725646972656,175987712
2025-11-14 06:00:00+00:00,143.05166625976562,143.33360290527344,140.43409729003906,143.33360290527344,119008256
2025-11-14 07:00:00+00:00,143.68362426757812,143.88323974609375,142.76553344726562,142.84149169921875,143542784
2025-11-14 08:00:00+00:00,142.8490753173828,142.8490753173828,141.6959991455078,142.29327392578125,76599808
2025-11-14 09:00:00+00:00,142.2941436767578,142.83547973632812,140.7054901123047,140.74148559570312,26147840
2025-11-14 10:00:00+00:00,140.80508422851562,142.57217407226562,140.80508422851562,142.02169799804688,66440704
2025-11-14 11:00:00+00:00,141.91448974609375,141.94027709960938,140.04795837402344,140.4198455810547,189550592
2025-11-14 12:00:00+00:00,140.44020080566406,140.54156494140625,136.0458526611328,138.4402618408203,550628352
2025-11-14 13:00:00+00:00,138.39205932617188,138.89410400390625,136.7455291748047,138.89410400390625,358847488
2025-11-14 14:00:00+00:00,138.91908264160156,142.36143493652344,138.002685546875,141.99757385253906,343983104
2025-11-14 15:00:00+00:00,142.07327270507812,143.43385314941406,140.626708984375,142.325439453125,119587840
2025-11-14 16:00:00+00:00,142.32376098632812,143.759521484375,141.89236450195312,143.52587890625,49181696
2025-11-14 17:00:00+00:00,143.4761962890625,143.59469604492188,141.06854248046875,141.33871459960938,0
2025-11-14 18:00:00+00:00,141.28863525390625,142.60084533691406,140.8252716064453,141.08639526367188,0
2025-11-14 19:00:00+00:00,141.07736206054688,143.1365509033203,141.07736206054688,142.85133361816406,0
2025-11-14 20:00:00+00:00,142.8856201171875,143.00314331054688,139.6045684814453,139.7005157470703,0
2025-11-14 21:00:00+00:00,139.65908813476562,140.84353637695312,139.64576721191406,140.50306701660156,0
2025-11-14 22:00:00+00:00,140.50303649902344,141.4171905517578,139.84237670898438,140.09970092773438,0
2025-11-14 23:00:00+00:00,140.12368774414062,140.16856384277344,137.65777587890625,138.67660522460938,0
2025-11-15 00:00:00+00:00,138.74261474609375,141.02438354492188,138.7390899658203,140.71766662597656,0
2025-11-15 01:00:00+00:00,140.72988891601562,142.04611206054688,140.34957885742188,141.90121459960938,0
2025-11-15 02:00:00+00:00,141.91087341308594,142.85055541992188,141.7778778076172,142.85055541992188,21939712
2025-11-15 03:00:00+00:00,142.8727264404297,143.08438110351562,142.49172973632812,142.51649475097656,0
2025-11-15 04:00:00+00:00,142.53152465820312,142.7073516845703,141.87535095214844,142.124755859375,0
2025-11-15 05:00:00+00:00,142.13482666015625,142.9556121826172,142.13482666015625,142.89837646484375,0
2025-11-15 06:00:00+00:00,142.88417053222656,143.3465118408203,142.60302734375,142.76788330078125,0
2025-11-15 07:00:00+00:00,142.78016662597656,143.16575622558594,142.40907287597656,142.64703369140625,0
2025-11-15 08:00:00+00:00,142.63575744628906,142.64503479003906,140.6261749267578,140.71389770507812,0
2025-11-15 09:00:00+00:00,140.70323181152344,141.47662353515625,140.59263610839844,140.9371795654297,0
2025-11-15 10:00:00+00:00,140.93272399902344,141.24388122558594,140.73751831054688,141.2362823486328,0
2025-11-15 11:00:00+00:00,141.22354125976562,141.22523498535156,139.98373413085938,140.043212890625,0
2025-11-15 12:00:00+00:00,140.04661560058594,140.7589569091797,140.0116424560547,140.7589569091797,0
2025-11-15 13:00:00+00:00,140.7360076904297,141.7146759033203,140.72775268554688,141.49156188964844,0
2025-11-15 14:00:00+00:00,141.4601593017578,141.54415893554688,140.89100646972656,141.3484649658203,0
2025-11-15 15:00:00+00:00,141.3361053466797,141.94708251953125,141.3361053466797,141.85479736328125,0
2025-11-15 16:00:00+00:00,141.8241729736328,142.55552673339844,141.024169921875,142.55552673339844,0
2025-11-15 17:00:00+00:00,142.57215881347656,143.501953125,142.56277465820312,143.26600646972656,25509376
2025-11-15 18:00:00+00:00,143.27597045898438,143.27597045898438,142.27603149414062,142.27603149414062,0
2025-11-15 19:00:00+00:00,142.31687927246094,142.7488555908203,141.89747619628906,141.89747619628906,0
2025-11-15 20:00:00+00:00,141.8304901123047,141.8304901123047,140.45877075195312,140.47146606445312,0
2025-11-15 21:00:00+00:00,140.47149658203125,140.50877380371094,138.73248291015625,138.8770751953125,0
2025-11-15 22:00:00+00:00,138.8822021484375,139.82093811035156,138.74961853027344,139.77439880371094,1147648
2025-11-15 23:00:00+00:00,139.7646942138672,140.03854370117188,139.5326690673828,139.5326690673828,0
2025-11-16 00:00:00+00:00,139.532470703125,139.532470703125,138.66920471191406,139.4886474609375,0
2025-11-16 01:00:00+00:00,139.4547576904297,139.4547576904297,137.7860107421875,138.6562042236328,25158400
2025-11-16 02:00:00+00:00,138.65707397460938,140.4967498779297,138.5643768310547,140.4967498779297,19256832
2025-11-16 03:00:00+00:00,140.52572631835938,141.17825317382812,140.39903259277344,141.15283203125,0
2025-11-16 04:00:00+00:00,141.15853881835938,141.36512756347656,140.85183715820312,141.16241455078125,0
2025-11-16 05:00:00+00:00,141.16815185546875,141.91099548339844,141.16815185546875,141.5546112060547,896000
2025-11-16 06:00:00+00:00,141.39492797851562,141.9931182861328,141.39492797851562,141.78846740722656,0
2025-11-16 07:00:00+00:00,141.76084899902344,142.0169677734375,141.37442016601562,142.0169677734375,0
2025-11-16 08:00:00+00:00,142.01693725585938,142.17352294921875,141.6773223876953,142.17352294921875,0
2025-11-16 09:00:00+00:00,142.13099670410156,142.9445037841797,141.496337890625,142.9445037841797,0
2025-11-16 10:00:00+00:00,142.96182250976562,143.14569091796875,142.7356719970703,142.8074188232422,21612800
2025-11-16 11:00:00+00:00,142.8052978515625,142.92755126953125,139.7148895263672,139.81007385253906,139895552
2025-11-16 12:00:00+00:00,139.814208984375,140.32398986816406,139.49179077148438,140.1155548095703,76207872
2025-11-16 13:00:00+00:00,140.1303253173828,140.3408966064453,139.08987426757812,139.3557891845703,11230720
2025-11-16 14:00:00+00:00,139.34628295898438,140.60020446777344,139.34628295898438,140.43907165527344,3634688
2025-11-16 15:00:00+00:00,140.42849731445312,140.42849731445312,137.67132568359375,137.67132568359375,43922688
2025-11-16 16:00:00+00:00,137.6337432861328,137.9417266845703,135.87054443359375,135.87054443359375,307223552
2025-11-16 17:00:00+00:00,135.85292053222656,136.0354766845703,134.9778289794922,135.01528930664062,70598912
2025-11-16 18:00:00+00:00,135.36349487304688,138.18838500976562,135.36349487304688,135.58851623535156,282152192
2025-11-16 19:00:00+00:00,135.60585021972656,137.70396423339844,135.60585021972656,136.77725219726562,140603648
2025-11-16 20:00:00+00:00,136.76060485839844,137.82186889648438,136.76060485839844,136.83380126953125,6078976
2025-11-16 21:00:00+00:00,136.65660095214844,136.65660095214844,135.56536865234375,136.20523071289062,30837760
2025-11-16 22:00:00+00:00,136.2144012451172,137.6123809814453,135.50595092773438,137.3809356689453,71330816
2025-11-16 23:00:00+00:00,137.3592987060547,137.60507202148438,135.6714324951172,137.26535034179688,301799424
2025-11-17 00:00:00+00:00,137.23948669433594,139.1598663330078,136.40611267089844,139.1598663330078,135067648
2025-11-17 01:00:00+00:00,139.07513427734375,139.22401428222656,138.27159118652344,138.27159118652344,14880768
2025-11-17 02:00:00+00:00,138.27316284179688,139.1234893798828,138.1337432861328,138.70680236816406,28438016
2025-11-17 03:00:00+00:00,138.7135009765625,140.1760711669922,138.7135009765625,140.03982543945312,77639680
2025-11-17 04:00:00+00:00,140.04058837890625,140.53363037109375,139.7825164794922,140.3179168701172,76171264
2025-11-17 05:00:00+00:00,140.2898712158203,140.60897827148438,139.94720458984375,140.6041717529297,9317376
2025-11-17 06:00:00+00:00,140.56919860839844,141.28123474121094,140.2752227783203,141.2718505859375,58411008
2025-11-17 07:00:00+00:00,141.27557373046875,141.59432983398438,141.17926025390625,141.39344787597656,49118208
2025-11-17 08:00:00+00:00,141.37423706054688,141.49191284179688,141.0433807373047,141.11647033691406,106235904
2025-11-17 09:00:00+00:00,141.2240753173828,142.2644500732422,141.0619659423828,142.05372619628906,88426496
2025-11-17 10:00:00+00:00,142.05075073242188,142.28176879882812,141.8895263671875,142.12850952148438,0
2025-11-17 11:00:00+00:00,142.12596130371094,142.46754455566406,141.81216430664062,141.8673553466797,0
2025-11-17 12:00:00+00:00,141.8659210205078,142.30819702148438,141.60403442382812,141.80430603027344,0
2025-11-17 13:00:00+00:00,141.77896118164062,141.78929138183594,137.55897521972656,137.673828125,260185088
2025-11-17 14:00:00+00:00,137.6543426513672,142.08489990234375,137.20809936523438,140.1221466064453,610337280
2025-11-17 15:00:00+00:00,140.1253204345703,140.3786163330078,137.02320861816406,137.03448486328125,242835456
2025-11-17 16:00:00+00:00,137.0316925048828,137.0316925048828,133.82928466796875,135.75794982910156,225565184
2025-11-17 17:00:00+00:00,135.6438751220703,135.6438751220703,131.9986572265625,132.0303955078125,115726848
2025-11-17 18:00:00+00:00,132.0103302001953,132.67713928222656,130.63223266601562,130.63223266601562,112309760
2025-11-17 19:00:00+00:00,130.61611938476562,130.61611938476562,129.70614624023438,129.71800231933594,319778304
2025-11-17 20:00:00+00:00,129.66981506347656,130.3082733154297,129.04019165039062,130.17747497558594,273434624
2025-11-17 21:00:00+00:00,130.16091918945312,130.57864379882812,129.985595703125,130.49822998046875,96326144
2025-11-17 22:00:00+00:00,130.470947265625,131.6526641845703,130.32662963867188,131.43167114257812,29671936
2025-11-17 23:00:00+00:00,131.4224090576172,131.4248504638672,130.2649383544922,130.84869384765625,499200
2025-11-18 00:00:00+00:00,130.79391479492188,131.19198608398438,129.36495971679688,130.92892456054688,0
2025-11-18 01:00:00+00:00,130.94813537597656,131.91366577148438,130.94813537597656,131.6809844970703,48302080
2025-11-18 02:00:00+00:00,131.73863220214844,134.14817810058594,130.7766571044922,132.70401000976562,303105024
2025-11-18 03:00:00+00:00,132.5675506591797,134.5725555419922,131.95425415039062,134.32704162597656,362311168
2025-11-18 04:00:00+00:00,134.4779510498047,134.66197204589844,132.7119140625,134.66197204589844,251306496
2025-11-18 05:00:00+00:00,134.6870574951172,136.21299743652344,134.6870574951172,135.67257690429688,308100608
2025-11-18 06:00:00+00:00,135.68392944335938,136.682861328125,135.3068084716797,135.68507385253906,300375040
2025-11-18 07:00:00+00:00,135.69297790527344,137.35487365722656,135.279296875,136.82582092285156,291517440
2025-11-18 08:00:00+00:00,136.8206024169922,137.87974548339844,136.8206024169922,137.62258911132812,98640896
2025-11-18 09:00:00+00:00,137.6390838623047,137.81602478027344,136.55123901367188,137.7840118408203,21656576
2025-11-18 10:00:00+00:00,137.7321014404297,138.8357696533203,137.69802856445312,137.82290649414062,85110784
2025-11-18 11:00:00+00:00,137.8326873779297,137.9542694091797,137.5020751953125,137.7357177734375,14775296
2025-11-18 12:00:00+00:00,137.6862335205078,138.3380126953125,137.09742736816406,137.94232177734375,27628544
2025-11-18 13:00:00+00:00,138.0210723876953,138.08038330078125,137.0142059326172,138.06051635742188,0
2025-11-18 14:00:00+00:00,138.08335876464844,139.24815368652344,137.81321716308594,137.96420288085938,0
2025-11-18 15:00:00+00:00,137.6207275390625,141.50881958007812,137.5070037841797,139.7744598388672,237854720
2025-11-18 16:00:00+00:00,139.68649291992188,141.67413330078125,139.01400756835938,140.8690643310547,0
2025-11-18 17:00:00+00:00,140.8972625732422,140.98101806640625,139.38352966308594,140.20159912109375,0
2025-11-18 18:00:00+00:00,140.17059326171875,141.5483856201172,140.10704040527344,141.3767547607422,0
2025-11-18 19:00:00+00:00,141.39512634277344,141.7654266357422,141.00494384765625,141.1016387939453,0
2025-11-18 20:00:00+00:00,141.3318328857422,141.80517578125,141.23167419433594,141.80517578125,0
2025-11-18 21:00:00+00:00,141.27011108398438,141.27011108398438,139.6901397705078,139.69781494140625,0
2025-11-18 22:00:00+00:00,139.68621826171875,141.69247436523438,139.68621826171875,141.3593292236328,0
2025-11-18 23:00:00+00:00,141.37460327148438,141.43663024902344,140.6224822998047,140.71438598632812,0
2025-11-19 00:00:00+00:00,140.68284606933594,141.44065856933594,139.58380126953125,141.4263916015625,0
2025-11-19 01:00:00+00:00,141.35549926757812,141.35549926757812,139.96981811523438,139.96981811523438,0
2025-11-19 02:00:00+00:00,140.03814697265625,142.47825622558594,140.03814697265625,142.47825622558594,0
2025-11-19 03:00:00+00:00,142.3392333984375,142.3392333984375,139.8691864013672,140.0224151611328,0
2025-11-19 04:00:00+00:00,139.99099731445312,139.99099731445312,138.77896118164062,138.77896118164062,0
2025-11-19 05:00:00+00:00,138.79510498046875,138.8967742919922,137.224853515625,137.68124389648438,0
2025-11-19 06:00:00+00:00,137.71347045898438,139.03672790527344,137.71307373046875,138.9674530029297,0
2025-11-19 07:00:00+00:00,138.987060546875,140.8291473388672,138.95645141601562,140.55459594726562,0
2025-11-19 08:00:00+00:00,140.50274658203125,140.66207885742188,139.96473693847656,140.02330017089844,0
2025-11-19 09:00:00+00:00,140.02154541015625,140.0229034423828,139.20147705078125,139.5957794189453,0
2025-11-19 10:00:00+00:00,139.6160125732422,140.01193237304688,139.386474609375,139.44447326660156,0
2025-11-19 11:00:00+00:00,139.42665100097656,139.55661010742188,138.46737670898438,138.4801025390625,0
2025-11-19 12:00:00+00:00,138.50621032714844,138.91104125976562,138.38279724121094,138.85214233398438,0
2025-11-19 13:00:00+00:00,138.81265258789062,138.81265258789062,136.94723510742188,136.97068786621094,0
2025-11-19 14:00:00+00:00,136.91192626953125,137.49522399902344,136.1036834716797,136.93492126464844,10733568
2025-11-19 15:00:00+00:00,137.02427673339844,138.46112060546875,134.50912475585938,134.50912475585938,0
2025-11-19 16:00:00+00:00,134.51837158203125,134.77227783203125,132.9642333984375,133.0919952392578,0
2025-11-19 17:00:00+00:00,133.2069091796875,133.24681091308594,131.65306091308594,132.0242462158203,98271232
2025-11-19 18:00:00+00:00,132.018798828125,132.16351318359375,130.6605682373047,130.9746551513672,73164800
2025-11-19 19:00:00+00:00,131.20082092285156,131.77268981933594,130.88336181640625,131.7447967529297,54819328
2025-11-19 20:00:00+00:00,131.60218811035156,133.11351013183594,131.40492248535156,133.11351013183594,96833536
2025-11-19 21:00:00+00:00,132.9954833984375,135.47476196289062,132.9546356201172,135.3382568359375,273656832
2025-11-19 22:00:00+00:00,135.3340606689453,135.44583129882812,134.451904296875,135.4151611328125,31707136
2025-11-19 23:00:00+00:00,135.4294891357422,136.78668212890625,135.4161376953125,136.76776123046875,107417600
2025-11-20 00:00:00+00:00,136.86561584472656,137.7080078125,136.42996215820312,137.4130859375,0
2025-11-20 01:00:00+00:00,137.53067016601562,139.5576629638672,137.50457763671875,139.54710388183594,65542656
2025-11-20 02:00:00+00:00,139.5472412109375,143.8125457763672,139.44189453125,143.49786376953125,631874560
2025-11-20 03:00:00+00:00,143.49832153320312,144.15367126464844,143.11849975585938,143.12779235839844,55145984
2025-11-20 04:00:00+00:00,143.13919067382812,143.99241638183594,142.66563415527344,143.99241638183594,63550464
2025-11-20 05:00:00+00:00,143.9898223876953,144.30677795410156,143.6585693359375,143.94017028808594,0
2025-11-20 06:00:00+00:00,143.95689392089844,143.9969482421875,142.26983642578125,142.47715759277344,0
2025-11-20 07:00:00+00:00,142.69444274902344,143.6272430419922,142.68472290039062,143.6272430419922,15445504
2025-11-20 08:00:00+00:00,143.61363220214844,143.6414337158203,143.13473510742188,143.2422332763672,32952832
2025-11-20 09:00:00+00:00,143.24273681640625,143.2772979736328,141.5913848876953,141.80491638183594,43720704
2025-11-20 10:00:00+00:00,141.86398315429688,142.12440490722656,141.20339965820312,142.04470825195312,83230720
2025-11-20 11:00:00+00:00,142.07180786132812,142.22108459472656,141.60525512695312,141.91456604003906,0
2025-11-20 12:00:00+00:00,141.93360900878906,142.00216674804688,141.43212890625,141.9751434326172,48025600
2025-11-20 13:00:00+00:00,141.88143920898438,142.16246032714844,140.91514587402344,140.91514587402344,168347136
2025-11-20 14:00:00+00:00,140.8622283935547,140.9921417236328,139.17791748046875,140.98284912109375,73167360
2025-11-20 15:00:00+00:00,140.93777465820312,140.93777465820312,139.1245880126953,139.13465881347656,0
2025-11-20 16:00:00+00:00,138.91177368164062,138.91177368164062,131.7854461669922,131.7854461669922,671657472
2025-11-20 17:00:00+00:00,131.95785522460938,132.58824157714844,131.45980834960938,132.2906494140625,375608832
2025-11-20 18:00:00+00:00,132.40455627441406,134.28199768066406,132.15318298339844,132.4373321533203,284431360
2025-11-20 19:00:00+00:00,132.51966857910156,133.6592559814453,131.8944549560547,133.6592559814453,168887296
2025-11-20 20:00:00+00:00,133.67945861816406,134.2183074951172,132.7738494873047,133.64495849609375,144832000
2025-11-20 21:00:00+00:00,133.5965118408203,134.63987731933594,133.5965118408203,134.32907104492188,0
2025-11-20 22:00:00+00:00,134.2911376953125,136.27252197265625,134.08526611328125,136.15049743652344,57755136
2025-11-20 23:00:00+00:00,136.1842498779297,136.28424072265625,133.57498168945312,133.57498168945312,7771648
2025-11-21 00:00:00+00:00,133.51849365234375,134.7769012451172,133.51849365234375,134.11822509765625,0
2025-11-21 01:00:00+00:00,134.11280822753906,134.7287139892578,133.86236572265625,134.14248657226562,0
2025-11-21 02:00:00+00:00,134.1234893798828,134.25079345703125,131.7694549560547,131.7694549560547,0
2025-11-21 03:00:00+00:00,131.59568786621094,133.17626953125,131.57095336914062,132.77255249023438,56566784
2025-11-21 04:00:00+00:00,132.6005401611328,132.63955688476562,130.528076171875,132.42584228515625,11604992
2025-11-21 05:00:00+00:00,132.47329711914062,132.77069091796875,131.77467346191406,131.8114776611328,0
2025-11-21 06:00:00+00:00,131.93283081054688,131.936767578125,130.8717041015625,130.87403869628906,30823424
2025-11-21 07:00:00+00:00,130.89198303222656,130.89198303222656,125.34798431396484,127.02732849121094,1035158016
2025-11-21 08:00:00+00:00,127.13048553466797,128.89935302734375,127.13048553466797,128.03668212890625,371122176
2025-11-21 09:00:00+00:00,128.01820373535156,128.5500030517578,125.50037384033203,125.84591674804688,183789568
2025-11-21 10:00:00+00:00,125.47820281982422,126.0958023071289,125.0259780883789,125.17051696777344,361184256
2025-11-21 11:00:00+00:00,125.13585662841797,125.95661163330078,123.88953399658203,123.97334289550781,271175680
2025-11-21 12:00:00+00:00,124.13380432128906,126.8203125,122.30005645751953,126.45162963867188,751512576
2025-11-21 13:00:00+00:00,126.42511749267578,127.84879302978516,126.03105163574219,127.63862609863281,196503552
2025-11-21 14:00:00+00:00,127.57035064697266,129.11874389648438,126.26231384277344,128.8630828857422,100320256
2025-11-21 15:00:00+00:00,128.83531188964844,128.83531188964844,125.19889831542969,125.19889831542969,147653632
2025-11-21 16:00:00+00:00,125.2787857055664,128.19326782226562,124.24142456054688,128.19326782226562,0
2025-11-21 17:00:00+00:00,128.4399871826172,130.1630096435547,128.39541625976562,129.34217834472656,0
2025-11-21 18:00:00+00:00,129.20504760742188,129.86061096191406,126.8681411743164,129.54620361328125,0
2025-11-21 19:00:00+00:00,129.57080078125,129.58956909179688,127.76323699951172,127.91763305664062,0
2025-11-21 20:00:00+00:00,127.92822265625,128.10116577148438,126.33041381835938,127.43844604492188,0
2025-11-21 21:00:00+00:00,127.29342651367188,128.97811889648438,126.88648986816406,128.82394409179688,0
2025-11-21 22:00:00+00:00,128.83026123046875,129.12977600097656,125.95064544677734,125.95064544677734,0
2025-11-21 23:00:00+00:00,125.90809631347656,128.60284423828125,125.4225845336914,128.49856567382812,36738048
2025-11-22 00:00:00+00:00,128.52536010742188,129.1354522705078,128.13148498535156,128.4462890625,0
2025-11-22 01:00:00+00:00,128.43807983398438,129.64193725585938,128.43690490722656,129.38238525390625,0
2025-11-22 02:00:00+00:00,129.390625,129.44773864746094,127.67890930175781,127.72240447998047,0
2025-11-22 03:00:00+00:00,127.88504791259766,128.16799926757812,127.00798034667969,127.1025619506836,0
2025-11-22 04:00:00+00:00,127.0951919555664,127.1317138671875,125.87032318115234,126.58283233642578,0
2025-11-22 05:00:00+00:00,126.60700225830078,126.90494537353516,125.4980697631836,126.0055160522461,0
2025-11-22 06:00:00+00:00,126.00056457519531,128.06068420410156,125.52062225341797,128.06068420410156,0
2025-11-22 07:00:00+00:00,128.04144287109375,128.0543212890625,127.50349426269531,127.66207885742188,0
2025-11-22 08:00:00+00:00,127.66204071044922,127.66204071044922,125.61571502685547,125.86737823486328,0
2025-11-22 09:00:00+00:00,125.86670684814453,127.04985809326172,125.86670684814453,126.4354019165039,0
2025-11-22 10:00:00+00:00,126.44908905029297,126.97847747802734,125.80751037597656,125.92012786865234,0
2025-11-22 11:00:00+00:00,125.90690612792969,126.94973754882812,125.7970962524414,126.88068389892578,0
2025-11-22 12:00:00+00:00,126.85242462158203,126.85242462158203,125.53402709960938,125.66844940185547,0
2025-11-22 13:00:00+00:00,125.71668243408203,126.13534545898438,125.41136932373047,125.60694885253906,0
2025-11-22 14:00:00+00:00,125.59072875976562,127.02056121826172,125.59072875976562,126.9231948852539,0
2025-11-22 15:00:00+00:00,126.9341812133789,127.26461029052734,126.33375549316406,126.7507095336914,0
2025-11-22 16:00:00+00:00,126.8365707397461,128.2169189453125,126.8019790649414,128.1261749267578,0
2025-11-22 17:00:00+00:00,128.1038055419922,128.14183044433594,127.357666015625,127.357666015625,0
2025-11-22 18:00:00+00:00,127.43338012695312,127.89563751220703,127.41947937011719,127.678955078125,0
2025-11-22 19:00:00+00:00,127.6966323852539,127.85667419433594,126.9107666015625,127.29631805419922,0
2025-11-22 20:00:00+00:00,127.29273986816406,127.36278533935547,126.22947692871094,126.33679962158203,0
2025-11-22 21:00:00+00:00,126.32588958740234,126.6849365234375,126.20077514648438,126.50691986083984,0
2025-11-22 22:00:00+00:00,126.51301574707031,128.53616333007812,126.27169036865234,128.33901977539062,0
2025-11-22 23:00:00+00:00,128.22213745117188,128.2685089111328,127.48827362060547,127.55113220214844,0
2025-11-23 00:00:00+00:00,127.55415344238281,128.40733337402344,127.55415344238281,127.77935028076172,0
2025-11-23 01:00:00+00:00,127.81755828857422,129.59938049316406,127.81755828857422,129.466552734375,47091712
2025-11-23 02:00:00+00:00,129.46678161621094,130.559326171875,129.3820343017578,130.05157470703125,61435136
2025-11-23 03:00:00+00:00,130.0532684326172,130.17689514160156,129.50674438476562,129.85830688476562,0
2025-11-23 04:00:00+00:00,129.9498748779297,131.41683959960938,129.9498748779297,130.7770538330078,30004480
2025-11-23 05:00:00+00:00,130.76731872558594,130.76731872558594,130.250244140625,130.51658630371094,0
2025-11-23 06:00:00+00:00,130.51719665527344,130.7393035888672,129.2507781982422,129.30775451660156,0
2025-11-23 07:00:00+00:00,129.30638122558594,129.30638122558594,128.3289337158203,128.80453491210938,40086016
2025-11-23 08:00:00+00:00,128.81565856933594,129.54183959960938,128.81565856933594,129.54183959960938,0
2025-11-23 09:00:00+00:00,129.5400390625,130.41635131835938,129.51559448242188,130.0360870361328,23945984
2025-11-23 10:00:00+00:00,130.05877685546875,130.05877685546875,129.63812255859375,129.85723876953125,0
2025-11-23 11:00:00+00:00,129.87010192871094,129.87010192871094,129.2042694091797,129.68994140625,0
2025-11-23 12:00:00+00:00,129.69046020507812,131.37252807617188,129.69046020507812,130.8298797607422,100539648
2025-11-23 13:00:00+00:00,130.8347625732422,131.4724884033203,130.497802734375,131.44735717773438,41625344
2025-11-23 14:00:00+00:00,131.47120666503906,132.42193603515625,130.67550659179688,130.67550659179688,68060160
2025-11-23 15:00:00+00:00,130.69174194335938,132.72715759277344,130.6366424560547,132.72715759277344,57600000
2025-11-23 16:00:00+00:00,132.74514770507812,133.11605834960938,132.0232391357422,132.47354125976562,25496320
2025-11-23 17:00:00+00:00,132.44210815429688,132.44210815429688,131.02511596679688,131.29881286621094,0
2025-11-23 18:00:00+00:00,131.3699188232422,132.73158264160156,131.3699188232422,132.13259887695312,26698752
2025-11-23 19:00:00+00:00,132.14451599121094,132.90020751953125,132.1322021484375,132.56410217285156,13730816
2025-11-23 20:00:00+00:00,132.5688934326172,132.67486572265625,132.26779174804688,132.65199279785156,0
2025-11-23 21:00:00+00:00,132.64752197265625,133.32260131835938,131.82327270507812,133.32260131835938,51759360
2025-11-23 22:00:00+00:00,133.29995727539062,133.29995727539062,132.53704833984375,132.63172912597656,23693056
2025-11-23 23:00:00+00:00,132.69802856445312,132.69802856445312,130.69805908203125,130.70603942871094,66175744
2025-11-24 00:00:00+00:00,130.6746368408203,131.705810546875,129.47149658203125,131.0579071044922,145434880
2025-11-24 01:00:00+00:00,130.98480224609375,131.44024658203125,130.1280517578125,131.4232635498047,0
2025-11-24 02:00:00+00:00,131.4488525390625,134.1638641357422,131.4488525390625,133.1488800048828,82604800
2025-11-24 03:00:00+00:00,133.41282653808594,133.94961547851562,132.94686889648438,133.3675994873047,42610688
2025-11-24 04:00:00+00:00,133.3675994873047,133.3883056640625,130.83482360839844,131.33343505859375,27887616
2025-11-24 05:00:00+00:00,131.3560333251953,133.6814727783203,131.3264617919922,132.7464141845703,79757568
2025-11-24 06:00:00+00:00,132.76705932617188,132.88897705078125,130.85623168945312,131.0331268310547,91263232
2025-11-24 07:00:00+00:00,131.03912353515625,131.03912353515625,130.52272033691406,130.5258331298828,4160512
2025-11-24 08:00:00+00:00,130.4427032470703,130.45750427246094,129.8109893798828,130.45750427246094,101958400
2025-11-24 09:00:00+00:00,130.50140380859375,130.50140380859375,128.56341552734375,128.97689819335938,35294208
2025-11-24 10:00:00+00:00,128.9587860107422,129.26441955566406,128.87416076660156,129.17330932617188,34649088
2025-11-24 11:00:00+00:00,129.17660522460938,129.7585906982422,128.8567657470703,129.61642456054688,15792640
2025-11-24 12:00:00+00:00,129.6067657470703,129.76065063476562,129.0738067626953,129.4582977294922,0
2025-11-24 13:00:00+00:00,129.4786834716797,130.29188537597656,129.4556427001953,129.97079467773438,27036160
2025-11-24 14:00:00+00:00,129.95834350585938,130.9487762451172,129.33079528808594,130.0176544189453,120480768
2025-11-24 15:00:00+00:00,130.13497924804688,132.31732177734375,130.13497924804688,131.80148315429688,114179584
2025-11-24 16:00:00+00:00,131.80764770507812,134.1983184814453,131.80764770507812,133.86351013183594,229663232
2025-11-24 17:00:00+00:00,133.8113555908203,136.7158966064453,133.7400360107422,136.7158966064453,340778496
2025-11-24 18:00:00+00:00,136.7333984375,137.5670623779297,136.7333984375,137.22154235839844,221016064
2025-11-24 19:00:00+00:00,137.22154235839844,137.61038208007812,136.93080139160156,137.01109313964844,116699136
2025-11-24 20:00:00+00:00,137.0630645751953,139.12757873535156,137.0630645751953,138.81692504882812,386254848
2025-11-24 21:00:00+00:00,138.8900146484375,138.9418182373047,138.1641387939453,138.6055908203125,90392576
2025-11-24 22:00:00+00:00,138.81649780273438,139.43057250976562,138.6663818359375,138.90708923339844,86799872
2025-11-24 23:00:00+00:00,139.0254364013672,139.04209899902344,138.28631591796875,138.35594177246094,0
2025-11-25 00:00:00+00:00,138.36956787109375,138.7230682373047,137.73257446289062,138.51307678222656,0
2025-11-25 01:00:00+00:00,138.4956512451172,138.67770385742188,137.9058837890625,137.9058837890625,0
2025-11-25 02:00:00+00:00,137.89173889160156,138.1819305419922,137.3717041015625,138.1300506591797,0
2025-11-25 03:00:00+00:00,138.12603759765625,138.37908935546875,137.42886352539062,137.64663696289062,0
2025-11-25 04:00:00+00:00,137.68484497070312,138.8362579345703,137.68484497070312,138.6305694580078,0
2025-11-25 05:00:00+00:00,138.62156677246094,138.677978515625,138.04461669921875,138.5919189453125,0
2025-11-25 06:00:00+00:00,138.58294677734375,138.58294677734375,137.62461853027344,138.09886169433594,0
2025-11-25 07:00:00+00:00,138.1177978515625,138.1177978515625,136.48373413085938,136.48373413085938,0
2025-11-25 08:00:00+00:00,136.47044372558594,136.4823455810547,135.6460418701172,135.65472412109375,0
2025-11-25 09:00:00+00:00,135.52894592285156,135.9947052001953,134.95162963867188,135.9947052001953,21694976
2025-11-25 10:00:00+00:00,135.99954223632812,136.712646484375,135.96192932128906,136.67269897460938,5928960
2025-11-25 11:00:00+00:00,136.65904235839844,136.65904235839844,136.05470275878906,136.35018920898438,19172864
2025-11-25 12:00:00+00:00,136.34878540039062,136.66773986816406,135.9438934326172,136.303955078125,62035968
2025-11-25 13:00:00+00:00,136.2803955078125,136.71835327148438,135.25616455078125,135.25616455078125,45115392
2025-11-25 14:00:00+00:00,135.37701416015625,135.9812469482422,133.5397186279297,134.2475128173828,9014272
2025-11-25 15:00:00+00:00,134.50241088867188,135.19932556152344,133.61912536621094,134.7056427001953,0
2025-11-25 16:00:00+00:00,134.6857452392578,136.800537109375,134.6857452392578,136.0906982421875,0
2025-11-25 17:00:00+00:00,136.09188842773438,137.78746032714844,135.95852661132812,137.18710327148438,0
2025-11-25 18:00:00+00:00,137.1521453857422,137.43130493164062,136.55758666992188,136.55758666992188,0
2025-11-25 19:00:00+00:00,136.53709411621094,136.55821228027344,134.4173126220703,136.55821228027344,2071552
2025-11-25 20:00:00+00:00,136.5860137939453,137.6820526123047,136.5172576904297,137.58876037597656,0
2025-11-25 21:00:00+00:00,137.6751708984375,137.8629913330078,137.09535217285156,137.218505859375,0
2025-11-25 22:00:00+00:00,137.13095092773438,138.5782928466797,136.2251434326172,138.5782928466797,0
2025-11-25 23:00:00+00:00,138.72787475585938,140.2567596435547,138.62059020996094,138.88987731933594,140232192
2025-11-26 00:00:00+00:00,138.96728515625,139.66290283203125,138.96470642089844,139.14027404785156,0
2025-11-26 01:00:00+00:00,139.1484832763672,140.36753845214844,138.66973876953125,139.90975952148438,43266560
2025-11-26 02:00:00+00:00,139.96258544921875,140.0606689453125,139.19964599609375,139.2842254638672,273920
2025-11-26 03:00:00+00:00,139.28057861328125,139.5570526123047,138.10406494140625,138.10406494140625,0
2025-11-26 04:00:00+00:00,138.1145782470703,138.38568115234375,137.9268035888672,138.1219024658203,34153984
2025-11-26 05:00:00+00:00,138.11807250976562,139.05101013183594,138.10379028320312,139.00209045410156,100699648
2025-11-26 06:00:00+00:00,138.9901123046875,139.63124084472656,138.5299835205078,139.63124084472656,52133888
2025-11-26 07:00:00+00:00,139.62001037597656,139.7066192626953,139.34335327148438,139.7066192626953,3846144
2025-11-26 08:00:00+00:00,139.74127197265625,139.78428649902344,137.96165466308594,137.96165466308594,0
2025-11-26 09:00:00+00:00,137.95773315429688,137.96099853515625,136.380859375,136.5570831298828,21411840
2025-11-26 10:00:00+00:00,136.5967254638672,137.2548065185547,136.5967254638672,137.21124267578125,26124800
2025-11-26 11:00:00+00:00,137.20484924316406,137.20484924316406,136.6722869873047,136.7752685546875,0
2025-11-26 12:00:00+00:00,136.80206298828125,136.82228088378906,135.79576110839844,135.79576110839844,0
2025-11-26 13:00:00+00:00,135.78799438476562,136.6592559814453,135.6639404296875,136.4903564453125,0
2025-11-26 14:00:00+00:00,136.56956481933594,137.42547607421875,136.32977294921875,136.5644073486328,38462976
2025-11-26 15:00:00+00:00,136.5020294189453,137.286376953125,136.24195861816406,136.5143280029297,60751360
2025-11-26 16:00:00+00:00,136.54473876953125,137.8246307373047,136.54473876953125,136.9995880126953,32952320
2025-11-26 17:00:00+00:00,137.00418090820312,140.85946655273438,137.00418090820312,140.7935791015625,155424256
2025-11-26 18:00:00+00:00,140.8057861328125,144.3817596435547,140.8057861328125,144.3817596435547,592927744
2025-11-26 19:00:00+00:00,144.3951873779297,144.47103881835938,143.98680114746094,144.08309936523438,73908736
2025-11-26 20:00:00+00:00,143.98936462402344,143.98936462402344,142.69927978515625,142.9912872314453,55660544
2025-11-26 21:00:00+00:00,142.98825073242188,144.1533660888672,142.98825073242188,143.7802276611328,49528320
2025-11-26 22:00:00+00:00,143.5755157470703,143.83119201660156,142.93649291992188,142.98580932617188,0
2025-11-26 23:00:00+00:00,142.98019409179688,143.26803588867188,142.6470947265625,143.0125274658203,0
2025-11-27 00:00:00+00:00,142.9918212890625,143.3885498046875,142.3584442138672,143.14268493652344,0
2025-11-27 01:00:00+00:00,143.0557403564453,143.4063262939453,142.1951904296875,142.98776245117188,0
2025-11-27 02:00:00+00:00,143.16078186035156,143.97134399414062,142.9435577392578,143.1790771484375,74802176
2025-11-27 03:00:00+00:00,143.17306518554688,143.5947265625,142.5491180419922,142.69285583496094,16936960
2025-11-27 04:00:00+00:00,142.66452026367188,142.85890197753906,142.45950317382812,142.85890197753906,0
2025-11-27 05:00:00+00:00,142.83792114257812,143.3165740966797,142.66702270507812,142.6754913330078,26533888
2025-11-27 06:00:00+00:00,142.77017211914062,143.85128784179688,142.77017211914062,143.85128784179688,0
2025-11-27 07:00:00+00:00,143.8354949951172,144.1613006591797,143.75624084472656,143.7909698486328,0
2025-11-27 08:00:00+00:00,143.79031372070312,143.79031372070312,142.2846221923828,142.4723663330078,0
2025-11-27 09:00:00+00:00,142.49221801757812,142.83258056640625,141.81117248535156,141.81117248535156,0
2025-11-27 10:00:00+00:00,141.80775451660156,142.23597717285156,141.66107177734375,142.23597717285156,0
2025-11-27 11:00:00+00:00,142.24671936035156,142.26675415039062,141.87384033203125,142.08499145507812,0
2025-11-27 12:00:00+00:00,142.08499145507812,142.08499145507812,141.11073303222656,141.11073303222656,0
2025-11-27 13:00:00+00:00,141.15943908691406,141.41175842285156,140.9155731201172,141.31214904785156,9134592
2025-11-27 14:00:00+00:00,141.30494689941406,141.67066955566406,141.03440856933594,141.32406616210938,0
2025-11-27 15:00:00+00:00,141.26199340820312,142.33229064941406,141.16204833984375,142.188720703125,0
2025-11-27 16:00:00+00:00,142.18141174316406,142.18141174316406,141.75852966308594,141.9134521484375,0
2025-11-27 17:00:00+00:00,142.09031677246094,142.16412353515625,141.48487854003906,141.6539306640625,0
2025-11-27 18:00:00+00:00,141.60684204101562,142.97824096679688,141.595703125,142.97824096679688,0
2025-11-27 19:00:00+00:00,142.98037719726562,142.98037719726562,142.4084014892578,142.71241760253906,0
2025-11-27 20:00:00+00:00,142.6923370361328,142.82090759277344,142.63232421875,142.76268005371094,0
2025-11-27 21:00:00+00:00,142.45066833496094,142.45066833496094,141.9847412109375,141.9847412109375,0
2025-11-27 22:00:00+00:00,141.94056701660156,141.94056701660156,140.73086547851562,140.7523956298828,0
2025-11-27 23:00:00+00:00,140.85182189941406,141.2274169921875,140.7134552001953,140.8464813232422,194048
2025-11-28 00:00:00+00:00,140.8505401611328,141.2570037841797,140.63217163085938,140.8925018310547,0
2025-11-28 01:00:00+00:00,140.9180450439453,140.95643615722656,138.97341918945312,138.97341918945312,42969856
2025-11-28 02:00:00+00:00,138.99343872070312,139.51266479492188,138.76181030273438,139.49395751953125,0
2025-11-28 03:00:00+00:00,139.4886016845703,139.70059204101562,139.31996154785156,139.69189453125,0
2025-11-28 04:00:00+00:00,139.6608428955078,140.1178436279297,139.6357421875,140.06431579589844,0
2025-11-28 05:00:00+00:00,140.06423950195312,140.46034240722656,139.974609375,140.38722229003906,40068352
2025-11-28 06:00:00+00:00,140.3856658935547,140.3856658935547,139.42520141601562,139.58633422851562,0
2025-11-28 07:00:00+00:00,139.5774688720703,139.88076782226562,139.1504364013672,139.1504364013672,0
2025-11-28 08:00:00+00:00,139.14312744140625,141.26695251464844,139.06370544433594,141.13192749023438,29743104
2025-11-28 09:00:00+00:00,141.39337158203125,142.2750701904297,141.29959106445312,141.65765380859375,209368832
2025-11-28 10:00:00+00:00,141.65872192382812,142.20706176757812,141.6463623046875,142.14486694335938,587776
2025-11-28 11:00:00+00:00,142.12481689453125,142.12481689453125,140.38565063476562,140.9837188720703,65887744
2025-11-28 12:00:00+00:00,140.99354553222656,141.34466552734375,140.91641235351562,140.9346923828125,71346688
2025-11-28 13:00:00+00:00,140.93968200683594,142.689697265625,140.59107971191406,142.2702178955078,131793664
2025-11-28 14:00:00+00:00,142.4344482421875,143.27828979492188,142.2028045654297,142.51039123535156,234896640
2025-11-28 15:00:00+00:00,142.5449676513672,143.3011932373047,141.61404418945312,141.61404418945312,293775104
2025-11-28 16:00:00+00:00,141.62730407714844,141.62730407714844,139.15396118164062,139.15396118164062,143168000
2025-11-28 17:00:00+00:00,139.1221466064453,139.1221466064453,137.24891662597656,137.8039093017578,195991040
2025-11-28 18:00:00+00:00,137.5479736328125,137.5479736328125,136.2945098876953,136.9978790283203,127826944
2025-11-28 19:00:00+00:00,137.09262084960938,137.95936584472656,137.09262084960938,137.58570861816406,69857792
2025-11-28 20:00:00+00:00,137.59738159179688,137.86929321289062,137.1011962890625,137.86929321289062,32989696
2025-11-28 21:00:00+00:00,137.88674926757812,138.00819396972656,137.5521697998047,137.61474609375,0
2025-11-28 22:00:00+00:00,137.5843048095703,137.5843048095703,136.9894561767578,136.9894561767578,22716928
2025-11-29 19:00:00+00:00,136.04063415527344,136.04063415527344,135.72869873046875,135.80419921875,0
2025-11-29 20:00:00+00:00,135.7962188720703,136.2971954345703,135.53126525878906,136.27413940429688,0
2025-11-29 21:00:00+00:00,136.27781677246094,136.49098205566406,135.9054718017578,136.49098205566406,0
2025-11-29 22:00:00+00:00,136.4971466064453,136.4971466064453,135.6169891357422,135.93951416015625,0
2025-11-29 23:00:00+00:00,135.91580200195312,136.17515563964844,135.6896514892578,136.0893096923828,0
2025-11-30 00:00:00+00:00,136.07431030273438,136.38558959960938,135.9512481689453,136.03451538085938,6212352
2025-11-30 01:00:00+00:00,136.0299072265625,136.54066467285156,136.01268005371094,136.3875274658203,38048512
2025-11-30 02:00:00+00:00,136.3794403076172,136.7301025390625,135.98208618164062,135.99386596679688,5501696
2025-11-30 03:00:00+00:00,135.9944610595703,136.494873046875,135.53863525390625,136.43186950683594,56286464
2025-11-30 04:00:00+00:00,136.4281463623047,136.88978576660156,136.3587646484375,136.41842651367188,25748992
2025-11-30 05:00:00+00:00,136.42210388183594,136.42210388183594,135.69798278808594,135.92723083496094,0
2025-11-30 06:00:00+00:00,135.9043426513672,136.43490600585938,135.74642944335938,136.38031005859375,0
2025-11-30 07:00:00+00:00,136.37667846679688,136.5840606689453,136.33448791503906,136.55015563964844,0
2025-11-30 08:00:00+00:00,136.5473175048828,136.8701629638672,136.3916473388672,136.8226776123047,20422912
2025-11-30 09:00:00+00:00,136.8218536376953,136.99685668945312,136.5817413330078,136.85211181640625,11516160
2025-11-30 10:00:00+00:00,136.8251190185547,136.9403839111328,136.6773223876953,136.72213745117188,0
2025-11-30 11:00:00+00:00,136.71957397460938,136.82843017578125,136.37991333007812,136.49571228027344,0
2025-11-30 12:00:00+00:00,136.4817352294922,137.55580139160156,136.38623046875,137.55580139160156,66458880
2025-11-30 13:00:00+00:00,137.6032257080078,139.88714599609375,137.55348205566406,139.23524475097656,297244928
2025-11-30 14:00:00+00:00,139.2301788330078,139.30735778808594,138.310791015625,138.38751220703125,144112896
2025-11-30 15:00:00+00:00,138.4837188720703,138.4837188720703,137.788330078125,138.30410766601562,0
2025-11-30 16:00:00+00:00,138.3684539794922,139.76766967773438,138.3684539794922,139.60350036621094,62037504
2025-11-30 17:00:00+00:00,139.5485076904297,139.5485076904297,138.48934936523438,138.48934936523438,0
2025-11-30 18:00:00+00:00,138.4891357421875,138.6317901611328,138.09266662597656,138.631591796875,0
2025-11-30 19:00:00+00:00,138.63833618164062,138.63833618164062,137.552001953125,137.68409729003906,47249152
2025-11-30 20:00:00+00:00,137.66879272460938,137.87120056152344,137.04856872558594,137.31715393066406,40681216
2025-11-30 21:00:00+00:00,137.3175048828125,137.3175048828125,136.87962341308594,137.1119842529297,35341056
2025-11-30 22:00:00+00:00,137.09759521484375,137.69508361816406,137.07424926757812,137.5653839111328,0
2025-11-30 23:00:00+00:00,137.6204833984375,137.75076293945312,133.5648193359375,133.5648193359375,202974720
2025-12-01 00:00:00+00:00,133.58917236328125,133.5999298095703,128.0358123779297,128.06849670410156,855626240
2025-12-01 01:00:00+00:00,127.90180206298828,128.98895263671875,127.89521026611328,128.05426025390625,246881792
2025-12-01 02:00:00+00:00,128.00286865234375,128.43663024902344,127.67182159423828,127.69159698486328,173361152
2025-12-01 03:00:00+00:00,127.68933868408203,127.68933868408203,126.81463623046875,127.09523010253906,106723328
2025-12-01 04:00:00+00:00,127.07341766357422,127.07341766357422,126.39224243164062,126.47412109375,116031488
2025-12-01 05:00:00+00:00,126.44930267333984,126.44930267333984,126.0893783569336,126.18357849121094,121083392
2025-12-01 06:00:00+00:00,126.1800765991211,126.75444793701172,126.12934875488281,126.7021484375,71348736
2025-12-01 07:00:00+00:00,126.68428802490234,127.35733032226562,126.49408721923828,127.35733032226562,94074880
2025-12-01 08:00:00+00:00,127.36602783203125,127.74024200439453,127.15957641601562,127.68395233154297,38145024
2025-12-01 09:00:00+00:00,127.70893096923828,127.78385925292969,126.9679183959961,126.9679183959961,67986432
2025-12-01 10:00:00+00:00,126.9780502319336,127.37847137451172,126.9780502319336,127.09042358398438,17629696
2025-12-01 11:00:00+00:00,127.12127685546875,127.18707275390625,126.94927215576172,127.1531982421875,39433728
2025-12-01 12:00:00+00:00,127.14537811279297,127.14662170410156,125.90821075439453,126.7054214477539,153121280
2025-12-01 13:00:00+00:00,126.61697387695312,127.56046295166016,126.348876953125,126.48509979248047,0
2025-12-01 14:00:00+00:00,126.47391510009766,126.75287628173828,126.02691650390625,126.44046783447266,57664512
2025-12-01 15:00:00+00:00,126.32441711425781,126.33424377441406,123.39630126953125,125.2380142211914,446508544
2025-12-01 16:00:00+00:00,125.13117218017578,125.1561050415039,123.51272583007812,123.51272583007812,215226880
2025-12-01 17:00:00+00:00,123.51912689208984,124.73792266845703,123.51912689208984,124.55590057373047,63148032
2025-12-01 18:00:00+00:00,124.55049133300781,125.09492492675781,123.94208526611328,124.31268310546875,79722496
2025-12-01 19:00:00+00:00,124.30815124511719,124.51039123535156,123.46373748779297,123.93669891357422,25969152
2025-12-01 20:00:00+00:00,123.91519927978516,124.78903198242188,123.91519927978516,124.55618286132812,72024576
2025-12-01 21:00:00+00:00,124.48694610595703,126.1417007446289,124.33474731445312,125.96727752685547,173618176
2025-12-01 22:00:00+00:00,125.94991302490234,127.30144500732422,125.94991302490234,127.15966796875,140132864
2025-12-01 23:00:00+00:00,127.10075378417969,127.30519104003906,126.7086181640625,126.7086181640625,0
2025-12-02 00:00:00+00:00,126.70230102539062,127.43144989013672,126.61234283447266,127.34524536132812,0
2025-12-02 01:00:00+00:00,127.3556137084961,127.80640411376953,126.96954345703125,126.96954345703125,0
2025-12-02 02:00:00+00:00,126.98680114746094,127.9966812133789,126.95621490478516,127.15612030029297,0
2025-12-02 03:00:00+00:00,127.14459991455078,127.546875,126.18937683105469,127.50875854492188,0
2025-12-02 04:00:00+00:00,127.46446228027344,127.70980072021484,127.03455352783203,127.03455352783203,0
2025-12-02 05:00:00+00:00,127.02783203125,127.02783203125,126.65914154052734,126.80327606201172,0
2025-12-02 06:00:00+00:00,126.80081939697266,127.74566650390625,126.552734375,127.74566650390625,0
2025-12-02 07:00:00+00:00,127.73519897460938,127.73519897460938,127.12728881835938,127.22514343261719,0
2025-12-02 08:00:00+00:00,127.22713470458984,127.22713470458984,126.14380645751953,126.14380645751953,0
2025-12-02 09:00:00+00:00,126.15655517578125,127.02831268310547,126.15655517578125,126.80675506591797,0
2025-12-02 10:00:00+00:00,126.80953979492188,128.41212463378906,126.7967529296875,128.40528869628906,70603264
2025-12-02 11:00:00+00:00,128.40098571777344,128.40330505371094,127.94915008544922,128.3404083251953,39572992
2025-12-02 12:00:00+00:00,128.3363800048828,128.84466552734375,128.2941131591797,128.82345581054688,0
2025-12-02 13:00:00+00:00,128.8494873046875,130.8875732421875,128.5693817138672,130.6811981201172,140788224
2025-12-02 14:00:00+00:00,130.65969848632812,133.16810607910156,130.54397583007812,132.78408813476562,220200960
2025-12-02 15:00:00+00:00,132.7859649658203,138.7613983154297,132.7859649658203,138.02906799316406,509727232
2025-12-02 16:00:00+00:00,138.02391052246094,139.56109619140625,137.80181884765625,139.52284240722656,243445248
2025-12-02 17:00:00+00:00,139.5416259765625,140.6642608642578,139.48805236816406,139.52011108398438,248571904
2025-12-02 18:00:00+00:00,139.53524780273438,140.23504638671875,139.53524780273438,139.80899047851562,73098752
2025-12-02 19:00:00+00:00,139.84693908691406,140.382080078125,139.84693908691406,140.2295379638672,15166976
2025-12-02 20:00:00+00:00,140.2250518798828,140.3103485107422,138.50564575195312,138.68997192382812,189072896
2025-12-02 21:00:00+00:00,138.7317352294922,139.23191833496094,138.66244506835938,139.23191833496094,0
2025-12-02 22:00:00+00:00,139.22633361816406,139.93992614746094,139.0795135498047,139.92221069335938,0
2025-12-02 23:00:00+00:00,139.9301300048828,139.9301300048828,138.6400604248047,138.673095703125,121344
2025-12-03 00:00:00+00:00,138.67352294921875,138.75338745117188,137.9598846435547,138.24484252929688,16844800
2025-12-03 01:00:00+00:00,138.23971557617188,139.07659912109375,138.11541748046875,138.98257446289062,18460672
2025-12-03 02:00:00+00:00,138.99440002441406,140.167236328125,138.94801330566406,140.02708435058594,99479552
2025-12-03 03:00:00+00:00,140.022216796875,140.46385192871094,139.9811248779297,140.39199829101562,7582720
2025-12-03 04:00:00+00:00,140.3907928466797,142.2763671875,140.36488342285156,142.2185516357422,268124160
2025-12-03 05:00:00+00:00,142.2261199951172,143.19032287597656,142.2261199951172,143.0989990234375,204406272
2025-12-03 06:00:00+00:00,143.09234619140625,143.90194702148438,142.57188415527344,142.57618713378906,163685376
2025-12-03 07:00:00+00:00,142.56387329101562,142.56387329101562,142.0740203857422,142.0740203857422,63964672
2025-12-03 08:00:00+00:00,142.04307556152344,142.4959259033203,141.75747680664062,142.16807556152344,4293120
2025-12-03 09:00:00+00:00,142.1750946044922,142.35093688964844,141.7163848876953,142.26443481445312,28905472
2025-12-03 10:00:00+00:00,142.24607849121094,142.24607849121094,141.3981170654297,141.4563751220703,0
2025-12-03 11:00:00+00:00,141.4533233642578,141.71189880371094,141.12875366210938,141.70904541015625,0
2025-12-03 12:00:00+00:00,141.7067413330078,141.96788024902344,141.27854919433594,141.96788024902344,0
2025-12-03 13:00:00+00:00,141.95945739746094,142.30810546875,141.7566375732422,141.8394317626953,0
2025-12-03 14:00:00+00:00,141.86497497558594,142.96334838867188,139.44212341308594,141.6861114501953,151061504
2025-12-03 15:00:00+00:00,141.50918579101562,141.81298828125,140.62890625,141.10076904296875,0
2025-12-03 16:00:00+00:00,141.05706787109375,141.52708435058594,140.2332305908203,141.1208953857422,0
2025-12-03 17:00:00+00:00,140.92239379882812,141.990966796875,140.87649536132812,141.990966796875,0
2025-12-03 18:00:00+00:00,141.99801635742188,141.99801635742188,141.1338653564453,141.1338653564453,0
2025-12-03 19:00:00+00:00,141.2982940673828,141.4392547607422,141.2533721923828,141.4392547607422,0
2025-12-03 20:00:00+00:00,141.302490234375,141.83065795898438,141.07537841796875,141.5462646484375,0
2025-12-03 21:00:00+00:00,141.61392211914062,143.3643798828125,141.61392211914062,143.3643798828125,39005696
2025-12-03 22:00:00+00:00,145.27679443359375,145.27679443359375,143.97613525390625,144.3108367919922,392557568
2025-12-03 23:00:00+00:00,144.33395385742188,145.3610382080078,144.33395385742188,144.94117736816406,132095488
2025-12-04 00:00:00+00:00,144.8266143798828,145.2860870361328,143.95362854003906,145.24156188964844,0
2025-12-04 01:00:00+00:00,145.1212158203125,146.01907348632812,144.29209899902344,144.29209899902344,61982720
2025-12-04 02:00:00+00:00,144.2898712158203,145.71035766601562,144.2898712158203,145.68081665039062,0
2025-12-04 03:00:00+00:00,145.64691162109375,145.64691162109375,144.61329650878906,144.75918579101562,0
2025-12-04 04:00:00+00:00,144.67283630371094,144.6779327392578,143.94830322265625,143.99432373046875,0
2025-12-04 05:00:00+00:00,144.11451721191406,144.11451721191406,143.15167236328125,143.19908142089844,0
2025-12-04 06:00:00+00:00,143.23049926757812,144.082763671875,143.23049926757812,144.01193237304688,0
2025-12-04 07:00:00+00:00,143.99063110351562,143.99063110351562,142.95433044433594,143.50991821289062,21248512
2025-12-04 08:00:00+00:00,143.70230102539062,143.7087860107422,142.9320526123047,142.9320526123047,0
2025-12-04 09:00:00+00:00,142.9581298828125,144.04473876953125,142.9581298828125,144.0094757080078,9645056
2025-12-04 10:00:00+00:00,144.00933837890625,144.05076599121094,143.400390625,143.400390625,0
2025-12-04 11:00:00+00:00,143.393310546875,143.393310546875,142.86703491210938,143.1011199951172,0
2025-12-04 12:00:00+00:00,143.10333251953125,143.30174255371094,142.5692138671875,142.93759155273438,0
2025-12-04 13:00:00+00:00,142.93698120117188,142.9832305908203,142.20574951171875,142.30108642578125,48301568
2025-12-04 14:00:00+00:00,142.27125549316406,142.88612365722656,141.83816528320312,141.83816528320312,0
2025-12-04 15:00:00+00:00,141.9663543701172,143.3193359375,141.9663543701172,143.26583862304688,64536576
2025-12-04 16:00:00+00:00,142.9430389404297,143.45770263671875,142.4701690673828,142.4701690673828,0
2025-12-04 17:00:00+00:00,142.57762145996094,142.59832763671875,141.41990661621094,142.14730834960938,0
2025-12-04 18:00:00+00:00,142.07374572753906,142.08914184570312,140.5518035888672,140.5518035888672,0
2025-12-04 19:00:00+00:00,140.73892211914062,140.73892211914062,138.82418823242188,139.78558349609375,217098752
2025-12-04 20:00:00+00:00,139.78024291992188,140.3439178466797,139.47430419921875,140.3439178466797,19221504
2025-12-04 21:00:00+00:00,140.2438507080078,140.34974670410156,138.7717742919922,138.7717742919922,0
2025-12-04 22:00:00+00:00,138.83827209472656,139.66795349121094,138.83827209472656,139.66331481933594,0
2025-12-04 23:00:00+00:00,139.59793090820312,139.59793090820312,138.90145874023438,139.01397705078125,0
2025-12-05 00:00:00+00:00,139.0261993408203,139.5311737060547,139.0261993408203,139.35549926757812,0
2025-12-05 01:00:00+00:00,139.2814483642578,140.0215606689453,139.27749633789062,139.8925323486328,0
2025-12-05 02:00:00+00:00,139.8277587890625,140.07708740234375,139.5460968017578,139.8382110595703,0
2025-12-05 03:00:00+00:00,139.8585662841797,140.01040649414062,138.7316131591797,138.8085479736328,12055552
2025-12-05 04:00:00+00:00,138.69483947753906,139.08779907226562,138.2564239501953,138.52061462402344,33639936
2025-12-05 05:00:00+00:00,138.5244598388672,138.65966796875,137.97560119628906,137.97560119628906,0
2025-12-05 06:00:00+00:00,138.0596923828125,138.91250610351562,138.0596923828125,138.91250610351562,0
2025-12-05 07:00:00+00:00,138.90664672851562,140.27281188964844,138.90664672851562,139.78721618652344,37185792
2025-12-05 08:00:00+00:00,139.698486328125,139.698486328125,138.05508422851562,138.17628479003906,35469056
2025-12-05 09:00:00+00:00,138.1761932373047,138.1761932373047,136.5360107421875,136.5360107421875,113225472
2025-12-05 10:00:00+00:00,136.48489379882812,137.798095703125,136.48489379882812,137.798095703125,99703552
2025-12-05 11:00:00+00:00,137.78729248046875,137.9170379638672,137.03622436523438,137.0803680419922,0
2025-12-05 12:00:00+00:00,136.98947143554688,137.03184509277344,136.73434448242188,136.91477966308594,58016256
2025-12-05 13:00:00+00:00,136.6812286376953,136.94578552246094,136.1232147216797,136.1232147216797,0
2025-12-05 14:00:00+00:00,136.0435333251953,136.1268310546875,134.7396240234375,134.93429565429688,21705216
2025-12-05 15:00:00+00:00,135.0817413330078,136.55796813964844,134.9262237548828,134.9262237548828,82292736
2025-12-05 16:00:00+00:00,135.0634765625,135.0772247314453,131.80747985839844,132.3008270263672,302411264
2025-12-05 17:00:00+00:00,132.20159912109375,132.57501220703125,131.63941955566406,132.49559020996094,97242624
2025-12-05 18:00:00+00:00,132.28575134277344,132.93060302734375,131.3961944580078,131.4650421142578,26599424
2025-12-05 19:00:00+00:00,131.2880859375,132.53387451171875,131.1859130859375,132.53387451171875,0
2025-12-05 20:00:00+00:00,132.63734436035156,132.73777770996094,132.2777557373047,132.61077880859375,0
2025-12-05 21:00:00+00:00,132.63494873046875,132.91720581054688,132.20626831054688,132.20626831054688,0
2025-12-05 22:00:00+00:00,132.43431091308594,132.8469696044922,132.33343505859375,132.81019592285156,0
2025-12-05 23:00:00+00:00,132.71481323242188,133.32437133789062,132.530029296875,133.32437133789062,5476864
2025-12-06 00:00:00+00:00,133.2823486328125,133.6890106201172,133.02540588378906,133.5327606201172,0
2025-12-06 01:00:00+00:00,133.48513793945312,133.7919464111328,133.40667724609375,133.56028747558594,0
2025-12-06 02:00:00+00:00,133.5270538330078,133.5270538330078,133.0200958251953,133.40919494628906,0
2025-12-06 03:00:00+00:00,133.43125915527344,134.0260467529297,133.43125915527344,133.77957153320312,0
2025-12-06 04:00:00+00:00,133.7560577392578,133.7560577392578,133.26950073242188,133.2764434814453,0
2025-12-06 05:00:00+00:00,133.2701416015625,133.3451385498047,133.068603515625,133.23641967773438,0
2025-12-06 06:00:00+00:00,133.2266845703125,133.2412109375,133.01292419433594,133.01292419433594,0
2025-12-06 07:00:00+00:00,133.0029296875,133.17755126953125,132.84597778320312,132.84832763671875,0
2025-12-06 08:00:00+00:00,132.80824279785156,132.80824279785156,132.05606079101562,132.05606079101562,0
2025-12-06 09:00:00+00:00,132.0475311279297,132.7109375,132.0475311279297,132.70510864257812,0
2025-12-06 10:00:00+00:00,132.61317443847656,132.87899780273438,132.55813598632812,132.7154541015625,0
2025-12-06 11:00:00+00:00,132.76487731933594,133.2955322265625,132.76487731933594,133.2788848876953,0
2025-12-06 12:00:00+00:00,133.28213500976562,133.28213500976562,132.7198028564453,132.7198028564453,0
2025-12-06 13:00:00+00:00,132.70944213867188,133.17877197265625,132.70944213867188,133.06646728515625,0
2025-12-06 14:00:00+00:00,133.0240478515625,133.83230590820312,133.00750732421875,133.81468200683594,0
2025-12-06 15:00:00+00:00,133.79525756835938,133.79525756835938,132.599365234375,133.05111694335938,0
2025-12-06 16:00:00+00:00,132.97677612304688,133.4234161376953,132.97677612304688,133.02523803710938,0
2025-12-06 17:00:00+00:00,133.10299682617188,133.29112243652344,132.80128479003906,132.87875366210938,0
2025-12-06 18:00:00+00:00,132.95530700683594,133.14564514160156,132.80018615722656,132.88658142089844,0
2025-12-06 19:00:00+00:00,132.83201599121094,132.90814208984375,132.06834411621094,132.13296508789062,0
2025-12-06 20:00:00+00:00,132.18016052246094,132.5664520263672,132.18016052246094,132.44728088378906,0
2025-12-06 21:00:00+00:00,132.5021514892578,132.61439514160156,132.42466735839844,132.50477600097656,0
2025-12-06 22:00:00+00:00,132.4697723388672,132.47772216796875,132.21966552734375,132.2256317138672,0
2025-12-06 23:00:00+00:00,132.2043914794922,132.35015869140625,131.5507354736328,132.34986877441406,44529280
2025-12-07 00:00:00+00:00,132.364990234375,132.62091064453125,132.1377716064453,132.4955291748047,0
2025-12-07 01:00:00+00:00,132.4933624267578,132.75311279296875,132.4705352783203,132.63525390625,0
2025-12-07 02:00:00+00:00,132.5282745361328,133.26797485351562,132.5282745361328,133.26797485351562,0
2025-12-07 03:00:00+00:00,133.3248748779297,133.5474090576172,133.13998413085938,133.5457000732422,0
2025-12-07 04:00:00+00:00,133.52914428710938,133.52914428710938,133.09445190429688,133.09445190429688,0
2025-12-07 05:00:00+00:00,133.0965576171875,133.17127990722656,132.81201171875,132.89089965820312,0
2025-12-07 06:00:00+00:00,132.86624145507812,133.20452880859375,132.86624145507812,133.20452880859375,0
2025-12-07 07:00:00+00:00,133.18824768066406,133.18824768066406,132.14012145996094,132.14012145996094,21739648
2025-12-07 08:00:00+00:00,132.1492462158203,132.55833435058594,131.90249633789062,132.14295959472656,2007552
2025-12-07 09:00:00+00:00,132.13330078125,132.13330078125,131.82032775878906,131.91319274902344,1074048
2025-12-07 10:00:00+00:00,131.9104766845703,132.4897003173828,131.90911865234375,132.3765411376953,20699648
2025-12-07 11:00:00+00:00,132.34188842773438,132.50682067871094,132.34188842773438,132.4017791748047,0
2025-12-07 12:00:00+00:00,132.410888671875,133.021240234375,132.410888671875,133.021240234375,20092672
2025-12-07 13:00:00+00:00,132.95343017578125,132.97154235839844,131.79638671875,131.8656463623047,77204480
2025-12-07 14:00:00+00:00,131.9056396484375,131.9056396484375,128.3152618408203,128.3152618408203,348196608
2025-12-07 15:00:00+00:00,128.33546447753906,131.62962341308594,128.33546447753906,131.62962341308594,213605888
2025-12-07 16:00:00+00:00,131.7073211669922,131.7073211669922,130.78164672851562,131.1753692626953,178986496
2025-12-07 17:00:00+00:00,131.28924560546875,135.1960906982422,131.28924560546875,134.7808074951172,371857152
2025-12-07 18:00:00+00:00,134.90097045898438,136.13916015625,134.90097045898438,135.9762725830078,171572224
2025-12-07 19:00:00+00:00,135.98594665527344,135.98594665527344,135.3528594970703,135.75039672851562,0
2025-12-07 20:00:00+00:00,135.75387573242188,136.18348693847656,135.75387573242188,135.94154357910156,33061376
2025-12-07 21:00:00+00:00,136.15208435058594,136.1591796875,132.7777099609375,132.81813049316406,130408960
2025-12-07 22:00:00+00:00,132.92271423339844,132.94187927246094,130.84169006347656,131.2158966064453,255705344
2025-12-07 23:00:00+00:00,131.28070068359375,131.6963348388672,131.00140380859375,131.6963348388672,21571072
2025-12-08 00:00:00+00:00,132.15391540527344,132.4394989013672,131.78411865234375,131.78411865234375,44652288
2025-12-08 01:00:00+00:00,131.75404357910156,133.74461364746094,131.67465209960938,133.6077423095703,155231232
2025-12-08 02:00:00+00:00,133.45166015625,134.04251098632812,133.37062072753906,134.04251098632812,69301248
2025-12-08 03:00:00+00:00,134.1272735595703,134.57847595214844,133.91822814941406,134.2146759033203,46843648
2025-12-08 04:00:00+00:00,134.3946990966797,135.08287048339844,134.2489776611328,134.88014221191406,37710848
2025-12-08 05:00:00+00:00,134.99942016601562,135.24740600585938,134.7757110595703,135.1953582763672,59633152
2025-12-08 06:00:00+00:00,135.19725036621094,135.91375732421875,134.86000061035156,135.91375732421875,88436480
2025-12-08 07:00:00+00:00,135.79025268554688,135.91184997558594,135.0892791748047,135.91184997558594,121760768
2025-12-08 08:00:00+00:00,135.86224365234375,136.7157745361328,135.8309326171875,136.7157745361328,79191552
2025-12-08 09:00:00+00:00,136.73085021972656,138.42596435546875,136.73085021972656,138.08436584472656,219857408
2025-12-08 10:00:00+00:00,138.150634765625,139.04795837402344,138.150634765625,138.80892944335938,117856768
2025-12-08 11:00:00+00:00,138.80430603027344,138.9888916015625,138.48399353027344,138.5024871826172,126465536
2025-12-08 12:00:00+00:00,138.45968627929688,138.47377014160156,137.53305053710938,137.8446502685547,159610368
2025-12-08 13:00:00+00:00,137.86036682128906,138.8253631591797,137.86036682128906,138.49208068847656,92296704
2025-12-08 14:00:00+00:00,138.1632537841797,138.78097534179688,137.42715454101562,137.6526336669922,0
2025-12-08 15:00:00+00:00,137.65745544433594,137.65745544433594,135.5911865234375,136.0421905517578,14739968
2025-12-08 16:00:00+00:00,135.17800903320312,136.29736328125,135.17800903320312,135.5342254638672,0
2025-12-08 17:00:00+00:00,135.6021728515625,136.08567810058594,135.10894775390625,135.2427215576172,0
2025-12-08 18:00:00+00:00,135.92010498046875,136.163818359375,134.8441162109375,134.8441162109375,0
2025-12-08 19:00:00+00:00,133.66830444335938,134.5652313232422,133.66830444335938,134.52593994140625,119172096
2025-12-08 20:00:00+00:00,133.8878936767578,134.66856384277344,133.78793334960938,134.51620483398438,108752384
2025-12-08 21:00:00+00:00,134.5126190185547,134.5126190185547,133.9988555908203,134.3596649169922,0
2025-12-08 22:00:00+00:00,134.41903686523438,134.41903686523438,133.64393615722656,133.64393615722656,0
2025-12-08 23:00:00+00:00,133.64341735839844,133.66722106933594,132.6145477294922,133.26841735839844,46568960
2025-12-09 00:00:00+00:00,133.26205444335938,133.3575439453125,132.92662048339844,133.0224609375,0
2025-12-09 01:00:00+00:00,133.0157928466797,133.2412109375,132.78164672851562,132.78245544433594,0
2025-12-09 02:00:00+00:00,133.1156005859375,133.54827880859375,133.1156005859375,133.18643188476562,0
2025-12-09 03:00:00+00:00,132.94522094726562,133.65158081054688,132.8148193359375,133.65158081054688,16687104
2025-12-09 04:00:00+00:00,134.24649047851562,134.24649047851562,132.55567932128906,132.68911743164062,67350528
2025-12-09 05:00:00+00:00,132.7600555419922,132.9631805419922,132.24893188476562,132.24893188476562,48497664
2025-12-09 06:00:00+00:00,132.14471435546875,132.6940460205078,132.14471435546875,132.6940460205078,4524544
2025-12-09 07:00:00+00:00,132.60089111328125,133.1179656982422,132.47354125976562,133.1179656982422,0
2025-12-09 08:00:00+00:00,133.16146850585938,133.28720092773438,132.81478881835938,133.2159881591797,0
2025-12-09 09:00:00+00:00,133.02230834960938,133.02230834960938,132.49147033691406,132.5435028076172,0
2025-12-09 10:00:00+00:00,132.49156188964844,132.7390594482422,132.3543243408203,132.6229705810547,0
2025-12-09 11:00:00+00:00,132.6455535888672,132.83934020996094,132.57345581054688,132.83934020996094,0
2025-12-09 12:00:00+00:00,132.94580078125,133.3466033935547,132.9159698486328,133.1566619873047,0
2025-12-09 13:00:00+00:00,133.1565399169922,133.1565399169922,132.2274627685547,132.36016845703125,0
2025-12-09 14:00:00+00:00,132.36619567871094,132.72030639648438,132.07620239257812,132.2547607421875,0
2025-12-09 15:00:00+00:00,132.4510955810547,138.14657592773438,132.4510955810547,138.14657592773438,280171264
2025-12-09 16:00:00+00:00,138.16160583496094,144.209716796875,138.16160583496094,143.8890380859375,862416128
2025-12-09 17:00:00+00:00,143.86727905273438,144.56961059570312,142.86083984375,143.00741577148438,459592704
2025-12-09 18:00:00+00:00,143.03070068359375,143.11181640625,142.00306701660156,142.06832885742188,145577984
2025-12-09 19:00:00+00:00,142.3012237548828,142.6609649658203,141.98785400390625,142.35667419433594,0
2025-12-09 20:00:00+00:00,142.2587432861328,142.2587432861328,140.0423126220703,140.06280517578125,119171072
2025-12-09 21:00:00+00:00,139.93447875976562,140.1823272705078,137.2263946533203,137.2263946533203,21425152
2025-12-09 22:00:00+00:00,137.5570831298828,139.0096893310547,137.5570831298828,138.816162109375,159672832
2025-12-09 23:00:00+00:00,138.79666137695312,138.79666137695312,137.86767578125,137.86767578125,0
2025-12-10 00:00:00+00:00,137.9119873046875,138.10862731933594,137.59144592285156,137.6272735595703,0
2025-12-10 01:00:00+00:00,137.54466247558594,138.13525390625,137.40663146972656,137.9839630126953,176379904
2025-12-10 02:00:00+00:00,137.97283935546875,137.97283935546875,137.49069213867188,137.6189422607422,27644928
2025-12-10 03:00:00+00:00,137.6539764404297,138.41477966308594,137.6539764404297,138.26133728027344,0
2025-12-10 04:00:00+00:00,138.26089477539062,139.94482421875,138.1753692626953,139.1472625732422,97052672
2025-12-10 05:00:00+00:00,139.15113830566406,139.37814331054688,138.82138061523438,138.9845428466797,0
2025-12-10 06:00:00+00:00,139.02737426757812,139.3726043701172,139.00051879882812,139.19728088378906,0
2025-12-10 07:00:00+00:00,139.2047576904297,139.2047576904297,138.48805236816406,139.1035919189453,14299648
2025-12-10 08:00:00+00:00,139.11294555664062,139.350341796875,138.5243377685547,138.5438232421875,36250112
2025-12-10 09:00:00+00:00,138.5342254638672,138.9235382080078,138.24911499023438,138.9235382080078,59018240
2025-12-10 10:00:00+00:00,138.93382263183594,139.386474609375,136.9693145751953,137.14723205566406,175366144
2025-12-10 11:00:00+00:00,137.1044158935547,137.42538452148438,136.5557861328125,137.19326782226562,121498624
2025-12-10 12:00:00+00:00,137.21246337890625,137.78515625,136.96905517578125,137.78515625,18862592
2025-12-10 13:00:00+00:00,137.7655487060547,138.05419921875,137.60450744628906,137.65728759765625,0
2025-12-10 14:00:00+00:00,137.67396545410156,137.6989288330078,136.7829132080078,136.999267578125,0
2025-12-10 15:00:00+00:00,137.01158142089844,137.54833984375,136.1128387451172,136.1948699951172,0
2025-12-10 16:00:00+00:00,136.21546936035156,137.1623077392578,135.9812469482422,136.06573486328125,0
2025-12-10 17:00:00+00:00,136.08995056152344,136.94142150878906,136.0494842529297,136.81533813476562,0
2025-12-10 18:00:00+00:00,136.81427001953125,139.2833709716797,136.63833618164062,137.4586944580078,12760064
2025-12-10 19:00:00+00:00,137.51783752441406,138.9470672607422,137.10739135742188,138.67758178710938,553684480
2025-12-10 20:00:00+00:00,138.64813232421875,142.3419952392578,138.0355987548828,138.1166229248047,471762432
2025-12-10 21:00:00+00:00,138.11940002441406,138.624267578125,137.2439727783203,137.5396270751953,71265792
2025-12-10 22:00:00+00:00,137.5337677001953,137.66998291015625,135.8642578125,137.66998291015625,0
2025-12-10 23:00:00+00:00,137.66729736328125,137.75048828125,136.46376037597656,136.46376037597656,205312
2025-12-11 00:00:00+00:00,136.44839477539062,136.44839477539062,133.688232421875,133.9132843017578,47425024
2025-12-11 01:00:00+00:00,133.8833465576172,133.92543029785156,132.8890380859375,133.02040100097656,0
2025-12-11 02:00:00+00:00,133.0111083984375,133.0111083984375,130.75364685058594,130.75364685058594,308068352
2025-12-11 03:00:00+00:00,130.7708740234375,130.7708740234375,129.52479553222656,129.5928192138672,235011584
2025-12-11 04:00:00+00:00,129.58633422851562,131.35609436035156,129.38941955566406,131.35609436035156,48035328
2025-12-11 05:00:00+00:00,131.08912658691406,131.22601318359375,130.7587127685547,131.22601318359375,35814912
2025-12-11 06:00:00+00:00,131.22218322753906,131.22218322753906,130.66177368164062,131.0347442626953,57083392
2025-12-11 07:00:00+00:00,131.06304931640625,131.22447204589844,130.84503173828125,131.01832580566406,26893824
2025-12-11 08:00:00+00:00,131.01844787597656,131.06236267089844,130.40863037109375,131.0437469482422,11514880
2025-12-11 09:00:00+00:00,131.0605010986328,131.32008361816406,130.99961853027344,131.00196838378906,20636160
2025-12-11 10:00:00+00:00,131.00796508789062,131.08041381835938,130.6581573486328,130.84739685058594,0
2025-12-11 11:00:00+00:00,130.84817504882812,131.16619873046875,130.83209228515625,131.023193359375,0
2025-12-11 12:00:00+00:00,131.01513671875,131.6775360107422,130.8536376953125,131.3311767578125,17919488
2025-12-11 13:00:00+00:00,131.33338928222656,131.45423889160156,131.1234893798828,131.31887817382812,0
2025-12-11 14:00:00+00:00,131.32962036132812,131.42884826660156,130.34034729003906,130.76254272460938,89566720
2025-12-11 15:00:00+00:00,130.70359802246094,132.47811889648438,130.59584045410156,131.3177032470703,73424384
2025-12-11 16:00:00+00:00,131.3072052001953,131.74343872070312,130.37759399414062,131.29017639160156,0
2025-12-11 17:00:00+00:00,131.29637145996094,132.44671630859375,131.076171875,132.44146728515625,0
2025-12-11 18:00:00+00:00,132.42303466796875,135.16204833984375,132.3085174560547,134.18814086914062,86308352
2025-12-11 19:00:00+00:00,134.2848358154297,135.097412109375,133.8390655517578,134.1959991455078,0
2025-12-11 20:00:00+00:00,134.22450256347656,136.04933166503906,134.01022338867188,136.04933166503906,0
2025-12-11 21:00:00+00:00,135.87167358398438,137.6464385986328,135.87167358398438,137.12791442871094,127360000
2025-12-11 22:00:00+00:00,137.16001892089844,137.3614959716797,135.99229431152344,136.10108947753906,47099904
2025-12-11 23:00:00+00:00,136.1006317138672,136.67587280273438,136.01231384277344,136.36993408203125,8081920
2025-12-12 00:00:00+00:00,136.3794403076172,137.33489990234375,136.1209716796875,136.22608947753906,0
2025-12-12 01:00:00+00:00,136.11013793945312,137.06219482421875,135.79075622558594,136.74642944335938,0
2025-12-12 02:00:00+00:00,136.7573699951172,137.68467712402344,136.61294555664062,137.30662536621094,0
2025-12-12 03:00:00+00:00,137.3011016845703,137.4004669189453,136.76397705078125,137.20396423339844,0
2025-12-12 04:00:00+00:00,137.2047882080078,137.2047882080078,136.87994384765625,137.10487365722656,0
2025-12-12 05:00:00+00:00,137.09971618652344,138.38412475585938,136.78184509277344,138.38412475585938,6587904
2025-12-12 06:00:00+00:00,138.51235961914062,139.97659301757812,138.51235961914062,139.01084899902344,192921088
2025-12-12 07:00:00+00:00,139.01419067382812,139.35174560546875,138.9208526611328,139.19818115234375,54745088
2025-12-12 08:00:00+00:00,139.18222045898438,139.18222045898438,137.8211212158203,137.9562530517578,85309952
2025-12-12 09:00:00+00:00,137.95001220703125,138.09988403320312,137.4066619873047,138.02090454101562,21376000
2025-12-12 10:00:00+00:00,138.25250244140625,138.42123413085938,138.04898071289062,138.39178466796875,52493824
2025-12-12 11:00:00+00:00,138.3924560546875,138.68292236328125,138.02182006835938,138.68292236328125,26273280
2025-12-12 12:00:00+00:00,138.70018005371094,139.65744018554688,138.47161865234375,139.65744018554688,13831168
2025-12-12 13:00:00+00:00,139.6510467529297,139.6510467529297,138.8809356689453,139.0081787109375,24058880
2025-12-12 14:00:00+00:00,139.0009765625,139.26303100585938,138.49777221679688,138.62039184570312,0
2025-12-12 15:00:00+00:00,138.46258544921875,138.46258544921875,133.77359008789062,133.77359008789062,323746304
2025-12-12 16:00:00+00:00,133.847900390625,133.847900390625,131.9136505126953,132.23883056640625,322647552
2025-12-12 17:00:00+00:00,132.21966552734375,133.47312927246094,131.7191925048828,132.17709350585938,158013952
2025-12-12 18:00:00+00:00,132.16859436035156,133.1826629638672,131.74951171875,132.89239501953125,0
2025-12-12 19:00:00+00:00,132.89663696289062,132.89663696289062,130.7241973876953,131.05445861816406,0
2025-12-12 20:00:00+00:00,131.1796875,131.8988494873047,131.1796875,131.74221801757812,0
2025-12-12 21:00:00+00:00,131.72994995117188,132.00050354003906,131.48268127441406,131.8876495361328,0
2025-12-12 22:00:00+00:00,131.87554931640625,132.73052978515625,131.87554931640625,132.63677978515625,0
2025-12-12 23:00:00+00:00,132.66632080078125,132.99493408203125,132.32403564453125,132.32403564453125,372736
2025-12-13 00:00:00+00:00,132.3367919921875,132.75479125976562,132.3367919921875,132.6472930908203,0
2025-12-13 01:00:00+00:00,132.64651489257812,132.895263671875,132.4772186279297,132.62281799316406,0
2025-12-13 02:00:00+00:00,132.63394165039062,132.98377990722656,132.63394165039062,132.66273498535156,0
2025-12-13 03:00:00+00:00,132.66024780273438,132.96298217773438,132.63693237304688,132.90390014648438,0
2025-12-13 04:00:00+00:00,132.90301513671875,132.91017150878906,132.685302734375,132.8980255126953,0
2025-12-13 05:00:00+00:00,132.89508056640625,132.9554901123047,132.52818298339844,132.70938110351562,0
2025-12-13 06:00:00+00:00,132.70660400390625,132.89967346191406,132.49197387695312,132.86575317382812,0
2025-12-13 07:00:00+00:00,132.88211059570312,132.9806365966797,132.86883544921875,132.9396209716797,0
2025-12-13 08:00:00+00:00,132.93992614746094,134.13356018066406,132.93992614746094,134.07908630371094,0
2025-12-13 09:00:00+00:00,134.08071899414062,134.24356079101562,133.6851348876953,133.6851348876953,0
2025-12-13 10:00:00+00:00,133.6816864013672,134.21157836914062,133.6229705810547,133.8793182373047,0
2025-12-13 11:00:00+00:00,133.8950653076172,134.0194854736328,133.40863037109375,133.47210693359375,0
2025-12-13 12:00:00+00:00,133.46897888183594,133.65211486816406,132.80445861816406,132.9827423095703,0
2025-12-13 13:00:00+00:00,133.03318786621094,133.3026580810547,132.87257385253906,133.15890502929688,0
2025-12-13 14:00:00+00:00,133.15646362304688,133.39404296875,132.80039978027344,133.29180908203125,0
2025-12-13 15:00:00+00:00,133.2818145751953,133.60903930664062,133.21434020996094,133.33663940429688,0
2025-12-13 16:00:00+00:00,133.33663940429688,133.63597106933594,133.03355407714844,133.19271850585938,0
2025-12-13 17:00:00+00:00,133.19586181640625,133.19781494140625,132.25616455078125,132.25616455078125,0
2025-12-13 18:00:00+00:00,132.25733947753906,132.761474609375,132.21351623535156,132.38771057128906,0
2025-12-13 19:00:00+00:00,132.3980712890625,132.9203338623047,132.36715698242188,132.80813598632812,0
2025-12-13 20:00:00+00:00,132.80186462402344,132.9751434326172,132.37551879882812,132.37551879882812,0
2025-12-13 21:00:00+00:00,132.3682403564453,132.60511779785156,131.98678588867188,132.60511779785156,0
2025-12-13 22:00:00+00:00,132.61328125,133.02944946289062,132.5040283203125,132.80560302734375,0
2025-12-13 23:00:00+00:00,132.81887817382812,133.24761962890625,132.78968811035156,133.24761962890625,0
2025-12-14 00:00:00+00:00,133.22669982910156,133.5909881591797,132.8252410888672,133.3350372314453,19335424
2025-12-14 01:00:00+00:00,133.33169555664062,133.56106567382812,133.1253204345703,133.32139587402344,0
2025-12-14 02:00:00+00:00,133.3645782470703,133.5505828857422,133.2996368408203,133.3476104736328,0
2025-12-14 03:00:00+00:00,133.34686279296875,133.43356323242188,132.99871826171875,133.00152587890625,0
2025-12-14 04:00:00+00:00,132.99432373046875,133.1941375732422,132.54537963867188,132.54537963867188,6487168
2025-12-14 05:00:00+00:00,132.5445098876953,132.6336212158203,132.20458984375,132.60935974121094,22255872
2025-12-14 06:00:00+00:00,132.6217041015625,133.04702758789062,132.556640625,132.9224395751953,6914304
2025-12-14 07:00:00+00:00,132.9258270263672,133.2719268798828,132.91305541992188,133.26681518554688,0
2025-12-14 08:00:00+00:00,133.27149963378906,133.46730041503906,132.90440368652344,132.90440368652344,0
2025-12-14 09:00:00+00:00,132.8649139404297,132.8649139404297,132.4651641845703,132.46734619140625,0
2025-12-14 10:00:00+00:00,132.46060180664062,132.580078125,131.5682830810547,131.78762817382812,153082880
2025-12-14 11:00:00+00:00,131.7860107421875,131.8304901123047,130.62367248535156,131.5371856689453,109631488
2025-12-14 12:00:00+00:00,131.5346221923828,131.7571258544922,131.09646606445312,131.6585235595703,38979712
2025-12-14 13:00:00+00:00,131.65992736816406,131.65992736816406,131.12814331054688,131.4673614501953,16570624
2025-12-14 14:00:00+00:00,131.64295959472656,131.65475463867188,130.69358825683594,130.9226531982422,14796544
2025-12-14 15:00:00+00:00,130.8724822998047,130.96450805664062,130.5521240234375,130.753662109375,0
2025-12-14 16:00:00+00:00,130.68939208984375,131.3846435546875,130.68939208984375,130.93519592285156,18790656
2025-12-14 17:00:00+00:00,130.90911865234375,130.90911865234375,129.88893127441406,130.14707946777344,44379136
2025-12-14 18:00:00+00:00,130.35369873046875,130.59059143066406,130.3222198486328,130.57608032226562,0
2025-12-14 19:00:00+00:00,130.62127685546875,130.62954711914062,130.11199951171875,130.3577117919922,9116928
2025-12-14 20:00:00+00:00,130.36196899414062,130.57579040527344,130.10333251953125,130.10333251953125,65203712
2025-12-14 21:00:00+00:00,129.76071166992188,130.30258178710938,129.76071166992188,129.91165161132812,0
2025-12-14 22:00:00+00:00,130.02691650390625,130.1419677734375,129.817626953125,130.09921264648438,8154880
2025-12-14 23:00:00+00:00,130.0424041748047,130.0424041748047,128.97341918945312,129.49465942382812,182308608
2025-12-15 00:00:00+00:00,129.98959350585938,130.26483154296875,129.59234619140625,130.26483154296875,34806272
2025-12-15 01:00:00+00:00,130.20916748046875,131.09410095214844,130.03811645507812,131.09410095214844,94635776
2025-12-15 02:00:00+00:00,131.25765991210938,132.78489685058594,131.25765991210938,131.68748474121094,200706560
2025-12-15 03:00:00+00:00,131.547119140625,131.6233367919922,131.21743774414062,131.2337188720703,45842176
2025-12-15 04:00:00+00:00,131.36849975585938,131.897705078125,131.0217742919922,131.897705078125,32444416
2025-12-15 05:00:00+00:00,131.8668975830078,132.03883361816406,131.77914428710938,131.8258056640625,0
2025-12-15 06:00:00+00:00,131.9735870361328,132.5382080078125,131.81842041015625,132.4119873046875,58851328
2025-12-15 07:00:00+00:00,132.50811767578125,132.50811767578125,132.03768920898438,132.3643341064453,48623616
2025-12-15 08:00:00+00:00,132.35568237304688,132.59873962402344,132.23220825195312,132.3881072998047,842240
2025-12-15 09:00:00+00:00,132.39471435546875,132.728515625,132.2649688720703,132.72520446777344,11373312
2025-12-15 10:00:00+00:00,132.7617645263672,132.9141082763672,132.4410400390625,132.58242797851562,0
2025-12-15 11:00:00+00:00,132.5908203125,132.77984619140625,132.18772888183594,132.2703399658203,0
2025-12-15 12:00:00+00:00,132.2702178955078,133.0034942626953,131.91824340820312,132.81845092773438,0
2025-12-15 13:00:00+00:00,132.8045654296875,132.94126892089844,131.94036865234375,132.833984375,137709056
2025-12-15 14:00:00+00:00,132.76272583007812,134.26608276367188,131.67555236816406,131.67555236816406,358663168
2025-12-15 15:00:00+00:00,130.48167419433594,130.48167419433594,127.16926574707031,127.37796783447266,746772224
2025-12-15 16:00:00+00:00,126.78583526611328,126.93720245361328,125.77040100097656,126.13749694824219,357190656
2025-12-15 17:00:00+00:00,126.33168029785156,126.5339584350586,125.16596221923828,125.19759368896484,100453888
2025-12-15 18:00:00+00:00,124.91563415527344,125.16462707519531,124.2244644165039,124.51931762695312,219909632
2025-12-15 19:00:00+00:00,124.88352966308594,125.69874572753906,124.88085174560547,125.12975311279297,224613888
2025-12-15 20:00:00+00:00,125.11901092529297,125.23989868164062,124.02470397949219,125.23989868164062,113681920
2025-12-15 21:00:00+00:00,125.3752212524414,126.23944854736328,125.06845092773438,125.74116516113281,134222336
2025-12-15 22:00:00+00:00,125.8558578491211,126.302978515625,125.80953979492188,126.14557647705078,43815424
2025-12-15 23:00:00+00:00,126.3653564453125,127.6660385131836,126.3653564453125,127.65876770019531,0
2025-12-16 00:00:00+00:00,127.66539764404297,127.9937515258789,126.8691177368164,126.8691177368164,0
2025-12-16 01:00:00+00:00,126.43186950683594,126.60520935058594,125.92591094970703,126.45293426513672,21778944
2025-12-16 02:00:00+00:00,126.44384002685547,126.94121551513672,126.37541198730469,126.74072265625,0
2025-12-16 03:00:00+00:00,126.74878692626953,126.77434539794922,125.66667938232422,126.13229370117188,28840960
2025-12-16 04:00:00+00:00,126.2563705444336,126.51998138427734,125.61863708496094,125.91757202148438,49897984
2025-12-16 05:00:00+00:00,126.08704376220703,126.49913787841797,126.08704376220703,126.39141845703125,11841536
2025-12-16 06:00:00+00:00,126.37657165527344,127.1635971069336,126.37657165527344,127.15674591064453,0
2025-12-16 07:00:00+00:00,127.37301635742188,127.37301635742188,125.72894287109375,125.72894287109375,0
2025-12-16 08:00:00+00:00,125.74871063232422,126.34224700927734,125.72972869873047,125.92147064208984,27654656
2025-12-16 09:00:00+00:00,125.96209716796875,126.38207244873047,125.91036224365234,126.16990661621094,11531776
2025-12-16 10:00:00+00:00,126.33474731445312,128.51451110839844,126.33474731445312,128.51451110839844,111163392
2025-12-16 11:00:00+00:00,128.2880859375,128.5933380126953,128.1256866455078,128.51185607910156,83222016
2025-12-16 12:00:00+00:00,128.6475830078125,128.65281677246094,128.34909057617188,128.6458740234375,26952192
2025-12-16 13:00:00+00:00,128.59877014160156,128.94508361816406,127.63108825683594,127.79844665527344,73348096
2025-12-16 14:00:00+00:00,127.58586120605469,128.969482421875,126.99761199951172,128.969482421875,0
2025-12-16 15:00:00+00:00,128.53565979003906,129.9374237060547,127.9402084350586,129.9374237060547,0
2025-12-16 16:00:00+00:00,129.4744110107422,129.4744110107422,128.07632446289062,128.3994140625,0
2025-12-16 17:00:00+00:00,128.32492065429688,128.36294555664062,127.34223175048828,127.40583038330078,0
2025-12-16 18:00:00+00:00,127.32796478271484,128.29782104492188,127.18771362304688,128.29782104492188,0
2025-12-16 19:00:00+00:00,127.96302032470703,127.96302032470703,126.8797378540039,127.77835845947266,0
2025-12-16 20:00:00+00:00,127.70957946777344,128.07296752929688,127.70957946777344,127.9485855102539,0
2025-12-16 21:00:00+00:00,128.54840087890625,128.6449737548828,128.14906311035156,128.42584228515625,0
2025-12-16 22:00:00+00:00,128.60934448242188,128.8147430419922,128.5695343017578,128.61724853515625,0
2025-12-16 23:00:00+00:00,128.55087280273438,128.75074768066406,128.49684143066406,128.58294677734375,0
2025-12-17 00:00:00+00:00,129.2058563232422,129.2058563232422,128.4212646484375,128.9208221435547,0
2025-12-17 01:00:00+00:00,128.91836547851562,129.46923828125,128.90365600585938,128.9553985595703,0
2025-12-17 02:00:00+00:00,129.13720703125,129.35147094726562,128.6514434814453,129.35147094726562,13824
2025-12-17 03:00:00+00:00,129.28964233398438,129.48451232910156,128.45504760742188,128.45504760742188,0
2025-12-17 04:00:00+00:00,128.32655334472656,128.32655334472656,127.56102752685547,127.74806213378906,0
2025-12-17 05:00:00+00:00,127.86441802978516,127.88349151611328,127.2717514038086,127.6006851196289,8768000
2025-12-17 06:00:00+00:00,127.60182189941406,127.8869400024414,127.5959701538086,127.66297912597656,0
2025-12-17 07:00:00+00:00,127.6810531616211,128.31497192382812,127.6810531616211,128.24317932128906,0
2025-12-17 08:00:00+00:00,128.26145935058594,128.26145935058594,126.91735076904297,126.92420196533203,0
2025-12-17 09:00:00+00:00,126.90848541259766,126.90848541259766,126.22383880615234,126.71349334716797,28063744
2025-12-17 10:00:00+00:00,126.6881332397461,126.79240417480469,126.4245834350586,126.59024047851562,0
2025-12-17 11:00:00+00:00,126.5670394897461,127.70597839355469,126.55949401855469,127.61497497558594,0
2025-12-17 12:00:00+00:00,127.61060333251953,127.98887634277344,127.57386016845703,127.89103698730469,27136000
2025-12-17 13:00:00+00:00,127.9175033569336,128.78402709960938,127.63203430175781,128.78402709960938,0
2025-12-17 14:00:00+00:00,129.37457275390625,131.62469482421875,128.36456298828125,131.62469482421875,91984640
2025-12-17 15:00:00+00:00,132.44801330566406,133.42788696289062,127.03817749023438,127.03817749023438,658334976
2025-12-17 16:00:00+00:00,127.01912689208984,127.39696502685547,124.12012481689453,124.54228973388672,397266944
2025-12-17 17:00:00+00:00,124.7888412475586,124.81926727294922,122.91006469726562,122.97012329101562,359234560
2025-12-17 18:00:00+00:00,122.93571472167969,123.83136749267578,122.06150817871094,122.07418823242188,173619200
2025-12-17 19:00:00+00:00,122.06806945800781,122.35839080810547,121.5654067993164,122.3160171508789,143611392
2025-12-17 20:00:00+00:00,122.32154083251953,123.55028533935547,122.11890411376953,122.71830749511719,90355712
2025-12-17 21:00:00+00:00,122.80078125,122.97315979003906,122.20343780517578,122.43475341796875,23088640
2025-12-17 22:00:00+00:00,122.41512298583984,123.42103576660156,122.20915222167969,123.42103576660156,62081536
2025-12-17 23:00:00+00:00,123.43988037109375,123.43988037109375,122.83204650878906,123.12610626220703,6772224
2025-12-18 00:00:00+00:00,123.13427734375,123.6658935546875,123.0923080444336,123.6583251953125,1934336
2025-12-18 01:00:00+00:00,123.65650177001953,123.65650177001953,123.07804870605469,123.32368469238281,0
2025-12-18 02:00:00+00:00,123.33345031738281,123.91985321044922,123.27599334716797,123.66643524169922,20490752
2025-12-18 03:00:00+00:00,123.64152526855469,123.80565643310547,123.12200927734375,123.68025207519531,7043072
2025-12-18 04:00:00+00:00,123.65010070800781,123.88004302978516,123.61394500732422,123.64154052734375,0
2025-12-18 05:00:00+00:00,123.61896514892578,123.61896514892578,122.41961669921875,122.41961669921875,4885504
2025-12-18 06:00:00+00:00,122.37613677978516,122.7352066040039,122.35282135009766,122.63531494140625,8020480
2025-12-18 07:00:00+00:00,122.635986328125,123.2016372680664,122.57500457763672,122.73458099365234,7679488
2025-12-18 08:00:00+00:00,122.73062896728516,123.18869018554688,122.49976348876953,122.89242553710938,1784832
2025-12-18 09:00:00+00:00,122.8958740234375,123.72211456298828,122.72608947753906,123.64366912841797,0
2025-12-18 10:00:00+00:00,123.64315795898438,124.00450134277344,123.5477523803711,123.80322265625,12142592
2025-12-18 11:00:00+00:00,123.80703735351562,123.8345947265625,123.30824279785156,123.8345947265625,0
2025-12-18 12:00:00+00:00,123.85761260986328,124.36265563964844,123.70571899414062,123.8767318725586,0
2025-12-18 13:00:00+00:00,123.9341049194336,126.62360382080078,123.9341049194336,126.49854278564453,329697792
2025-12-18 14:00:00+00:00,126.52437591552734,127.64888000488281,125.13780212402344,125.87022399902344,39573504
2025-12-18 15:00:00+00:00,125.81198120117188,128.7626953125,125.80085754394531,127.5239028930664,0
2025-12-18 16:00:00+00:00,127.52312469482422,127.52312469482422,126.27629852294922,126.84889221191406,0
2025-12-18 17:00:00+00:00,126.86770629882812,126.86770629882812,121.39104461669922,122.72955322265625,190715904
2025-12-18 18:00:00+00:00,122.80760955810547,123.51317596435547,121.29790496826172,121.39810180664062,0
2025-12-18 19:00:00+00:00,121.46955108642578,121.46955108642578,117.75729370117188,117.75729370117188,338122752
2025-12-18 20:00:00+00:00,117.7076644897461,118.70301055908203,117.45925903320312,117.45925903320312,92148224
2025-12-18 21:00:00+00:00,117.46922302246094,119.59082794189453,117.46922302246094,119.59082794189453,288977408
2025-12-18 22:00:00+00:00,119.64124298095703,119.981201171875,119.27928161621094,119.88513946533203,44497920
2025-12-18 23:00:00+00:00,119.85969543457031,119.85969543457031,119.31035614013672,119.57015228271484,10874368
2025-12-19 00:00:00+00:00,119.56863403320312,119.7123794555664,118.16389465332031,118.23945617675781,0
2025-12-19 01:00:00+00:00,118.2469482421875,118.42727661132812,117.79812622070312,118.3719711303711,33348608
2025-12-19 02:00:00+00:00,118.35833740234375,119.01996612548828,117.98362731933594,118.96344757080078,13273600
2025-12-19 03:00:00+00:00,118.96418762207031,122.25874328613281,118.92548370361328,121.43183898925781,301990400
2025-12-19 04:00:00+00:00,121.4337387084961,122.86553955078125,121.3955078125,122.86553955078125,145934848
2025-12-19 05:00:00+00:00,122.82930755615234,122.82930755615234,122.04004669189453,122.44699096679688,95548416
2025-12-19 06:00:00+00:00,122.47834777832031,123.23207092285156,122.27920532226562,123.20997619628906,102638592
2025-12-19 07:00:00+00:00,123.2163314819336,125.03465270996094,123.2163314819336,124.32008361816406,227844608
2025-12-19 08:00:00+00:00,124.33406066894531,125.33705139160156,124.02713775634766,125.11892700195312,78592512
2025-12-19 09:00:00+00:00,125.0742416381836,125.0742416381836,124.39700317382812,124.59477233886719,46842368
2025-12-19 10:00:00+00:00,124.6030044555664,124.820556640625,124.52717590332031,124.68914031982422,8748032
2025-12-19 11:00:00+00:00,124.67938232421875,125.472900390625,124.66241455078125,125.29190063476562,32967680
2025-12-19 12:00:00+00:00,125.28828430175781,125.94319915771484,125.00475311279297,125.79438781738281,86493696
2025-12-19 13:00:00+00:00,125.78983306884766,126.37261962890625,125.78983306884766,125.83415985107422,0
2025-12-19 14:00:00+00:00,125.83650970458984,126.5298843383789,124.86454010009766,125.95252227783203,0
2025-12-19 15:00:00+00:00,125.95463562011719,127.30641174316406,124.89900207519531,124.9249038696289,0
2025-12-19 16:00:00+00:00,124.92111206054688,126.49190521240234,124.92111206054688,125.23843383789062,0
2025-12-19 17:00:00+00:00,125.2127685546875,125.93467712402344,124.12187957763672,124.25640106201172,0
2025-12-19 18:00:00+00:00,124.14591217041016,124.92851257324219,123.83052062988281,124.91336822509766,0
2025-12-19 19:00:00+00:00,124.8449935913086,126.41708374023438,124.76456451416016,126.11549377441406,0
2025-12-19 20:00:00+00:00,126.12591552734375,127.45368957519531,126.12591552734375,126.87796020507812,0
2025-12-19 21:00:00+00:00,126.97665405273438,127.1583251953125,126.54670715332031,126.73055267333984,0
2025-12-19 22:00:00+00:00,126.73162841796875,127.18299102783203,126.73162841796875,126.88743591308594,0
2025-12-19 23:00:00+00:00,126.88577270507812,126.88577270507812,126.19404602050781,126.19404602050781,0
2025-12-20 00:00:00+00:00,126.19593811035156,126.20730590820312,125.683349609375,125.76553344726562,0
2025-12-20 01:00:00+00:00,125.76166534423828,125.89807891845703,125.55663299560547,125.55663299560547,0
2025-12-20 02:00:00+00:00,125.55479431152344,126.05046844482422,125.39138793945312,125.858642578125,0
2025-12-20 03:00:00+00:00,125.8506851196289,126.37330627441406,125.59864807128906,126.12892150878906,0
2025-12-20 04:00:00+00:00,126.14442443847656,126.31282043457031,125.90032196044922,126.17182922363281,0
2025-12-20 05:00:00+00:00,126.20176696777344,126.55068969726562,126.12097930908203,126.35935974121094,0
2025-12-20 06:00:00+00:00,126.35803985595703,126.55156707763672,126.21049499511719,126.21049499511719,0
2025-12-20 07:00:00+00:00,126.2166748046875,126.24169158935547,125.95561218261719,126.16230773925781,0
2025-12-20 08:00:00+00:00,126.15707397460938,126.75332641601562,126.14002990722656,126.42737579345703,0
2025-12-20 09:00:00+00:00,126.42902374267578,126.60665130615234,126.28582000732422,126.28582000732422,0
2025-12-20 10:00:00+00:00,126.28082275390625,126.29450225830078,126.01220703125,126.01220703125,0
2025-12-20 11:00:00+00:00,126.00752258300781,126.34978485107422,125.85953521728516,126.34978485107422,0
2025-12-20 12:00:00+00:00,126.34191131591797,126.38063049316406,126.06317901611328,126.23063659667969,0
2025-12-20 13:00:00+00:00,126.23099517822266,126.27432250976562,125.51614379882812,126.04475402832031,0
2025-12-20 14:00:00+00:00,126.059814453125,126.30838012695312,125.622314453125,126.30838012695312,0
2025-12-20 15:00:00+00:00,126.308349609375,126.57058715820312,126.0833511352539,126.57058715820312,0
2025-12-20 16:00:00+00:00,126.5553207397461,126.5553207397461,126.11669921875,126.2247085571289,0
2025-12-20 17:00:00+00:00,126.22811126708984,126.32679748535156,125.9769515991211,125.9769515991211,0
2025-12-20 18:00:00+00:00,125.975341796875,126.01017761230469,125.74946594238281,125.94685363769531,0
2025-12-20 19:00:00+00:00,125.94202423095703,126.05384826660156,125.8739013671875,126.05233001708984,0
2025-12-20 20:00:00+00:00,126.04651641845703,126.3682861328125,125.9348373413086,126.3682861328125,0
2025-12-20 21:00:00+00:00,126.37152099609375,126.43461608886719,126.24102020263672,126.24673461914062,0
2025-12-20 22:00:00+00:00,126.29072570800781,126.30980682373047,125.79766845703125,126.16622924804688,0
2025-12-20 23:00:00+00:00,126.12747192382812,126.12747192382812,125.65614318847656,125.81024169921875,1300992
2025-12-21 00:00:00+00:00,125.80050659179688,126.03234100341797,125.69630432128906,125.8475112915039,0
2025-12-21 01:00:00+00:00,125.8850326538086,125.94603729248047,125.22769927978516,125.22769927978516,34517888
2025-12-21 02:00:00+00:00,125.22708129882812,125.22708129882812,124.71263122558594,124.82135772705078,38321664
2025-12-21 03:00:00+00:00,124.81505584716797,125.42777252197266,124.81505584716797,125.20983123779297,4331392
2025-12-21 04:00:00+00:00,125.19709777832031,125.35515594482422,125.13272094726562,125.15328979492188,0
2025-12-21 05:00:00+00:00,125.14942932128906,125.3663558959961,125.1143798828125,125.26751708984375,0
2025-12-21 06:00:00+00:00,125.26760864257812,125.3763427734375,125.1812515258789,125.3763427734375,0
2025-12-21 07:00:00+00:00,125.3741455078125,125.41693115234375,125.20765686035156,125.23682403564453,0
2025-12-21 08:00:00+00:00,125.23530578613281,125.66592407226562,124.90143585205078,125.51919555664062,15971072
2025-12-21 09:00:00+00:00,125.51951599121094,126.4140396118164,125.51951599121094,126.34321594238281,71450624
2025-12-21 10:00:00+00:00,126.32069396972656,126.4498291015625,125.68191528320312,125.69469451904297,39252480
2025-12-21 11:00:00+00:00,125.70733642578125,125.73372650146484,125.35305786132812,125.44721984863281,31781376
2025-12-21 12:00:00+00:00,125.45657348632812,125.97313690185547,125.31949615478516,125.37455749511719,68191488
2025-12-21 13:00:00+00:00,125.40489959716797,125.4859390258789,123.60391998291016,123.62222290039062,129853184
2025-12-21 14:00:00+00:00,123.62541961669922,124.48345184326172,123.61397552490234,124.34535217285156,15275520
2025-12-21 15:00:00+00:00,124.3552017211914,125.11418151855469,124.02717590332031,124.99420928955078,45973504
2025-12-21 16:00:00+00:00,124.98845672607422,125.48186492919922,124.90168762207031,125.3590087890625,78861056
2025-12-21 17:00:00+00:00,125.35948944091797,126.20040130615234,125.35948944091797,125.50652313232422,83662336
2025-12-21 18:00:00+00:00,125.5053482055664,125.5053482055664,124.45825958251953,125.1659927368164,23520512
2025-12-21 19:00:00+00:00,125.16231536865234,125.70586395263672,125.16231536865234,125.6943588256836,22424576
2025-12-21 20:00:00+00:00,125.66985321044922,125.7223892211914,125.39739990234375,125.39739990234375,7004928
2025-12-21 21:00:00+00:00,125.38790893554688,125.38790893554688,124.7928466796875,124.86699676513672,0
2025-12-21 22:00:00+00:00,124.82706451416016,125.75211334228516,124.82706451416016,125.75211334228516,10880512
2025-12-21 23:00:00+00:00,125.75244903564453,126.0563735961914,125.62200164794922,125.99151611328125,43034368
2025-12-22 00:00:00+00:00,125.99595642089844,127.78624725341797,125.99595642089844,126.58019256591797,231041024
2025-12-22 01:00:00+00:00,126.54431915283203,127.09607696533203,126.07435607910156,126.07435607910156,30039552
2025-12-22 02:00:00+00:00,126.07148742675781,126.07148742675781,124.8226089477539,125.3260726928711,85062400
2025-12-22 03:00:00+00:00,125.26332092285156,126.26676940917969,125.08407592773438,125.95208740234375,51963648
2025-12-22 04:00:00+00:00,125.952392578125,126.58943939208984,125.85136413574219,126.48489379882812,58111232
2025-12-22 05:00:00+00:00,126.4963150024414,126.57554626464844,126.14990234375,126.40727233886719,31224832
2025-12-22 06:00:00+00:00,126.40139770507812,126.40139770507812,125.94770050048828,125.94770050048828,32678912
2025-12-22 07:00:00+00:00,125.9327621459961,126.39945983886719,125.78857421875,126.20013427734375,49078784
2025-12-22 08:00:00+00:00,126.21915435791016,127.210693359375,125.88236236572266,125.88236236572266,43990784
2025-12-22 09:00:00+00:00,125.86601257324219,126.14582061767578,125.62037658691406,126.14582061767578,8315392
2025-12-22 10:00:00+00:00,126.14130401611328,126.77684783935547,125.96064758300781,126.66023254394531,8803072
2025-12-22 11:00:00+00:00,126.66136932373047,127.17919158935547,126.45122528076172,127.11016082763672,23985408
2025-12-22 12:00:00+00:00,127.09256744384766,127.34062957763672,126.80116271972656,126.93693542480469,42401024
2025-12-22 13:00:00+00:00,126.92920684814453,126.99597930908203,126.50135803222656,126.99597930908203,0
2025-12-22 14:00:00+00:00,126.9875259399414,127.80834197998047,126.79779052734375,127.77781677246094,186343936
2025-12-22 15:00:00+00:00,127.77234649658203,128.3716278076172,126.89661407470703,127.98152160644531,118691840
2025-12-22 16:00:00+00:00,127.98055267333984,128.18667602539062,127.20042419433594,127.20526123046875,24174592
2025-12-22 17:00:00+00:00,127.2068099975586,127.2068099975586,126.65721893310547,126.78032684326172,0
2025-12-22 18:00:00+00:00,126.7999038696289,127.29487609863281,126.66166687011719,126.7774887084961,1951744
2025-12-22 19:00:00+00:00,126.77395629882812,126.77395629882812,124.84505462646484,124.85037994384766,186031872
2025-12-22 20:00:00+00:00,124.8394775390625,125.10847473144531,124.42838287353516,124.50528717041016,142220032
2025-12-22 21:00:00+00:00,124.45864868164062,125.44036865234375,124.4066162109375,125.0871810913086,87201024
2025-12-22 22:00:00+00:00,125.08582305908203,125.88414001464844,125.06527709960938,125.68914031982422,47251456
2025-12-22 23:00:00+00:00,125.70686340332031,125.80123138427734,125.54988861083984,125.80123138427734,193536
2025-12-23 00:00:00+00:00,125.7980728149414,126.72502899169922,125.7864990234375,126.71517181396484,0
2025-12-23 01:00:00+00:00,126.66194152832031,126.67460632324219,126.00325775146484,126.1355972290039,0
2025-12-23 02:00:00+00:00,126.12926483154297,126.46004486083984,125.59427642822266,125.59577178955078,0
2025-12-23 03:00:00+00:00,125.58160400390625,126.00029754638672,125.12230682373047,125.65513610839844,4560896
2025-12-23 04:00:00+00:00,125.65188598632812,125.84148406982422,125.3904800415039,125.3904800415039,0
2025-12-23 05:00:00+00:00,125.380615234375,125.40000915527344,124.78300476074219,125.04476928710938,19524352
2025-12-23 06:00:00+00:00,125.01409912109375,125.06438446044922,124.20896911621094,124.43492126464844,68700672
2025-12-23 07:00:00+00:00,124.41606903076172,124.47782897949219,123.79415893554688,124.1274185180664,59116800
2025-12-23 08:00:00+00:00,124.11849975585938,124.50379180908203,124.05325317382812,124.06869506835938,0
2025-12-23 09:00:00+00:00,124.07633209228516,124.24156951904297,123.99999237060547,124.11595153808594,0
2025-12-23 10:00:00+00:00,124.11190032958984,124.73439025878906,124.08799743652344,124.70755767822266,0
2025-12-23 11:00:00+00:00,124.71050262451172,125.03536224365234,124.71050262451172,124.87908935546875,0
2025-12-23 12:00:00+00:00,124.87030792236328,124.87030792236328,124.034423828125,124.21836853027344,0
2025-12-23 13:00:00+00:00,124.20975494384766,124.41917419433594,123.25812530517578,123.34823608398438,91021056
2025-12-23 14:00:00+00:00,123.33494567871094,123.58002471923828,122.33478546142578,122.33800506591797,0
2025-12-23 15:00:00+00:00,122.42672729492188,123.2597427368164,122.42672729492188,123.2532730102539,0
2025-12-23 16:00:00+00:00,123.25908660888672,124.79264831542969,123.17831420898438,124.75767517089844,57292800
2025-12-23 17:00:00+00:00,124.731689453125,124.731689453125,123.3448486328125,123.3448486328125,54318080
2025-12-23 18:00:00+00:00,123.24044036865234,123.99087524414062,123.03514099121094,123.88948822021484,51997440
2025-12-23 19:00:00+00:00,123.88341522216797,124.334228515625,123.51905059814453,123.87738037109375,0
2025-12-23 20:00:00+00:00,123.89447021484375,125.26042938232422,123.53863525390625,124.69507598876953,0
2025-12-23 21:00:00+00:00,124.6741943359375,124.6741943359375,123.94719696044922,124.24600982666016,0
2025-12-23 22:00:00+00:00,124.2312240600586,124.35981750488281,123.74010467529297,123.74988555908203,0
2025-12-23 23:00:00+00:00,123.77105712890625,124.0508041381836,123.46470642089844,123.85684204101562,15017472
2025-12-24 00:00:00+00:00,123.87286376953125,124.09596252441406,123.63748931884766,123.85851287841797,0
2025-12-24 01:00:00+00:00,123.82734680175781,123.93416595458984,122.96424865722656,122.98602294921875,11795456
2025-12-24 02:00:00+00:00,122.99610137939453,123.01805877685547,121.90953063964844,122.28893280029297,36144640
2025-12-24 03:00:00+00:00,122.28132629394531,122.64839935302734,121.85623931884766,122.62783813476562,0
2025-12-24 04:00:00+00:00,122.6275405883789,122.83833312988281,121.52376556396484,121.54078674316406,49172224
2025-12-24 05:00:00+00:00,121.53887176513672,121.82170104980469,121.28824615478516,121.37360382080078,18347520
2025-12-24 06:00:00+00:00,121.38262939453125,121.42632293701172,120.78751373291016,121.42632293701172,0
2025-12-24 07:00:00+00:00,121.49110412597656,121.63211059570312,121.30008697509766,121.49140167236328,0
2025-12-24 08:00:00+00:00,121.46002960205078,121.53555297851562,121.22514343261719,121.39311218261719,0
2025-12-24 09:00:00+00:00,121.39312744140625,121.60748291015625,121.35458374023438,121.3916015625,2931968
2025-12-24 10:00:00+00:00,121.39482879638672,122.08979797363281,121.35173034667969,121.85958862304688,19668736
2025-12-24 11:00:00+00:00,121.8417739868164,122.09590911865234,121.78337860107422,122.02835845947266,3059456
2025-12-24 12:00:00+00:00,122.0263671875,122.39427185058594,121.96322631835938,122.38813781738281,0
2025-12-24 13:00:00+00:00,122.3905258178711,122.3905258178711,121.83283996582031,121.92800903320312,0
2025-12-24 14:00:00+00:00,121.92230987548828,122.19126892089844,120.98827362060547,121.42815399169922,0
2025-12-24 15:00:00+00:00,121.51079559326172,122.6370849609375,121.45442199707031,122.55331420898438,0
2025-12-24 16:00:00+00:00,122.6019287109375,123.02198028564453,122.5356674194336,122.58113861083984,0
2025-12-24 17:00:00+00:00,122.6062240600586,122.75904846191406,122.22835540771484,122.22835540771484,0
2025-12-24 18:00:00+00:00,122.1740951538086,122.47171783447266,121.88014221191406,122.41059112548828,0
2025-12-24 19:00:00+00:00,122.40760040283203,122.70060729980469,122.09249877929688,122.70060729980469,0
2025-12-24 20:00:00+00:00,122.71102905273438,122.96974182128906,122.59807586669922,122.59807586669922,0
2025-12-24 21:00:00+00:00,122.598876953125,122.89647674560547,122.598876953125,122.86219787597656,0
2025-12-24 22:00:00+00:00,122.87934875488281,123.22974395751953,122.87905883789062,123.22843170166016,0
2025-12-24 23:00:00+00:00,123.231689453125,123.231689453125,122.4583511352539,122.4583511352539,180224
2025-12-25 00:00:00+00:00,122.45496368408203,122.5722427368164,122.09420776367188,122.09420776367188,0
2025-12-25 01:00:00+00:00,122.0937728881836,122.62693786621094,122.0937728881836,122.6224594116211,0
2025-12-25 02:00:00+00:00,122.62786102294922,122.98210906982422,122.47930908203125,122.97066497802734,0
2025-12-25 03:00:00+00:00,122.96832275390625,122.96832275390625,122.53314208984375,122.61141967773438,0
2025-12-25 04:00:00+00:00,122.61334228515625,122.7439956665039,122.55422973632812,122.7420425415039,0
2025-12-25 05:00:00+00:00,122.74015045166016,122.74015045166016,122.24076843261719,122.28504180908203,0
2025-12-25 06:00:00+00:00,122.28804779052734,122.39414978027344,122.15251159667969,122.39147186279297,0
2025-12-25 07:00:00+00:00,122.39293670654297,122.39293670654297,122.04934692382812,122.20947265625,0
2025-12-25 08:00:00+00:00,122.21068572998047,122.42476654052734,121.71528625488281,122.04181671142578,16139904
2025-12-25 09:00:00+00:00,122.0291976928711,122.04882049560547,121.81270599365234,122.03602600097656,0
2025-12-25 10:00:00+00:00,122.03157043457031,122.03157043457031,121.37836456298828,121.45950317382812,0
2025-12-25 11:00:00+00:00,121.47355651855469,121.72239685058594,121.47355651855469,121.6299057006836,0
2025-12-25 12:00:00+00:00,121.6249771118164,121.92436981201172,121.57585906982422,121.92436981201172,0
2025-12-25 13:00:00+00:00,121.92644500732422,122.1811752319336,121.77269744873047,122.1050796508789,0
2025-12-25 14:00:00+00:00,122.09507751464844,122.20054626464844,121.85098266601562,121.95069885253906,0
2025-12-25 15:00:00+00:00,121.9669418334961,123.8082275390625,121.9272232055664,123.60562896728516,41096320
2025-12-25 16:00:00+00:00,123.57817077636719,124.17308807373047,123.43138885498047,123.47193908691406,73894656
2025-12-25 17:00:00+00:00,123.46025085449219,123.46595001220703,122.82839965820312,123.01241302490234,9625856
2025-12-25 18:00:00+00:00,123.00692749023438,123.98751831054688,123.00692749023438,123.9347152709961,37585664
2025-12-25 19:00:00+00:00,123.9344482421875,123.93657684326172,123.3464126586914,123.37995910644531,0
2025-12-25 20:00:00+00:00,123.3796615600586,123.39131927490234,122.9428939819336,123.14652252197266,0
2025-12-25 21:00:00+00:00,123.16297912597656,123.36444091796875,123.11515808105469,123.12397766113281,0
2025-12-25 22:00:00+00:00,123.12618255615234,123.27668762207031,121.63607025146484,121.6933822631836,44250368
2025-12-25 23:00:00+00:00,121.70462799072266,121.89484405517578,119.91112518310547,119.94737243652344,298220416
2025-12-26 00:00:00+00:00,119.95291900634766,120.15827178955078,119.5927734375,120.12240600585938,149811456
2025-12-26 01:00:00+00:00,120.1555404663086,121.00114440917969,120.1555404663086,120.67875671386719,117126400
2025-12-26 02:00:00+00:00,120.70659637451172,124.12220001220703,120.70659637451172,123.48748016357422,428280576
2025-12-26 03:00:00+00:00,123.45879364013672,123.50151824951172,122.52783966064453,122.53955078125,136744960
2025-12-26 04:00:00+00:00,122.53549194335938,122.7801742553711,121.76795196533203,122.77649688720703,84451584
2025-12-26 05:00:00+00:00,122.7760238647461,123.29061126708984,122.68247985839844,123.28329467773438,20039424
2025-12-26 06:00:00+00:00,123.26024627685547,123.59120178222656,123.25406646728516,123.3699951171875,41216768
2025-12-26 07:00:00+00:00,123.36878967285156,123.81497192382812,122.62345123291016,122.62345123291016,83260928
2025-12-26 08:00:00+00:00,122.62773132324219,122.89095306396484,122.26897430419922,122.48821258544922,41040640
2025-12-26 09:00:00+00:00,122.49502563476562,123.79615020751953,122.47489929199219,123.67430114746094,110946560
2025-12-26 10:00:00+00:00,123.66332244873047,123.73368835449219,123.45072174072266,123.68746948242188,22692352
2025-12-26 11:00:00+00:00,123.6896743774414,123.77648162841797,123.37870788574219,123.74063873291016,27289856
2025-12-26 12:00:00+00:00,123.73674774169922,123.94377899169922,123.73674774169922,123.91223907470703,46884608
2025-12-26 13:00:00+00:00,123.90924072265625,124.8955078125,123.88746643066406,124.85935974121094,105027584
2025-12-26 14:00:00+00:00,124.84747314453125,124.84747314453125,122.2911376953125,122.41857147216797,226900224
2025-12-26 15:00:00+00:00,122.3484115600586,122.3484115600586,120.7578125,121.23470306396484,257355520
2025-12-26 16:00:00+00:00,121.31238555908203,122.03973388671875,121.31238555908203,121.3533935546875,0
2025-12-26 17:00:00+00:00,121.34225463867188,122.20392608642578,121.23271942138672,121.53938293457031,39874560
2025-12-26 18:00:00+00:00,121.6012954711914,122.0843505859375,121.6012954711914,122.01103973388672,0
2025-12-26 19:00:00+00:00,122.00741577148438,122.14742279052734,121.87032318115234,122.0244140625,29980160
2025-12-26 20:00:00+00:00,122.0871353149414,122.47273254394531,121.89171600341797,122.27410125732422,34565376
2025-12-26 21:00:00+00:00,122.28228759765625,122.4278564453125,122.08030700683594,122.08030700683594,30243072
2025-12-26 22:00:00+00:00,122.06712341308594,122.18079376220703,121.88501739501953,122.18079376220703,0
2025-12-26 23:00:00+00:00,122.20004272460938,122.40827941894531,122.14289093017578,122.19612121582031,0
2025-12-27 00:00:00+00:00,122.1939697265625,122.22499084472656,121.88103485107422,121.98983001708984,0
2025-12-27 01:00:00+00:00,121.98909759521484,122.0833740234375,121.86198425292969,122.0833740234375,0
2025-12-27 02:00:00+00:00,122.09585571289062,122.32048797607422,122.09585571289062,122.26698303222656,0
2025-12-27 03:00:00+00:00,122.26338958740234,123.51172637939453,122.26282501220703,123.44631958007812,0
2025-12-27 04:00:00+00:00,123.45915985107422,123.54096984863281,122.90391540527344,122.92623901367188,0
2025-12-27 05:00:00+00:00,122.92893981933594,123.1419906616211,122.92338562011719,123.08673858642578,0
2025-12-27 06:00:00+00:00,123.09452056884766,123.09452056884766,122.81130981445312,122.92263793945312,0
2025-12-27 07:00:00+00:00,122.960693359375,123.29120635986328,122.960693359375,123.1322021484375,0
2025-12-27 08:00:00+00:00,123.1251449584961,123.22444152832031,122.83111572265625,122.83111572265625,0
2025-12-27 09:00:00+00:00,122.83125305175781,123.06658172607422,122.78811645507812,122.95240783691406,0
2025-12-27 10:00:00+00:00,122.94599151611328,123.02467346191406,122.7042007446289,122.80996704101562,0
2025-12-27 11:00:00+00:00,122.80879974365234,122.97456359863281,122.80879974365234,122.95979309082031,0
2025-12-27 12:00:00+00:00,122.99327087402344,123.04002380371094,122.80740356445312,122.81163787841797,0
2025-12-27 13:00:00+00:00,122.87479400634766,123.11493682861328,122.85700225830078,122.96248626708984,0
2025-12-27 14:00:00+00:00,122.95745086669922,123.17851257324219,122.83856201171875,123.17851257324219,0
2025-12-27 15:00:00+00:00,123.18457794189453,123.50154876708984,123.12317657470703,123.32331085205078,0
2025-12-27 16:00:00+00:00,123.31527709960938,123.31527709960938,122.93341064453125,122.93350219726562,0
2025-12-27 17:00:00+00:00,122.93030548095703,123.3119125366211,122.77062225341797,123.3119125366211,0
2025-12-27 18:00:00+00:00,123.30708312988281,123.31951141357422,122.9749984741211,123.18090057373047,0
2025-12-27 19:00:00+00:00,123.17457580566406,123.30795288085938,123.04031372070312,123.1211929321289,0
2025-12-27 20:00:00+00:00,123.1392822265625,123.63922882080078,123.1392822265625,123.47514343261719,1328384
2025-12-27 21:00:00+00:00,123.49296569824219,124.35575866699219,123.49296569824219,124.35531616210938,47886080
2025-12-27 22:00:00+00:00,124.36534118652344,124.66362762451172,123.76119232177734,123.97530364990234,88139392
2025-12-27 23:00:00+00:00,123.9495849609375,124.72034454345703,123.92316436767578,124.6484146118164,52723712
2025-12-28 00:00:00+00:00,124.64192962646484,124.68208312988281,124.23503112792969,124.32514190673828,0
2025-12-28 01:00:00+00:00,124.32566833496094,124.49298858642578,123.90576171875,123.90576171875,10526080
2025-12-28 02:00:00+00:00,123.904052734375,124.20797729492188,123.86237335205078,124.13054656982422,14743680
2025-12-28 03:00:00+00:00,124.12960052490234,124.17391967773438,123.94901275634766,124.06031799316406,0
2025-12-28 04:00:00+00:00,124.05988311767578,124.20616912841797,123.98434448242188,124.02362060546875,0
2025-12-28 05:00:00+00:00,124.0208969116211,124.0208969116211,123.68002319335938,123.68633270263672,1598080
2025-12-28 06:00:00+00:00,123.68656921386719,124.02499389648438,123.67892456054688,124.02064514160156,5971072
2025-12-28 07:00:00+00:00,124.01701354980469,124.10518646240234,123.94149017333984,124.10518646240234,11705984
2025-12-28 08:00:00+00:00,124.10728454589844,124.43626403808594,124.10728454589844,124.22863006591797,23254272
2025-12-28 09:00:00+00:00,124.21923065185547,124.27030944824219,123.9643325805664,123.97576141357422,2619648
2025-12-28 10:00:00+00:00,123.9774169921875,124.45479583740234,123.9774169921875,124.42292022705078,20981888
2025-12-28 11:00:00+00:00,124.4210433959961,124.67273712158203,124.3676528930664,124.52099609375,16261632
2025-12-28 12:00:00+00:00,124.52037048339844,124.55266571044922,124.33487701416016,124.345947265625,13251968
2025-12-28 13:00:00+00:00,124.34046936035156,124.58167266845703,124.33072662353516,124.52885437011719,5669504
2025-12-28 14:00:00+00:00,124.52810668945312,124.76168060302734,124.52810668945312,124.53077697753906,43561856
2025-12-28 15:00:00+00:00,124.54009246826172,124.83395385742188,124.41047668457031,124.41047668457031,26738432
2025-12-28 16:00:00+00:00,124.40716552734375,124.50335693359375,124.18185424804688,124.21949768066406,28449280
2025-12-28 17:00:00+00:00,124.2198257446289,124.62667083740234,124.2198257446289,124.35334777832031,0
2025-12-28 18:00:00+00:00,124.34601593017578,124.36369323730469,123.15419006347656,123.15419006347656,165848192
2025-12-28 19:00:00+00:00,123.14305877685547,123.3344497680664,123.08218383789062,123.26325225830078,107256192
2025-12-28 20:00:00+00:00,123.25324249267578,123.56234741210938,123.09212493896484,123.44480895996094,0
2025-12-28 21:00:00+00:00,123.44306182861328,123.7343521118164,123.31380462646484,123.73248291015625,0
2025-12-28 22:00:00+00:00,123.73464965820312,124.1629638671875,123.56012725830078,124.15335845947266,0
2025-12-28 23:00:00+00:00,124.1534194946289,125.2173843383789,123.94287109375,125.19874572753906,91446784
2025-12-29 00:00:00+00:00,125.2129135131836,127.7010498046875,125.00161743164062,127.06766510009766,332287360
2025-12-29 01:00:00+00:00,127.05445098876953,129.24176025390625,126.19406127929688,128.73753356933594,433961472
2025-12-29 02:00:00+00:00,128.73580932617188,128.93289184570312,128.19989013671875,128.7275390625,230832640
2025-12-29 03:00:00+00:00,128.70553588867188,129.10635375976562,128.5811767578125,128.5811767578125,265545728
2025-12-29 04:00:00+00:00,128.5710906982422,128.87147521972656,128.33351135253906,128.5890655517578,201068032
2025-12-29 05:00:00+00:00,128.5741729736328,128.5741729736328,127.56167602539062,127.62952423095703,98647296
2025-12-29 06:00:00+00:00,127.61681365966797,127.85546875,127.44273376464844,127.59353637695312,74442240
2025-12-29 07:00:00+00:00,127.60565185546875,127.78125,127.3041000366211,127.78082275390625,95873536
2025-12-29 08:00:00+00:00,127.7615737915039,128.08084106445312,127.62384796142578,127.83695220947266,93281792
2025-12-29 09:00:00+00:00,127.82730865478516,127.82730865478516,125.47711181640625,125.7829818725586,220188160
2025-12-29 10:00:00+00:00,125.80841827392578,126.03319549560547,125.60655975341797,125.60678100585938,109550080
2025-12-29 11:00:00+00:00,125.61190032958984,125.61190032958984,125.02629089355469,125.05227661132812,77262080
2025-12-29 12:00:00+00:00,125.04878997802734,125.06047821044922,123.13727569580078,123.5677719116211,344628736
2025-12-29 13:00:00+00:00,123.57205200195312,123.84767150878906,122.97187805175781,123.05713653564453,133966336
2025-12-29 14:00:00+00:00,123.06182861328125,124.09427642822266,122.47666931152344,123.56697845458984,251913728
2025-12-29 15:00:00+00:00,123.52055358886719,123.79872131347656,123.2672348022461,123.46395111083984,67230720
2025-12-29 16:00:00+00:00,123.43926239013672,123.44324493408203,122.6561508178711,123.42622375488281,69995520
2025-12-29 17:00:00+00:00,123.41644287109375,123.66641998291016,123.16751098632812,123.6141128540039,59906048
2025-12-29 18:00:00+00:00,123.63599395751953,123.74000549316406,123.012451171875,123.012451171875,0
2025-12-29 19:00:00+00:00,123.00735473632812,123.24287414550781,122.8570327758789,122.882568359375,0
2025-12-29 20:00:00+00:00,122.88626861572266,123.33448028564453,122.80506134033203,122.99455261230469,58034176
2025-12-29 21:00:00+00:00,123.01252746582031,123.38920593261719,123.01252746582031,123.35604095458984,0
2025-12-29 22:00:00+00:00,123.3554916381836,123.37450408935547,123.10598754882812,123.34358215332031,0
2025-12-29 23:00:00+00:00,123.33614349365234,123.40853118896484,123.09585571289062,123.1244888305664,0
2025-12-30 00:00:00+00:00,123.1246109008789,123.1567153930664,122.83446502685547,122.9465560913086,0
2025-12-30 01:00:00+00:00,122.94842529296875,123.22819519042969,122.77484130859375,123.13008880615234,0
2025-12-30 02:00:00+00:00,123.12564849853516,123.12564849853516,122.53900146484375,122.81388854980469,0
2025-12-30 03:00:00+00:00,122.82230377197266,123.74026489257812,122.76603698730469,123.70601654052734,0
2025-12-30 04:00:00+00:00,123.69891357421875,124.00006103515625,123.63966369628906,123.84880065917969,0
2025-12-30 05:00:00+00:00,123.84459686279297,123.84459686279297,123.13639068603516,123.28980255126953,0
2025-12-30 06:00:00+00:00,123.29141998291016,123.83760070800781,123.26400756835938,123.73096466064453,0
2025-12-30 07:00:00+00:00,123.73704528808594,124.09331512451172,123.70150756835938,123.88997650146484,0
2025-12-30 08:00:00+00:00,123.89116668701172,124.91825103759766,123.87371063232422,124.61538696289062,38282752
2025-12-30 09:00:00+00:00,124.6165771484375,124.72588348388672,124.33919525146484,124.71735382080078,0
2025-12-30 10:00:00+00:00,124.71418762207031,124.72114562988281,124.40684509277344,124.41349792480469,0
2025-12-30 11:00:00+00:00,124.41905975341797,124.45291137695312,124.0335464477539,124.04801177978516,0
2025-12-30 12:00:00+00:00,124.06468963623047,124.41619110107422,123.98577117919922,124.08377838134766,0
2025-12-30 13:00:00+00:00,124.09675598144531,124.20787048339844,123.92298126220703,124.2016830444336,0
2025-12-30 14:00:00+00:00,124.11776733398438,124.97102355957031,123.71652221679688,124.92911529541016,0
2025-12-30 15:00:00+00:00,124.90386962890625,124.97870635986328,124.13328552246094,124.94322967529297,75504384
2025-12-30 16:00:00+00:00,124.9548110961914,126.17762756347656,124.8876953125,125.54401397705078,130790400
2025-12-30 17:00:00+00:00,125.54653930664062,125.7874984741211,124.5837631225586,124.65461730957031,48611584
2025-12-30 18:00:00+00:00,124.63676452636719,124.63676452636719,124.24557495117188,124.42321014404297,57684224
2025-12-30 19:00:00+00:00,124.4307861328125,124.51762390136719,123.87677764892578,124.51762390136719,45459200
2025-12-30 20:00:00+00:00,124.53107452392578,124.62733459472656,123.82328033447266,123.82521057128906,0
2025-12-30 21:00:00+00:00,123.85160827636719,123.9622802734375,123.5049057006836,123.7630386352539,54669056
2025-12-30 22:00:00+00:00,123.76417541503906,124.42341613769531,123.76417541503906,124.20405578613281,13654784
2025-12-30 23:00:00+00:00,124.22222137451172,124.9454574584961,124.22222137451172,124.93132019042969,50517504
2025-12-31 00:00:00+00:00,124.76837921142578,124.81919860839844,124.51839447021484,124.7568588256836,33862400
2025-12-31 01:00:00+00:00,124.75656127929688,125.72093963623047,124.75656127929688,125.40328979492188,89122816
2025-12-31 02:00:00+00:00,125.400390625,125.8025894165039,125.3044204711914,125.8025894165039,36637184
2025-12-31 03:00:00+00:00,125.81189727783203,125.834228515625,125.13501739501953,125.56465148925781,8429824
2025-12-31 04:00:00+00:00,125.5726089477539,125.7021484375,125.35599517822266,125.35599517822266,0
2025-12-31 05:00:00+00:00,125.35511779785156,125.5444564819336,125.30320739746094,125.50967407226562,0
2025-12-31 06:00:00+00:00,125.50395202636719,125.84950256347656,125.48895263671875,125.74520111083984,30536960
2025-12-31 07:00:00+00:00,125.74636840820312,125.81149291992188,125.59864807128906,125.81124877929688,0
2025-12-31 08:00:00+00:00,125.8117446899414,126.03032684326172,125.3534927368164,125.37026977539062,0
2025-12-31 09:00:00+00:00,125.3707504272461,126.02943420410156,125.3707504272461,126.02943420410156,0
2025-12-31 10:00:00+00:00,126.02580261230469,126.1888656616211,125.94883728027344,126.11544036865234,31901952
2025-12-31 11:00:00+00:00,126.12310028076172,126.55706787109375,126.12310028076172,126.55230712890625,8444672
2025-12-31 12:00:00+00:00,126.56791687011719,126.56791687011719,126.04631042480469,126.058349609375,0
2025-12-31 13:00:00+00:00,126.05736541748047,126.27486419677734,125.8656234741211,126.0743637084961,0
2025-12-31 14:00:00+00:00,126.09514617919922,127.1004638671875,125.44062805175781,125.5009994506836,20776704
2025-12-31 15:00:00+00:00,125.51828002929688,125.5583724975586,124.95885467529297,125.53895568847656,64217856
2025-12-31 16:00:00+00:00,125.51231384277344,125.51231384277344,124.34416198730469,124.68452453613281,0
2025-12-31 17:00:00+00:00,124.68490600585938,124.958740234375,124.48110961914062,124.77607727050781,0
2025-12-31 18:00:00+00:00,124.78895568847656,125.26815795898438,124.57044982910156,124.62708282470703,0
2025-12-31 19:00:00+00:00,124.62461853027344,124.9398193359375,124.3424072265625,124.38594818115234,0
2025-12-31 20:00:00+00:00,124.35926818847656,124.35926818847656,123.47400665283203,124.04365539550781,587852800
2025-12-31 21:00:00+00:00,123.99787139892578,124.11724090576172,123.86084747314453,124.07872772216797,58131200
2025-12-31 22:00:00+00:00,124.08769989013672,124.8613510131836,124.08769989013672,124.63084411621094,45830400
2025-12-31 23:00:00+00:00,124.64064025878906,124.79596710205078,124.4847412109375,124.4847412109375,0
2026-01-01 00:00:00+00:00,124.48128509521484,124.95647430419922,124.47052001953125,124.95053100585938,0
2026-01-01 01:00:00+00:00,124.94490051269531,125.45573425292969,124.94490051269531,125.01017761230469,0
2026-01-01 02:00:00+00:00,125.00753784179688,125.00753784179688,124.67951202392578,124.90604400634766,0
2026-01-01 03:00:00+00:00,124.93756103515625,125.1621322631836,124.91144561767578,124.91144561767578,0
2026-01-01 04:00:00+00:00,124.91139221191406,124.97197723388672,124.65843963623047,124.73706817626953,0
2026-01-01 05:00:00+00:00,124.73632049560547,125.04689025878906,124.73632049560547,125.04689025878906,0
2026-01-01 06:00:00+00:00,125.0482406616211,125.07719421386719,124.73597717285156,124.73597717285156,0
2026-01-01 07:00:00+00:00,124.73089599609375,124.74964141845703,124.11407470703125,124.11640930175781,0
2026-01-01 08:00:00+00:00,124.1007080078125,124.4456787109375,124.06901550292969,124.41551971435547,378368
2026-01-01 09:00:00+00:00,124.42528533935547,124.87227630615234,124.42528533935547,124.814208984375,50849024
2026-01-01 10:00:00+00:00,124.81705474853516,125.03263854980469,124.80130004882812,124.84231567382812,1329152
2026-01-01 11:00:00+00:00,124.84123992919922,124.92867279052734,124.65752410888672,124.88191223144531,0
2026-01-01 12:00:00+00:00,124.88855743408203,124.96105194091797,124.85186004638672,124.85250854492188,0
2026-01-01 13:00:00+00:00,124.85057067871094,124.91570281982422,124.58468627929688,124.58468627929688,0
2026-01-01 14:00:00+00:00,124.5765151977539,124.67020416259766,124.3221664428711,124.56993103027344,0
2026-01-01 15:00:00+00:00,124.56976318359375,124.82742309570312,124.48563385009766,124.78801727294922,0
2026-01-01 16:00:00+00:00,124.78707122802734,124.80081176757812,124.22429656982422,124.23771667480469,0
2026-01-01 17:00:00+00:00,124.24604797363281,125.22611236572266,124.2420425415039,124.97557830810547,110156288
2026-01-01 18:00:00+00:00,125.00187683105469,125.13188934326172,124.94298553466797,125.08568572998047,0
2026-01-01 19:00:00+00:00,125.09929656982422,125.5593032836914,125.085205078125,125.51242065429688,0
2026-01-01 20:00:00+00:00,125.50787353515625,125.62935638427734,125.21168518066406,125.2279052734375,0
2026-01-01 21:00:00+00:00,125.22644805908203,125.49604034423828,125.22644805908203,125.25736236572266,0
2026-01-01 22:00:00+00:00,125.25958251953125,125.86546325683594,125.25958251953125,125.86546325683594,0
2026-01-01 23:00:00+00:00,125.84159088134766,126.97852325439453,125.79595947265625,126.76112365722656,153267712
2026-01-02 00:00:00+00:00,126.75862121582031,126.83805847167969,126.34534454345703,126.60406494140625,16939520
2026-01-02 01:00:00+00:00,126.61164855957031,126.65973663330078,125.9639892578125,126.06234741210938,0
2026-01-02 02:00:00+00:00,126.06218719482422,126.4240951538086,125.79972839355469,126.37843322753906,376320
2026-01-02 03:00:00+00:00,126.38599395751953,127.64134979248047,126.37591552734375,127.44361877441406,129888512
2026-01-02 04:00:00+00:00,127.4456787109375,127.4456787109375,126.88858795166016,126.88858795166016,11131392
2026-01-02 05:00:00+00:00,126.88652038574219,127.1629638671875,126.64049530029297,127.1629638671875,13039616
2026-01-02 06:00:00+00:00,127.1689682006836,127.42231750488281,127.1689682006836,127.2811508178711,56669952
2026-01-02 07:00:00+00:00,127.27550506591797,127.35496520996094,126.81649017333984,126.94064331054688,0
2026-01-02 08:00:00+00:00,126.93448638916016,127.76277923583984,126.93448638916016,127.74430084228516,22682624
2026-01-02 09:00:00+00:00,127.75831604003906,129.32955932617188,127.72549438476562,129.23370361328125,182633984
2026-01-02 10:00:00+00:00,129.23556518554688,129.42181396484375,128.88665771484375,128.91531372070312,129808640
2026-01-02 11:00:00+00:00,128.9013214111328,128.9013214111328,128.0257110595703,128.0525665283203,89427712
2026-01-02 12:00:00+00:00,128.0531768798828,128.4126739501953,127.90038299560547,128.33555603027344,64301312
2026-01-02 13:00:00+00:00,128.33494567871094,128.5311279296875,128.26541137695312,128.34439086914062,41811456
2026-01-02 14:00:00+00:00,128.3315887451172,129.21360778808594,127.05125427246094,128.71083068847656,215566592
2026-01-02 15:00:00+00:00,128.80458068847656,129.333740234375,127.64684295654297,128.81678771972656,220324608
2026-01-02 16:00:00+00:00,128.87948608398438,131.38162231445312,128.8018035888672,130.6204071044922,377008640
2026-01-02 17:00:00+00:00,130.65213012695312,131.90185546875,130.65213012695312,131.2733154296875,106721792
2026-01-02 18:00:00+00:00,131.28561401367188,131.8060302734375,130.47769165039062,130.72573852539062,106279168
2026-01-02 19:00:00+00:00,130.70684814453125,131.6054229736328,130.6664581298828,131.57957458496094,100117248
2026-01-02 20:00:00+00:00,131.58116149902344,131.8024444580078,130.9467010498047,130.97178649902344,61494272
2026-01-02 21:00:00+00:00,130.99874877929688,131.9263916015625,130.99874877929688,131.79205322265625,73567744
2026-01-02 22:00:00+00:00,131.8527069091797,132.96885681152344,131.8527069091797,132.69740295410156,134135296
2026-01-02 23:00:00+00:00,132.68423461914062,132.68423461914062,131.99134826660156,132.13339233398438,350208
2026-01-03 00:00:00+00:00,132.18087768554688,132.82351684570312,132.18087768554688,132.6438751220703,0
2026-01-03 01:00:00+00:00,132.6338348388672,132.78285217285156,132.41802978515625,132.57583618164062,0
2026-01-03 02:00:00+00:00,132.56863403320312,132.9236297607422,132.13182067871094,132.89480590820312,42270720
2026-01-03 03:00:00+00:00,132.8817901611328,132.9520721435547,132.2275390625,132.8921661376953,0
2026-01-03 04:00:00+00:00,132.82815551757812,132.83047485351562,132.240966796875,132.28402709960938,467456
2026-01-03 05:00:00+00:00,132.28759765625,132.41419982910156,131.66159057617188,131.84349060058594,37662208
2026-01-03 06:00:00+00:00,131.836669921875,132.17916870117188,131.15895080566406,131.1737060546875,4335104
2026-01-03 07:00:00+00:00,131.16107177734375,131.29183959960938,129.94395446777344,130.0771942138672,149083648
2026-01-03 08:00:00+00:00,130.03860473632812,130.93301391601562,129.9741973876953,130.73312377929688,20591616
2026-01-03 09:00:00+00:00,130.734130859375,131.33770751953125,130.46348571777344,131.2328643798828,0
2026-01-03 10:00:00+00:00,131.21548461914062,131.21548461914062,130.92498779296875,130.95294189453125,0
2026-01-03 11:00:00+00:00,130.9389190673828,130.9416046142578,130.53233337402344,130.63250732421875,0
2026-01-03 12:00:00+00:00,130.6459503173828,130.8074951171875,130.49574279785156,130.7995147705078,0
2026-01-03 13:00:00+00:00,130.8037109375,131.2681427001953,130.80133056640625,131.19969177246094,0
2026-01-03 14:00:00+00:00,131.20289611816406,131.93402099609375,131.16476440429688,131.7264862060547,0
2026-01-03 15:00:00+00:00,131.7952880859375,131.8636474609375,131.5099334716797,131.54322814941406,0
2026-01-03 16:00:00+00:00,131.54246520996094,131.85812377929688,131.44647216796875,131.73110961914062,0
2026-01-03 17:00:00+00:00,131.73492431640625,131.8932647705078,131.62171936035156,131.84124755859375,0
2026-01-03 18:00:00+00:00,131.8084259033203,131.98641967773438,131.58409118652344,131.89955139160156,0
2026-01-03 19:00:00+00:00,131.89971923828125,131.89971923828125,131.6470184326172,131.70635986328125,0
2026-01-03 20:00:00+00:00,131.7049560546875,131.89297485351562,131.37893676757812,131.89297485351562,0
2026-01-03 21:00:00+00:00,131.8937225341797,132.80186462402344,131.81956481933594,132.80186462402344,0
2026-01-03 22:00:00+00:00,132.79843139648438,133.3350372314453,132.64852905273438,133.1587677001953,0
2026-01-03 23:00:00+00:00,133.19625854492188,133.60301208496094,133.1808319091797,133.2982177734375,0
2026-01-04 00:00:00+00:00,133.31349182128906,134.56707763671875,133.30166625976562,134.5607147216797,109659904
2026-01-04 01:00:00+00:00,134.55029296875,134.5546112060547,133.51205444335938,133.81573486328125,61286656
2026-01-04 02:00:00+00:00,133.8177032470703,133.9066925048828,133.60157775878906,133.60482788085938,0
2026-01-04 03:00:00+00:00,133.62159729003906,134.49063110351562,133.62159729003906,134.49063110351562,15341568
2026-01-04 04:00:00+00:00,134.50482177734375,134.6778106689453,134.30023193359375,134.30023193359375,27172864
2026-01-04 05:00:00+00:00,134.29429626464844,134.48641967773438,134.26318359375,134.45089721679688,0
2026-01-04 06:00:00+00:00,134.45364379882812,134.67465209960938,133.79356384277344,133.797607421875,58541824
2026-01-04 07:00:00+00:00,133.79669189453125,134.01956176757812,133.7362060546875,133.8616943359375,0
2026-01-04 08:00:00+00:00,133.8230438232422,133.99349975585938,133.3566436767578,133.99349975585938,9480960
2026-01-04 09:00:00+00:00,134.00640869140625,134.2969207763672,133.92770385742188,134.21726989746094,0
2026-01-04 10:00:00+00:00,134.2474365234375,134.68443298339844,134.2474365234375,134.6163787841797,45737728
2026-01-04 11:00:00+00:00,134.6022186279297,134.6022186279297,134.2387237548828,134.31565856933594,8896768
2026-01-04 12:00:00+00:00,134.29685974121094,134.7252960205078,134.23062133789062,134.23670959472656,37040384
2026-01-04 13:00:00+00:00,134.23374938964844,134.40377807617188,133.84356689453125,134.40377807617188,12288000
2026-01-04 14:00:00+00:00,134.4027862548828,134.88003540039062,134.402099609375,134.86883544921875,29258240
2026-01-04 15:00:00+00:00,134.87350463867188,135.2080535888672,134.4068603515625,134.66030883789062,81495296
2026-01-04 16:00:00+00:00,134.7493133544922,135.31771850585938,134.7493133544922,135.05130004882812,24258560
2026-01-04 17:00:00+00:00,135.02899169921875,135.1541748046875,134.83428955078125,134.83428955078125,37634560
2026-01-04 18:00:00+00:00,134.83740234375,134.83740234375,133.87464904785156,134.1173858642578,69120000
2026-01-04 19:00:00+00:00,134.10903930664062,134.10903930664062,133.23037719726562,133.45535278320312,115239680
2026-01-04 20:00:00+00:00,133.45346069335938,134.1095428466797,133.4267578125,134.02967834472656,8668416
2026-01-04 21:00:00+00:00,134.0268096923828,134.32728576660156,133.72218322753906,133.87200927734375,0
2026-01-04 22:00:00+00:00,133.87107849121094,134.3239288330078,133.83114624023438,133.95498657226562,0
2026-01-04 23:00:00+00:00,134.00152587890625,134.64512634277344,133.79156494140625,133.9026336669922,48973312
2026-01-05 00:00:00+00:00,133.9296112060547,135.56556701660156,133.9296112060547,135.56556701660156,16987904
2026-01-05 01:00:00+00:00,135.45199584960938,137.30841064453125,135.380859375,136.72674560546875,260773120
2026-01-05 02:00:00+00:00,136.72769165039062,136.99424743652344,135.7777557373047,136.78538513183594,100987904
2026-01-05 03:00:00+00:00,136.78097534179688,137.13275146484375,136.6288299560547,136.6288299560547,5193984
2026-01-05 04:00:00+00:00,136.6287078857422,136.63833618164062,135.2253875732422,135.58193969726562,56744192
2026-01-05 05:00:00+00:00,135.58001708984375,136.12342834472656,135.516845703125,135.516845703125,49772288
2026-01-05 06:00:00+00:00,135.516845703125,135.5718536376953,134.93972778320312,135.55303955078125,8580608
2026-01-05 07:00:00+00:00,135.5546875,135.5834197998047,135.1412353515625,135.3529815673828,0
2026-01-05 08:00:00+00:00,135.35531616210938,135.7671661376953,135.22525024414062,135.29052734375,0
2026-01-05 09:00:00+00:00,135.2056427001953,135.4877471923828,134.81491088867188,135.36048889160156,63047936
2026-01-05 10:00:00+00:00,135.35842895507812,135.85333251953125,135.35842895507812,135.85333251953125,5942528
2026-01-05 11:00:00+00:00,135.72779846191406,135.72779846191406,135.2605438232422,135.62777709960938,51243776
2026-01-05 12:00:00+00:00,135.6253662109375,135.66905212402344,134.9928436279297,135.0583953857422,7801856
2026-01-05 13:00:00+00:00,135.06007385253906,135.1576690673828,133.5810089111328,133.7367706298828,172439808
2026-01-05 14:00:00+00:00,133.7105255126953,135.32928466796875,133.3505096435547,135.2495574951172,282735872
2026-01-05 15:00:00+00:00,134.97865295410156,136.1690673828125,134.43099975585938,136.01925659179688,181456384
2026-01-05 16:00:00+00:00,136.06878662109375,136.0926055908203,135.1506805419922,135.37559509277344,112190464
2026-01-05 17:00:00+00:00,135.3732452392578,136.40811157226562,134.4860076904297,136.40811157226562,140428288
2026-01-05 18:00:00+00:00,136.41744995117188,137.31533813476562,135.83432006835938,137.31533813476562,140639744
2026-01-05 19:00:00+00:00,137.29754638671875,138.7048797607422,137.2444610595703,138.19329833984375,204884480
2026-01-05 20:00:00+00:00,138.2126922607422,139.58779907226562,137.85511779785156,137.85511779785156,246539264
2026-01-05 21:00:00+00:00,137.90725708007812,138.55999755859375,137.90725708007812,138.46951293945312,90814976
2026-01-05 22:00:00+00:00,138.424560546875,139.04371643066406,138.356689453125,138.7650146484375,52940288
2026-01-05 23:00:00+00:00,138.74436950683594,138.7952117919922,137.9898223876953,137.9898223876953,860672
2026-01-06 00:00:00+00:00,137.9702606201172,138.0733184814453,137.01583862304688,137.6092529296875,0
2026-01-06 01:00:00+00:00,137.61679077148438,138.3757781982422,137.45037841796875,137.47311401367188,0
2026-01-06 02:00:00+00:00,137.4906005859375,137.90147399902344,137.4906005859375,137.68748474121094,0
2026-01-06 03:00:00+00:00,137.66644287109375,138.42919921875,137.6208038330078,138.3169708251953,0
2026-01-06 04:00:00+00:00,138.33563232421875,138.86871337890625,138.29986572265625,138.541748046875,0
2026-01-06 05:00:00+00:00,138.457275390625,139.6572723388672,138.15286254882812,139.54330444335938,134867968
2026-01-06 06:00:00+00:00,139.56814575195312,139.56814575195312,138.81228637695312,139.1871795654297,46098432
2026-01-06 07:00:00+00:00,139.12901306152344,139.12901306152344,137.4414520263672,137.6240997314453,94444032
2026-01-06 08:00:00+00:00,137.60205078125,137.94586181640625,137.49838256835938,137.626953125,23566848
2026-01-06 09:00:00+00:00,137.5572509765625,138.23406982421875,137.5572509765625,138.09222412109375,0
2026-01-06 10:00:00+00:00,137.84010314941406,138.0169677734375,137.57655334472656,137.7734832763672,13536256
2026-01-06 11:00:00+00:00,137.7263946533203,139.4296112060547,137.70431518554688,139.38462829589844,128038400
2026-01-06 12:00:00+00:00,139.42852783203125,139.42852783203125,138.9230194091797,139.00216674804688,11709952
2026-01-06 13:00:00+00:00,138.99937438964844,139.13909912109375,138.77471923828125,139.13909912109375,0
2026-01-06 14:00:00+00:00,139.11663818359375,142.88636779785156,139.11663818359375,141.4829559326172,411127808
2026-01-06 15:00:00+00:00,141.5736541748047,142.99432373046875,141.21376037597656,141.21376037597656,141682176
2026-01-06 16:00:00+00:00,141.3190460205078,141.658447265625,138.31472778320312,138.72898864746094,200625664
2026-01-06 17:00:00+00:00,138.77972412109375,138.86915588378906,136.5923309326172,136.6159210205078,137299968
2026-01-06 18:00:00+00:00,136.54356384277344,137.76039123535156,136.37803649902344,137.6328887939453,52350976
2026-01-06 19:00:00+00:00,137.62197875976562,137.8784942626953,137.33872985839844,137.45420837402344,0
2026-01-06 20:00:00+00:00,137.46871948242188,138.9261932373047,137.46871948242188,138.9246826171875,0
2026-01-06 21:00:00+00:00,138.91502380371094,141.53211975097656,138.69532775878906,140.4314727783203,164446208
2026-01-06 22:00:00+00:00,140.40882873535156,140.682373046875,139.638427734375,140.00775146484375,40480768
2026-01-06 23:00:00+00:00,140.05645751953125,141.16262817382812,140.0513916015625,141.0961151123047,36955648
2026-01-07 00:00:00+00:00,141.0884246826172,141.0884246826172,140.16778564453125,140.16778564453125,0
2026-01-07 01:00:00+00:00,139.92916870117188,140.41151428222656,138.87657165527344,138.8890838623047,3670016
2026-01-07 02:00:00+00:00,138.87130737304688,139.86427307128906,138.69825744628906,139.85079956054688,67546624
2026-01-07 03:00:00+00:00,139.86988830566406,140.31874084472656,139.42506408691406,139.44268798828125,0
2026-01-07 04:00:00+00:00,139.45037841796875,139.52301025390625,138.77468872070312,138.77468872070312,0
2026-01-07 05:00:00+00:00,138.69398498535156,139.15191650390625,138.3118133544922,138.38812255859375,0
2026-01-07 06:00:00+00:00,138.3826904296875,138.86781311035156,138.3826904296875,138.76161193847656,0
2026-01-07 07:00:00+00:00,138.75828552246094,139.2010498046875,138.74166870117188,139.18678283691406,0
2026-01-07 08:00:00+00:00,139.1864776611328,139.4899444580078,139.1864776611328,139.38827514648438,0
2026-01-07 09:00:00+00:00,139.37887573242188,139.37887573242188,136.6547393798828,136.84828186035156,177111552
2026-01-07 10:00:00+00:00,136.86114501953125,137.56507873535156,136.7831268310547,137.50384521484375,24598528
2026-01-07 11:00:00+00:00,137.52346801757812,138.02972412109375,137.4903564453125,137.8961639404297,0
2026-01-07 12:00:00+00:00,137.903076171875,137.9418487548828,137.62001037597656,137.7753143310547,0
2026-01-07 13:00:00+00:00,137.78201293945312,138.28240966796875,137.5673828125,137.88711547851562,0
2026-01-07 14:00:00+00:00,137.9184112548828,137.98818969726562,136.99468994140625,137.9362335205078,0
2026-01-07 15:00:00+00:00,137.94479370117188,137.94479370117188,135.38565063476562,135.75418090820312,0
2026-01-07 16:00:00+00:00,135.69754028320312,136.3699951171875,135.56585693359375,135.64703369140625,0
2026-01-07 17:00:00+00:00,135.6270294189453,136.2786865234375,135.45948791503906,135.54306030273438,0
2026-01-07 18:00:00+00:00,135.5345001220703,135.68450927734375,134.98745727539062,135.07960510253906,0
2026-01-07 19:00:00+00:00,135.1283416748047,135.67950439453125,134.7199249267578,135.64212036132812,41658368
2026-01-07 20:00:00+00:00,135.62936401367188,135.78155517578125,135.12770080566406,135.6352996826172,0
2026-01-07 21:00:00+00:00,135.6651153564453,136.1678924560547,135.65020751953125,136.04605102539062,0
2026-01-07 22:00:00+00:00,136.04852294921875,136.5352020263672,135.79913330078125,136.33619689941406,0
2026-01-07 23:00:00+00:00,136.310791015625,136.718994140625,135.91258239746094,136.31301879882812,9028864
2026-01-08 00:00:00+00:00,136.30783081054688,136.75186157226562,136.0196075439453,136.7435302734375,0
2026-01-08 01:00:00+00:00,136.73585510253906,137.08262634277344,136.67507934570312,136.74041748046875,0
2026-01-08 02:00:00+00:00,136.73690795898438,137.7220458984375,136.60145568847656,137.4496307373047,71700224
2026-01-08 03:00:00+00:00,137.4815216064453,138.02084350585938,136.62864685058594,136.62864685058594,51227392
2026-01-08 04:00:00+00:00,136.6237335205078,138.02293395996094,136.52639770507812,137.55715942382812,74759168
2026-01-08 05:00:00+00:00,137.5464630126953,137.78402709960938,136.42079162597656,136.4317169189453,0
2026-01-08 06:00:00+00:00,136.43869018554688,136.50393676757812,134.91229248046875,134.96072387695312,97625344
2026-01-08 07:00:00+00:00,134.8988037109375,135.7095947265625,134.4369354248047,135.7090301513672,174353664
2026-01-08 08:00:00+00:00,135.6966552734375,135.95069885253906,135.0066375732422,135.0066375732422,0
2026-01-08 09:00:00+00:00,135.0058135986328,135.26065063476562,134.4057159423828,134.4057159423828,0
2026-01-08 10:00:00+00:00,134.41400146484375,135.1825408935547,134.06231689453125,135.11373901367188,5555200
2026-01-08 11:00:00+00:00,135.10275268554688,135.10275268554688,134.35504150390625,134.6375274658203,38581248
2026-01-08 12:00:00+00:00,134.63719177246094,134.63719177246094,133.7377471923828,133.90003967285156,49346816
2026-01-08 13:00:00+00:00,133.89785766601562,134.2427520751953,133.82614135742188,134.2427520751953,0
2026-01-08 14:00:00+00:00,134.2718963623047,134.2718963623047,132.83255004882812,133.8770751953125,124312576
2026-01-08 15:00:00+00:00,133.8876495361328,135.87088012695312,133.55355834960938,135.87088012695312,0
2026-01-08 16:00:00+00:00,135.8812713623047,137.68402099609375,135.8812713623047,137.68402099609375,127494912
2026-01-08 17:00:00+00:00,137.78103637695312,138.56748962402344,137.3836212158203,138.56402587890625,121362432
2026-01-08 18:00:00+00:00,138.5773468017578,138.7484130859375,137.95249938964844,137.9605712890625,0
2026-01-08 19:00:00+00:00,137.9708251953125,138.15672302246094,137.272705078125,137.50245666503906,7673344
2026-01-08 20:00:00+00:00,137.52268981933594,137.52268981933594,136.6230010986328,137.49282836914062,72443392
2026-01-08 21:00:00+00:00,137.51756286621094,139.48678588867188,137.51756286621094,139.48678588867188,131511808
2026-01-08 22:00:00+00:00,139.4613800048828,139.82667541503906,138.49136352539062,138.81027221679688,164862464
2026-01-08 23:00:00+00:00,138.78627014160156,138.87892150878906,138.2203826904297,138.29727172851562,29256192
2026-01-09 00:00:00+00:00,138.2911834716797,139.10385131835938,138.27859497070312,139.025390625,2697216
2026-01-09 01:00:00+00:00,139.025390625,139.2433319091797,137.7764434814453,138.15846252441406,119081472
2026-01-09 02:00:00+00:00,138.16136169433594,139.29588317871094,138.15228271484375,138.7955322265625,0
2026-01-09 03:00:00+00:00,138.80514526367188,140.8895263671875,138.80514526367188,140.70916748046875,128723456
2026-01-09 04:00:00+00:00,140.71763610839844,140.78079223632812,139.61141967773438,139.61141967773438,33853440
2026-01-09 05:00:00+00:00,139.61126708984375,139.85989379882812,139.3992462158203,139.59913635253906,0
2026-01-09 06:00:00+00:00,139.6396942138672,140.563232421875,139.5845947265625,140.46607971191406,0
2026-01-09 07:00:00+00:00,140.48947143554688,140.4943084716797,139.5141143798828,139.5141143798828,0
2026-01-09 08:00:00+00:00,139.50180053710938,139.50180053710938,137.25926208496094,137.371337890625,201461248
2026-01-09 09:00:00+00:00,137.45321655273438,138.81719970703125,137.45321655273438,138.42172241210938,76442624
2026-01-09 10:00:00+00:00,138.42227172851562,138.7074432373047,138.17433166503906,138.6759033203125,0
2026-01-09 11:00:00+00:00,138.6710205078125,138.7146453857422,138.06240844726562,138.14236450195312,0
2026-01-09 12:00:00+00:00,138.1418914794922,138.3477783203125,137.5513458251953,137.61419677734375,0
2026-01-09 13:00:00+00:00,137.60874938964844,138.72840881347656,137.5926513671875,138.56393432617188,168338432
2026-01-09 14:00:00+00:00,138.55795288085938,138.55795288085938,136.61915588378906,136.61936950683594,0
2026-01-09 15:00:00+00:00,136.69337463378906,140.3473663330078,136.38636779785156,138.3495635986328,239998464
2026-01-09 16:00:00+00:00,138.39459228515625,139.88047790527344,138.39459228515625,139.82052612304688,0
2026-01-09 17:00:00+00:00,139.82008361816406,139.85287475585938,137.46168518066406,138.41200256347656,25923072
2026-01-09 18:00:00+00:00,138.40728759765625,138.40728759765625,136.09228515625,136.72396850585938,149213696
2026-01-09 19:00:00+00:00,136.71005249023438,136.71005249023438,135.43765258789062,135.78961181640625,0
2026-01-09 20:00:00+00:00,135.7736053466797,135.8187255859375,135.0894317626953,135.58609008789062,65610752
2026-01-09 21:00:00+00:00,135.55563354492188,136.12002563476562,135.435546875,135.86441040039062,0
2026-01-09 22:00:00+00:00,135.8577423095703,135.9766082763672,135.5214080810547,135.94442749023438,0
2026-01-09 23:00:00+00:00,135.95252990722656,136.1595916748047,135.75149536132812,135.75704956054688,394752
2026-01-10 00:00:00+00:00,135.76637268066406,135.8802032470703,135.62136840820312,135.65489196777344,0
2026-01-10 01:00:00+00:00,135.66041564941406,136.28330993652344,135.66041564941406,136.28330993652344,0
2026-01-10 02:00:00+00:00,136.2819366455078,136.36566162109375,135.86695861816406,136.1024627685547,0
2026-01-10 03:00:00+00:00,136.17686462402344,136.17686462402344,135.84788513183594,136.06036376953125,0
2026-01-10 04:00:00+00:00,136.0465850830078,136.0465850830078,135.64930725097656,135.6934814453125,0
2026-01-10 05:00:00+00:00,135.6875762939453,136.1022491455078,135.6617889404297,135.968505859375,0
2026-01-10 06:00:00+00:00,135.96893310546875,135.99473571777344,135.68368530273438,135.86666870117188,0
2026-01-10 07:00:00+00:00,135.86509704589844,136.02247619628906,135.83990478515625,135.92327880859375,0
2026-01-10 08:00:00+00:00,135.92283630371094,136.06063842773438,135.8740234375,136.0077362060547,0
2026-01-10 09:00:00+00:00,136.00875854492188,136.38400268554688,135.97840881347656,136.38064575195312,0
2026-01-10 10:00:00+00:00,136.38803100585938,136.81350708007812,136.34823608398438,136.7588348388672,7708160
2026-01-10 11:00:00+00:00,136.7744903564453,136.79586791992188,136.32814025878906,136.33737182617188,0
2026-01-10 12:00:00+00:00,136.33969116210938,136.7543487548828,136.33969116210938,136.4527130126953,0
2026-01-10 13:00:00+00:00,136.45465087890625,136.46389770507812,136.1464385986328,136.23452758789062,0
2026-01-10 14:00:00+00:00,136.2338104248047,136.2338104248047,135.9181671142578,135.95631408691406,0
2026-01-10 15:00:00+00:00,135.95932006835938,136.298583984375,135.95932006835938,136.26304626464844,0
2026-01-10 16:00:00+00:00,136.26107788085938,136.4152069091797,136.08628845214844,136.26678466796875,0
2026-01-10 17:00:00+00:00,136.26861572265625,136.48976135253906,136.0574188232422,136.0574188232422,0
2026-01-10 18:00:00+00:00,136.04995727539062,136.08349609375,135.84490966796875,136.03067016601562,0
2026-01-10 19:00:00+00:00,136.0292510986328,136.0292510986328,135.8768310546875,135.95518493652344,0
2026-01-10 20:00:00+00:00,135.98800659179688,136.06883239746094,135.8650665283203,135.89437866210938,0
2026-01-10 21:00:00+00:00,135.8963623046875,135.90234375,135.6464385986328,135.64688110351562,0
2026-01-10 22:00:00+00:00,135.64723205566406,135.7052001953125,135.29737854003906,135.48818969726562,0
2026-01-10 23:00:00+00:00,135.4576416015625,135.84881591796875,135.42230224609375,135.72767639160156,0
2026-01-11 00:00:00+00:00,135.72677612304688,136.22389221191406,135.6424102783203,136.22389221191406,0
2026-01-11 01:00:00+00:00,136.2239227294922,136.2765350341797,135.995361328125,136.10255432128906,0
2026-01-11 02:00:00+00:00,136.10443115234375,136.2399139404297,135.92660522460938,135.93638610839844,0
2026-01-11 03:00:00+00:00,135.91334533691406,136.1147003173828,135.76397705078125,136.11082458496094,0
2026-01-11 04:00:00+00:00,136.1056671142578,136.166015625,135.8734893798828,136.03680419921875,0
2026-01-11 05:00:00+00:00,136.03823852539062,136.1371612548828,135.8915252685547,136.12962341308594,6263040
2026-01-11 06:00:00+00:00,136.13113403320312,136.15216064453125,135.82049560546875,135.98391723632812,4006528
2026-01-11 07:00:00+00:00,135.97947692871094,136.0363006591797,135.88194274902344,136.00074768066406,0
2026-01-11 08:00:00+00:00,136.0016326904297,136.66415405273438,135.990478515625,136.6383056640625,38759040
2026-01-11 09:00:00+00:00,136.64041137695312,136.64041137695312,136.27857971191406,136.30426025390625,14810496
2026-01-11 10:00:00+00:00,136.30320739746094,136.45394897460938,136.2220001220703,136.43795776367188,0
2026-01-11 11:00:00+00:00,136.43138122558594,136.5937957763672,136.3871612548828,136.39781188964844,0
2026-01-11 12:00:00+00:00,136.39205932617188,136.88536071777344,136.38800048828125,136.8740997314453,19098240
2026-01-11 13:00:00+00:00,136.88243103027344,137.10824584960938,136.8439483642578,137.0263671875,29888896
2026-01-11 14:00:00+00:00,137.0396728515625,138.76763916015625,137.0396728515625,138.76763916015625,106695040
2026-01-11 15:00:00+00:00,138.80029296875,139.18795776367188,137.90357971191406,138.03912353515625,225292544
2026-01-11 16:00:00+00:00,138.04510498046875,141.0433807373047,138.04510498046875,139.80523681640625,505485184
2026-01-11 17:00:00+00:00,139.81272888183594,139.86981201171875,138.91915893554688,139.49021911621094,129147392
2026-01-11 18:00:00+00:00,139.5000457763672,139.9137420654297,139.0207977294922,139.90794372558594,20929792
2026-01-11 19:00:00+00:00,139.8950653076172,139.8950653076172,139.05784606933594,139.31417846679688,78658304
2026-01-11 20:00:00+00:00,139.31246948242188,139.31246948242188,137.90313720703125,138.39804077148438,193617920
2026-01-11 21:00:00+00:00,138.38809204101562,138.5691680908203,137.85317993164062,138.55767822265625,71164160
2026-01-11 22:00:00+00:00,138.5488739013672,138.5488739013672,137.61827087402344,138.11053466796875,40264448
2026-01-11 23:00:00+00:00,138.09906005859375,139.49087524414062,137.6100616455078,139.49087524414062,192184832
2026-01-12 00:00:00+00:00,139.48037719726562,140.8179168701172,138.85972595214844,140.8179168701172,387764224
2026-01-12 01:00:00+00:00,140.82069396972656,141.6054229736328,140.82069396972656,140.98948669433594,354385920
2026-01-12 02:00:00+00:00,140.97207641601562,142.3953857421875,140.91773986816406,142.33740234375,210249472
2026-01-12 03:00:00+00:00,142.33038330078125,143.8806915283203,142.33038330078125,142.53993225097656,331812608
2026-01-12 04:00:00+00:00,142.54454040527344,142.78611755371094,142.40838623046875,142.61810302734375,100944384
2026-01-12 05:00:00+00:00,142.61477661132812,142.8889617919922,142.44932556152344,142.5740203857422,373929472
2026-01-12 06:00:00+00:00,142.5701446533203,143.04258728027344,141.7852325439453,141.8000946044922,109139968
2026-01-12 07:00:00+00:00,141.7896270751953,142.216552734375,141.29872131347656,141.29872131347656,0
2026-01-12 08:00:00+00:00,141.28317260742188,141.7093048095703,139.15365600585938,139.82424926757812,224095744
2026-01-12 09:00:00+00:00,139.8296356201172,139.93875122070312,139.31674194335938,139.3174591064453,153832960
2026-01-12 10:00:00+00:00,139.42843627929688,139.8715057373047,139.02980041503906,139.02980041503906,109082112
2026-01-12 11:00:00+00:00,139.04429626464844,139.8931427001953,139.04429626464844,139.88491821289062,75935744
2026-01-12 12:00:00+00:00,139.89071655273438,140.01914978027344,139.63607788085938,139.63607788085938,32600576
2026-01-12 13:00:00+00:00,139.64044189453125,139.79043579101562,139.45310974121094,139.59515380859375,14979072
2026-01-12 14:00:00+00:00,139.5909423828125,140.2705078125,139.02755737304688,140.19699096679688,150386176
2026-01-12 15:00:00+00:00,140.21351623535156,142.42601013183594,140.0840606689453,142.40902709960938,78438912
2026-01-12 16:00:00+00:00,142.39105224609375,143.88153076171875,142.34226989746094,143.0393829345703,0
2026-01-12 17:00:00+00:00,143.0189666748047,143.47483825683594,141.49716186523438,141.75634765625,137386496
2026-01-12 18:00:00+00:00,141.7661590576172,142.55618286132812,140.69869995117188,141.14443969726562,168676352
2026-01-12 19:00:00+00:00,141.1240692138672,141.29815673828125,140.78758239746094,141.08604431152344,33850880
2026-01-12 20:00:00+00:00,141.07701110839844,141.40753173828125,139.9932098388672,139.99778747558594,0
2026-01-12 21:00:00+00:00,140.04331970214844,140.0653533935547,138.42665100097656,138.442138671875,100302848
2026-01-12 22:00:00+00:00,138.54580688476562,139.523681640625,138.54580688476562,139.13014221191406,84336640
2026-01-12 23:00:00+00:00,139.12741088867188,139.26600646972656,138.63992309570312,139.13543701171875,0
2026-01-13 00:00:00+00:00,139.12864685058594,139.15206909179688,138.79637145996094,139.03370666503906,0
2026-01-13 01:00:00+00:00,139.03778076171875,139.30844116210938,138.3886260986328,138.72561645507812,0
2026-01-13 02:00:00+00:00,138.73208618164062,138.98497009277344,138.18296813964844,138.38671875,0
2026-01-13 03:00:00+00:00,138.37644958496094,138.51736450195312,137.81849670410156,138.51736450195312,0
2026-01-13 04:00:00+00:00,138.5112762451172,138.88153076171875,138.34593200683594,138.88153076171875,205053952
2026-01-13 05:00:00+00:00,138.88626098632812,139.988525390625,138.80166625976562,139.83908081054688,162727936
2026-01-13 06:00:00+00:00,139.79054260253906,140.5088653564453,139.79054260253906,140.4738311767578,0
2026-01-13 07:00:00+00:00,140.47959899902344,140.47959899902344,139.94700622558594,139.94903564453125,0
2026-01-13 08:00:00+00:00,139.91268920898438,141.55690002441406,139.91268920898438,141.48255920410156,0
2026-01-13 09:00:00+00:00,141.47657775878906,142.50254821777344,141.39474487304688,141.82518005371094,134275584
2026-01-13 10:00:00+00:00,141.84230041503906,142.22238159179688,141.6776885986328,142.0015411376953,94709248
2026-01-13 11:00:00+00:00,141.99903869628906,141.99903869628906,141.55862426757812,141.7733154296875,27043840
2026-01-13 12:00:00+00:00,141.76898193359375,142.08192443847656,141.4691162109375,142.08192443847656,14372352
2026-01-13 13:00:00+00:00,142.07638549804688,142.79953002929688,141.7384033203125,142.5209503173828,345091072
2026-01-13 14:00:00+00:00,142.3340606689453,143.3115692138672,141.89080810546875,142.08079528808594,52677120
2026-01-13 15:00:00+00:00,142.07655334472656,143.16539001464844,141.29989624023438,143.16297912597656,12832256
2026-01-13 16:00:00+00:00,143.41859436035156,143.94859313964844,142.9285888671875,143.4612274169922,0
2026-01-13 17:00:00+00:00,143.38864135742188,143.39834594726562,142.59539794921875,142.75003051757812,0
2026-01-13 18:00:00+00:00,142.72621154785156,143.48190307617188,142.72621154785156,143.27943420410156,0
2026-01-13 19:00:00+00:00,143.28533935546875,144.19309997558594,143.12779235839844,144.19309997558594,30992896
2026-01-13 20:00:00+00:00,144.21299743652344,144.27471923828125,143.10154724121094,143.39776611328125,76189696
2026-01-13 21:00:00+00:00,143.44044494628906,144.14785766601562,143.41116333007812,143.41116333007812,0
2026-01-13 22:00:00+00:00,143.38536071777344,147.3013153076172,143.38536071777344,146.86781311035156,727191040
2026-01-13 23:00:00+00:00,146.85716247558594,147.21090698242188,144.80125427246094,145.36163330078125,231283712
2026-01-14 00:00:00+00:00,145.36993408203125,145.5116424560547,144.4726104736328,145.07115173339844,108938752
2026-01-14 01:00:00+00:00,144.96153259277344,145.94898986816406,144.96153259277344,145.65704345703125,62556672
2026-01-14 02:00:00+00:00,145.65272521972656,146.16273498535156,145.30992126464844,145.31793212890625,0
2026-01-14 03:00:00+00:00,145.3423614501953,146.061279296875,145.30792236328125,146.032470703125,69185536
2026-01-14 04:00:00+00:00,146.1090850830078,146.1470947265625,144.81289672851562,144.81289672851562,149264896
2026-01-14 05:00:00+00:00,144.8240203857422,144.9924774169922,144.41635131835938,144.41831970214844,0
2026-01-14 06:00:00+00:00,144.4159393310547,144.58380126953125,143.94114685058594,144.58380126953125,40918528
2026-01-14 07:00:00+00:00,144.58924865722656,144.93006896972656,144.15924072265625,144.73773193359375,89955328
2026-01-14 08:00:00+00:00,144.74562072753906,145.01849365234375,144.65591430664062,144.85618591308594,0
2026-01-14 09:00:00+00:00,144.8582000732422,145.48736572265625,144.85003662109375,145.380859375,0
2026-01-14 10:00:00+00:00,145.38677978515625,145.59835815429688,144.69320678710938,144.81398010253906,0
2026-01-14 11:00:00+00:00,144.7055206298828,144.7055206298828,143.5248565673828,143.5248565673828,20188160
2026-01-14 12:00:00+00:00,143.5811767578125,144.57818603515625,143.5811767578125,144.52333068847656,51789312
2026-01-14 13:00:00+00:00,144.5226593017578,144.697509765625,144.0311279296875,144.0736541748047,0
2026-01-14 14:00:00+00:00,144.07635498046875,147.12307739257812,144.07635498046875,146.9236297607422,144680448
2026-01-14 15:00:00+00:00,146.88746643066406,147.11282348632812,146.12232971191406,146.88124084472656,148383232
2026-01-14 16:00:00+00:00,146.9019317626953,148.19947814941406,146.9019317626953,147.1114044189453,112271872
2026-01-14 17:00:00+00:00,147.11256408691406,147.42466735839844,146.06219482421875,146.06219482421875,80602624
2026-01-14 18:00:00+00:00,146.06723022460938,147.24900817871094,145.589599609375,146.4805908203125,91403264
2026-01-14 19:00:00+00:00,146.44186401367188,147.0733642578125,146.2654266357422,146.6771240234375,80222720
2026-01-14 20:00:00+00:00,146.69476318359375,147.62576293945312,146.69476318359375,147.42633056640625,26655232
2026-01-14 21:00:00+00:00,147.44740295410156,147.44866943359375,146.55462646484375,146.56549072265625,0
2026-01-14 22:00:00+00:00,146.7030029296875,146.97775268554688,146.01687622070312,146.10113525390625,0
2026-01-14 23:00:00+00:00,146.11904907226562,146.7969512939453,146.11904907226562,146.75563049316406,0
2026-01-15 00:00:00+00:00,146.7583770751953,146.7583770751953,145.58889770507812,145.76596069335938,0
2026-01-15 01:00:00+00:00,145.8057098388672,146.39520263671875,144.92315673828125,145.0829620361328,0
2026-01-15 02:00:00+00:00,145.12586975097656,145.4005126953125,144.40109252929688,144.40109252929688,0
2026-01-15 03:00:00+00:00,144.41726684570312,144.56512451171875,143.2936553955078,143.31301879882812,33227776
2026-01-15 04:00:00+00:00,143.32894897460938,144.3235626220703,143.32894897460938,144.29425048828125,0
2026-01-15 05:00:00+00:00,144.3063507080078,144.6997528076172,144.3063507080078,144.50338745117188,0
2026-01-15 06:00:00+00:00,144.53550720214844,144.72940063476562,144.08567810058594,144.2054443359375,0
2026-01-15 07:00:00+00:00,144.20852661132812,145.05284118652344,144.15049743652344,144.84219360351562,0
2026-01-15 08:00:00+00:00,144.8670196533203,145.0723876953125,144.18560791015625,144.8166961669922,27894272
2026-01-15 09:00:00+00:00,144.82237243652344,145.86834716796875,144.54388427734375,145.77639770507812,30485504
2026-01-15 10:00:00+00:00,145.7562255859375,145.7562255859375,145.2452392578125,145.3834228515625,0
2026-01-15 11:00:00+00:00,145.37977600097656,145.5396270751953,144.81817626953125,144.81817626953125,0
2026-01-15 12:00:00+00:00,144.8177490234375,144.96902465820312,144.38856506347656,144.8709716796875,0
2026-01-15 13:00:00+00:00,144.8848114013672,145.1672821044922,144.55287170410156,145.1229248046875,0
2026-01-15 14:00:00+00:00,145.12908935546875,145.51536560058594,143.5138702392578,143.94515991210938,0
2026-01-15 15:00:00+00:00,143.96469116210938,144.03488159179688,142.07423400878906,142.6068572998047,0
2026-01-15 16:00:00+00:00,142.72317504882812,143.73194885253906,142.72317504882812,143.6879425048828,0
2026-01-15 17:00:00+00:00,143.6707000732422,143.97059631347656,142.684326171875,142.70298767089844,0
2026-01-15 18:00:00+00:00,142.642333984375,142.81375122070312,141.60336303710938,141.7686004638672,0
2026-01-15 19:00:00+00:00,141.76773071289062,141.76773071289062,141.03707885742188,141.4662322998047,0
2026-01-15 20:00:00+00:00,141.45330810546875,141.70834350585938,141.19284057617188,141.41021728515625,0
2026-01-15 21:00:00+00:00,141.40257263183594,142.1683807373047,141.35519409179688,141.99392700195312,0
2026-01-15 22:00:00+00:00,142.01028442382812,142.41400146484375,142.01028442382812,142.27748107910156,0
2026-01-15 23:00:00+00:00,142.29115295410156,142.5001678466797,142.09164428710938,142.3328857421875,0
2026-01-16 00:00:00+00:00,142.33343505859375,142.69903564453125,142.30047607421875,142.5021514892578,0
2026-01-16 01:00:00+00:00,142.49993896484375,142.49993896484375,142.01551818847656,142.39480590820312,0
2026-01-16 02:00:00+00:00,142.3865966796875,142.3865966796875,141.73617553710938,142.0968780517578,0
2026-01-16 03:00:00+00:00,142.10400390625,142.33755493164062,141.91603088378906,141.91603088378906,0
2026-01-16 04:00:00+00:00,141.9147491455078,142.54071044921875,141.4625701904297,141.4625701904297,0
2026-01-16 05:00:00+00:00,141.4970703125,143.19744873046875,141.4970703125,143.1770782470703,91187200
2026-01-16 06:00:00+00:00,143.16688537597656,143.28836059570312,142.77218627929688,143.2758026123047,0
2026-01-16 07:00:00+00:00,143.28195190429688,143.28195190429688,142.63055419921875,142.8208770751953,0
2026-01-16 08:00:00+00:00,142.82879638671875,143.3074951171875,142.82879638671875,143.1043243408203,0
2026-01-16 09:00:00+00:00,143.0971221923828,143.28565979003906,142.9251251220703,143.07911682128906,0
2026-01-16 10:00:00+00:00,143.0703582763672,143.0703582763672,142.71282958984375,142.9781951904297,0
2026-01-16 11:00:00+00:00,142.98959350585938,143.2747802734375,142.87628173828125,143.0583038330078,18004224
2026-01-16 12:00:00+00:00,143.05958557128906,143.71018981933594,143.05958557128906,143.52590942382812,4256256
2026-01-16 13:00:00+00:00,143.53807067871094,143.56434631347656,142.82081604003906,142.9860382080078,0
2026-01-16 14:00:00+00:00,142.9867706298828,143.4817657470703,142.8683319091797,143.10769653320312,0
2026-01-16 15:00:00+00:00,143.09304809570312,143.4639892578125,140.46063232421875,140.77264404296875,0
2026-01-16 16:00:00+00:00,140.76791381835938,141.83071899414062,140.7178192138672,141.69459533691406,0
2026-01-16 17:00:00+00:00,141.7158966064453,142.99229431152344,141.54788208007812,142.99229431152344,0
2026-01-16 18:00:00+00:00,143.03628540039062,143.7269744873047,143.025390625,143.52157592773438,0
2026-01-16 19:00:00+00:00,143.5061798095703,144.35882568359375,143.083740234375,144.1251983642578,0
2026-01-16 20:00:00+00:00,144.12794494628906,144.70669555664062,143.59678649902344,144.70669555664062,0
2026-01-16 21:00:00+00:00,144.7550506591797,145.37611389160156,144.72219848632812,145.19390869140625,77237504
2026-01-16 22:00:00+00:00,145.1617889404297,145.1617889404297,144.6630096435547,144.84475708007812,57241344
2026-01-16 23:00:00+00:00,144.88851928710938,145.0760040283203,144.75375366210938,144.8601531982422,4495616
2026-01-17 00:00:00+00:00,144.85617065429688,144.85617065429688,144.22467041015625,144.26722717285156,0
2026-01-17 01:00:00+00:00,144.25131225585938,144.72152709960938,144.25131225585938,144.64285278320312,48015872
2026-01-17 02:00:00+00:00,144.6346893310547,144.6346893310547,144.24822998046875,144.49497985839844,0
2026-01-17 03:00:00+00:00,144.4955596923828,144.5213165283203,144.2465057373047,144.3282012939453,0
2026-01-17 04:00:00+00:00,144.32711791992188,144.39535522460938,144.22235107421875,144.3378143310547,0
2026-01-17 05:00:00+00:00,144.31716918945312,144.31716918945312,143.9095916748047,143.9095916748047,0
2026-01-17 06:00:00+00:00,143.9102783203125,143.94827270507812,143.7685089111328,143.82345581054688,0
2026-01-17 07:00:00+00:00,143.81597900390625,143.8649139404297,143.66517639160156,143.6996612548828,0
2026-01-17 08:00:00+00:00,143.68511962890625,144.16311645507812,143.6320037841797,144.1573486328125,0
2026-01-17 09:00:00+00:00,144.15664672851562,144.4951629638672,144.01441955566406,144.4330596923828,0
2026-01-17 10:00:00+00:00,144.43040466308594,144.53343200683594,143.9373779296875,143.9373779296875,6567168
2026-01-17 11:00:00+00:00,143.93092346191406,144.07667541503906,143.63087463378906,143.90464782714844,0
2026-01-17 12:00:00+00:00,143.90859985351562,143.93687438964844,143.70608520507812,143.71426391601562,0
2026-01-17 13:00:00+00:00,143.7107391357422,143.92657470703125,143.6397705078125,143.92520141601562,0
2026-01-17 14:00:00+00:00,143.934326171875,144.16270446777344,143.81890869140625,143.87448120117188,0
2026-01-17 15:00:00+00:00,143.8834686279297,144.07594299316406,143.72352600097656,144.07594299316406,0
2026-01-17 16:00:00+00:00,144.16317749023438,144.2231903076172,143.766845703125,143.83152770996094,0
2026-01-17 17:00:00+00:00,143.829833984375,144.16001892089844,143.8049774169922,143.9541778564453,0
2026-01-17 18:00:00+00:00,143.965576171875,144.1925506591797,143.965576171875,144.18711853027344,0
2026-01-17 19:00:00+00:00,144.19358825683594,144.42286682128906,144.10552978515625,144.21693420410156,0
2026-01-17 20:00:00+00:00,144.21449279785156,144.46189880371094,144.17039489746094,144.43524169921875,0
2026-01-17 21:00:00+00:00,144.43698120117188,144.46897888183594,144.2146453857422,144.2146453857422,0
2026-01-17 22:00:00+00:00,144.2186737060547,144.2186737060547,143.586181640625,143.77005004882812,0
2026-01-17 23:00:00+00:00,143.75694274902344,143.8905792236328,143.6538543701172,143.72593688964844,0
2026-01-18 00:00:00+00:00,143.7330780029297,143.8214569091797,143.2530059814453,143.25575256347656,0
2026-01-18 01:00:00+00:00,143.25599670410156,143.25599670410156,142.3487548828125,142.61993408203125,111538176
2026-01-18 02:00:00+00:00,142.64683532714844,142.94850158691406,142.15342712402344,142.3965606689453,73183232
2026-01-18 03:00:00+00:00,142.43008422851562,142.8072052001953,142.43008422851562,142.74249267578125,28171264
2026-01-18 04:00:00+00:00,142.7610626220703,142.8329315185547,142.64222717285156,142.8329315185547,3940224
2026-01-18 05:00:00+00:00,142.8308563232422,142.8540802001953,142.64576721191406,142.8395538330078,25626112
2026-01-18 06:00:00+00:00,142.8071746826172,142.91566467285156,142.59278869628906,142.61105346679688,47880576
2026-01-18 07:00:00+00:00,142.61341857910156,142.63600158691406,142.15245056152344,142.1542510986328,38640896
2026-01-18 08:00:00+00:00,142.14984130859375,142.38198852539062,141.96859741210938,142.38198852539062,31982080
2026-01-18 09:00:00+00:00,142.37855529785156,142.55039978027344,142.3775177001953,142.45806884765625,0
2026-01-18 10:00:00+00:00,142.45741271972656,142.4654083251953,142.18629455566406,142.42733764648438,0
2026-01-18 11:00:00+00:00,142.41595458984375,142.41595458984375,142.2143096923828,142.3715362548828,0
2026-01-18 12:00:00+00:00,142.37417602539062,142.3919219970703,142.1536102294922,142.20887756347656,0
2026-01-18 13:00:00+00:00,142.21192932128906,142.37789916992188,142.0166015625,142.3446502685547,11960320
2026-01-18 14:00:00+00:00,142.34390258789062,142.5355224609375,141.93470764160156,141.93470764160156,36387840
2026-01-18 15:00:00+00:00,141.92501831054688,142.02110290527344,141.64088439941406,141.94735717773438,6953984
2026-01-18 16:00:00+00:00,141.9488525390625,142.1220245361328,141.85409545898438,142.04942321777344,0
2026-01-18 17:00:00+00:00,142.03555297851562,142.18495178222656,141.89944458007812,142.1829376220703,58659072
2026-01-18 18:00:00+00:00,142.20379638671875,142.84800720214844,142.13600158691406,142.84149169921875,90325760
2026-01-18 19:00:00+00:00,142.81065368652344,143.0285186767578,142.18817138671875,142.1887969970703,84497152
2026-01-18 20:00:00+00:00,142.1961669921875,142.46273803710938,141.98973083496094,142.3334197998047,25575680
2026-01-18 21:00:00+00:00,142.3416748046875,142.6570281982422,142.3416748046875,142.64529418945312,0
2026-01-18 22:00:00+00:00,142.637939453125,142.89625549316406,142.51255798339844,142.7799530029297,53706752
2026-01-18 23:00:00+00:00,142.71707153320312,142.71707153320312,137.96302795410156,137.99720764160156,505377536
2026-01-19 00:00:00+00:00,137.97625732421875,137.97625732421875,133.40016174316406,133.63375854492188,1498474752
2026-01-19 01:00:00+00:00,133.6635284423828,134.2948760986328,133.6127471923828,133.67300415039062,133964800
2026-01-19 02:00:00+00:00,133.6914825439453,133.86412048339844,133.61041259765625,133.76853942871094,58340352
2026-01-19 03:00:00+00:00,133.7716064453125,134.00604248046875,133.73037719726562,133.89353942871094,73582592
2026-01-19 04:00:00+00:00,133.8928680419922,133.95761108398438,133.56231689453125,133.77149963378906,89536000
2026-01-19 05:00:00+00:00,133.7593231201172,133.7593231201172,133.32785034179688,133.32785034179688,111162880
2026-01-19 06:00:00+00:00,133.32791137695312,133.33306884765625,132.81777954101562,133.14547729492188,73799680
2026-01-19 07:00:00+00:00,133.1593475341797,133.48822021484375,133.1593475341797,133.4528045654297,23330304
2026-01-19 08:00:00+00:00,133.44113159179688,133.87144470214844,133.30613708496094,133.804443359375,98417664
2026-01-19 09:00:00+00:00,133.80215454101562,133.869140625,133.60325622558594,133.6133270263672,79673856
2026-01-19 10:00:00+00:00,133.61814880371094,133.7187042236328,133.5133056640625,133.68482971191406,33849856
2026-01-19 11:00:00+00:00,133.6858367919922,134.15518188476562,133.6123809814453,134.03240966796875,76092416
2026-01-19 12:00:00+00:00,134.03997802734375,134.0545196533203,133.74844360351562,133.93362426757812,67935232
2026-01-19 13:00:00+00:00,133.95152282714844,134.0189971923828,133.6262969970703,133.67044067382812,10093568
2026-01-19 14:00:00+00:00,133.6693572998047,133.6693572998047,133.337158203125,133.47264099121094,0
2026-01-19 15:00:00+00:00,133.47625732421875,133.70729064941406,133.4329071044922,133.47499084472656,14482432
2026-01-19 16:00:00+00:00,133.4777069091797,134.37986755371094,133.46090698242188,134.37986755371094,62262784
2026-01-19 17:00:00+00:00,134.37974548339844,134.41053771972656,134.10874938964844,134.21022033691406,0
2026-01-19 18:00:00+00:00,134.2147674560547,134.29971313476562,133.89483642578125,134.19410705566406,0
2026-01-19 19:00:00+00:00,134.19534301757812,134.556884765625,134.19534301757812,134.3761749267578,0
2026-01-19 20:00:00+00:00,134.37442016601562,135.00534057617188,134.37442016601562,134.6079559326172,12867584
2026-01-19 21:00:00+00:00,134.60227966308594,134.82183837890625,134.07411193847656,134.11880493164062,23820800
2026-01-19 22:00:00+00:00,134.1116943359375,134.1116943359375,133.27532958984375,133.3892059326172,23597568
2026-01-19 23:00:00+00:00,133.31735229492188,133.71925354003906,132.9954071044922,133.33859252929688,0
2026-01-20 00:00:00+00:00,133.35018920898438,133.7614288330078,133.1114044189453,133.5966033935547,0
2026-01-20 01:00:00+00:00,133.60154724121094,134.13169860839844,133.4060821533203,133.91921997070312,0
2026-01-20 02:00:00+00:00,133.9210662841797,133.9210662841797,133.40994262695312,133.869873046875,0
2026-01-20 03:00:00+00:00,133.82174682617188,134.38270568847656,133.54397583007812,134.20164489746094,27041792
2026-01-20 04:00:00+00:00,134.19644165039062,134.19644165039062,133.28501892089844,133.32046508789062,0
2026-01-20 05:00:00+00:00,133.31967163085938,133.3353271484375,132.63697814941406,132.98165893554688,24382720
2026-01-20 06:00:00+00:00,132.9745330810547,132.9745330810547,131.1513671875,131.1513671875,178843904
2026-01-20 07:00:00+00:00,131.16236877441406,131.45123291015625,130.8252410888672,130.8252410888672,96114176
2026-01-20 08:00:00+00:00,130.8325653076172,130.8325653076172,128.55381774902344,128.74166870117188,425236480
2026-01-20 09:00:00+00:00,128.74916076660156,128.86114501953125,128.51963806152344,128.82571411132812,115608064
2026-01-20 10:00:00+00:00,128.81497192382812,129.16232299804688,128.7122802734375,128.77804565429688,53390080
2026-01-20 11:00:00+00:00,128.7838134765625,129.21517944335938,128.70240783691406,128.74237060546875,20560896
2026-01-20 12:00:00+00:00,128.7348175048828,129.2650909423828,128.70697021484375,129.23060607910156,31432704
2026-01-20 13:00:00+00:00,129.2322235107422,129.23460388183594,128.42913818359375,128.4315185546875,78344448
2026-01-20 14:00:00+00:00,128.401611328125,129.23068237304688,128.32781982421875,128.9091339111328,250497536
2026-01-20 15:00:00+00:00,128.83731079101562,128.83731079101562,127.42499542236328,127.49658966064453,310134784
2026-01-20 16:00:00+00:00,127.57351684570312,128.27012634277344,126.32907104492188,127.10335540771484,252099072
2026-01-20 17:00:00+00:00,127.05635833740234,127.65404510498047,126.5080795288086,126.95730590820312,143027200
2026-01-20 18:00:00+00:00,126.93453979492188,127.46538543701172,126.93453979492188,127.0135726928711,139633152
2026-01-20 19:00:00+00:00,126.98467254638672,127.28606414794922,126.65624237060547,127.06966400146484,78157312
2026-01-20 20:00:00+00:00,127.07476043701172,127.84009552001953,126.92366027832031,127.84009552001953,108696576
2026-01-20 21:00:00+00:00,127.75254821777344,127.75254821777344,126.92848205566406,126.92848205566406,53526528
2026-01-20 22:00:00+00:00,126.9129409790039,127.23314666748047,125.88667297363281,126.1194839477539,149314048
2026-01-20 23:00:00+00:00,126.0762939453125,126.19361877441406,125.68138122558594,125.70572662353516,28264960
2026-01-21 00:00:00+00:00,125.70457458496094,127.30072021484375,125.70457458496094,127.20012664794922,25712640
2026-01-21 01:00:00+00:00,127.19425201416016,127.61109161376953,127.17687225341797,127.23139190673828,67741696
2026-01-21 02:00:00+00:00,127.23201751708984,127.58548736572266,126.76358795166016,126.82746124267578,34388992
2026-01-21 03:00:00+00:00,126.81767272949219,127.57174682617188,126.80870819091797,127.44947052001953,0
2026-01-21 04:00:00+00:00,127.44947052001953,127.8507308959961,127.38400268554688,127.63352966308594,0
2026-01-21 05:00:00+00:00,127.63529968261719,128.538818359375,127.62466430664062,128.3761749267578,0
2026-01-21 06:00:00+00:00,128.38238525390625,128.3863983154297,128.06784057617188,128.08529663085938,0
2026-01-21 07:00:00+00:00,128.0888671875,128.27789306640625,127.4687271118164,127.47136688232422,0
2026-01-21 08:00:00+00:00,127.46780395507812,127.48003387451172,126.92132568359375,127.11915588378906,0
2026-01-21 09:00:00+00:00,127.10491180419922,127.54654693603516,127.04549407958984,127.3456802368164,0
2026-01-21 10:00:00+00:00,127.34479522705078,127.95597839355469,127.34479522705078,127.67051696777344,0
2026-01-21 11:00:00+00:00,127.66378784179688,127.7259521484375,126.98673248291016,126.98673248291016,0
2026-01-21 12:00:00+00:00,126.99183654785156,127.22314453125,126.42095184326172,127.2231216430664,102502912
2026-01-21 13:00:00+00:00,127.23926544189453,127.39934539794922,126.80811309814453,127.16011047363281,0
2026-01-21 14:00:00+00:00,127.11579895019531,129.46026611328125,126.96959686279297,129.46026611328125,148197376
2026-01-21 15:00:00+00:00,129.42616271972656,130.79766845703125,129.40142822265625,130.39224243164062,51300352
2026-01-21 16:00:00+00:00,130.38694763183594,130.38694763183594,126.13520812988281,126.13520812988281,20549120
2026-01-21 17:00:00+00:00,126.08939361572266,126.77172088623047,125.62632751464844,126.77172088623047,180201472
2026-01-21 18:00:00+00:00,126.78325653076172,127.57763671875,126.4952621459961,127.51659393310547,8862208
2026-01-21 19:00:00+00:00,127.54302215576172,131.35572814941406,127.16765594482422,131.35572814941406,378040832
2026-01-21 20:00:00+00:00,131.37939453125,131.41258239746094,130.13275146484375,130.96148681640625,132694528
2026-01-21 21:00:00+00:00,130.98721313476562,131.7999267578125,130.86572265625,130.98959350585938,81246720
2026-01-21 22:00:00+00:00,130.9656982421875,131.47610473632812,130.57920837402344,130.66741943359375,0
2026-01-21 23:00:00+00:00,130.65869140625,130.7578887939453,129.2105255126953,129.3789520263672,0
2026-01-22 00:00:00+00:00,129.37896728515625,130.16058349609375,129.37896728515625,130.0169219970703,0
2026-01-22 01:00:00+00:00,130.00692749023438,130.4061737060547,129.89366149902344,130.11997985839844,0
2026-01-22 02:00:00+00:00,130.1145782470703,130.39651489257812,129.73068237304688,129.73068237304688,0
2026-01-22 03:00:00+00:00,129.73080444335938,130.1160888671875,129.60206604003906,129.72015380859375,0
2026-01-22 04:00:00+00:00,129.7211456298828,130.3195343017578,129.7211456298828,130.29945373535156,0
2026-01-22 05:00:00+00:00,130.286376953125,130.286376953125,129.9054718017578,129.9054718017578,0
2026-01-22 06:00:00+00:00,129.93527221679688,130.2138214111328,129.69741821289062,130.21005249023438,0
2026-01-22 07:00:00+00:00,130.2069854736328,130.2478485107422,129.7213592529297,129.7213592529297,0
2026-01-22 08:00:00+00:00,129.71873474121094,129.9395294189453,129.4285125732422,129.87290954589844,0
2026-01-22 09:00:00+00:00,129.80581665039062,130.11337280273438,129.6341094970703,130.04835510253906,0
2026-01-22 10:00:00+00:00,130.04959106445312,130.16128540039062,129.98660278320312,130.0857391357422,0
2026-01-22 11:00:00+00:00,130.08729553222656,130.13829040527344,129.74752807617188,130.13829040527344,0
2026-01-22 12:00:00+00:00,130.11209106445312,130.24378967285156,129.95892333984375,129.9723663330078,0
2026-01-22 13:00:00+00:00,129.9695281982422,130.49163818359375,129.21092224121094,129.31396484375,33081344
2026-01-22 14:00:00+00:00,129.32408142089844,129.33511352539062,127.9326400756836,127.9326400756836,0
2026-01-22 15:00:00+00:00,127.90462493896484,128.05426025390625,126.85424041748047,127.26636505126953,0
2026-01-22 16:00:00+00:00,127.3051528930664,127.99547576904297,126.9590072631836,127.67770385742188,0
2026-01-22 17:00:00+00:00,127.71485137939453,128.53961181640625,127.68730163574219,128.53961181640625,0
2026-01-22 18:00:00+00:00,128.56524658203125,128.60232543945312,127.65045166015625,127.65045166015625,0
2026-01-22 19:00:00+00:00,127.65701293945312,129.1790008544922,127.58482360839844,129.1195526123047,0
2026-01-22 20:00:00+00:00,129.1494598388672,129.49388122558594,128.34056091308594,128.49327087402344,0
2026-01-22 21:00:00+00:00,128.4788818359375,128.81918334960938,128.31539916992188,128.35340881347656,0
2026-01-22 22:00:00+00:00,128.32652282714844,128.59909057617188,128.0531768798828,128.59848022460938,0
2026-01-22 23:00:00+00:00,128.5781707763672,128.5781707763672,128.09347534179688,128.28851318359375,0
2026-01-23 00:00:00+00:00,128.2960662841797,128.3310089111328,128.08953857421875,128.29721069335938,0
2026-01-23 01:00:00+00:00,128.298583984375,128.7172088623047,128.24468994140625,128.7172088623047,0
2026-01-23 02:00:00+00:00,128.77430725097656,128.77430725097656,128.11630249023438,128.11630249023438,23547392
2026-01-23 03:00:00+00:00,128.11558532714844,128.5864715576172,128.05653381347656,128.5864715576172,0
2026-01-23 04:00:00+00:00,128.5888214111328,129.06942749023438,128.52545166015625,129.0499725341797,36892160
2026-01-23 05:00:00+00:00,129.04104614257812,129.04104614257812,128.31851196289062,128.38710021972656,23777024
2026-01-23 06:00:00+00:00,128.42396545410156,128.93572998046875,127.54976654052734,127.54976654052734,75246336
2026-01-23 07:00:00+00:00,127.57454681396484,127.89671325683594,127.40826416015625,127.80055236816406,60228096
2026-01-23 08:00:00+00:00,127.809326171875,127.809326171875,126.99153137207031,127.02542877197266,17455360
2026-01-23 09:00:00+00:00,127.01557159423828,127.17137145996094,126.8751220703125,126.91319274902344,26003712
2026-01-23 10:00:00+00:00,126.92086791992188,127.25248718261719,126.91752624511719,127.1303939819336,24442880
2026-01-23 11:00:00+00:00,127.13385009765625,127.560791015625,127.12255096435547,127.45684051513672,0
2026-01-23 12:00:00+00:00,127.43659210205078,127.43659210205078,127.12033081054688,127.15853118896484,0
2026-01-23 13:00:00+00:00,127.14324188232422,127.17549133300781,126.81097412109375,126.81097412109375,0
2026-01-23 14:00:00+00:00,126.80696868896484,127.09290313720703,125.39065551757812,125.83644104003906,30362368
2026-01-23 15:00:00+00:00,125.8376235961914,127.49153137207031,125.71601867675781,127.46721649169922,0
2026-01-23 16:00:00+00:00,127.56778717041016,128.81068420410156,127.53050231933594,128.427978515625,0
2026-01-23 17:00:00+00:00,128.4170684814453,129.72817993164062,127.86884307861328,128.55966186523438,786382592
2026-01-23 18:00:00+00:00,128.51235961914062,129.2813720703125,128.36004638671875,129.00616455078125,44808192
2026-01-23 19:00:00+00:00,128.97686767578125,128.97686767578125,127.85637664794922,127.9435806274414,80474112
2026-01-23 20:00:00+00:00,127.93081665039062,128.0010223388672,126.75959014892578,126.9984359741211,32954112
2026-01-23 21:00:00+00:00,126.85964965820312,127.357421875,126.78675079345703,127.07111358642578,11648256
2026-01-23 22:00:00+00:00,127.07173156738281,127.68624114990234,127.04178619384766,127.4577407836914,0
2026-01-23 23:00:00+00:00,127.48004150390625,127.48004150390625,127.17853546142578,127.363037109375,23583232
2026-01-24 00:00:00+00:00,127.34194946289062,127.45632934570312,127.26594543457031,127.31676483154297,0
2026-01-24 01:00:00+00:00,127.26675415039062,127.353515625,127.21251678466797,127.34615325927734,0
2026-01-24 02:00:00+00:00,127.3475112915039,127.5460205078125,127.3475112915039,127.52267456054688,0
2026-01-24 03:00:00+00:00,127.52265167236328,127.89299774169922,127.52050018310547,127.70693969726562,0
2026-01-24 04:00:00+00:00,127.70990753173828,127.89928436279297,127.58638000488281,127.66348266601562,0
2026-01-24 05:00:00+00:00,127.65750122070312,127.6801986694336,127.5324478149414,127.59046936035156,0
2026-01-24 06:00:00+00:00,127.6067886352539,127.63011932373047,127.40908813476562,127.46727752685547,0
2026-01-24 07:00:00+00:00,127.46240997314453,127.4710464477539,126.97334289550781,127.0572509765625,7391488
2026-01-24 08:00:00+00:00,127.051025390625,127.15508270263672,126.8798599243164,127.15508270263672,0
2026-01-24 09:00:00+00:00,127.15869903564453,127.15869903564453,126.88046264648438,126.91043853759766,0
2026-01-24 10:00:00+00:00,126.9070816040039,127.01323699951172,126.81522369384766,127.01129150390625,0
2026-01-24 11:00:00+00:00,127.01071166992188,127.14734649658203,126.97981262207031,126.97981262207031,0
2026-01-24 12:00:00+00:00,126.97640991210938,127.14100646972656,126.94913482666016,127.13033294677734,0
2026-01-24 13:00:00+00:00,127.13031768798828,127.13031768798828,126.90750885009766,127.04691314697266,0
2026-01-24 14:00:00+00:00,127.03315734863281,127.03871154785156,126.83067321777344,126.9852294921875,0
2026-01-24 15:00:00+00:00,126.98704528808594,127.14938354492188,126.68092346191406,126.68092346191406,0
2026-01-24 16:00:00+00:00,126.67990112304688,126.90219116210938,126.56946563720703,126.86251831054688,0
2026-01-24 17:00:00+00:00,126.84272766113281,127.0794677734375,126.83866882324219,127.00484466552734,0
2026-01-24 18:00:00+00:00,127.04064178466797,127.23599243164062,127.02870178222656,127.20528411865234,0
2026-01-24 19:00:00+00:00,127.2039794921875,127.26494598388672,127.09417724609375,127.1758041381836,0
2026-01-24 20:00:00+00:00,127.16466522216797,127.28495025634766,127.10973358154297,127.11012268066406,0
2026-01-24 21:00:00+00:00,127.11074829101562,127.11074829101562,126.94750213623047,126.94859313964844,0
2026-01-24 22:00:00+00:00,126.95008087158203,127.43465423583984,126.95008087158203,127.43277740478516,0
2026-01-24 23:00:00+00:00,127.44654846191406,127.46542358398438,127.05250549316406,127.05250549316406,0
2026-01-25 00:00:00+00:00,127.04954528808594,127.22259521484375,126.807861328125,127.04476165771484,0
2026-01-25 01:00:00+00:00,127.06403350830078,127.17447662353516,126.81928253173828,126.89690399169922,9453056
2026-01-25 02:00:00+00:00,126.90702819824219,127.2026596069336,126.87007141113281,126.8702621459961,0
2026-01-25 03:00:00+00:00,126.87088775634766,126.914794921875,126.31095123291016,126.44446563720703,9891456
2026-01-25 04:00:00+00:00,126.44515228271484,126.77880859375,126.38257598876953,126.6797866821289,3194752
2026-01-25 05:00:00+00:00,126.66934967041016,126.717041015625,126.48382568359375,126.717041015625,0
2026-01-25 06:00:00+00:00,126.72996520996094,126.72996520996094,126.333251953125,126.5307388305664,12217344
2026-01-25 07:00:00+00:00,126.53299713134766,126.53299713134766,126.26132202148438,126.26536560058594,0
2026-01-25 08:00:00+00:00,126.26498413085938,126.56255340576172,126.02423095703125,126.10204315185547,41043328
2026-01-25 09:00:00+00:00,126.09223937988281,126.67935943603516,126.00650024414062,126.5103988647461,59056768
2026-01-25 10:00:00+00:00,126.50953674316406,126.9463119506836,126.49102020263672,126.8021011352539,20327552
2026-01-25 11:00:00+00:00,126.79637145996094,126.79637145996094,126.45892333984375,126.49736785888672,3468672
2026-01-25 12:00:00+00:00,126.53374481201172,126.79373168945312,126.49728393554688,126.79373168945312,23708160
2026-01-25 13:00:00+00:00,126.79611206054688,126.876708984375,126.36881256103516,126.79451751708984,17203328
2026-01-25 14:00:00+00:00,126.79267883300781,126.79267883300781,125.64147186279297,125.91321563720703,40588672
2026-01-25 15:00:00+00:00,125.88819885253906,126.05048370361328,125.48944091796875,125.48944091796875,39251840
2026-01-25 16:00:00+00:00,125.49688720703125,125.49688720703125,122.45989990234375,122.55549621582031,688658048
2026-01-25 17:00:00+00:00,122.55301666259766,122.63314056396484,121.60028076171875,122.09783172607422,260538368
2026-01-25 18:00:00+00:00,122.09500122070312,122.09500122070312,120.99131774902344,121.54016876220703,303022592
2026-01-25 19:00:00+00:00,121.53572845458984,121.53572845458984,117.689208984375,117.7602767944336,715446784
2026-01-25 20:00:00+00:00,117.76701354980469,118.2726058959961,117.59088134765625,118.12742614746094,795810816
2026-01-25 21:00:00+00:00,118.1196517944336,118.6513442993164,117.79181671142578,118.64386749267578,383294464
2026-01-25 22:00:00+00:00,118.65299224853516,118.67701721191406,117.9933090209961,118.2195816040039,140176384
2026-01-25 23:00:00+00:00,118.08921813964844,119.16454315185547,118.04676818847656,118.76600646972656,265342464
2026-01-26 00:00:00+00:00,118.77224731445312,119.5491714477539,118.69572448730469,119.5119857788086,113564672
2026-01-26 01:00:00+00:00,119.51947021484375,122.47151184082031,119.51947021484375,122.40523529052734,244224512
2026-01-26 02:00:00+00:00,122.39472198486328,122.39472198486328,121.28577423095703,121.92060089111328,111575040
2026-01-26 03:00:00+00:00,121.91658782958984,122.08232116699219,121.13349151611328,121.146728515625,56372736
2026-01-26 04:00:00+00:00,121.16661071777344,123.1801986694336,121.16661071777344,122.44898986816406,122591232
2026-01-26 05:00:00+00:00,122.46269989013672,122.64131164550781,122.32958984375,122.38191223144531,52992000
2026-01-26 06:00:00+00:00,122.37786102294922,122.50869750976562,122.11546325683594,122.35421752929688,50124800
2026-01-26 07:00:00+00:00,122.31401824951172,122.81504821777344,122.22103118896484,122.79786682128906,70094336
2026-01-26 08:00:00+00:00,122.78878021240234,123.11775970458984,122.2024154663086,122.56639099121094,63097856
2026-01-26 09:00:00+00:00,122.56661224365234,122.56661224365234,121.74151611328125,121.78054809570312,24650240
2026-01-26 10:00:00+00:00,121.82349395751953,122.49818420410156,121.82349395751953,122.34138488769531,57353728
2026-01-26 11:00:00+00:00,122.33831024169922,122.51213836669922,122.33831024169922,122.38931274414062,32794112
2026-01-26 12:00:00+00:00,122.38542175292969,122.74998474121094,122.29115295410156,122.4741439819336,45804032
2026-01-26 13:00:00+00:00,122.48313903808594,123.0571060180664,122.48313903808594,123.0571060180664,57537024
2026-01-26 14:00:00+00:00,123.03250122070312,123.72053527832031,122.69766998291016,123.3604965209961,194091008
2026-01-26 15:00:00+00:00,123.5095443725586,124.7544174194336,123.08705139160156,123.44084930419922,312987136
2026-01-26 16:00:00+00:00,123.4317626953125,124.55905151367188,123.36318969726562,124.31036376953125,0
2026-01-26 17:00:00+00:00,124.31280517578125,124.4326400756836,123.15027618408203,124.1590576171875,0
2026-01-26 18:00:00+00:00,124.1753158569336,125.04759979248047,124.05220031738281,124.51806640625,0
2026-01-26 19:00:00+00:00,124.55075073242188,124.80823516845703,124.14280700683594,124.2231674194336,0
2026-01-26 20:00:00+00:00,124.21585845947266,124.2727279663086,123.40271759033203,123.42672729492188,0
2026-01-26 21:00:00+00:00,123.43885803222656,124.5110855102539,123.43885803222656,124.44775390625,0
2026-01-26 22:00:00+00:00,124.45222473144531,124.59716033935547,124.28580474853516,124.50070190429688,0
2026-01-26 23:00:00+00:00,124.39958190917969,124.59262084960938,124.12541961669922,124.13898468017578,0
2026-01-27 00:00:00+00:00,124.10942840576172,124.19426727294922,123.83984375,123.98690795898438,0
2026-01-27 01:00:00+00:00,123.98615264892578,124.32748413085938,123.67980194091797,124.14363098144531,0
2026-01-27 02:00:00+00:00,124.20028686523438,124.89836883544922,124.20028686523438,124.88198852539062,0
2026-01-27 03:00:00+00:00,124.8963394165039,124.9342041015625,124.31938171386719,124.32087707519531,0
2026-01-27 04:00:00+00:00,124.32266235351562,124.75871276855469,124.25469970703125,124.27564239501953,0
2026-01-27 05:00:00+00:00,124.27305603027344,124.31246948242188,124.06171417236328,124.2296371459961,0
2026-01-27 06:00:00+00:00,124.25003814697266,124.4334487915039,123.92290496826172,124.05184936523438,0
2026-01-27 07:00:00+00:00,124.05596923828125,124.4322738647461,124.03736114501953,124.274169921875,0
2026-01-27 08:00:00+00:00,124.29591369628906,124.5649642944336,123.95179748535156,123.95179748535156,0
2026-01-27 09:00:00+00:00,123.95209503173828,123.95209503173828,123.4784927368164,123.6195068359375,0
2026-01-27 10:00:00+00:00,123.61640930175781,123.91065979003906,123.58467102050781,123.58621978759766,0
2026-01-27 11:00:00+00:00,123.57144927978516,124.00789642333984,123.55695343017578,123.95350646972656,0
2026-01-27 12:00:00+00:00,123.95681762695312,124.12321472167969,123.73920440673828,123.76663970947266,0
2026-01-27 13:00:00+00:00,123.77025604248047,123.77025604248047,123.06620025634766,123.06620025634766,0
2026-01-27 14:00:00+00:00,123.06886291503906,124.10911560058594,123.04535675048828,123.54556274414062,0
2026-01-27 15:00:00+00:00,123.52838897705078,124.59857177734375,123.46544647216797,124.59857177734375,0
2026-01-27 16:00:00+00:00,124.62570190429688,126.49801635742188,124.62570190429688,126.06401062011719,144154112
2026-01-27 17:00:00+00:00,126.08421325683594,126.11846923828125,123.5791244506836,123.83491516113281,92155392
2026-01-27 18:00:00+00:00,123.84342193603516,125.67424774169922,123.83281707763672,125.67424774169922,0
2026-01-27 19:00:00+00:00,125.59306335449219,125.95406341552734,125.4029541015625,125.6063461303711,40464896
2026-01-27 20:00:00+00:00,125.60511016845703,127.14470672607422,125.60511016845703,127.05183410644531,161628416
2026-01-27 21:00:00+00:00,127.10381317138672,127.62338256835938,126.91300964355469,126.91300964355469,64705792
2026-01-27 22:00:00+00:00,126.92747497558594,127.47531127929688,126.92747497558594,127.467041015625,35170560
2026-01-27 23:00:00+00:00,127.45833587646484,127.45833587646484,127.0533218383789,127.0533218383789,6352384
2026-01-28 00:00:00+00:00,127.05496978759766,127.06774139404297,126.5669174194336,127.01129150390625,14273792
2026-01-28 01:00:00+00:00,127.01825714111328,127.22702026367188,126.69577026367188,126.97616577148438,0
2026-01-28 02:00:00+00:00,126.96234893798828,127.07200622558594,126.79740142822266,126.83326721191406,0
2026-01-28 03:00:00+00:00,126.89457702636719,126.93909454345703,126.65907287597656,126.83191680908203,0
2026-01-28 04:00:00+00:00,126.77819061279297,126.7865982055664,126.39916229248047,126.61721801757812,0
2026-01-28 05:00:00+00:00,126.67963409423828,126.71327209472656,126.36688995361328,126.51996612548828,0
2026-01-28 06:00:00+00:00,126.53067779541016,127.28083038330078,126.53067779541016,127.26702117919922,27005696
2026-01-28 07:00:00+00:00,127.25834655761719,127.26033782958984,126.86666870117188,126.86666870117188,0
2026-01-28 08:00:00+00:00,126.86957550048828,126.9986801147461,126.56807708740234,126.57190704345703,0
2026-01-28 09:00:00+00:00,126.56433868408203,127.23064422607422,126.01852416992188,127.23064422607422,37866496
2026-01-28 10:00:00+00:00,127.24366760253906,127.52963256835938,127.17398834228516,127.17603302001953,64145408
2026-01-28 11:00:00+00:00,127.17448425292969,127.96034240722656,127.09326171875,127.94751739501953,72147712
2026-01-28 12:00:00+00:00,127.95451354980469,127.95451354980469,127.0210189819336,127.07794189453125,90345984
2026-01-28 13:00:00+00:00,127.07733154296875,127.48841094970703,126.86176300048828,127.15703582763672,113016832
2026-01-28 14:00:00+00:00,127.1701431274414,127.1701431274414,126.44718933105469,126.6612548828125,0
2026-01-28 15:00:00+00:00,126.67084503173828,126.85646057128906,125.71424102783203,125.97457122802734,66482944
2026-01-28 16:00:00+00:00,125.93183135986328,126.36398315429688,125.65132141113281,125.99824523925781,0
2026-01-28 17:00:00+00:00,125.97955322265625,126.70561218261719,125.42118072509766,126.5456314086914,0
2026-01-28 18:00:00+00:00,126.3358383178711,126.3358383178711,125.69764709472656,125.7713623046875,0
2026-01-28 19:00:00+00:00,125.78800201416016,126.10918426513672,125.3991470336914,126.06913757324219,76524288
2026-01-28 20:00:00+00:00,125.9428939819336,126.1639175415039,125.45709991455078,125.50935363769531,0
2026-01-28 21:00:00+00:00,125.47199249267578,125.58863067626953,124.89859771728516,125.55292510986328,0
2026-01-28 22:00:00+00:00,125.42654418945312,125.61373901367188,125.06912231445312,125.48963928222656,0
2026-01-28 23:00:00+00:00,125.50505065917969,125.52420043945312,124.98770904541016,125.11925506591797,538368
2026-01-29 00:00:00+00:00,125.1065902709961,125.1065902709961,124.53865051269531,124.79914093017578,5775104
2026-01-29 01:00:00+00:00,124.81929779052734,124.99462127685547,124.17841339111328,124.17841339111328,30514688
2026-01-29 02:00:00+00:00,124.15370178222656,124.4546890258789,123.14691162109375,123.29225158691406,135021568
2026-01-29 03:00:00+00:00,123.29988861083984,123.4570541381836,122.58840942382812,122.92842102050781,118594048
2026-01-29 04:00:00+00:00,122.91960906982422,123.28182220458984,122.5099105834961,123.24832153320312,26337792
2026-01-29 05:00:00+00:00,123.24349212646484,123.55378723144531,123.08157348632812,123.08304595947266,13752320
2026-01-29 06:00:00+00:00,123.07687377929688,123.48739624023438,123.06100463867188,123.38314819335938,0
2026-01-29 07:00:00+00:00,123.46307373046875,123.76603698730469,123.46307373046875,123.72930908203125,0
2026-01-29 08:00:00+00:00,123.68930053710938,123.68930053710938,123.04989624023438,123.06958770751953,7187968
2026-01-29 09:00:00+00:00,123.0730209350586,123.14892578125,122.90738677978516,122.95463562011719,169721344
2026-01-29 10:00:00+00:00,122.93425750732422,123.06222534179688,122.84024810791016,123.02742767333984,0
2026-01-29 11:00:00+00:00,123.02496337890625,123.02496337890625,122.57378387451172,122.68670654296875,0
2026-01-29 12:00:00+00:00,122.66094207763672,122.93001556396484,122.47959899902344,122.5572280883789,0
2026-01-29 13:00:00+00:00,122.57886505126953,122.89697265625,122.55421447753906,122.58942413330078,0
2026-01-29 14:00:00+00:00,122.60240173339844,122.85063171386719,120.68008422851562,120.68008422851562,85413888
2026-01-29 15:00:00+00:00,120.66022491455078,120.66022491455078,116.5293197631836,117.55960845947266,743435520
2026-01-29 16:00:00+00:00,117.56704711914062,118.31546020507812,116.84246826171875,118.31546020507812,358711808
2026-01-29 17:00:00+00:00,118.40045166015625,119.69988250732422,117.81331634521484,117.81331634521484,246822400
2026-01-29 18:00:00+00:00,117.81905364990234,117.92137145996094,115.72117614746094,115.72117614746094,389212160
2026-01-29 19:00:00+00:00,115.6981201171875,116.77295684814453,115.41664123535156,116.76905059814453,191331328
2026-01-29 20:00:00+00:00,116.75194549560547,117.08811950683594,116.46343231201172,116.89676666259766,81032192
2026-01-29 21:00:00+00:00,116.89048767089844,117.36764526367188,116.89048767089844,117.26143646240234,63133184
2026-01-29 22:00:00+00:00,117.25390625,117.5802993774414,117.25390625,117.5802993774414,39342592
2026-01-29 23:00:00+00:00,117.56236267089844,117.65676879882812,117.22804260253906,117.60324096679688,58453504
2026-01-30 00:00:00+00:00,117.61257934570312,117.86113739013672,117.46666717529297,117.58580780029297,17152512
2026-01-30 01:00:00+00:00,117.5667495727539,117.5667495727539,113.68367004394531,114.95484161376953,576458752
2026-01-30 02:00:00+00:00,114.96324157714844,115.09266662597656,112.96723175048828,113.81490325927734,312869376
2026-01-30 03:00:00+00:00,113.86186218261719,114.44462585449219,113.78324890136719,114.41986083984375,63289344
2026-01-30 04:00:00+00:00,114.38848114013672,115.5457992553711,114.28751373291016,115.49097442626953,154037760
2026-01-30 05:00:00+00:00,115.40974426269531,115.76606750488281,115.34721374511719,115.4265365600586,45750784
2026-01-30 06:00:00+00:00,115.40238189697266,115.40238189697266,113.23590850830078,113.68016815185547,139251712
2026-01-30 07:00:00+00:00,113.70142364501953,115.77556610107422,113.70142364501953,115.7070541381836,210301440
2026-01-30 08:00:00+00:00,115.71082305908203,115.82218933105469,115.12643432617188,115.2464370727539,42140672
2026-01-30 09:00:00+00:00,115.24012756347656,115.71971893310547,114.7650146484375,115.2190933227539,134402560
2026-01-30 10:00:00+00:00,115.2251968383789,115.72261810302734,115.04805755615234,115.67455291748047,96146432
2026-01-30 11:00:00+00:00,115.6846694946289,116.736083984375,115.6846694946289,116.67523956298828,4144128
2026-01-30 12:00:00+00:00,116.86441802978516,116.86441802978516,115.94322967529297,115.96160888671875,63742976
2026-01-30 13:00:00+00:00,116.00340270996094,116.04549407958984,115.47702026367188,115.49197387695312,95928832
2026-01-30 14:00:00+00:00,115.53244018554688,117.25016784667969,115.53244018554688,116.00548553466797,70329856
2026-01-30 15:00:00+00:00,116.01261138916016,116.7892074584961,114.82698059082031,116.48652648925781,0
2026-01-30 16:00:00+00:00,116.53893280029297,117.62037658691406,116.44535827636719,116.8659439086914,0
2026-01-30 17:00:00+00:00,116.87989807128906,117.44302368164062,116.54947662353516,116.62708282470703,0
2026-01-30 18:00:00+00:00,116.50687408447266,117.69609832763672,114.42594909667969,117.69609832763672,0
2026-01-30 19:00:00+00:00,117.81853485107422,118.84068298339844,117.81853485107422,118.53619384765625,15870976
2026-01-30 20:00:00+00:00,118.47638702392578,118.47638702392578,116.79215240478516,116.82441711425781,117616128
2026-01-30 21:00:00+00:00,116.86442565917969,117.655029296875,116.80227661132812,117.38050842285156,0
2026-01-30 22:00:00+00:00,117.36475372314453,117.36475372314453,116.49788665771484,117.11590576171875,0
2026-01-30 23:00:00+00:00,117.1439437866211,117.36829376220703,116.90388488769531,117.36463165283203,245248
2026-01-31 00:00:00+00:00,117.37153625488281,117.71385192871094,117.3235092163086,117.4303970336914,0
2026-01-31 01:00:00+00:00,117.42440032958984,118.10101318359375,117.40393829345703,118.01914978027344,0
2026-01-31 02:00:00+00:00,118.00651550292969,118.3105697631836,117.56424713134766,118.21092224121094,0
2026-01-31 03:00:00+00:00,118.20964813232422,118.36946105957031,118.10627746582031,118.16394805908203,0
2026-01-31 04:00:00+00:00,118.16596221923828,118.61029052734375,118.16596221923828,118.2404556274414,0
2026-01-31 05:00:00+00:00,118.24546813964844,118.48127746582031,117.90119934082031,118.40614318847656,0
2026-01-31 06:00:00+00:00,118.40937042236328,118.54240417480469,117.9175033569336,118.28192138671875,0
2026-01-31 07:00:00+00:00,118.28627014160156,118.3280258178711,117.14976501464844,117.15821075439453,0
2026-01-31 08:00:00+00:00,117.14556121826172,117.25323486328125,114.5482177734375,115.49894714355469,368196608
2026-01-31 09:00:00+00:00,115.48174285888672,116.38935089111328,115.4384765625,116.28265380859375,0
2026-01-31 10:00:00+00:00,116.24954986572266,116.69227600097656,115.99480438232422,116.61881256103516,0
2026-01-31 11:00:00+00:00,116.61305236816406,116.61305236816406,115.95281982421875,115.95281982421875,0
2026-01-31 12:00:00+00:00,115.93648529052734,115.94047546386719,115.09147644042969,115.09147644042969,0
2026-01-31 13:00:00+00:00,115.08975982666016,115.08975982666016,113.70154571533203,113.8069839477539,38963200
2026-01-31 14:00:00+00:00,113.83280944824219,114.17849731445312,108.61062622070312,108.99888610839844,723267072
2026-01-31 15:00:00+00:00,108.98774719238281,109.5836181640625,108.69142150878906,108.69142150878906,68639232
2026-01-31 16:00:00+00:00,108.72587585449219,109.26394653320312,106.11982727050781,106.15349578857422,446571520
2026-01-31 17:00:00+00:00,106.17910766601562,106.3191909790039,102.6983642578125,103.14676666259766,1193304576
2026-01-31 18:00:00+00:00,103.16659545898438,103.39645385742188,100.83002471923828,101.50372314453125,764370944
2026-01-31 19:00:00+00:00,101.61007690429688,102.97553253173828,101.61007690429688,101.98375701904297,263685120
2026-01-31 20:00:00+00:00,101.95833587646484,101.95833587646484,100.55450439453125,101.9492416381836,0
2026-01-31 21:00:00+00:00,101.94873809814453,103.47440338134766,101.6945571899414,103.41190338134766,211107840
2026-01-31 22:00:00+00:00,103.39027404785156,104.04893493652344,103.39027404785156,104.01240539550781,116072448
2026-01-31 23:00:00+00:00,103.9919204711914,105.9600830078125,103.92949676513672,105.44039916992188,271882240
2026-02-01 00:00:00+00:00,105.44728088378906,106.08123016357422,105.36721801757812,105.6493911743164,24365056
2026-02-01 01:00:00+00:00,105.62750244140625,105.62750244140625,104.32337188720703,104.96644592285156,45999104
2026-02-01 02:00:00+00:00,104.96754455566406,105.71610260009766,104.81794738769531,105.65140533447266,8581120
2026-02-01 03:00:00+00:00,105.653564453125,105.653564453125,104.63302612304688,104.793701171875,309248
2026-02-01 04:00:00+00:00,104.80532836914062,105.28801727294922,104.7437515258789,105.22073364257812,8841216
2026-02-01 05:00:00+00:00,105.206787109375,105.47592163085938,104.5666732788086,104.5687484741211,0
2026-02-01 06:00:00+00:00,104.57671356201172,105.22417449951172,104.57671356201172,105.07073974609375,0
2026-02-01 07:00:00+00:00,105.06494903564453,105.79415893554688,104.1452407836914,105.2357406616211,43565056
2026-02-01 08:00:00+00:00,105.24309539794922,105.86026000976562,104.95060729980469,105.42933654785156,0
2026-02-01 09:00:00+00:00,105.4319839477539,105.59431457519531,104.97998046875,105.59431457519531,0
2026-02-01 10:00:00+00:00,105.5662841796875,105.66764831542969,103.97526550292969,103.9852066040039,28123136
2026-02-01 11:00:00+00:00,103.97870635986328,105.19258117675781,103.79446411132812,104.98712158203125,62971904
2026-02-01 12:00:00+00:00,104.97827911376953,104.97827911376953,104.2480239868164,104.75717163085938,0
2026-02-01 13:00:00+00:00,104.72748565673828,106.18352508544922,104.26296997070312,104.28266143798828,0
2026-02-01 14:00:00+00:00,104.314208984375,104.44473266601562,102.01036834716797,103.05257415771484,0
2026-02-01 15:00:00+00:00,102.97295379638672,102.97295379638672,100.57286071777344,101.58582305908203,0
2026-02-01 16:00:00+00:00,101.57473754882812,102.39517974853516,101.38092041015625,101.75117492675781,0
2026-02-01 17:00:00+00:00,101.7743148803711,102.02056884765625,101.30216979980469,101.97726440429688,0
2026-02-01 18:00:00+00:00,102.29669189453125,103.79253387451172,102.29669189453125,103.13787078857422,0
2026-02-01 19:00:00+00:00,103.22433471679688,103.3359146118164,101.64268493652344,101.65267181396484,0
2026-02-01 20:00:00+00:00,101.69490814208984,102.3081283569336,100.39179229736328,101.49876403808594,0
2026-02-01 21:00:00+00:00,101.50777435302734,101.50777435302734,100.33817291259766,100.6396484375,0
2026-02-01 22:00:00+00:00,100.82217407226562,102.3428955078125,100.82217407226562,101.9774398803711,12484096
2026-02-01 23:00:00+00:00,101.89421081542969,101.89421081542969,98.63439178466797,100.8449478149414,326388736
2026-02-02 00:00:00+00:00,100.79875183105469,102.53463745117188,100.38478088378906,102.13579559326172,168081920
2026-02-02 01:00:00+00:00,102.15437316894531,102.65625762939453,100.73558807373047,102.13013458251953,92936192
2026-02-02 02:00:00+00:00,102.13170623779297,102.22183227539062,100.73102569580078,100.73102569580078,66408448
2026-02-02 03:00:00+00:00,100.71526336669922,100.71526336669922,96.43683624267578,99.90536499023438,658101760
2026-02-02 04:00:00+00:00,99.87364959716797,101.19444274902344,98.9054946899414,100.25093841552734,264723456
2026-02-02 05:00:00+00:00,100.22886657714844,100.22886657714844,97.9040298461914,98.22711181640625,210681856
2026-02-02 06:00:00+00:00,98.22693634033203,100.64825439453125,97.64751434326172,100.41624450683594,547463168
2026-02-02 07:00:00+00:00,100.41424560546875,101.8117446899414,100.41424560546875,101.5003890991211,228956160
2026-02-02 08:00:00+00:00,101.4587631225586,101.96378326416016,101.39786529541016,101.81804656982422,158851072
2026-02-02 09:00:00+00:00,101.78535461425781,102.84454345703125,101.59851837158203,102.73062896728516,128975360
2026-02-02 10:00:00+00:00,102.71842193603516,103.2030029296875,102.59976196289062,102.74964141845703,7027712
2026-02-02 11:00:00+00:00,102.75299072265625,103.19058990478516,102.75299072265625,102.83707427978516,0
2026-02-02 12:00:00+00:00,102.78540802001953,103.32173919677734,102.78540802001953,103.25067901611328,33340928
2026-02-02 13:00:00+00:00,103.22486114501953,103.34481811523438,102.81766510009766,103.26888275146484,0
2026-02-02 14:00:00+00:00,103.2718505859375,104.63554382324219,102.73777770996094,104.00912475585938,0
2026-02-02 15:00:00+00:00,103.9765853881836,105.67721557617188,103.88423156738281,104.5804214477539,88449024
2026-02-02 16:00:00+00:00,104.58430480957031,105.54186248779297,104.52119445800781,104.94190216064453,0
2026-02-02 17:00:00+00:00,104.93426513671875,105.43859100341797,104.58096313476562,104.69731903076172,4739584
2026-02-02 18:00:00+00:00,104.71372985839844,104.73405456542969,104.0218734741211,104.6911849975586,0
2026-02-02 19:00:00+00:00,104.69670867919922,104.69670867919922,103.62065124511719,103.84540557861328,0
2026-02-02 20:00:00+00:00,103.82616424560547,104.06927490234375,103.3675765991211,103.82335662841797,0
2026-02-02 21:00:00+00:00,103.84314727783203,104.81149291992188,103.84314727783203,104.75944519042969,0
2026-02-02 22:00:00+00:00,104.76124572753906,105.05162048339844,104.729248046875,104.84892272949219,0
2026-02-02 23:00:00+00:00,104.88441467285156,104.88441467285156,104.44970703125,104.47044372558594,0
2026-02-03 00:00:00+00:00,104.46784210205078,104.4738540649414,103.73987579345703,103.9440689086914,0
2026-02-03 01:00:00+00:00,103.95687103271484,104.21019744873047,103.57853698730469,104.21019744873047,0
2026-02-03 02:00:00+00:00,104.21776580810547,104.25760650634766,102.57612609863281,102.57612609863281,0
2026-02-03 03:00:00+00:00,102.45951080322266,104.15451049804688,102.3109130859375,104.15451049804688,0
2026-02-03 04:00:00+00:00,104.1129150390625,104.91204071044922,103.88318634033203,104.65316009521484,0
2026-02-03 05:00:00+00:00,104.60694122314453,104.60694122314453,103.68781280517578,103.78897857666016,0
2026-02-03 06:00:00+00:00,103.78684997558594,103.90322875976562,103.02073669433594,103.88663482666016,0
2026-02-03 07:00:00+00:00,103.88094329833984,104.62335205078125,103.8177261352539,104.58172607421875,0
2026-02-03 08:00:00+00:00,104.57494354248047,104.75901794433594,104.13436126708984,104.13436126708984,0
2026-02-03 09:00:00+00:00,104.13629150390625,104.13629150390625,102.60047149658203,103.14765930175781,0
2026-02-03 10:00:00+00:00,103.13275909423828,103.14459991455078,102.66468048095703,102.75753784179688,0
2026-02-03 11:00:00+00:00,102.77019500732422,103.18553924560547,102.77019500732422,103.0757827758789,0
2026-02-03 12:00:00+00:00,103.0644302368164,103.17616271972656,102.5297622680664,103.17616271972656,0
2026-02-03 13:00:00+00:00,103.1424560546875,103.24076080322266,102.84636688232422,103.24076080322266,0
2026-02-03 14:00:00+00:00,103.22392272949219,103.41015625,101.01750946044922,101.01750946044922,0
2026-02-03 15:00:00+00:00,101.00942993164062,102.30316162109375,100.57247161865234,102.2910385131836,12314368
2026-02-03 16:00:00+00:00,102.29566192626953,102.35586547851562,100.30646514892578,100.79780578613281,98972928
2026-02-03 17:00:00+00:00,100.75088500976562,100.7803955078125,99.09729766845703,99.1853256225586,124421888
2026-02-03 18:00:00+00:00,99.10640716552734,99.17534637451172,96.93373107910156,96.97268676757812,412741376
2026-02-03 19:00:00+00:00,96.96001434326172,99.56697845458984,96.81609344482422,99.01276397705078,412822528
2026-02-03 20:00:00+00:00,98.9867935180664,100.97516632080078,98.36183166503906,100.69955444335938,332963840
2026-02-03 21:00:00+00:00,100.84390258789062,101.4776382446289,100.06901550292969,100.07879638671875,153580032
2026-02-03 22:00:00+00:00,100.09715270996094,100.09715270996094,98.31901550292969,98.31901550292969,99077632
2026-02-03 23:00:00+00:00,98.3441162109375,98.38308715820312,97.52891540527344,97.56403350830078,188598272
2026-02-04 00:00:00+00:00,97.70941925048828,98.53158569335938,97.25259399414062,98.08372497558594,27031040
2026-02-04 01:00:00+00:00,98.043212890625,99.45185852050781,97.97537231445312,98.99073028564453,121154560
2026-02-04 02:00:00+00:00,98.98356628417969,98.98356628417969,97.43162536621094,97.67916107177734,2270208
2026-02-04 03:00:00+00:00,97.68016052246094,99.34257507324219,97.68016052246094,99.02029418945312,21017088
2026-02-04 04:00:00+00:00,99.01512145996094,99.11334991455078,98.06627655029297,98.06627655029297,0
2026-02-04 05:00:00+00:00,98.06253814697266,98.27839660644531,96.85086822509766,96.85397338867188,86052864
2026-02-04 06:00:00+00:00,96.85807800292969,98.45133972167969,96.85807800292969,98.24405670166016,100877824
2026-02-04 07:00:00+00:00,98.24308776855469,98.24308776855469,97.41791534423828,97.77886199951172,0
2026-02-04 08:00:00+00:00,97.7895278930664,97.7895278930664,96.82962799072266,97.46228790283203,34637824
2026-02-04 09:00:00+00:00,97.4903564453125,97.57318878173828,96.85111236572266,97.06727600097656,0
2026-02-04 10:00:00+00:00,97.05587768554688,97.05964660644531,96.81198120117188,96.92279815673828,18952704
2026-02-04 11:00:00+00:00,96.89063262939453,96.89063262939453,95.21429443359375,96.08080291748047,363095040
2026-02-04 12:00:00+00:00,96.03336334228516,96.44751739501953,95.9139175415039,96.32820129394531,15008768
2026-02-04 13:00:00+00:00,96.33435821533203,96.33435821533203,94.44902038574219,94.44902038574219,126652416
2026-02-04 14:00:00+00:00,94.44660949707031,94.59417724609375,93.42027282714844,93.56137084960938,176283136
2026-02-04 15:00:00+00:00,93.48924255371094,93.60102844238281,92.10783386230469,92.5915756225586,175800832
2026-02-04 16:00:00+00:00,92.59814453125,92.71519470214844,91.0603256225586,91.86004638671875,116288512
2026-02-04 17:00:00+00:00,91.85098266601562,92.12921142578125,90.3109130859375,91.0630111694336,185461760
2026-02-04 18:00:00+00:00,91.04362487792969,92.81057739257812,90.52154541015625,92.31053924560547,0
2026-02-04 19:00:00+00:00,92.26386260986328,94.27317810058594,92.24778747558594,94.27317810058594,0
2026-02-04 20:00:00+00:00,94.24693298339844,94.24693298339844,92.9555892944336,93.06885528564453,0
2026-02-04 21:00:00+00:00,93.07474517822266,93.07474517822266,90.6643295288086,90.79240417480469,19328000
2026-02-04 22:00:00+00:00,90.83078002929688,92.46052551269531,89.66462707519531,90.85426330566406,182274560
2026-02-04 23:00:00+00:00,90.85530853271484,92.4049301147461,90.35626220703125,92.03550720214844,43114496
2026-02-05 00:00:00+00:00,91.95540618896484,92.30732727050781,91.4569091796875,91.66900634765625,0
2026-02-05 01:00:00+00:00,91.66338348388672,92.36827850341797,90.79096221923828,91.7220458984375,71962624
2026-02-05 02:00:00+00:00,91.71807098388672,92.32662963867188,90.9975357055664,91.1567153930664,128893440
2026-02-05 03:00:00+00:00,90.86430358886719,91.14220428466797,90.38186645507812,90.9151382446289,99089408
2026-02-05 04:00:00+00:00,90.94176483154297,91.62232208251953,90.47216033935547,90.876708984375,235254784
2026-02-05 05:00:00+00:00,90.8881607055664,91.59913635253906,90.0223159790039,91.02205657958984,208700416
2026-02-05 06:00:00+00:00,91.00313568115234,91.00313568115234,89.7512435913086,90.02838897705078,87844352
2026-02-05 07:00:00+00:00,90.03057861328125,91.29975891113281,90.02936553955078,90.57029724121094,80262656
2026-02-05 08:00:00+00:00,90.56513214111328,92.0287857055664,90.52273559570312,91.75818634033203,71621632
2026-02-05 09:00:00+00:00,91.7282943725586,92.89727020263672,91.67272186279297,92.3708267211914,63982592
2026-02-05 10:00:00+00:00,92.36438751220703,92.36438751220703,90.09678649902344,90.122314453125,68242944
2026-02-05 11:00:00+00:00,90.14212799072266,90.49654388427734,88.91584777832031,89.57211303710938,0
2026-02-05 12:00:00+00:00,89.61004638671875,90.33082580566406,88.80216217041016,89.4142837524414,232966656
2026-02-05 13:00:00+00:00,89.39852905273438,89.5389633178711,88.19092559814453,88.40386199951172,18002944
2026-02-05 14:00:00+00:00,88.42015075683594,90.9082260131836,88.42015075683594,88.80255889892578,0
2026-02-05 15:00:00+00:00,88.79700469970703,88.79700469970703,83.9836196899414,84.4616470336914,450214400
2026-02-05 16:00:00+00:00,84.44915771484375,85.75213623046875,84.0546646118164,85.2393569946289,210971648
2026-02-05 17:00:00+00:00,85.29833221435547,85.3353500366211,82.6511001586914,82.65870666503906,80903168
2026-02-05 18:00:00+00:00,82.64427185058594,82.8366470336914,81.36226654052734,82.68824768066406,20489216
2026-02-05 19:00:00+00:00,82.77157592773438,82.77157592773438,81.51378631591797,81.51378631591797,0
2026-02-05 20:00:00+00:00,81.52992248535156,81.7489242553711,78.0549545288086,78.66158294677734,745241600
2026-02-05 21:00:00+00:00,78.6484375,80.39974212646484,78.6484375,78.67304229736328,394506240
2026-02-05 22:00:00+00:00,78.99231719970703,80.0526123046875,77.78353118896484,79.89012145996094,204160000
2026-02-05 23:00:00+00:00,79.8436050415039,81.16429901123047,78.18553161621094,78.18553161621094,125550592
2026-02-06 00:00:00+00:00,78.1999282836914,78.2977066040039,69.14134979248047,75.55033111572266,1823567872
2026-02-06 01:00:00+00:00,75.51258850097656,79.39178466796875,75.51258850097656,79.3514633178711,535730176
2026-02-06 02:00:00+00:00,79.34746551513672,79.75023651123047,76.54064178466797,76.5523681640625,238830592
2026-02-06 03:00:00+00:00,76.59822082519531,76.98109436035156,75.91387939453125,76.42039489746094,117314560
2026-02-06 04:00:00+00:00,76.48238372802734,77.76350402832031,76.30892181396484,77.67546844482422,818176
2026-02-06 05:00:00+00:00,77.67759704589844,81.2600326538086,77.66216278076172,81.115234375,87237632
2026-02-06 06:00:00+00:00,81.0949478149414,81.364013671875,79.5937728881836,79.5937728881836,38107136
2026-02-06 07:00:00+00:00,79.50894927978516,80.0997085571289,78.7390365600586,79.45512390136719,117968896
2026-02-06 08:00:00+00:00,79.46598815917969,79.9057388305664,78.89643096923828,78.99860382080078,94458880
2026-02-06 09:00:00+00:00,78.99637603759766,81.48078155517578,78.98796081542969,81.34323120117188,117749760
2026-02-06 10:00:00+00:00,81.34173583984375,81.59222412109375,80.82766723632812,80.8531265258789,54299648
2026-02-06 11:00:00+00:00,80.8426284790039,81.31346130371094,80.6255111694336,81.22555541992188,0
2026-02-06 12:00:00+00:00,81.21625518798828,81.65950012207031,80.9803695678711,81.65377044677734,0
2026-02-06 13:00:00+00:00,81.69985961914062,83.48773193359375,81.69985961914062,83.31697082519531,364926976
2026-02-06 14:00:00+00:00,83.30461883544922,84.67452239990234,82.0781478881836,83.97969818115234,155673600
2026-02-06 15:00:00+00:00,84.04169464111328,84.8121337890625,83.67829895019531,84.4337387084961,0
2026-02-06 16:00:00+00:00,84.4427490234375,87.10108184814453,84.27110290527344,86.49341583251953,0
2026-02-06 17:00:00+00:00,86.60710906982422,88.44293212890625,86.52869415283203,86.90808868408203,0
2026-02-06 18:00:00+00:00,86.88706970214844,86.88706970214844,85.50764465332031,86.20053100585938,0
2026-02-06 19:00:00+00:00,86.2009048461914,87.14653015136719,85.68949890136719,87.06073760986328,37606400
2026-02-06 20:00:00+00:00,87.06437683105469,87.68937683105469,86.81382751464844,86.95243072509766,0
2026-02-06 21:00:00+00:00,86.95619201660156,88.01810455322266,86.87234497070312,88.01810455322266,0
2026-02-06 22:00:00+00:00,88.0078353881836,89.50640106201172,87.98307800292969,89.25475311279297,0
2026-02-06 23:00:00+00:00,89.25643157958984,89.39464569091797,87.46504974365234,87.4673080444336,0
2026-02-07 00:00:00+00:00,87.44882202148438,87.44882202148438,86.2808609008789,86.59381866455078,0
2026-02-07 01:00:00+00:00,86.59535217285156,87.37908172607422,86.04226684570312,87.19942474365234,0
2026-02-07 02:00:00+00:00,87.21517181396484,87.34117126464844,86.97225952148438,87.17073822021484,0
2026-02-07 03:00:00+00:00,87.25825500488281,88.20111083984375,87.25825500488281,87.97015380859375,0
2026-02-07 04:00:00+00:00,87.99635314941406,88.85595703125,87.46412658691406,87.52306365966797,0
2026-02-07 05:00:00+00:00,87.56416320800781,88.4485092163086,87.56416320800781,87.66487121582031,0
2026-02-07 06:00:00+00:00,87.68647003173828,88.00868225097656,86.76964569091797,86.76964569091797,0
2026-02-07 07:00:00+00:00,86.51527404785156,86.52755737304688,84.39466094970703,85.35140228271484,128247296
2026-02-07 08:00:00+00:00,85.33883666992188,85.5837173461914,84.88343048095703,85.43256378173828,0
2026-02-07 09:00:00+00:00,85.36949920654297,85.57740020751953,84.90725708007812,85.13799285888672,0
2026-02-07 10:00:00+00:00,85.13569641113281,85.26698303222656,84.71149444580078,84.95613098144531,0
2026-02-07 11:00:00+00:00,84.9487533569336,85.03275299072266,84.6601333618164,84.98371124267578,0
2026-02-07 12:00:00+00:00,84.94906616210938,86.57154083251953,84.896728515625,86.07933044433594,82854400
2026-02-07 13:00:00+00:00,86.08617401123047,86.29387664794922,85.69253540039062,85.98002624511719,0
2026-02-07 14:00:00+00:00,85.98918914794922,86.32128143310547,85.69740295410156,85.70159149169922,0
2026-02-07 15:00:00+00:00,85.69879150390625,86.70089721679688,85.69879150390625,86.40523529052734,0
2026-02-07 16:00:00+00:00,86.41300201416016,87.35973358154297,86.41300201416016,86.92264556884766,401220608
2026-02-07 17:00:00+00:00,86.9489974975586,87.52594757080078,86.5876693725586,87.41302490234375,0
2026-02-07 18:00:00+00:00,87.41297912597656,89.01863861083984,87.41297912597656,88.74799346923828,0
2026-02-07 19:00:00+00:00,88.74634552001953,88.74634552001953,88.19451141357422,88.2081298828125,0
2026-02-07 20:00:00+00:00,88.22427368164062,89.00365447998047,88.1286392211914,88.77098846435547,0
2026-02-07 21:00:00+00:00,88.78630828857422,88.89715576171875,88.20640563964844,88.20640563964844,0
2026-02-07 22:00:00+00:00,88.21102142333984,88.64429473876953,88.16097259521484,88.32610321044922,0
2026-02-07 23:00:00+00:00,88.33512878417969,88.33512878417969,87.15416717529297,87.63983154296875,0
2026-02-08 00:00:00+00:00,87.64240264892578,87.64240264892578,87.16304779052734,87.19985961914062,0
2026-02-08 01:00:00+00:00,87.23043060302734,87.9027099609375,87.23043060302734,87.81880950927734,0
2026-02-08 02:00:00+00:00,87.83114624023438,87.98686218261719,87.10261535644531,87.11459350585938,0
2026-02-08 03:00:00+00:00,87.2374267578125,87.39444732666016,86.75652313232422,86.76297760009766,0
2026-02-08 04:00:00+00:00,86.77690124511719,87.20686340332031,86.77424621582031,87.19124603271484,0
2026-02-08 05:00:00+00:00,87.23889923095703,87.42713165283203,87.09044647216797,87.1532211303711,0
2026-02-08 06:00:00+00:00,87.15472412109375,87.38644409179688,86.99089050292969,87.12532043457031,0
2026-02-08 07:00:00+00:00,87.12568664550781,87.20604705810547,86.82572937011719,87.20604705810547,0
2026-02-08 08:00:00+00:00,87.21881103515625,88.5625,87.09998321533203,88.52506256103516,0
2026-02-08 09:00:00+00:00,88.52203369140625,88.67303466796875,87.62705993652344,87.69912719726562,0
2026-02-08 10:00:00+00:00,87.67247772216797,87.91291046142578,86.60774993896484,86.87779998779297,39885056
2026-02-08 11:00:00+00:00,86.86062622070312,88.1153335571289,86.82976531982422,88.10780334472656,50609920
2026-02-08 12:00:00+00:00,88.1190185546875,88.1839599609375,87.77001190185547,88.02286529541016,0
2026-02-08 13:00:00+00:00,88.06066131591797,88.59774017333984,87.91918182373047,88.4087142944336,47790848
2026-02-08 14:00:00+00:00,88.42101287841797,88.57032012939453,88.14418029785156,88.26651000976562,0
2026-02-08 15:00:00+00:00,88.26549530029297,88.55243682861328,87.56571960449219,87.731201171875,0
2026-02-08 16:00:00+00:00,87.71853637695312,87.7343521118164,85.91985321044922,86.16390991210938,0
2026-02-08 17:00:00+00:00,86.20623016357422,86.93363189697266,86.20623016357422,86.86134338378906,0
2026-02-08 18:00:00+00:00,86.866943359375,88.32001495361328,86.866943359375,87.94509887695312,0
2026-02-08 19:00:00+00:00,87.91387939453125,88.3826904296875,87.85575866699219,88.3481674194336,0
2026-02-08 20:00:00+00:00,88.359619140625,88.359619140625,86.85135650634766,86.85253143310547,0
2026-02-08 21:00:00+00:00,86.8571548461914,87.23179626464844,86.38195037841797,86.47538757324219,0
2026-02-08 22:00:00+00:00,86.50089263916016,87.06092834472656,86.50089263916016,87.06092834472656,0
2026-02-08 23:00:00+00:00,87.03697967529297,88.52035522460938,86.39260864257812,87.04224395751953,194582528
2026-02-09 00:00:00+00:00,87.04935455322266,87.12362670898438,86.59693908691406,87.00019836425781,20433664
2026-02-09 01:00:00+00:00,87.00505065917969,87.67507934570312,86.20982360839844,86.36687469482422,120156160
2026-02-09 02:00:00+00:00,86.3631362915039,87.63558959960938,86.25736999511719,87.07585906982422,72417024
2026-02-09 03:00:00+00:00,87.07084655761719,87.68635559082031,86.90552520751953,87.61548614501953,56369408
2026-02-09 04:00:00+00:00,87.63328552246094,87.63328552246094,86.97834777832031,87.02740478515625,20070400
2026-02-09 05:00:00+00:00,87.01383972167969,87.25257873535156,86.92648315429688,87.16978454589844,4507648
2026-02-09 06:00:00+00:00,87.16657257080078,87.16657257080078,86.00859832763672,86.44478607177734,71236096
2026-02-09 07:00:00+00:00,86.42857360839844,86.44373321533203,85.37821960449219,85.49364471435547,93267968
2026-02-09 08:00:00+00:00,85.48442077636719,85.48494720458984,84.07027435302734,84.60372924804688,50046720
2026-02-09 09:00:00+00:00,84.59320831298828,84.77249908447266,84.00006103515625,84.14093017578125,0
2026-02-09 10:00:00+00:00,84.14933776855469,84.2940444946289,82.9388427734375,83.18753051757812,55101184
2026-02-09 11:00:00+00:00,83.185546875,83.54103088378906,83.185546875,83.33159637451172,0
2026-02-09 12:00:00+00:00,83.34136199951172,84.23723602294922,83.34136199951172,83.96109771728516,2553600
2026-02-09 13:00:00+00:00,83.9674072265625,84.4034652709961,83.8083724975586,83.8083724975586,0
2026-02-09 14:00:00+00:00,83.79133605957031,84.92754364013672,83.64933776855469,84.86593627929688,160220928
2026-02-09 15:00:00+00:00,84.88516998291016,85.63084411621094,84.41095733642578,85.29271697998047,71259392
2026-02-09 16:00:00+00:00,85.29287719726562,86.58116912841797,84.8982162475586,86.19287872314453,1384704
2026-02-09 17:00:00+00:00,86.17593383789062,87.80323028564453,85.8007583618164,87.77950286865234,200333312
2026-02-09 18:00:00+00:00,87.78368377685547,88.46206665039062,87.12496948242188,87.32530975341797,146490880
2026-02-09 19:00:00+00:00,87.34721374511719,88.05530548095703,87.27861785888672,87.96941375732422,74449152
2026-02-09 20:00:00+00:00,87.94236755371094,88.06143188476562,87.28855895996094,87.64715576171875,61023488
2026-02-09 21:00:00+00:00,87.71651458740234,87.75577545166016,86.65807342529297,87.29093933105469,53034240
2026-02-09 22:00:00+00:00,87.2956314086914,87.44808197021484,87.00337982177734,87.02848052978516,17594880
2026-02-09 23:00:00+00:00,87.03828430175781,87.30220031738281,86.68806457519531,86.70360565185547,120064
2026-02-10 00:00:00+00:00,86.70494079589844,86.78988647460938,86.31436157226562,86.39998626708984,0
2026-02-10 01:00:00+00:00,86.41641235351562,87.33906555175781,86.40319061279297,87.22735595703125,0
2026-02-10 02:00:00+00:00,87.22380828857422,87.22380828857422,86.47721862792969,86.58618927001953,0
2026-02-10 03:00:00+00:00,86.59599304199219,86.70313262939453,85.46466064453125,85.80436706542969,41402624
2026-02-10 04:00:00+00:00,85.80461120605469,86.54325103759766,85.79188537597656,86.53900909423828,11024384
2026-02-10 05:00:00+00:00,86.5320816040039,86.5320816040039,85.72994995117188,85.87797546386719,16489472
2026-02-10 06:00:00+00:00,85.86798095703125,85.89403533935547,84.35405731201172,84.47432708740234,38960896
2026-02-10 07:00:00+00:00,84.48490905761719,84.9923324584961,84.44992065429688,84.57413482666016,0
2026-02-10 08:00:00+00:00,84.57123565673828,84.63533020019531,84.25440216064453,84.60295104980469,0
2026-02-10 09:00:00+00:00,84.60214233398438,84.88845825195312,84.45045471191406,84.49636840820312,0
2026-02-10 10:00:00+00:00,84.4965591430664,84.55337524414062,84.19388580322266,84.20807647705078,0
2026-02-10 11:00:00+00:00,84.20012664794922,84.40675354003906,83.7726058959961,83.7726058959961,0
2026-02-10 12:00:00+00:00,83.7773666381836,84.21868133544922,83.7773666381836,83.9518814086914,8933120
2026-02-10 13:00:00+00:00,83.94573211669922,84.6513442993164,83.81297302246094,84.58304595947266,35767808
2026-02-10 14:00:00+00:00,84.58457946777344,85.01881408691406,83.39259338378906,83.82813262939453,21921536
2026-02-10 15:00:00+00:00,83.83229064941406,84.34538269042969,83.58402252197266,84.1886215209961,31673088
2026-02-10 16:00:00+00:00,84.16633605957031,84.67446899414062,83.98406982421875,84.45025634765625,0
2026-02-10 17:00:00+00:00,84.45743560791016,85.01280212402344,84.24201965332031,84.73358917236328,0
2026-02-10 18:00:00+00:00,84.76090240478516,84.8328857421875,82.88993072509766,83.056396484375,0
2026-02-10 19:00:00+00:00,83.03364562988281,83.41326904296875,82.61872863769531,83.048828125,0
2026-02-10 20:00:00+00:00,83.0638656616211,83.07467651367188,82.4778823852539,82.61213684082031,0
2026-02-10 21:00:00+00:00,82.61296081542969,82.80782318115234,82.0032730102539,82.36585998535156,0
2026-02-10 22:00:00+00:00,82.37225341796875,82.80420684814453,82.37225341796875,82.71007537841797,0
2026-02-10 23:00:00+00:00,82.6941909790039,82.91615295410156,82.42216491699219,82.91615295410156,0
2026-02-11 00:00:00+00:00,82.91266632080078,83.568359375,82.91266632080078,83.48567962646484,484623104
2026-02-11 01:00:00+00:00,83.47722625732422,83.66637420654297,83.25099182128906,83.66262817382812,0
2026-02-11 02:00:00+00:00,83.64918518066406,84.2247085571289,83.63761138916016,83.63761138916016,23563520
2026-02-11 03:00:00+00:00,83.62005615234375,83.74877166748047,82.70050048828125,83.35987854003906,0
2026-02-11 04:00:00+00:00,83.33212280273438,83.36504364013672,81.88272857666016,81.92107391357422,63647232
2026-02-11 05:00:00+00:00,81.91433715820312,82.25566864013672,81.81459045410156,81.87789154052734,3880960
2026-02-11 06:00:00+00:00,81.87471008300781,81.87471008300781,80.82862854003906,80.86064910888672,38700288
2026-02-11 07:00:00+00:00,80.81729125976562,81.21537017822266,80.46331024169922,81.05854797363281,0
2026-02-11 08:00:00+00:00,80.9962158203125,81.10718536376953,80.74124145507812,81.0136489868164,0
2026-02-11 09:00:00+00:00,81.05892944335938,81.16532897949219,80.7181625366211,80.73101043701172,0
2026-02-11 10:00:00+00:00,80.72874450683594,80.86329650878906,80.47427368164062,80.52590942382812,18837760
2026-02-11 11:00:00+00:00,80.52460479736328,81.33221435546875,80.52460479736328,81.21861267089844,13502464
2026-02-11 12:00:00+00:00,81.21849822998047,81.30803680419922,80.97705078125,81.14189910888672,7762944
2026-02-11 13:00:00+00:00,81.13927459716797,81.4613037109375,80.8296127319336,81.4613037109375,82200832
2026-02-11 14:00:00+00:00,81.59756469726562,82.75874328613281,80.3123550415039,80.3123550415039,179729408
2026-02-11 15:00:00+00:00,79.91461944580078,80.08734893798828,78.95830535888672,79.88761138916016,178648320
2026-02-11 16:00:00+00:00,79.86991882324219,80.71775817871094,78.80763244628906,78.80763244628906,92154624
2026-02-11 17:00:00+00:00,78.78730773925781,79.79608154296875,78.41454315185547,79.15570068359375,135232512
2026-02-11 18:00:00+00:00,79.0426254272461,79.82305908203125,78.66845703125,79.7795181274414,0
2026-02-11 19:00:00+00:00,79.79557037353516,80.09609985351562,79.44383239746094,79.73114776611328,7508992
2026-02-11 20:00:00+00:00,79.72117614746094,79.78545379638672,79.02792358398438,79.65690612792969,0
2026-02-11 21:00:00+00:00,79.616943359375,80.86641693115234,79.616943359375,80.23316955566406,129132288
2026-02-11 22:00:00+00:00,80.16886138916016,80.16886138916016,79.5898666381836,79.59378051757812,29894400
2026-02-11 23:00:00+00:00,79.50521850585938,79.55744934082031,79.02044677734375,79.25389862060547,91940608
2026-02-12 00:00:00+00:00,79.24695587158203,80.03688049316406,79.24695587158203,80.0354232788086,15974912
2026-02-12 01:00:00+00:00,80.02557373046875,80.62986755371094,79.99885559082031,80.37342834472656,43114496
2026-02-12 02:00:00+00:00,80.38166809082031,80.5468521118164,80.00238037109375,80.28838348388672,0
2026-02-12 03:00:00+00:00,80.28156280517578,80.53302764892578,80.11714935302734,80.53302764892578,0
2026-02-12 04:00:00+00:00,80.5290756225586,80.84852600097656,80.37284851074219,80.37284851074219,0
2026-02-12 05:00:00+00:00,80.3544921875,80.47047424316406,79.61662292480469,80.44868469238281,23454720
2026-02-12 06:00:00+00:00,80.44769287109375,80.83257293701172,80.40492248535156,80.48677062988281,0
2026-02-12 07:00:00+00:00,80.4827880859375,80.8066177368164,80.29646301269531,80.70328521728516,0
2026-02-12 08:00:00+00:00,80.71214294433594,80.78345489501953,80.36040496826172,80.69122314453125,0
2026-02-12 09:00:00+00:00,80.68795013427734,81.68416595458984,80.59849548339844,81.68416595458984,73710080
2026-02-12 10:00:00+00:00,81.69297790527344,82.03358459472656,81.37178039550781,82.03358459472656,11624192
2026-02-12 11:00:00+00:00,82.05590057373047,82.10043334960938,81.70113372802734,81.84295654296875,12591360
2026-02-12 12:00:00+00:00,81.85599517822266,81.86547088623047,80.89803314208984,80.93586730957031,0
2026-02-12 13:00:00+00:00,80.95703887939453,81.76046752929688,80.82537078857422,81.76046752929688,0
2026-02-12 14:00:00+00:00,81.7431869506836,81.91490936279297,81.15120697021484,81.30408477783203,0
2026-02-12 15:00:00+00:00,81.29556274414062,81.3641586303711,80.27263641357422,80.27263641357422,0
2026-02-12 16:00:00+00:00,80.23766326904297,80.23766326904297,78.34905242919922,78.34905242919922,84074240
2026-02-12 17:00:00+00:00,78.33876037597656,78.48849487304688,77.80127716064453,77.90811157226562,16752128
2026-02-12 18:00:00+00:00,77.88947296142578,78.3062515258789,77.28980255126953,77.65252685546875,34469376
2026-02-12 19:00:00+00:00,77.628173828125,78.34333038330078,77.17864990234375,77.5809555053711,42951424
2026-02-12 20:00:00+00:00,77.58352661132812,77.6487808227539,76.683837890625,76.8751449584961,53444608
2026-02-12 21:00:00+00:00,76.85232543945312,77.42760467529297,76.85232543945312,77.29621124267578,0
2026-02-12 22:00:00+00:00,77.29561614990234,77.82798767089844,77.0464096069336,77.82798767089844,12770560
2026-02-12 23:00:00+00:00,77.84219360351562,78.34674072265625,77.84219360351562,78.34674072265625,2379264
2026-02-13 00:00:00+00:00,78.32740783691406,78.55378723144531,77.62879180908203,78.05962371826172,0
2026-02-13 01:00:00+00:00,78.04994201660156,78.67417907714844,77.99693298339844,78.44971466064453,0
2026-02-13 02:00:00+00:00,78.4564437866211,79.1956558227539,78.4564437866211,79.1933822631836,19481088
2026-02-13 03:00:00+00:00,79.15331268310547,79.27128601074219,78.89374542236328,78.9493637084961,24399616
2026-02-13 04:00:00+00:00,78.95071411132812,79.11578369140625,78.47251892089844,78.59783172607422,0
2026-02-13 05:00:00+00:00,78.56733703613281,78.64540100097656,78.2194595336914,78.42310333251953,0
2026-02-13 06:00:00+00:00,78.40386962890625,78.44355773925781,77.87477111816406,78.44355773925781,12462592
2026-02-13 07:00:00+00:00,78.45488739013672,79.0772933959961,78.45488739013672,78.9508056640625,34650368
2026-02-13 08:00:00+00:00,78.95879364013672,79.70220947265625,78.89674377441406,79.63011169433594,42037248
2026-02-13 09:00:00+00:00,79.62146759033203,79.81830596923828,79.49374389648438,79.80022430419922,0
2026-02-13 10:00:00+00:00,79.8065414428711,80.4854736328125,79.77909088134766,80.46614074707031,36521472
2026-02-13 11:00:00+00:00,80.4238510131836,80.4238510131836,79.86972045898438,80.21955108642578,0
2026-02-13 12:00:00+00:00,80.22051239013672,80.23613739013672,79.90552520751953,80.02180480957031,0
2026-02-13 13:00:00+00:00,80.01161193847656,80.48966217041016,79.78955841064453,80.28421783447266,17346304
2026-02-13 14:00:00+00:00,80.27854919433594,81.75618743896484,79.90079498291016,81.25762939453125,124464640
2026-02-13 15:00:00+00:00,81.26727294921875,84.01522064208984,81.21144104003906,83.04917907714844,211976448
2026-02-13 16:00:00+00:00,83.06378936767578,84.79938507080078,83.06378936767578,84.37265014648438,0
2026-02-13 17:00:00+00:00,84.34456634521484,84.55884552001953,83.66278839111328,84.38920593261719,0
2026-02-13 18:00:00+00:00,84.36097717285156,85.45558166503906,84.29168701171875,85.39083862304688,29680896
2026-02-13 19:00:00+00:00,85.38568878173828,85.38568878173828,84.60743713378906,84.74942016601562,0
2026-02-13 20:00:00+00:00,84.74100494384766,84.88019561767578,84.2793197631836,84.72998809814453,0
2026-02-13 21:00:00+00:00,84.72808837890625,85.0195083618164,84.60199737548828,84.63105010986328,0
2026-02-13 22:00:00+00:00,84.6441650390625,84.82950592041016,84.50482940673828,84.52803802490234,0
2026-02-13 23:00:00+00:00,84.55441284179688,84.56360626220703,84.19325256347656,84.32231140136719,0
2026-02-14 00:00:00+00:00,84.31739044189453,85.00605010986328,84.2364273071289,84.9990463256836,0
2026-02-14 01:00:00+00:00,84.98200988769531,85.07128143310547,84.81243896484375,84.95925903320312,0
2026-02-14 02:00:00+00:00,84.96150207519531,84.96150207519531,84.66496276855469,84.83833312988281,0
2026-02-14 03:00:00+00:00,84.8404541015625,85.13691711425781,84.83859252929688,85.06378936767578,0
2026-02-14 04:00:00+00:00,85.059326171875,85.059326171875,84.83129119873047,84.83129119873047,0
2026-02-14 05:00:00+00:00,84.8258285522461,84.95468139648438,84.67174530029297,84.67174530029297,0
2026-02-14 06:00:00+00:00,84.66925048828125,84.84619903564453,84.41866302490234,84.84525299072266,0
2026-02-14 07:00:00+00:00,84.84302520751953,85.1473159790039,84.79034423828125,85.12776947021484,0
2026-02-14 08:00:00+00:00,85.12747192382812,86.17218017578125,85.12747192382812,86.17218017578125,75197952
2026-02-14 09:00:00+00:00,86.15310668945312,86.250244140625,85.90069580078125,86.02601623535156,40895232
2026-02-14 10:00:00+00:00,86.01839447021484,86.01839447021484,85.76870727539062,85.78797149658203,0
2026-02-14 11:00:00+00:00,85.79608154296875,87.1611099243164,85.79608154296875,87.15824127197266,91087360
2026-02-14 12:00:00+00:00,87.17028045654297,87.21014404296875,86.40990447998047,86.48313903808594,91864576
2026-02-14 13:00:00+00:00,86.45108795166016,86.81523895263672,86.12171936035156,86.35926818847656,0
2026-02-14 14:00:00+00:00,86.36212921142578,87.2959976196289,86.36212921142578,87.2959976196289,0
2026-02-14 15:00:00+00:00,87.22648620605469,87.51937866210938,87.20429992675781,87.4140625,0
2026-02-14 16:00:00+00:00,87.41212463378906,88.13734436035156,87.18325805664062,88.0973892211914,0
2026-02-14 17:00:00+00:00,88.10330200195312,88.29927062988281,87.91804504394531,88.01400756835938,0
2026-02-14 18:00:00+00:00,88.01375579833984,88.1332778930664,87.9094467163086,88.05252838134766,0
2026-02-14 19:00:00+00:00,87.99386596679688,88.2438735961914,87.76858520507812,88.15345001220703,0
2026-02-14 20:00:00+00:00,88.15418243408203,88.29864501953125,87.74603271484375,88.08306884765625,0
2026-02-14 21:00:00+00:00,88.08793640136719,88.24748229980469,87.4964370727539,87.89000701904297,34445824
2026-02-14 22:00:00+00:00,87.905517578125,88.6752700805664,87.905517578125,88.59658813476562,48649472
2026-02-14 23:00:00+00:00,88.590576171875,88.7800521850586,88.14582824707031,88.16121673583984,24248320
2026-02-15 00:00:00+00:00,88.13645935058594,88.28443145751953,87.89057159423828,88.21028137207031,0
2026-02-15 01:00:00+00:00,88.20013427734375,88.5718002319336,87.7152099609375,88.13053131103516,42084352
2026-02-15 02:00:00+00:00,88.15355682373047,88.3019790649414,87.65766906738281,88.14375305175781,60428288
2026-02-15 03:00:00+00:00,88.11711120605469,88.55545043945312,87.55704498291016,88.55545043945312,123470080
2026-02-15 04:00:00+00:00,88.55665588378906,89.50035858154297,88.4598388671875,88.71965026855469,266370304
2026-02-15 05:00:00+00:00,88.71939849853516,89.85391235351562,88.71939849853516,89.74607849121094,114452736
2026-02-15 06:00:00+00:00,89.73949432373047,89.98785400390625,89.50545501708984,89.57530975341797,63955712
2026-02-15 07:00:00+00:00,89.5765151977539,90.72816467285156,89.49227142333984,90.62012481689453,146987264
2026-02-15 08:00:00+00:00,90.61738586425781,91.0723876953125,89.35750579833984,89.61443328857422,128389888
2026-02-15 09:00:00+00:00,89.60961151123047,90.35802459716797,89.56713104248047,90.006591796875,0
2026-02-15 10:00:00+00:00,90.01372528076172,90.01372528076172,89.20333099365234,89.5693588256836,70698752
2026-02-15 11:00:00+00:00,89.55857849121094,89.65680694580078,89.09759521484375,89.09759521484375,0
2026-02-15 12:00:00+00:00,89.10637664794922,89.41609191894531,87.67375183105469,87.67375183105469,23121408
2026-02-15 13:00:00+00:00,87.65380859375,88.18515014648438,86.95169067382812,87.03343200683594,120371968
2026-02-15 14:00:00+00:00,87.01325988769531,87.48358917236328,86.86763000488281,87.32332611083984,46400512
2026-02-15 15:00:00+00:00,87.32372283935547,87.57044982910156,87.00786590576172,87.25462341308594,33057024
2026-02-15 16:00:00+00:00,87.25746154785156,87.56481170654297,86.96427917480469,87.55973052978516,0
2026-02-15 17:00:00+00:00,87.55376434326172,87.71639251708984,86.115478515625,86.36626434326172,79233792
2026-02-15 18:00:00+00:00,86.36067962646484,86.7254409790039,86.0568618774414,86.13233947753906,102678784
2026-02-15 19:00:00+00:00,86.13927459716797,86.19992065429688,85.30091857910156,85.41303253173828,142917888
2026-02-15 20:00:00+00:00,85.3983383178711,85.83320617675781,85.02644348144531,85.74837493896484,27243520
2026-02-15 21:00:00+00:00,85.75471496582031,86.26466369628906,85.75471496582031,86.13965606689453,0
2026-02-15 22:00:00+00:00,86.1445541381836,86.568603515625,86.08403015136719,86.37114715576172,0
2026-02-15 23:00:00+00:00,86.36830139160156,86.36830139160156,85.28303527832031,86.00759887695312,35346688
2026-02-16 00:00:00+00:00,86.02801513671875,86.30924987792969,85.83240509033203,86.14557647705078,2942208
2026-02-16 01:00:00+00:00,86.14366912841797,86.44296264648438,85.4980697631836,85.68212890625,11186432
2026-02-16 02:00:00+00:00,85.68370056152344,86.11296844482422,85.32726287841797,85.33666229248047,30275840
2026-02-16 03:00:00+00:00,85.34535217285156,85.460205078125,84.87975311279297,85.0870132446289,0
2026-02-16 04:00:00+00:00,85.09049987792969,85.72029876708984,85.08917999267578,85.72029876708984,0
2026-02-16 05:00:00+00:00,85.72667694091797,85.72991180419922,84.59121704101562,84.67125701904297,0
2026-02-16 06:00:00+00:00,84.67544555664062,85.07243347167969,84.66325378417969,85.00321197509766,0
2026-02-16 07:00:00+00:00,85.00372314453125,85.34723663330078,84.89240264892578,85.06352996826172,0
2026-02-16 08:00:00+00:00,85.07050323486328,85.3934555053711,85.07050323486328,85.371337890625,0
2026-02-16 09:00:00+00:00,85.3720932006836,86.09082794189453,85.3720932006836,85.92387390136719,14253056
2026-02-16 10:00:00+00:00,85.93497467041016,85.94849395751953,85.67497253417969,85.72858428955078,0
2026-02-16 11:00:00+00:00,85.7288818359375,85.83244323730469,84.75446319580078,85.59474182128906,52201472
2026-02-16 12:00:00+00:00,85.58631134033203,86.20841979980469,85.35062408447266,86.10655212402344,0
2026-02-16 13:00:00+00:00,86.12174224853516,86.645263671875,84.07697296142578,84.09607696533203,92012544
2026-02-16 14:00:00+00:00,84.09320831298828,84.35125732421875,83.70958709716797,84.05072784423828,68196608
2026-02-16 15:00:00+00:00,84.01500701904297,84.4261703491211,82.77410888671875,83.16577911376953,146930176
2026-02-16 16:00:00+00:00,83.17353057861328,83.93753051757812,83.17353057861328,83.90965270996094,118810624
2026-02-16 17:00:00+00:00,83.91046905517578,84.66834259033203,83.91046905517578,84.47418975830078,0
2026-02-16 18:00:00+00:00,84.48224639892578,84.92291259765625,84.48224639892578,84.60997772216797,0
2026-02-16 19:00:00+00:00,84.60800170898438,84.91506958007812,84.36328887939453,84.7354736328125,0
2026-02-16 20:00:00+00:00,84.72280883789062,85.3480453491211,84.55013275146484,85.30694580078125,0
2026-02-16 21:00:00+00:00,85.31501770019531,85.74412536621094,85.18797302246094,85.74412536621094,0
2026-02-16 22:00:00+00:00,85.74813842773438,86.0707778930664,85.74813842773438,85.77899169921875,1339904
2026-02-16 23:00:00+00:00,85.76190185546875,86.52680969238281,85.70361328125,86.43446350097656,0
2026-02-17 00:00:00+00:00,86.4238510131836,87.0105209350586,86.35086059570312,86.61990356445312,0
2026-02-17 01:00:00+00:00,86.6079330444336,86.94754791259766,86.1684341430664,86.18284606933594,0
2026-02-17 02:00:00+00:00,86.1773910522461,87.54716491699219,85.95951843261719,87.54716491699219,0
2026-02-17 03:00:00+00:00,87.46398162841797,87.46398162841797,86.38990020751953,86.38990020751953,0
2026-02-17 04:00:00+00:00,86.38892364501953,86.54356384277344,86.0280990600586,86.33390808105469,22851840
2026-02-17 05:00:00+00:00,86.34398651123047,86.37789916992188,85.54670715332031,86.19400024414062,0
2026-02-17 06:00:00+00:00,86.19080352783203,86.66604614257812,86.19080352783203,86.55257415771484,0
2026-02-17 07:00:00+00:00,86.54615020751953,86.54615020751953,85.98814392089844,86.4315414428711,0
2026-02-17 08:00:00+00:00,86.44086456298828,86.60054779052734,85.96681213378906,85.96681213378906,1783296
2026-02-17 09:00:00+00:00,85.96714782714844,86.09580993652344,85.71963500976562,85.96923828125,0
2026-02-17 10:00:00+00:00,85.96651458740234,85.96651458740234,84.93063354492188,84.97840118408203,17302016
2026-02-17 11:00:00+00:00,84.98419952392578,85.09806823730469,84.86225891113281,85.04531860351562,0
2026-02-17 12:00:00+00:00,85.04132843017578,85.37489318847656,84.80449676513672,84.82781982421875,0
2026-02-17 13:00:00+00:00,84.81626892089844,85.29464721679688,84.47327423095703,85.16825866699219,0
2026-02-17 14:00:00+00:00,85.1475601196289,85.17972564697266,83.13792419433594,83.28645324707031,29078784
2026-02-17 15:00:00+00:00,83.27874755859375,83.6937484741211,83.18110656738281,83.62625885009766,78278912
2026-02-17 16:00:00+00:00,83.6598892211914,85.19517517089844,83.6598892211914,84.4283218383789,0
2026-02-17 17:00:00+00:00,84.40904998779297,84.40904998779297,83.26062774658203,83.60928344726562,25266688
2026-02-17 18:00:00+00:00,83.61023712158203,85.28221893310547,83.61023712158203,85.26258850097656,54424576
2026-02-17 19:00:00+00:00,85.21541595458984,85.49632263183594,84.72991180419922,84.88825225830078,74885120
2026-02-17 20:00:00+00:00,84.88796997070312,85.13224792480469,84.75940704345703,85.00372314453125,16059904
2026-02-17 21:00:00+00:00,85.00489044189453,85.27954864501953,84.89241790771484,85.13720703125,0
2026-02-17 22:00:00+00:00,85.14338684082031,85.32331085205078,84.99946594238281,84.99946594238281,0
2026-02-17 23:00:00+00:00,84.99665069580078,85.28211212158203,84.94120025634766,85.19692993164062,73984
2026-02-18 00:00:00+00:00,85.15145111083984,85.42011260986328,84.84186553955078,84.84186553955078,0
2026-02-18 01:00:00+00:00,84.8483657836914,84.86107635498047,84.02806091308594,84.15664672851562,50476544
2026-02-18 02:00:00+00:00,84.15757751464844,84.87594604492188,84.15757751464844,84.64510345458984,0
2026-02-18 03:00:00+00:00,84.64347839355469,85.37133026123047,84.59479522705078,85.36823272705078,16512512
2026-02-18 04:00:00+00:00,85.35316467285156,85.35316467285156,85.03009796142578,85.09253692626953,0
2026-02-18 05:00:00+00:00,85.09746551513672,85.15501403808594,84.79466247558594,84.85092163085938,0
2026-02-18 06:00:00+00:00,84.84553527832031,85.13341522216797,84.84553527832031,84.9331283569336,0
2026-02-18 07:00:00+00:00,84.93098449707031,85.32818603515625,84.69959259033203,85.32818603515625,0
2026-02-18 08:00:00+00:00,85.2992935180664,85.82061004638672,85.27912139892578,85.40513610839844,20248064
2026-02-18 09:00:00+00:00,85.4022445678711,85.60797119140625,85.3343505859375,85.33454132080078,5008896
2026-02-18 10:00:00+00:00,85.32952880859375,85.32952880859375,84.20140075683594,84.20639038085938,31851264
2026-02-18 11:00:00+00:00,84.20489501953125,84.20489501953125,83.16077423095703,83.18732452392578,132453888
2026-02-18 12:00:00+00:00,83.16609954833984,83.22065734863281,82.54239654541016,82.99681854248047,118454016
2026-02-18 13:00:00+00:00,83.03681182861328,83.20650482177734,82.46436309814453,82.56993103027344,0
2026-02-18 14:00:00+00:00,82.6434555053711,82.81913757324219,82.11027526855469,82.59026336669922,0
2026-02-18 15:00:00+00:00,82.58475494384766,83.8599853515625,82.56612396240234,83.04088592529297,0
2026-02-18 16:00:00+00:00,83.06777954101562,83.06777954101562,82.1665267944336,82.205078125,0
2026-02-18 17:00:00+00:00,82.22655487060547,82.79757690429688,82.1441879272461,82.1441879272461,0
2026-02-18 18:00:00+00:00,82.14452362060547,82.247802734375,81.1927490234375,81.41685485839844,57685248
2026-02-18 19:00:00+00:00,81.27251434326172,81.42335510253906,80.61042022705078,80.78631591796875,17350144
2026-02-18 20:00:00+00:00,80.83427429199219,81.48809051513672,80.83427429199219,81.2929916381836,15741696
2026-02-18 21:00:00+00:00,81.29072570800781,81.51296997070312,81.05523681640625,81.23589324951172,40699136
2026-02-18 22:00:00+00:00,81.23219299316406,81.45777130126953,81.13045501708984,81.41767883300781,21904128
2026-02-18 23:00:00+00:00,81.40902709960938,81.56705474853516,81.26578521728516,81.56705474853516,0
2026-02-19 00:00:00+00:00,81.57028198242188,81.6170425415039,81.35254669189453,81.47826385498047,0
2026-02-19 01:00:00+00:00,81.47596740722656,81.83219909667969,81.47596740722656,81.83219909667969,0
2026-02-19 02:00:00+00:00,81.8349609375,81.87405395507812,81.41282653808594,81.50625610351562,3230208
2026-02-19 03:00:00+00:00,81.55127716064453,81.8403549194336,81.52511596679688,81.72030639648438,0
2026-02-19 04:00:00+00:00,81.72808837890625,81.87825012207031,81.52568054199219,81.52568054199219,13028608
2026-02-19 05:00:00+00:00,81.51363372802734,81.86561584472656,81.47061920166016,81.845458984375,112967424
2026-02-19 06:00:00+00:00,81.84419250488281,82.40044403076172,81.84419250488281,82.37786102294922,42665984
2026-02-19 07:00:00+00:00,82.37263488769531,82.57398223876953,82.175048828125,82.30113983154297,28330240
2026-02-19 08:00:00+00:00,82.30985260009766,82.34571075439453,81.67494201660156,81.68926239013672,0
2026-02-19 09:00:00+00:00,81.68254852294922,81.8751449584961,81.21141815185547,81.21510314941406,2800128
2026-02-19 10:00:00+00:00,81.2071533203125,81.69715118408203,81.00213623046875,81.46919250488281,0
2026-02-19 11:00:00+00:00,81.4654769897461,81.76634979248047,81.1658706665039,81.19525909423828,0
2026-02-19 12:00:00+00:00,81.20377349853516,81.21790313720703,80.74819946289062,80.74819946289062,0
2026-02-19 13:00:00+00:00,80.75497436523438,80.78759002685547,79.7553939819336,79.88858032226562,117404928
2026-02-19 14:00:00+00:00,79.91024780273438,81.09672546386719,79.91024780273438,81.05439758300781,0
2026-02-19 15:00:00+00:00,81.02793884277344,81.02793884277344,80.13265228271484,80.5200424194336,0
2026-02-19 16:00:00+00:00,80.55033111572266,80.77369689941406,80.23489379882812,80.65902709960938,0
2026-02-19 17:00:00+00:00,80.66722106933594,81.66832733154297,80.31580352783203,80.41415405273438,64089856
2026-02-19 18:00:00+00:00,80.42024230957031,81.89217376708984,80.42024230957031,81.87812042236328,0
2026-02-19 19:00:00+00:00,81.90721893310547,82.00749969482422,81.27301025390625,81.8916244506836,0
2026-02-19 20:00:00+00:00,81.89501953125,82.16450500488281,81.74656677246094,82.09346771240234,11008256
2026-02-19 21:00:00+00:00,82.07485961914062,82.12291717529297,81.86083221435547,82.02860260009766,0
2026-02-19 22:00:00+00:00,82.02584075927734,82.34209442138672,81.97838592529297,82.27931213378906,30367488
2026-02-19 23:00:00+00:00,82.28955841064453,82.39338684082031,82.19034576416016,82.39338684082031,10963456
2026-02-20 00:00:00+00:00,82.3935546875,83.40123748779297,82.3508071899414,82.90218353271484,54774016
2026-02-20 01:00:00+00:00,82.90725708007812,83.01620483398438,82.75125122070312,82.88721466064453,41056256
2026-02-20 02:00:00+00:00,82.95490264892578,83.17695617675781,82.830810546875,82.95084381103516,18647808
2026-02-20 03:00:00+00:00,82.94029235839844,83.20881652832031,82.85526275634766,83.01234436035156,59982848
2026-02-20 04:00:00+00:00,83.01028442382812,83.02275085449219,82.49844360351562,82.67686462402344,0
2026-02-20 05:00:00+00:00,82.67625427246094,83.52033996582031,82.52217102050781,83.29344177246094,0
2026-02-20 06:00:00+00:00,83.29572296142578,83.6161117553711,83.19920349121094,83.6161117553711,19277056
2026-02-20 07:00:00+00:00,83.62869262695312,83.78929138183594,83.4726791381836,83.4726791381836,0
2026-02-20 08:00:00+00:00,83.48171997070312,83.64791107177734,83.363037109375,83.63970947265625,0
2026-02-20 09:00:00+00:00,83.64541625976562,84.38572692871094,83.62902069091797,84.18707275390625,95076608
2026-02-20 10:00:00+00:00,84.1885757446289,84.63255310058594,84.10369873046875,84.10369873046875,27068416
2026-02-20 11:00:00+00:00,84.10030364990234,84.10030364990234,83.47222900390625,83.6317138671875,130851072
2026-02-20 12:00:00+00:00,83.60597229003906,83.85348510742188,83.51593017578125,83.67749786376953,42500096
2026-02-20 13:00:00+00:00,83.67679595947266,83.67679595947266,81.85164642333984,82.12118530273438,4845312
2026-02-20 14:00:00+00:00,82.14249420166016,83.1817626953125,82.14249420166016,82.96995544433594,34228736
2026-02-20 15:00:00+00:00,83.00205993652344,84.39632415771484,83.00205993652344,84.3858871459961,232176640
2026-02-20 16:00:00+00:00,84.35017395019531,84.81473541259766,83.93204498291016,84.46990203857422,75755008
2026-02-20 17:00:00+00:00,84.49365997314453,84.49365997314453,82.95134735107422,84.39115905761719,90275072
2026-02-20 18:00:00+00:00,84.40520477294922,85.17089080810547,84.14034271240234,85.10768127441406,165328128
2026-02-20 19:00:00+00:00,85.22459411621094,85.24744415283203,84.49935150146484,84.76309967041016,7396608
2026-02-20 20:00:00+00:00,84.75917053222656,85.1062240600586,84.53507995605469,84.57750701904297,0
2026-02-20 21:00:00+00:00,84.58499145507812,84.63761901855469,84.35740661621094,84.47964477539062,21776128
2026-02-20 22:00:00+00:00,84.4713134765625,84.607666015625,84.1711654663086,84.5797119140625,0
2026-02-20 23:00:00+00:00,84.5797119140625,84.63516998291016,84.3812026977539,84.63516998291016,6761216
2026-02-21 00:00:00+00:00,84.62995147705078,84.66168975830078,84.36250305175781,84.37889862060547,0
2026-02-21 01:00:00+00:00,84.37120056152344,84.76725769042969,84.37120056152344,84.67691040039062,0
2026-02-21 02:00:00+00:00,84.67058563232422,84.9662857055664,84.57422637939453,84.86011505126953,0
2026-02-21 03:00:00+00:00,84.84925079345703,84.84925079345703,84.26946258544922,84.29427337646484,0
2026-02-21 04:00:00+00:00,84.31061553955078,84.40914154052734,84.23040008544922,84.40624237060547,0
2026-02-21 05:00:00+00:00,84.40313720703125,84.50938415527344,84.40083312988281,84.4362564086914,0
2026-02-21 06:00:00+00:00,84.44127655029297,84.71376037597656,84.08967590332031,84.09222412109375,0
2026-02-21 07:00:00+00:00,84.0952377319336,84.24347686767578,84.02863311767578,84.15868377685547,0
2026-02-21 08:00:00+00:00,84.2022705078125,84.61560821533203,84.19972229003906,84.61560821533203,0
2026-02-21 09:00:00+00:00,84.61283111572266,85.08439636230469,84.61283111572266,84.9097671508789,0
2026-02-21 10:00:00+00:00,84.91670989990234,85.13412475585938,84.90657043457031,85.09864044189453,0
2026-02-21 11:00:00+00:00,85.1266098022461,85.53640747070312,85.1266098022461,85.33213806152344,0
2026-02-21 12:00:00+00:00,85.33918762207031,85.43880462646484,85.07225799560547,85.28238677978516,0
2026-02-21 13:00:00+00:00,85.28933715820312,85.62450408935547,85.26321411132812,85.62450408935547,0
2026-02-21 14:00:00+00:00,85.62940979003906,86.42552185058594,85.62940979003906,86.33258056640625,0
2026-02-21 15:00:00+00:00,86.35427856445312,86.63689422607422,86.26184844970703,86.59430694580078,0
2026-02-21 16:00:00+00:00,86.60342407226562,86.60342407226562,85.959716796875,86.19306945800781,0
2026-02-21 17:00:00+00:00,86.18880462646484,86.34478759765625,85.93850708007812,86.23683166503906,0
2026-02-21 18:00:00+00:00,86.22975158691406,86.6404800415039,86.18739318847656,86.6404800415039,0
2026-02-21 19:00:00+00:00,86.6053466796875,86.6361312866211,86.2205581665039,86.2205581665039,0
2026-02-21 20:00:00+00:00,86.22260284423828,86.22260284423828,85.42823791503906,85.58470916748047,13687680
2026-02-21 21:00:00+00:00,85.53093719482422,85.76903533935547,85.52217864990234,85.76903533935547,0
2026-02-21 22:00:00+00:00,85.8067855834961,85.8067855834961,85.46891021728516,85.48428344726562,0
2026-02-21 23:00:00+00:00,85.45452880859375,85.49494934082031,85.21121978759766,85.21121978759766,0
2026-02-22 00:00:00+00:00,85.16905975341797,85.16905975341797,84.79878234863281,84.9594497680664,4080384
2026-02-22 01:00:00+00:00,84.97242736816406,85.31424713134766,84.97242736816406,85.24507904052734,5325184
2026-02-22 02:00:00+00:00,85.26055908203125,85.44709777832031,84.93624114990234,84.9902572631836,40939008
2026-02-22 03:00:00+00:00,84.98918914794922,85.09778594970703,84.82252502441406,85.01688385009766,11691776
2026-02-22 04:00:00+00:00,85.02592468261719,85.20156860351562,85.01860046386719,85.13651275634766,0
2026-02-22 05:00:00+00:00,85.13436889648438,85.1436538696289,84.84963989257812,84.91609191894531,6727936
2026-02-22 06:00:00+00:00,84.92792510986328,85.25603485107422,84.92792510986328,85.25603485107422,0
2026-02-22 07:00:00+00:00,85.25753784179688,85.48150634765625,85.17647552490234,85.31050109863281,7140096
2026-02-22 08:00:00+00:00,85.29871368408203,85.29871368408203,84.92332458496094,84.96110534667969,523008
2026-02-22 09:00:00+00:00,84.96121215820312,85.13350677490234,84.95863342285156,85.01825714111328,0
2026-02-22 10:00:00+00:00,85.02544403076172,85.25086975097656,85.0182876586914,85.20439910888672,0
2026-02-22 11:00:00+00:00,85.21250915527344,85.40377807617188,85.1824951171875,85.24787139892578,0
2026-02-22 12:00:00+00:00,85.247314453125,85.25231170654297,84.40106964111328,84.43799591064453,23002112
2026-02-22 13:00:00+00:00,84.46160888671875,84.49125671386719,83.79130554199219,83.91338348388672,77744128
2026-02-22 14:00:00+00:00,83.95032501220703,83.96688079833984,83.60885620117188,83.61298370361328,0
2026-02-22 15:00:00+00:00,83.62128448486328,83.62982940673828,83.13396453857422,83.55682373046875,64496384
2026-02-22 16:00:00+00:00,83.54766082763672,83.54766082763672,83.2601318359375,83.5396728515625,0
2026-02-22 17:00:00+00:00,83.5359878540039,83.5359878540039,82.86251831054688,83.0220947265625,28477056
2026-02-22 18:00:00+00:00,83.00370788574219,83.22087860107422,83.00370788574219,83.18793487548828,0
2026-02-22 19:00:00+00:00,83.18805694580078,83.34526824951172,83.11705017089844,83.27169799804688,0
2026-02-22 20:00:00+00:00,83.26819610595703,83.30338287353516,83.05023956298828,83.05023956298828,0
2026-02-22 21:00:00+00:00,83.05667114257812,83.48988342285156,83.05667114257812,83.47403717041016,0
2026-02-22 22:00:00+00:00,83.47695922851562,83.57638549804688,83.17916107177734,83.57638549804688,10711168
2026-02-22 23:00:00+00:00,83.57964324951172,83.57964324951172,82.55807495117188,82.78715515136719,71983232
2026-02-23 00:00:00+00:00,82.76533508300781,82.76533508300781,81.7950210571289,81.7950210571289,23375488
2026-02-23 01:00:00+00:00,81.273193359375,81.273193359375,77.93729400634766,78.19922637939453,622079360
2026-02-23 02:00:00+00:00,77.96939086914062,78.297607421875,77.63838958740234,77.65988159179688,175323904
2026-02-23 03:00:00+00:00,77.8041763305664,78.08821105957031,77.44702911376953,77.87456512451172,113412352
2026-02-23 04:00:00+00:00,77.8324966430664,77.8324966430664,77.28636932373047,77.3643569946289,105575680
2026-02-23 05:00:00+00:00,77.36528015136719,77.99115753173828,77.36528015136719,77.81946563720703,110432000
2026-02-23 06:00:00+00:00,77.8293685913086,79.09331512451172,77.78826141357422,79.070068359375,191702528
2026-02-23 07:00:00+00:00,79.07537841796875,79.53433990478516,79.05548095703125,79.4326171875,94434560
2026-02-23 08:00:00+00:00,79.42364501953125,79.42364501953125,78.64598846435547,78.75438690185547,94677760
2026-02-23 09:00:00+00:00,78.7490234375,80.42597198486328,78.7490234375,80.42597198486328,161915136
2026-02-23 10:00:00+00:00,80.38873291015625,80.48701477050781,80.18626403808594,80.28910064697266,66784768
2026-02-23 11:00:00+00:00,80.26934814453125,80.48045349121094,80.00564575195312,80.00564575195312,31800320
2026-02-23 12:00:00+00:00,80.02889251708984,80.81157684326172,80.00178527832031,80.714599609375,74255360
2026-02-23 13:00:00+00:00,80.71229553222656,81.02818298339844,80.52900695800781,80.63721466064453,89727488
2026-02-23 14:00:00+00:00,80.63607788085938,80.73690795898438,79.58797454833984,80.16009521484375,117668608
2026-02-23 15:00:00+00:00,80.16698455810547,80.16698455810547,79.4493637084961,79.47425842285156,31590912
2026-02-23 16:00:00+00:00,79.45367431640625,79.71452331542969,78.799560546875,78.97856140136719,232407296
2026-02-23 17:00:00+00:00,79.01202392578125,79.03962707519531,77.63800048828125,77.95127868652344,128648704
2026-02-23 18:00:00+00:00,77.96957397460938,79.12805938720703,77.96957397460938,78.71868133544922,164953088
2026-02-23 19:00:00+00:00,78.71446990966797,78.8503646850586,78.13502502441406,78.28768920898438,126923776
2026-02-23 20:00:00+00:00,78.28585815429688,78.4220962524414,78.0396957397461,78.4220962524414,83184640
2026-02-23 21:00:00+00:00,78.40345001220703,78.558837890625,78.31307220458984,78.31307220458984,67895296
2026-02-23 22:00:00+00:00,78.3631362915039,78.8759536743164,78.3631362915039,78.44361877441406,50895360
2026-02-23 23:00:00+00:00,78.42543029785156,78.4708023071289,77.69528198242188,77.7544174194336,506368
2026-02-24 00:00:00+00:00,77.87260437011719,78.4375228881836,77.87260437011719,78.41136932373047,0
2026-02-24 01:00:00+00:00,78.40650939941406,78.40650939941406,76.78692626953125,77.6822738647461,0
2026-02-24 02:00:00+00:00,77.6732177734375,78.22003173828125,77.56471252441406,77.63277435302734,0
2026-02-24 03:00:00+00:00,77.57862091064453,77.57862091064453,76.69451904296875,76.81842803955078,0
2026-02-24 04:00:00+00:00,76.86636352539062,76.93278503417969,76.19497680664062,76.72441101074219,5521408
2026-02-24 05:00:00+00:00,76.73552703857422,77.19190979003906,76.45050048828125,76.61982727050781,6467584
2026-02-24 06:00:00+00:00,76.6149673461914,76.84230041503906,76.4970474243164,76.57575988769531,0
2026-02-24 07:00:00+00:00,76.5997543334961,77.14012145996094,76.5997543334961,76.80520629882812,3969024
2026-02-24 08:00:00+00:00,76.80669403076172,77.12551879882812,76.62403869628906,77.12551879882812,0
2026-02-24 09:00:00+00:00,77.09492492675781,77.09492492675781,76.22032165527344,76.56702423095703,0
2026-02-24 10:00:00+00:00,76.5733642578125,76.75363159179688,76.4691162109375,76.71100616455078,0
2026-02-24 11:00:00+00:00,76.70812225341797,76.81282806396484,76.59478759765625,76.69193267822266,0
2026-02-24 12:00:00+00:00,76.71717071533203,76.98381805419922,76.600830078125,76.60612487792969,0
2026-02-24 13:00:00+00:00,76.60282897949219,76.76496124267578,76.36822509765625,76.65498352050781,0
2026-02-24 14:00:00+00:00,76.64381408691406,77.07157135009766,76.1131591796875,76.93902587890625,60195328
2026-02-24 15:00:00+00:00,76.92487335205078,77.37761688232422,76.75955200195312,77.22105407714844,2628352
2026-02-24 16:00:00+00:00,77.26417541503906,78.02819061279297,77.26417541503906,77.81270599365234,0
2026-02-24 17:00:00+00:00,77.84175872802734,78.40338134765625,77.84175872802734,77.99760437011719,0
2026-02-24 18:00:00+00:00,77.97438049316406,78.27687072753906,77.69981384277344,78.2105941772461,0
2026-02-24 19:00:00+00:00,78.20591735839844,78.35065460205078,78.11735534667969,78.28687286376953,0
2026-02-24 20:00:00+00:00,78.29615020751953,78.78956604003906,78.29615020751953,78.68988037109375,0
2026-02-24 21:00:00+00:00,78.64197540283203,78.67486572265625,78.27076721191406,78.67486572265625,0
2026-02-24 22:00:00+00:00,78.54581451416016,79.26737976074219,78.54581451416016,79.02921295166016,0
2026-02-24 23:00:00+00:00,79.07491302490234,79.57544708251953,78.75237274169922,79.0365219116211,38618624
2026-02-25 00:00:00+00:00,79.01473236083984,79.36885833740234,78.8382797241211,79.32809448242188,0
2026-02-25 01:00:00+00:00,79.32186889648438,82.28527069091797,79.2597427368164,81.99476623535156,114932224
2026-02-25 02:00:00+00:00,81.99034881591797,82.6013412475586,81.99034881591797,82.48512268066406,128060416
2026-02-25 03:00:00+00:00,82.49275207519531,82.49275207519531,81.73930358886719,81.73930358886719,0
2026-02-25 04:00:00+00:00,81.73762512207031,82.34998321533203,81.49909210205078,82.0170669555664,1590272
2026-02-25 05:00:00+00:00,82.00127410888672,82.10855102539062,81.08441162109375,81.32842254638672,0
2026-02-25 06:00:00+00:00,81.31414031982422,81.78054809570312,81.23162078857422,81.50724792480469,0
2026-02-25 07:00:00+00:00,81.51132202148438,82.31019592285156,81.51132202148438,82.12483978271484,0
2026-02-25 08:00:00+00:00,82.12296295166016,82.41769409179688,81.98746490478516,82.33397674560547,10452736
2026-02-25 09:00:00+00:00,82.42752838134766,82.57376098632812,82.32102966308594,82.57376098632812,17428736
2026-02-25 10:00:00+00:00,82.56127166748047,82.76661682128906,82.55683135986328,82.57772827148438,17172480
2026-02-25 11:00:00+00:00,82.58187866210938,83.08328247070312,82.4350357055664,83.07719421386719,16701696
2026-02-25 12:00:00+00:00,83.17265319824219,83.93315124511719,83.00028228759766,83.68730163574219,148526080
2026-02-25 13:00:00+00:00,83.68974304199219,84.29655456542969,83.53155517578125,83.81451416015625,73644032
2026-02-25 14:00:00+00:00,83.8111801147461,85.53490447998047,83.8111801147461,85.53490447998047,74203392
2026-02-25 15:00:00+00:00,85.55900573730469,86.23065185546875,85.2347183227539,85.9836196899414,173241088
2026-02-25 16:00:00+00:00,86.0275650024414,87.57219696044922,86.0275650024414,87.5400161743164,157014016
2026-02-25 17:00:00+00:00,87.5289306640625,88.77094268798828,87.5289306640625,88.53825378417969,219315712
2026-02-25 18:00:00+00:00,88.56446838378906,89.0840072631836,88.12560272216797,88.97403717041016,160229888
2026-02-25 19:00:00+00:00,88.96282958984375,89.60726165771484,88.60289001464844,89.48866271972656,117466112
2026-02-25 20:00:00+00:00,89.50079345703125,89.9541015625,89.10441589355469,89.76880645751953,150848000
2026-02-25 21:00:00+00:00,89.71754455566406,91.04756927490234,89.53746032714844,89.89209747314453,320361984
2026-02-25 22:00:00+00:00,89.9359359741211,90.4492416381836,88.55856323242188,88.9449691772461,203738112
2026-02-25 23:00:00+00:00,88.95790100097656,89.17750549316406,87.26724243164062,87.9095687866211,105504256
2026-02-26 00:00:00+00:00,87.95225524902344,89.1173324584961,87.95225524902344,88.58209991455078,198481408
2026-02-26 01:00:00+00:00,88.59576416015625,88.983642578125,88.4041519165039,88.5688705444336,0
2026-02-26 02:00:00+00:00,88.44351196289062,88.44351196289062,87.76444244384766,88.28173828125,0
2026-02-26 03:00:00+00:00,88.21829986572266,88.22052764892578,87.87458801269531,88.009033203125,0
2026-02-26 04:00:00+00:00,87.93980407714844,88.88702392578125,87.93274688720703,88.79288482666016,23754240
2026-02-26 05:00:00+00:00,88.78801727294922,88.78801727294922,87.42096710205078,87.75585174560547,0
2026-02-26 06:00:00+00:00,87.7054214477539,87.86274719238281,87.56169891357422,87.66288757324219,245565440
2026-02-26 07:00:00+00:00,87.65861511230469,87.78751373291016,87.3564224243164,87.3564224243164,0
2026-02-26 08:00:00+00:00,87.3465805053711,87.76084899902344,87.3302001953125,87.48302459716797,7038464
2026-02-26 09:00:00+00:00,87.49235534667969,88.38201141357422,87.34825134277344,88.37703704833984,52614656
2026-02-26 10:00:00+00:00,88.35865783691406,88.48346710205078,87.374267578125,87.4095687866211,7399424
2026-02-26 11:00:00+00:00,87.4207992553711,87.54996490478516,86.77425384521484,86.80790710449219,2406400
2026-02-26 12:00:00+00:00,86.82611846923828,87.69712829589844,86.81050872802734,87.65988159179688,0
2026-02-26 13:00:00+00:00,87.67208862304688,87.92451477050781,87.59627532958984,87.59976959228516,0
2026-02-26 14:00:00+00:00,87.61225891113281,87.89956665039062,86.47760772705078,87.03317260742188,0
2026-02-26 15:00:00+00:00,86.98554992675781,86.98554992675781,85.69971466064453,86.436767578125,0
2026-02-26 16:00:00+00:00,86.44824981689453,86.58959197998047,84.51307678222656,84.51307678222656,0
2026-02-26 17:00:00+00:00,84.53693389892578,85.29721069335938,84.53693389892578,85.00267028808594,0
2026-02-26 18:00:00+00:00,84.97016906738281,85.50738525390625,84.6719970703125,85.4366226196289,0
2026-02-26 19:00:00+00:00,85.42726135253906,86.3656005859375,85.42726135253906,86.3656005859375,0
2026-02-26 20:00:00+00:00,86.46528625488281,86.73958587646484,86.01097869873047,86.01097869873047,0
2026-02-26 21:00:00+00:00,86.03307342529297,86.23050689697266,85.97423553466797,86.01936340332031,0
2026-02-26 22:00:00+00:00,85.98320007324219,86.156494140625,85.88626098632812,86.08389282226562,0
2026-02-26 23:00:00+00:00,86.11660766601562,86.11660766601562,85.80583190917969,85.9108657836914,0
2026-02-27 00:00:00+00:00,85.91375732421875,85.97042083740234,85.35237121582031,85.73397827148438,0
2026-02-27 01:00:00+00:00,85.74388885498047,86.05091857910156,85.43618774414062,86.05091857910156,0
2026-02-27 02:00:00+00:00,86.1313247680664,86.7041244506836,86.12925720214844,86.62030792236328,0
2026-02-27 03:00:00+00:00,86.60179901123047,87.59439086914062,86.4052734375,87.59439086914062,0
2026-02-27 04:00:00+00:00,87.62303161621094,88.01799774169922,87.60389709472656,87.72208404541016,63011328
2026-02-27 05:00:00+00:00,87.72611999511719,87.7843017578125,87.53346252441406,87.53346252441406,0
2026-02-27 06:00:00+00:00,87.5345458984375,87.6019287109375,86.97257232666016,87.35157012939453,0
2026-02-27 07:00:00+00:00,87.35126495361328,87.35126495361328,86.97184753417969,87.3412094116211,0
2026-02-27 08:00:00+00:00,87.33792114257812,87.7531509399414,87.33792114257812,87.58816528320312,10133760
2026-02-27 09:00:00+00:00,87.57965087890625,87.75704193115234,86.42700958251953,86.44339752197266,0
2026-02-27 10:00:00+00:00,86.37704467773438,86.39905548095703,84.73302459716797,84.73302459716797,73838336
2026-02-27 11:00:00+00:00,84.74102020263672,84.88738250732422,83.52427673339844,83.6218032836914,74724608
2026-02-27 12:00:00+00:00,83.56834411621094,83.69074249267578,82.8292236328125,83.03166198730469,87525376
2026-02-27 13:00:00+00:00,83.04656219482422,83.3532485961914,82.29463195800781,83.08229064941406,164050688
2026-02-27 14:00:00+00:00,83.0892333984375,83.09387969970703,82.3451919555664,82.38534545898438,0
2026-02-27 15:00:00+00:00,82.38276672363281,82.97718811035156,82.38276672363281,82.76950073242188,0
2026-02-27 16:00:00+00:00,82.68383026123047,82.69222259521484,81.52578735351562,81.52578735351562,0
2026-02-27 17:00:00+00:00,81.49368286132812,81.71688079833984,81.29473876953125,81.57914733886719,0
2026-02-27 18:00:00+00:00,81.64579772949219,81.84956359863281,81.48162841796875,81.48162841796875,0
2026-02-27 19:00:00+00:00,81.48519134521484,81.59405517578125,81.3253402709961,81.56867980957031,0
2026-02-27 20:00:00+00:00,81.56074523925781,81.8103256225586,81.53182983398438,81.54263305664062,0
2026-02-27 21:00:00+00:00,81.48750305175781,81.70347595214844,81.12293243408203,81.12293243408203,27633152
2026-02-27 22:00:00+00:00,81.22041320800781,81.54998779296875,81.01362609863281,81.33733367919922,86360832
2026-02-27 23:00:00+00:00,81.3538589477539,82.0439682006836,81.3538589477539,81.9506607055664,56771584
2026-02-28 00:00:00+00:00,81.88528442382812,82.1046142578125,81.715087890625,82.09712219238281,0
2026-02-28 01:00:00+00:00,82.1040267944336,82.17401123046875,81.8821029663086,81.89641571044922,0
2026-02-28 02:00:00+00:00,81.8921127319336,82.16120147705078,81.80793762207031,82.13400268554688,0
2026-02-28 03:00:00+00:00,82.13394165039062,82.13394165039062,81.64583587646484,81.73392486572266,0
2026-02-28 04:00:00+00:00,81.74028015136719,81.85282135009766,81.48545837402344,81.6801986694336,0
2026-02-28 05:00:00+00:00,81.67952728271484,81.7811279296875,81.41093444824219,81.48210906982422,0
2026-02-28 06:00:00+00:00,81.53407287597656,81.53407287597656,77.53936767578125,77.53936767578125,400367360
2026-02-28 07:00:00+00:00,77.61959075927734,79.37557983398438,77.51821899414062,78.78411865234375,347371008
2026-02-28 08:00:00+00:00,78.67761993408203,78.67761993408203,78.07080841064453,78.07080841064453,42689024
2026-02-28 09:00:00+00:00,78.08592224121094,78.56253814697266,77.97046661376953,78.50173950195312,87553024
2026-02-28 10:00:00+00:00,78.41250610351562,79.10453796386719,78.09649658203125,79.10453796386719,81417216
2026-02-28 11:00:00+00:00,79.15978240966797,79.4468002319336,78.88279724121094,78.88301849365234,0
2026-02-28 12:00:00+00:00,78.88953399658203,79.17098236083984,78.80418395996094,78.9036865234375,0
2026-02-28 13:00:00+00:00,78.90222930908203,80.76063537597656,78.86734771728516,80.57283782958984,0
2026-02-28 14:00:00+00:00,80.65567016601562,81.18792724609375,80.251953125,80.28218078613281,112279552
2026-02-28 15:00:00+00:00,80.3014907836914,80.92826080322266,79.92009735107422,80.86735534667969,0
2026-02-28 16:00:00+00:00,80.87320709228516,81.22184753417969,80.69645690917969,81.11709594726562,0
2026-02-28 17:00:00+00:00,81.08756256103516,81.22137451171875,80.83084106445312,81.22137451171875,0
2026-02-28 18:00:00+00:00,81.35533142089844,82.62711334228516,81.21639251708984,82.55716705322266,46841600
2026-02-28 19:00:00+00:00,82.41151428222656,82.5924072265625,81.63314056396484,82.24823760986328,127508992
2026-02-28 20:00:00+00:00,82.17561340332031,84.8293685913086,82.1578369140625,84.8293685913086,225225728
2026-02-28 21:00:00+00:00,84.84383392333984,84.84383392333984,83.77291107177734,84.46188354492188,98344448
2026-02-28 22:00:00+00:00,84.58415222167969,85.17032623291016,84.5452651977539,84.5452651977539,23150592
2026-02-28 23:00:00+00:00,84.5396957397461,84.6436996459961,84.1063461303711,84.36634826660156,169472
2026-03-01 00:00:00+00:00,84.45831298828125,84.95257568359375,84.45831298828125,84.93595886230469,9214976
2026-03-01 01:00:00+00:00,84.86221313476562,86.93390655517578,84.39781188964844,86.63106536865234,243217920
2026-03-01 02:00:00+00:00,86.66742706298828,88.59603881835938,86.66742706298828,87.9952163696289,510401536
2026-03-01 03:00:00+00:00,88.001220703125,88.19003295898438,87.79226684570312,87.85250854492188,112604160
2026-03-01 04:00:00+00:00,88.08421325683594,88.13530731201172,87.06232452392578,87.5457763671875,159303680
2026-03-01 05:00:00+00:00,87.59062957763672,87.95592498779297,87.3230972290039,87.3230972290039,61590016
2026-03-01 06:00:00+00:00,87.3189697265625,87.3189697265625,86.36763763427734,86.75370788574219,0
2026-03-01 07:00:00+00:00,86.75045776367188,86.76689147949219,86.4637680053711,86.60887145996094,0
2026-03-01 08:00:00+00:00,86.62467956542969,86.6934585571289,85.28587341308594,85.28587341308594,0
2026-03-01 09:00:00+00:00,85.262939453125,85.75485229492188,84.95825958251953,84.95825958251953,0
2026-03-01 10:00:00+00:00,84.99801635742188,85.51089477539062,84.94669342041016,85.22615814208984,0
2026-03-01 11:00:00+00:00,85.22915649414062,85.41133117675781,85.17659759521484,85.17659759521484,0
2026-03-01 12:00:00+00:00,85.17950439453125,85.31169128417969,84.88298797607422,84.8907699584961,0
2026-03-01 13:00:00+00:00,84.89262390136719,86.5975112915039,84.73236846923828,86.3509521484375,0
2026-03-01 14:00:00+00:00,86.31420135498047,86.54580688476562,85.65859985351562,85.75260162353516,0
2026-03-01 15:00:00+00:00,85.7900619506836,86.50418853759766,85.7900619506836,86.00460815429688,0
2026-03-01 16:00:00+00:00,85.97795867919922,85.97795867919922,84.17382049560547,84.26471710205078,111413760
2026-03-01 17:00:00+00:00,84.22200012207031,84.22200012207031,83.43890380859375,84.0868911743164,115427840
2026-03-01 18:00:00+00:00,84.0136947631836,84.7181167602539,84.00824737548828,84.0277099609375,0
2026-03-01 19:00:00+00:00,83.95972442626953,83.9638442993164,83.17228698730469,83.27659606933594,0
2026-03-01 20:00:00+00:00,83.23280334472656,83.23280334472656,81.84986114501953,82.00047302246094,0
2026-03-01 21:00:00+00:00,82.018798828125,82.97032928466797,82.018798828125,82.97032928466797,0
2026-03-01 22:00:00+00:00,82.962158203125,83.50749206542969,82.70411682128906,82.81038665771484,43673088
2026-03-01 23:00:00+00:00,82.78923034667969,83.80924224853516,82.71908569335938,83.57645416259766,69705728
2026-03-02 00:00:00+00:00,83.6023941040039,84.99080657958984,83.6023941040039,84.97895812988281,21362688
2026-03-02 01:00:00+00:00,85.0962905883789,85.97177124023438,84.63130950927734,84.63130950927734,0
2026-03-02 02:00:00+00:00,84.63187408447266,84.71099090576172,83.76262664794922,84.22569274902344,0
2026-03-02 03:00:00+00:00,84.18814849853516,84.97628784179688,84.02715301513672,84.83295440673828,0
2026-03-02 04:00:00+00:00,84.82606506347656,84.82606506347656,84.19412994384766,84.20924377441406,0
2026-03-02 05:00:00+00:00,84.21759796142578,84.53981018066406,83.9674072265625,84.38739013671875,105728
2026-03-02 06:00:00+00:00,84.27513122558594,84.27513122558594,83.09513092041016,83.25387573242188,0
2026-03-02 07:00:00+00:00,83.25953674316406,83.25953674316406,82.50595092773438,82.99862670898438,44365312
2026-03-02 08:00:00+00:00,82.94480895996094,83.4283218383789,82.5692367553711,83.4283218383789,14223872
2026-03-02 09:00:00+00:00,83.43277740478516,83.91291046142578,83.40078735351562,83.71744537353516,0
2026-03-02 10:00:00+00:00,83.64866638183594,83.90287780761719,83.43423461914062,83.7663803100586,0
2026-03-02 11:00:00+00:00,83.77715301513672,84.05402374267578,83.57307434082031,83.9268569946289,66177024
2026-03-02 12:00:00+00:00,83.91435241699219,84.08539581298828,83.68087005615234,83.7033462524414,1719552
2026-03-02 13:00:00+00:00,83.70868682861328,83.70868682861328,82.97225189208984,83.01951599121094,0
2026-03-02 14:00:00+00:00,83.02033233642578,85.72894287109375,82.938720703125,85.45498657226562,178542848
2026-03-02 15:00:00+00:00,85.58699798583984,88.72881317138672,85.58699798583984,88.38394927978516,670135808
2026-03-02 16:00:00+00:00,88.70677185058594,89.81792449951172,88.62689971923828,89.17124938964844,341472256
2026-03-02 17:00:00+00:00,89.13213348388672,89.13213348388672,86.62891387939453,87.5107192993164,100878848
2026-03-02 18:00:00+00:00,87.52772521972656,87.67256164550781,87.0748519897461,87.34041595458984,33019392
2026-03-02 19:00:00+00:00,87.35372924804688,87.67893981933594,87.01781463623047,87.60899353027344,96592384
2026-03-02 20:00:00+00:00,87.63909149169922,87.9063491821289,87.19019317626953,87.85034942626953,0
2026-03-02 21:00:00+00:00,87.8125991821289,87.8125991821289,87.39268493652344,87.55848693847656,32414208
2026-03-02 22:00:00+00:00,87.5645980834961,88.10819244384766,87.55823516845703,87.99166870117188,0
2026-03-02 23:00:00+00:00,87.98517608642578,88.02162170410156,86.48412322998047,86.63624572753906,31670272
2026-03-03 00:00:00+00:00,86.62887573242188,87.2144546508789,86.2502670288086,86.804443359375,11566592
2026-03-03 01:00:00+00:00,86.89330291748047,87.03048706054688,86.34988403320312,86.35773468017578,0
2026-03-03 02:00:00+00:00,86.33126831054688,86.33126831054688,85.41413116455078,86.17105102539062,39862784
2026-03-03 03:00:00+00:00,86.17745208740234,86.55200958251953,86.00231170654297,86.32559204101562,0
2026-03-03 04:00:00+00:00,86.32073974609375,86.38250732421875,85.7214126586914,85.80829620361328,0
2026-03-03 05:00:00+00:00,85.81124114990234,86.64836883544922,85.48345947265625,85.51068115234375,37893120
2026-03-03 06:00:00+00:00,85.68186950683594,85.82416534423828,85.5424575805664,85.8066635131836,0
2026-03-03 07:00:00+00:00,85.80128479003906,86.06085205078125,85.53417205810547,85.58531951904297,0
2026-03-03 08:00:00+00:00,85.57879638671875,85.63529968261719,84.06385040283203,84.06385040283203,27569152
2026-03-03 09:00:00+00:00,84.1376953125,84.83230590820312,84.1376953125,84.29094696044922,39371776
2026-03-03 10:00:00+00:00,84.25113677978516,84.38587188720703,83.82899475097656,83.8476791381836,48830464
2026-03-03 11:00:00+00:00,83.87235260009766,84.23845672607422,83.87235260009766,84.21510314941406,64277504
2026-03-03 12:00:00+00:00,84.23768615722656,85.04280090332031,84.23768615722656,84.4001693725586,145157632
2026-03-03 13:00:00+00:00,84.41387176513672,84.41387176513672,83.3427734375,83.44223022460938,0
2026-03-03 14:00:00+00:00,83.58118438720703,84.10503387451172,82.9308853149414,83.42510223388672,0
2026-03-03 15:00:00+00:00,83.41064453125,84.93550109863281,83.22655487060547,84.86502838134766,0
2026-03-03 16:00:00+00:00,84.92105865478516,87.02991485595703,84.68339538574219,85.62541198730469,0
2026-03-03 17:00:00+00:00,85.43031311035156,85.43031311035156,84.37480926513672,85.21286010742188,0
2026-03-03 18:00:00+00:00,85.19170379638672,85.83544921875,84.8153076171875,85.38198852539062,0
2026-03-03 19:00:00+00:00,85.3880615234375,85.52950286865234,84.91764831542969,85.11709594726562,0
2026-03-03 20:00:00+00:00,85.11402130126953,85.177001953125,84.80613708496094,84.82318878173828,0
2026-03-03 21:00:00+00:00,84.80377960205078,85.13177490234375,84.3537826538086,85.1301040649414,0
2026-03-03 22:00:00+00:00,85.14835357666016,86.49140930175781,85.14835357666016,86.2950668334961,28451840
2026-03-03 23:00:00+00:00,86.29019165039062,87.32038879394531,86.2843246459961,87.01956939697266,61970944
2026-03-04 00:00:00+00:00,86.96318817138672,87.30491638183594,86.41093444824219,86.70834350585938,0
2026-03-04 01:00:00+00:00,86.67538452148438,87.75615692138672,86.67341613769531,87.33866119384766,130395648
2026-03-04 02:00:00+00:00,87.32037353515625,87.34123992919922,86.71099853515625,87.07722473144531,0
2026-03-04 03:00:00+00:00,87.08055877685547,87.08055877685547,85.45639038085938,85.62052154541016,99070464
2026-03-04 04:00:00+00:00,85.74254608154297,85.74254608154297,85.00638580322266,85.45760345458984,67937280
2026-03-04 05:00:00+00:00,85.40665435791016,85.81783294677734,84.9482192993164,85.78215026855469,34226176
2026-03-04 06:00:00+00:00,85.70498657226562,85.916259765625,85.05789184570312,85.52814483642578,70315520
2026-03-04 07:00:00+00:00,85.58821105957031,87.34648895263672,85.56658172607422,87.34648895263672,68686336
2026-03-04 08:00:00+00:00,87.45520782470703,89.45623016357422,87.11288452148438,89.45623016357422,149194240
2026-03-04 09:00:00+00:00,89.45758056640625,91.09915924072266,89.4074935913086,90.4478759765625,445050368
2026-03-04 10:00:00+00:00,90.5584945678711,90.8820571899414,90.0540771484375,90.06656646728516,218142208
2026-03-04 11:00:00+00:00,90.16720581054688,90.53604888916016,89.56401062011719,89.76739501953125,52221440
2026-03-04 12:00:00+00:00,89.77662658691406,89.7890625,88.79412078857422,89.27957153320312,0
2026-03-04 13:00:00+00:00,89.28561401367188,89.9983139038086,89.28561401367188,89.9983139038086,111285760
2026-03-04 14:00:00+00:00,90.00069427490234,91.3315200805664,89.69984436035156,90.30741882324219,234684928
2026-03-04 15:00:00+00:00,90.2621078491211,92.56202697753906,90.2621078491211,92.56202697753906,294885376
2026-03-04 16:00:00+00:00,92.65906524658203,92.91063690185547,91.253173828125,91.7286605834961,0
2026-03-04 17:00:00+00:00,91.68980407714844,92.07759094238281,91.00127410888672,91.64956665039062,42393600
2026-03-04 18:00:00+00:00,91.6436538696289,92.32421112060547,91.41502380371094,92.27985382080078,0
2026-03-04 19:00:00+00:00,92.29451751708984,93.80597686767578,92.29451751708984,93.44731140136719,204772864
2026-03-04 20:00:00+00:00,93.33038330078125,93.69501495361328,92.99640655517578,93.07823944091797,81694720
2026-03-04 21:00:00+00:00,93.09185028076172,93.09185028076172,92.33438110351562,92.34100341796875,47224832
2026-03-04 22:00:00+00:00,92.35175323486328,92.70258331298828,91.2576675415039,91.3028564453125,2559488
2026-03-04 23:00:00+00:00,91.29338073730469,91.32893371582031,90.51370239257812,90.83324432373047,0
2026-03-05 00:00:00+00:00,90.88592529296875,91.27364349365234,90.88592529296875,90.91499328613281,0
2026-03-05 01:00:00+00:00,90.90239715576172,91.27676391601562,89.86203002929688,89.8746109008789,0
2026-03-05 02:00:00+00:00,89.89157104492188,90.5206298828125,89.89157104492188,90.16895294189453,0
2026-03-05 03:00:00+00:00,90.18081665039062,90.45950317382812,89.79443359375,90.03596496582031,0
2026-03-05 04:00:00+00:00,90.03176879882812,90.5099105834961,90.01178741455078,90.44903564453125,0
2026-03-05 05:00:00+00:00,90.4566421508789,90.57856750488281,90.11725616455078,90.1745834350586,0
2026-03-05 06:00:00+00:00,90.13348388671875,90.88374328613281,89.813232421875,90.88208770751953,0
2026-03-05 07:00:00+00:00,90.8810043334961,91.22427368164062,89.90654754638672,90.02215576171875,0
2026-03-05 08:00:00+00:00,90.07220458984375,90.643310546875,89.9012451171875,90.643310546875,0
2026-03-05 09:00:00+00:00,90.63893127441406,91.6275634765625,90.63893127441406,91.21646118164062,0
2026-03-05 10:00:00+00:00,91.20849609375,92.7724380493164,91.15533447265625,92.76441192626953,0
2026-03-05 11:00:00+00:00,92.74347686767578,92.74347686767578,91.72648620605469,91.84070587158203,0
2026-03-05 12:00:00+00:00,91.84166717529297,92.1104507446289,91.50460052490234,92.04341888427734,0
2026-03-05 13:00:00+00:00,92.03958892822266,92.03958892822266,90.66746520996094,90.94135284423828,0
2026-03-05 14:00:00+00:00,90.94445037841797,91.15082550048828,90.00020599365234,90.87013244628906,0
2026-03-05 15:00:00+00:00,90.86988067626953,90.96197509765625,88.99449920654297,89.44441986083984,0
2026-03-05 16:00:00+00:00,89.51276397705078,89.52764129638672,88.01412200927734,88.95004272460938,0
2026-03-05 17:00:00+00:00,88.96044921875,89.25935363769531,88.12445068359375,88.19480895996094,0
2026-03-05 18:00:00+00:00,88.13790130615234,88.75101470947266,88.13761138916016,88.75101470947266,0
2026-03-05 19:00:00+00:00,88.74713897705078,89.18170166015625,88.74713897705078,88.80765533447266,0
2026-03-05 20:00:00+00:00,88.80199432373047,89.45693969726562,88.7704086303711,89.2279281616211,0
2026-03-05 21:00:00+00:00,89.23407745361328,89.76434326171875,89.0187759399414,89.07804870605469,0
2026-03-05 22:00:00+00:00,89.07875061035156,89.31370544433594,88.97903442382812,89.2833251953125,0
2026-03-05 23:00:00+00:00,89.26374816894531,89.26374816894531,88.69347381591797,88.69347381591797,0
2026-03-06 00:00:00+00:00,88.72061920166016,88.95964813232422,88.72061920166016,88.80979919433594,0
2026-03-06 01:00:00+00:00,88.8115005493164,89.17958068847656,88.30602264404297,89.14488983154297,0
2026-03-06 02:00:00+00:00,89.1375732421875,89.2164306640625,88.3331298828125,88.3331298828125,37797120
2026-03-06 03:00:00+00:00,88.35051727294922,88.58316802978516,88.32107543945312,88.3619384765625,0
2026-03-06 04:00:00+00:00,88.39439392089844,88.50247192382812,87.96609497070312,88.05572509765625,0
2026-03-06 05:00:00+00:00,88.0827407836914,88.18897247314453,87.58668518066406,87.91812133789062,0
2026-03-06 06:00:00+00:00,87.91642761230469,88.29991912841797,87.73025512695312,88.1298599243164,0
2026-03-06 07:00:00+00:00,88.11666870117188,88.75940704345703,87.95193481445312,88.71720123291016,0
2026-03-06 08:00:00+00:00,88.71031951904297,88.71031951904297,88.30621337890625,88.30621337890625,0
2026-03-06 09:00:00+00:00,88.31485748291016,88.38992309570312,87.26421356201172,87.50737762451172,0
2026-03-06 10:00:00+00:00,87.50616455078125,87.84178161621094,87.46810150146484,87.76512145996094,0
2026-03-06 11:00:00+00:00,87.7625961303711,87.86539459228516,87.16679382324219,87.18705749511719,0
2026-03-06 12:00:00+00:00,87.19083404541016,87.22248077392578,86.17242431640625,86.56258392333984,77498624
2026-03-06 13:00:00+00:00,86.53459167480469,86.81818389892578,85.83112335205078,85.84449768066406,24706304
2026-03-06 14:00:00+00:00,85.79601287841797,85.79601287841797,84.32711029052734,84.32711029052734,125538304
2026-03-06 15:00:00+00:00,84.40099334716797,85.18757629394531,84.36502838134766,84.63839721679688,0
2026-03-06 16:00:00+00:00,84.61337280273438,84.89111328125,84.29191589355469,84.29191589355469,0
2026-03-06 17:00:00+00:00,84.30921173095703,84.5142593383789,83.75109100341797,84.24755859375,0
2026-03-06 18:00:00+00:00,84.30081176757812,85.49920654296875,84.30081176757812,85.38574981689453,29920768
2026-03-06 19:00:00+00:00,85.36823272705078,85.68814849853516,85.21788024902344,85.23551177978516,0
2026-03-06 20:00:00+00:00,85.23237609863281,85.34280395507812,84.64744567871094,85.04522705078125,0
2026-03-06 21:00:00+00:00,85.033447265625,85.033447265625,84.49654388427734,84.68431854248047,0
2026-03-06 22:00:00+00:00,84.71514129638672,85.00521850585938,84.62112426757812,85.001953125,0
2026-03-06 23:00:00+00:00,84.99859619140625,85.01875305175781,84.66653442382812,84.68055725097656,3328
2026-03-07 00:00:00+00:00,84.68260955810547,85.00177764892578,84.59020233154297,84.76387023925781,0
2026-03-07 01:00:00+00:00,84.76441955566406,84.83257293701172,84.65511322021484,84.75778198242188,0
2026-03-07 02:00:00+00:00,84.75274658203125,84.75274658203125,84.40870666503906,84.54389190673828,0
2026-03-07 03:00:00+00:00,84.57430267333984,84.94830322265625,84.43929290771484,84.45637512207031,0
2026-03-07 04:00:00+00:00,84.51036071777344,84.51036071777344,84.19429779052734,84.35128021240234,0
2026-03-07 05:00:00+00:00,84.31001281738281,84.46089935302734,84.20262145996094,84.39701080322266,0
2026-03-07 06:00:00+00:00,84.3964614868164,84.3964614868164,84.0209732055664,84.04979705810547,0
2026-03-07 07:00:00+00:00,84.04207611083984,84.34309387207031,83.96986389160156,84.34309387207031,0
2026-03-07 08:00:00+00:00,84.33566284179688,84.53243255615234,84.20655059814453,84.38507843017578,0
2026-03-07 09:00:00+00:00,84.39057159423828,84.61786651611328,84.25885009765625,84.61429595947266,0
2026-03-07 10:00:00+00:00,84.61094665527344,84.71453094482422,84.50952911376953,84.50952911376953,0
2026-03-07 11:00:00+00:00,84.51336669921875,84.79862976074219,84.37186431884766,84.73487091064453,0
2026-03-07 12:00:00+00:00,84.73310089111328,84.73310089111328,84.33590698242188,84.33590698242188,0
2026-03-07 13:00:00+00:00,84.33322143554688,84.52510833740234,84.28346252441406,84.29141235351562,0
2026-03-07 14:00:00+00:00,84.2923355102539,84.2923355102539,83.87158966064453,84.25765228271484,0
2026-03-07 15:00:00+00:00,84.2532958984375,84.2532958984375,83.56502532958984,83.77081298828125,0
2026-03-07 16:00:00+00:00,83.76458740234375,83.76458740234375,83.57142639160156,83.58447265625,0
2026-03-07 17:00:00+00:00,83.58881378173828,84.03146362304688,83.58881378173828,83.86270904541016,0
2026-03-07 18:00:00+00:00,83.84100341796875,83.84100341796875,83.28943634033203,83.40296936035156,0
2026-03-07 19:00:00+00:00,83.39944458007812,83.39944458007812,82.50164031982422,82.51957702636719,92162560
2026-03-07 20:00:00+00:00,82.52191162109375,83.07540130615234,82.52191162109375,83.03640747070312,0
2026-03-07 21:00:00+00:00,83.03182983398438,83.18948364257812,82.97101593017578,83.18948364257812,0
2026-03-07 22:00:00+00:00,83.19754791259766,83.28231811523438,82.86283111572266,82.98615264892578,0
2026-03-07 23:00:00+00:00,82.98641967773438,83.2142105102539,82.9847640991211,83.18003845214844,0
2026-03-08 00:00:00+00:00,83.1823959350586,83.44050598144531,82.97886657714844,83.05557250976562,0
2026-03-08 01:00:00+00:00,83.04890441894531,83.14006042480469,82.83838653564453,83.04676055908203,9617152
2026-03-08 02:00:00+00:00,82.9781265258789,83.04119110107422,82.408447265625,82.41605377197266,31107968
2026-03-08 03:00:00+00:00,82.41492462158203,82.65263366699219,82.3767318725586,82.42000579833984,23575936
2026-03-08 04:00:00+00:00,82.42523193359375,82.50450134277344,81.97167205810547,81.97885131835938,6191744
2026-03-08 05:00:00+00:00,81.97541809082031,82.71749114990234,81.97541809082031,82.55097198486328,31670144
2026-03-08 06:00:00+00:00,82.54752349853516,82.56121063232422,82.36679077148438,82.45587158203125,0
2026-03-08 07:00:00+00:00,82.4560546875,82.98107147216797,82.45001983642578,82.89842987060547,18634240
2026-03-08 08:00:00+00:00,82.91415405273438,83.05986022949219,82.678955078125,83.05986022949219,243456
2026-03-08 09:00:00+00:00,83.06409454345703,83.30917358398438,82.86747741699219,83.21942901611328,53147776
2026-03-08 10:00:00+00:00,83.1936264038086,84.0469970703125,83.1936264038086,83.72626495361328,67680384
2026-03-08 11:00:00+00:00,83.72975158691406,83.72975158691406,82.74561309814453,82.87101745605469,27301120
2026-03-08 12:00:00+00:00,82.86276245117188,82.89974212646484,82.05061340332031,82.34373474121094,104978432
2026-03-08 13:00:00+00:00,82.3351821899414,82.36016082763672,81.57927703857422,82.12586212158203,105299200
2026-03-08 14:00:00+00:00,82.12764739990234,82.31200408935547,82.03878021240234,82.30432891845703,0
2026-03-08 15:00:00+00:00,82.31145477294922,82.32231903076172,81.9166030883789,82.0745620727539,0
2026-03-08 16:00:00+00:00,82.0704116821289,82.12825012207031,81.49203491210938,81.4980697631836,19810560
2026-03-08 17:00:00+00:00,81.50133514404297,81.91107940673828,81.50133514404297,81.59314727783203,23731968
2026-03-08 18:00:00+00:00,81.65682220458984,81.74021911621094,81.46343994140625,81.60250854492188,0
2026-03-08 19:00:00+00:00,81.5990219116211,82.5630874633789,81.57711029052734,82.39229583740234,0
2026-03-08 20:00:00+00:00,82.39696502685547,82.7695541381836,82.15873718261719,82.43185424804688,656896
2026-03-08 21:00:00+00:00,82.38766479492188,82.38766479492188,81.89546966552734,82.19722747802734,29886208
2026-03-08 22:00:00+00:00,82.19976043701172,82.29472351074219,80.76155853271484,81.93383026123047,280323328
2026-03-08 23:00:00+00:00,81.94640350341797,82.32440185546875,81.64724731445312,81.64958953857422,83008512
2026-03-09 00:00:00+00:00,81.64171600341797,82.88766479492188,81.64171600341797,82.37744140625,83677952
2026-03-09 01:00:00+00:00,82.36988830566406,82.73919677734375,82.05274200439453,82.2835693359375,92294656
2026-03-09 02:00:00+00:00,82.27245330810547,82.81891632080078,81.77084350585938,82.78038787841797,47588352
2026-03-09 03:00:00+00:00,82.72761535644531,84.2298812866211,82.72761535644531,83.11585235595703,142720000
2026-03-09 04:00:00+00:00,83.19768524169922,83.77083587646484,83.15096282958984,83.30318450927734,22610432
2026-03-09 05:00:00+00:00,83.26946258544922,84.35526275634766,83.22186279296875,84.2005615234375,120413696
2026-03-09 06:00:00+00:00,84.20850372314453,84.25470733642578,83.17829132080078,83.1862564086914,62894592
2026-03-09 07:00:00+00:00,83.11308288574219,83.19577026367188,82.64563751220703,83.17967224121094,44957184
2026-03-09 08:00:00+00:00,83.16756439208984,83.7767562866211,83.08665466308594,83.7288589477539,57084160
2026-03-09 09:00:00+00:00,83.72594451904297,84.46399688720703,83.50611877441406,84.03856658935547,83257344
2026-03-09 10:00:00+00:00,84.04120635986328,84.10674285888672,83.60735321044922,83.7020034790039,28534528
2026-03-09 11:00:00+00:00,83.72235870361328,83.86113739013672,83.19146728515625,83.70928192138672,0
2026-03-09 12:00:00+00:00,83.62373352050781,84.0916748046875,83.62373352050781,84.01921844482422,0
2026-03-09 13:00:00+00:00,84.0194091796875,85.61170196533203,84.0194091796875,85.29432678222656,136843264
2026-03-09 14:00:00+00:00,85.26849365234375,85.56279754638672,84.6647720336914,85.33724975585938,196672768
2026-03-09 15:00:00+00:00,85.33065032958984,85.34489440917969,84.80231475830078,85.20477294921875,86371328
2026-03-09 16:00:00+00:00,85.09449768066406,85.33502197265625,84.79106140136719,85.21229553222656,54408704
2026-03-09 17:00:00+00:00,85.2006607055664,85.29757690429688,84.52854919433594,85.27259063720703,79863808
2026-03-09 18:00:00+00:00,85.09136199951172,85.47671508789062,84.60403442382812,85.19576263427734,118429952
2026-03-09 19:00:00+00:00,85.22010803222656,86.89900970458984,85.17017364501953,86.02464294433594,206381312
2026-03-09 20:00:00+00:00,86.00402069091797,86.05487823486328,85.37600708007812,85.68433380126953,46420480
2026-03-09 21:00:00+00:00,85.69650268554688,86.30577850341797,85.69650268554688,86.0267105102539,37837824
2026-03-09 22:00:00+00:00,86.03667449951172,86.25726318359375,85.67637634277344,85.68952178955078,0
2026-03-09 23:00:00+00:00,85.69963073730469,85.92144012451172,84.93119812011719,84.93749237060547,32273408
2026-03-10 00:00:00+00:00,84.95582580566406,85.85098266601562,84.92957305908203,85.59539031982422,0
2026-03-10 01:00:00+00:00,85.5968246459961,85.84112548828125,85.18675231933594,85.84112548828125,0
2026-03-10 02:00:00+00:00,85.83186340332031,86.7191162109375,85.5653305053711,86.54240417480469,59798016
2026-03-10 03:00:00+00:00,86.59941101074219,86.63113403320312,85.63777160644531,85.63777160644531,0
2026-03-10 04:00:00+00:00,85.60633850097656,86.55770111083984,85.50179290771484,86.55770111083984,26876160
2026-03-10 05:00:00+00:00,86.54737854003906,86.81877136230469,86.40995025634766,86.41576385498047,0
2026-03-10 06:00:00+00:00,86.41453552246094,86.61759185791016,86.05899047851562,86.319091796875,0
2026-03-10 07:00:00+00:00,86.34745025634766,86.8159408569336,86.2862777709961,86.56426239013672,32360704
2026-03-10 08:00:00+00:00,86.60128784179688,87.29365539550781,86.60128784179688,86.71276092529297,83458560
2026-03-10 09:00:00+00:00,86.71318054199219,87.3409194946289,86.71318054199219,87.25132751464844,0
2026-03-10 10:00:00+00:00,87.24230194091797,87.47431945800781,86.91661834716797,87.13386535644531,0
2026-03-10 11:00:00+00:00,87.11082458496094,87.11082458496094,86.72689819335938,86.82100677490234,60290048
2026-03-10 12:00:00+00:00,86.83000946044922,86.83031463623047,86.40858459472656,86.66423034667969,0
2026-03-10 13:00:00+00:00,86.70733642578125,87.19032287597656,85.92822265625,86.28564453125,0
2026-03-10 14:00:00+00:00,86.26038360595703,88.0158920288086,85.2375717163086,88.0158920288086,114499840
2026-03-10 15:00:00+00:00,88.02274322509766,88.30245971679688,87.59600067138672,88.04874420166016,193031168
2026-03-10 16:00:00+00:00,88.31812286376953,88.60847473144531,87.77949523925781,88.41831970214844,102437888
2026-03-10 17:00:00+00:00,88.4029541015625,88.6053695678711,87.82984924316406,88.00350189208984,19164672
2026-03-10 18:00:00+00:00,87.9905014038086,87.9905014038086,86.22561645507812,86.22561645507812,69646848
2026-03-10 19:00:00+00:00,86.23863983154297,86.35942077636719,85.75153350830078,85.96820068359375,0
2026-03-10 20:00:00+00:00,85.99327087402344,86.35519409179688,85.99327087402344,86.2254409790039,0
2026-03-10 21:00:00+00:00,86.22503662109375,86.34130859375,85.45636749267578,85.72340393066406,15875072
2026-03-10 22:00:00+00:00,85.7222671508789,85.76500701904297,85.1221694946289,85.51304626464844,6840832
2026-03-10 23:00:00+00:00,85.51756286621094,85.83462524414062,85.50471496582031,85.83462524414062,0
2026-03-11 00:00:00+00:00,85.84285736083984,86.13382720947266,85.67980194091797,86.11589050292969,0
2026-03-11 01:00:00+00:00,86.05463409423828,86.19277954101562,85.82881927490234,86.12129974365234,1215488
2026-03-11 02:00:00+00:00,86.1204605102539,86.17434692382812,85.62823486328125,85.8116683959961,0
2026-03-11 03:00:00+00:00,85.82573699951172,85.92327117919922,85.5838394165039,85.632568359375,5464576
2026-03-11 04:00:00+00:00,85.63737487792969,86.57183837890625,85.56597137451172,86.5465087890625,0
2026-03-11 05:00:00+00:00,86.60025787353516,86.80445861816406,85.8019790649414,85.8019790649414,18298880
2026-03-11 06:00:00+00:00,85.79135131835938,86.13682556152344,85.75299072265625,86.04729461669922,0
2026-03-11 07:00:00+00:00,86.0510482788086,86.0559310913086,85.26380920410156,85.5105209350586,0
2026-03-11 08:00:00+00:00,85.49663543701172,85.53660583496094,85.17928314208984,85.3970947265625,0
2026-03-11 09:00:00+00:00,85.45027923583984,85.45840454101562,84.79657745361328,84.80408477783203,0
2026-03-11 10:00:00+00:00,84.89752960205078,85.44740295410156,84.8958969116211,85.37882995605469,0
2026-03-11 11:00:00+00:00,85.3596420288086,85.3596420288086,84.51091766357422,84.51091766357422,49007616
2026-03-11 12:00:00+00:00,84.53125,85.29300689697266,84.45631408691406,85.20794677734375,93966080
2026-03-11 13:00:00+00:00,85.2027816772461,87.1313705444336,85.17829132080078,85.82019805908203,153116672
2026-03-11 14:00:00+00:00,85.82831573486328,86.88109588623047,85.82831573486328,86.63113403320312,0
2026-03-11 15:00:00+00:00,86.61056518554688,86.61056518554688,84.9751968383789,85.47724914550781,0
2026-03-11 16:00:00+00:00,85.45686340332031,86.49240112304688,85.4280014038086,86.41793823242188,0
2026-03-11 17:00:00+00:00,86.41952514648438,87.70318603515625,86.41952514648438,87.16889190673828,118555136
2026-03-11 18:00:00+00:00,87.310791015625,87.83146667480469,87.310791015625,87.79347229003906,5839104
2026-03-11 19:00:00+00:00,87.79624938964844,87.83171081542969,87.1982192993164,87.20365142822266,0
2026-03-11 20:00:00+00:00,87.21755981445312,87.3589859008789,87.11576080322266,87.2768325805664,0
2026-03-11 21:00:00+00:00,87.2808837890625,87.53436279296875,87.24252319335938,87.53436279296875,0
2026-03-11 22:00:00+00:00,87.53504943847656,87.67887115478516,86.97167205810547,86.97199249267578,0
2026-03-11 23:00:00+00:00,86.98692321777344,87.16277313232422,86.56668090820312,86.56668090820312,0
2026-03-12 00:00:00+00:00,86.5711898803711,86.71058654785156,86.53208923339844,86.70457458496094,0
2026-03-12 01:00:00+00:00,86.70059967041016,86.70059967041016,86.02898406982422,86.02898406982422,1130752
2026-03-12 02:00:00+00:00,86.03555297851562,86.0969467163086,85.27651977539062,85.27651977539062,42405376
2026-03-12 03:00:00+00:00,85.26575469970703,85.38301086425781,84.8184814453125,84.94618225097656,60659968
2026-03-12 04:00:00+00:00,84.95417785644531,85.32803344726562,84.95417785644531,85.0960922241211,0
2026-03-12 05:00:00+00:00,85.10017395019531,85.23664855957031,84.94774627685547,85.12884521484375,0
2026-03-12 06:00:00+00:00,85.12995910644531,85.35645294189453,85.08536529541016,85.35382080078125,3232000
2026-03-12 07:00:00+00:00,85.3624496459961,85.8230209350586,85.10588836669922,85.80520629882812,44198656
2026-03-12 08:00:00+00:00,85.8310317993164,86.00115203857422,85.5525131225586,85.96466827392578,4880896
2026-03-12 09:00:00+00:00,85.96678161621094,86.33929443359375,85.51671600341797,86.13021850585938,19002368
2026-03-12 10:00:00+00:00,86.22212982177734,86.96711730957031,86.11001586914062,86.75032806396484,48803072
2026-03-12 11:00:00+00:00,86.74993133544922,87.0197982788086,86.74993133544922,86.80098724365234,0
2026-03-12 12:00:00+00:00,86.8397445678711,87.3547592163086,86.64244842529297,87.25399017333984,21822976
2026-03-12 13:00:00+00:00,87.28819274902344,87.57565307617188,86.60330200195312,86.60330200195312,0
2026-03-12 14:00:00+00:00,86.79926300048828,87.38851165771484,85.45426177978516,85.50785827636719,37056768
2026-03-12 15:00:00+00:00,85.54480743408203,86.84684753417969,85.44337463378906,86.65198516845703,45837056
2026-03-12 16:00:00+00:00,86.67427825927734,86.92652893066406,85.94920349121094,86.8904037475586,41605376
2026-03-12 17:00:00+00:00,86.8874282836914,86.92695617675781,86.53983306884766,86.65989685058594,0
2026-03-12 18:00:00+00:00,86.63783264160156,86.67033386230469,85.94901275634766,85.94901275634766,0
2026-03-12 19:00:00+00:00,85.95218658447266,86.85381317138672,85.76795959472656,86.85025787353516,0
2026-03-12 20:00:00+00:00,86.83956909179688,86.87936401367188,86.49791717529297,86.5031509399414,0
2026-03-12 21:00:00+00:00,86.49890899658203,86.57901763916016,86.24344635009766,86.5007095336914,0
2026-03-12 22:00:00+00:00,86.52180480957031,86.53411102294922,86.04501342773438,86.15797424316406,0
2026-03-12 23:00:00+00:00,86.28456115722656,87.08135223388672,86.28456115722656,86.88143920898438,48858368
2026-03-13 00:00:00+00:00,86.86799621582031,90.73966217041016,86.8153076171875,89.79511260986328,584956160
2026-03-13 01:00:00+00:00,89.90306091308594,90.58637237548828,89.90306091308594,90.46757507324219,193162752
2026-03-13 02:00:00+00:00,90.46733093261719,90.47804260253906,89.06124877929688,89.06139373779297,49977856
2026-03-13 03:00:00+00:00,89.06927490234375,89.73387145996094,89.06927490234375,89.73387145996094,13783040
2026-03-13 04:00:00+00:00,89.7307357788086,89.7307357788086,89.2773208618164,89.2773208618164,0
2026-03-13 05:00:00+00:00,89.30176544189453,89.35000610351562,88.9576187133789,89.07555389404297,56820736
2026-03-13 06:00:00+00:00,89.07318878173828,89.1372299194336,88.42462921142578,88.5512466430664,47160320
2026-03-13 07:00:00+00:00,88.53980255126953,88.84922790527344,88.33287811279297,88.58074951171875,43502592
2026-03-13 08:00:00+00:00,88.57254028320312,89.28324890136719,88.51077270507812,89.12847137451172,66554880
2026-03-13 09:00:00+00:00,89.13505554199219,89.5800552368164,88.92044067382812,89.54634857177734,17050112
2026-03-13 10:00:00+00:00,89.5506362915039,90.2356948852539,89.52413177490234,90.13388061523438,80434688
2026-03-13 11:00:00+00:00,90.14202117919922,90.36970520019531,90.05270385742188,90.36959075927734,27462656
2026-03-13 12:00:00+00:00,90.34436798095703,91.07441711425781,90.25774383544922,91.06990814208984,21282816
2026-03-13 13:00:00+00:00,91.0345230102539,92.20257568359375,91.0345230102539,91.89083099365234,158728192
2026-03-13 14:00:00+00:00,91.90422821044922,92.82257843017578,90.65125274658203,90.65191650390625,246141440
2026-03-13 15:00:00+00:00,90.68424987792969,91.10968017578125,89.42887878417969,89.45263671875,91246080
2026-03-13 16:00:00+00:00,89.47959899902344,89.86504364013672,89.1505126953125,89.70540618896484,39856128
2026-03-13 17:00:00+00:00,89.67677307128906,89.96253967285156,88.71488952636719,88.86189270019531,71528448
2026-03-13 18:00:00+00:00,88.8674545288086,89.02945709228516,88.4747314453125,88.85250091552734,66160128
2026-03-13 19:00:00+00:00,88.85386657714844,88.9752197265625,88.4845199584961,88.93795776367188,7363072
2026-03-13 20:00:00+00:00,88.94302368164062,89.04195404052734,88.65438842773438,88.86966705322266,57321472
2026-03-13 21:00:00+00:00,88.91244506835938,89.11517333984375,88.52649688720703,88.68757629394531,41147392
2026-03-13 22:00:00+00:00,88.67401885986328,88.67401885986328,87.82341766357422,88.01751708984375,62834688
2026-03-13 23:00:00+00:00,88.02330780029297,88.1970443725586,87.91751861572266,88.15412902832031,419840
2026-03-14 00:00:00+00:00,88.15464782714844,88.33504486083984,87.92028045654297,87.96344757080078,0
2026-03-14 01:00:00+00:00,87.9643325805664,88.33292388916016,87.9643325805664,88.28441619873047,0
2026-03-14 02:00:00+00:00,88.2814712524414,88.2959976196289,88.06549072265625,88.2959976196289,0
2026-03-14 03:00:00+00:00,88.29468536376953,88.53923034667969,88.27275848388672,88.40563201904297,0
2026-03-14 04:00:00+00:00,88.40777587890625,88.66940307617188,88.2818374633789,88.2818374633789,0
2026-03-14 05:00:00+00:00,88.28295135498047,88.35891723632812,88.02471160888672,88.0986328125,0
2026-03-14 06:00:00+00:00,88.10259246826172,88.10259246826172,87.13239288330078,87.30696868896484,0
2026-03-14 07:00:00+00:00,87.30921936035156,87.41300964355469,87.25685119628906,87.35677337646484,0
2026-03-14 08:00:00+00:00,87.3467788696289,87.47537231445312,87.16461944580078,87.16461944580078,0
2026-03-14 09:00:00+00:00,87.16812896728516,87.27812957763672,86.86214447021484,86.87045288085938,0
2026-03-14 10:00:00+00:00,86.8678970336914,86.91563415527344,86.63253021240234,86.70604705810547,0
2026-03-14 11:00:00+00:00,86.70138549804688,86.98986053466797,86.69923400878906,86.96432495117188,0
2026-03-14 12:00:00+00:00,86.96450805664062,87.10343170166016,86.89244842529297,87.0761947631836,0
2026-03-14 13:00:00+00:00,87.08489227294922,87.33961486816406,87.08489227294922,87.1344985961914,0
2026-03-14 14:00:00+00:00,87.1355209350586,87.19644165039062,86.75204467773438,86.8072280883789,0
2026-03-14 15:00:00+00:00,86.793701171875,86.9120101928711,86.71712493896484,86.76942443847656,0
2026-03-14 16:00:00+00:00,86.76951599121094,87.11640930175781,86.68529510498047,87.09156036376953,0
2026-03-14 17:00:00+00:00,87.0911636352539,87.0911636352539,86.89910888671875,86.91995239257812,0
2026-03-14 18:00:00+00:00,86.91938781738281,87.04460906982422,86.84609985351562,87.04460906982422,0
2026-03-14 19:00:00+00:00,87.04167175292969,87.06063079833984,86.98039245605469,86.99061584472656,0
2026-03-14 20:00:00+00:00,87.01919555664062,87.12001037597656,86.92736053466797,87.11396789550781,0
2026-03-14 21:00:00+00:00,87.11183166503906,87.28949737548828,86.94124603271484,87.28949737548828,0
2026-03-14 22:00:00+00:00,87.28266143798828,87.42545318603516,87.2793197631836,87.30488586425781,0
2026-03-14 23:00:00+00:00,87.30790710449219,88.12794494628906,87.30790710449219,88.0704345703125,40787328
2026-03-15 00:00:00+00:00,88.06941986083984,88.12386322021484,87.7510757446289,87.75840759277344,0
2026-03-15 01:00:00+00:00,87.76527404785156,87.88899230957031,87.64601135253906,87.73768615722656,0
2026-03-15 02:00:00+00:00,87.73411560058594,88.4715576171875,87.73411560058594,88.29989624023438,69704448
2026-03-15 03:00:00+00:00,88.32262420654297,88.347900390625,87.76564025878906,87.78279113769531,7302144
2026-03-15 04:00:00+00:00,87.80384826660156,88.2658920288086,87.80384826660156,88.26588439941406,0
2026-03-15 05:00:00+00:00,88.2887954711914,88.57913970947266,88.1681137084961,88.4081802368164,21163264
2026-03-15 06:00:00+00:00,88.406005859375,88.52082061767578,88.23051452636719,88.33768463134766,0
2026-03-15 07:00:00+00:00,88.33656311035156,88.46453094482422,88.1885757446289,88.1927261352539,0
2026-03-15 08:00:00+00:00,88.19302368164062,88.45512390136719,88.19302368164062,88.43061065673828,0
2026-03-15 09:00:00+00:00,88.45124053955078,88.79774475097656,88.45124053955078,88.56896209716797,6553216
2026-03-15 10:00:00+00:00,88.56556701660156,88.66133117675781,88.4762191772461,88.47953033447266,0
2026-03-15 11:00:00+00:00,88.47904968261719,88.61085510253906,88.29779052734375,88.5793228149414,0
2026-03-15 12:00:00+00:00,88.5750732421875,88.5750732421875,88.27131652832031,88.30733489990234,0
2026-03-15 13:00:00+00:00,88.30870056152344,88.36137390136719,87.50952911376953,87.73534393310547,100296320
2026-03-15 14:00:00+00:00,87.75514221191406,87.97903442382812,87.67535400390625,87.97845458984375,0
2026-03-15 15:00:00+00:00,87.97399139404297,88.02981567382812,87.85317993164062,88.01363372802734,0
2026-03-15 16:00:00+00:00,88.01262664794922,88.01390838623047,87.60375213623047,87.60375213623047,10529792
2026-03-15 17:00:00+00:00,87.60365295410156,88.70011901855469,87.58184814453125,88.50738525390625,34724992
2026-03-15 18:00:00+00:00,88.50416564941406,88.620361328125,87.95124816894531,87.95124816894531,71695872
2026-03-15 19:00:00+00:00,87.92521667480469,88.23956298828125,87.92521667480469,88.18700408935547,33147648
2026-03-15 20:00:00+00:00,88.18547058105469,88.85700225830078,88.07721710205078,88.78700256347656,53531904
2026-03-15 21:00:00+00:00,88.78377532958984,89.92322540283203,88.6622314453125,89.92322540283203,131346944
2026-03-15 22:00:00+00:00,89.94226837158203,92.52749633789062,89.94226837158203,92.50617980957031,536136704
2026-03-15 23:00:00+00:00,92.49736785888672,92.97010803222656,91.78462219238281,92.25813293457031,312653568
2026-03-16 00:00:00+00:00,92.26961517333984,92.83959197998047,92.03697967529297,92.10743713378906,168341248
2026-03-16 01:00:00+00:00,92.09881591796875,92.1421127319336,91.58367156982422,92.13488006591797,131045120
2026-03-16 02:00:00+00:00,92.1345443725586,92.19874572753906,91.26117706298828,91.59201049804688,6793984
2026-03-16 03:00:00+00:00,91.5824203491211,93.65230560302734,91.41602325439453,93.24317932128906,362910976
2026-03-16 04:00:00+00:00,93.22573852539062,93.67112731933594,93.01201629638672,93.55540466308594,268089600
2026-03-16 05:00:00+00:00,93.54278564453125,94.14132690429688,93.38644409179688,94.14132690429688,212652288
2026-03-16 06:00:00+00:00,94.0793228149414,94.0793228149414,93.32691192626953,93.5534896850586,149050368
2026-03-16 07:00:00+00:00,93.5414810180664,93.77098083496094,93.46102142333984,93.61648559570312,124841984
2026-03-16 08:00:00+00:00,93.60457611083984,93.95637512207031,92.76531982421875,92.90487670898438,140467200
2026-03-16 09:00:00+00:00,92.90164184570312,93.38949584960938,92.77240753173828,93.34601593017578,57897984
2026-03-16 10:00:00+00:00,93.34065246582031,93.861328125,93.32933807373047,93.85843658447266,98354688
2026-03-16 11:00:00+00:00,93.8676528930664,93.89025115966797,93.5876693725586,93.74974822998047,71311360
2026-03-16 12:00:00+00:00,93.75094604492188,94.05667877197266,93.58280944824219,93.75899505615234,187695616
2026-03-16 13:00:00+00:00,93.75502014160156,94.83379364013672,93.65275573730469,93.67536163330078,233982464
2026-03-16 14:00:00+00:00,93.64322662353516,94.42965698242188,92.50983428955078,93.26039123535156,429393408
2026-03-16 15:00:00+00:00,93.5505599975586,94.09790802001953,93.21768951416016,93.21768951416016,290721280
2026-03-16 16:00:00+00:00,93.22811889648438,93.90506744384766,93.21456146240234,93.89871978759766,167650304
2026-03-16 17:00:00+00:00,93.87922668457031,94.25275421142578,93.75997161865234,94.07546997070312,120401920
2026-03-16 18:00:00+00:00,94.0777816772461,94.87869262695312,94.07691955566406,94.46900939941406,140267520
2026-03-16 19:00:00+00:00,94.43748474121094,95.29298400878906,94.3486328125,95.2777328491211,174455296
2026-03-16 20:00:00+00:00,95.27876281738281,95.91231536865234,95.11310577392578,95.90432739257812,119739392
2026-03-16 21:00:00+00:00,95.87541961669922,96.67967987060547,95.6851806640625,96.35091400146484,95809536
2026-03-16 22:00:00+00:00,96.34490203857422,97.4159164428711,96.2791976928711,96.27923583984375,0
2026-03-16 23:00:00+00:00,96.2979736328125,96.36776733398438,95.5188980102539,96.22423553466797,0
2026-03-17 00:00:00+00:00,96.21691131591797,96.7446517944336,95.2322769165039,95.25981140136719,0
2026-03-17 01:00:00+00:00,95.29864501953125,95.85209655761719,95.08222961425781,95.7097396850586,111640576
2026-03-17 02:00:00+00:00,95.70838928222656,95.72293090820312,95.0188980102539,95.24119567871094,582144
2026-03-17 03:00:00+00:00,95.22917938232422,95.22917938232422,93.86804962158203,93.97815704345703,0
2026-03-17 04:00:00+00:00,94.00447082519531,94.14205169677734,93.44241333007812,93.81143188476562,21922816
2026-03-17 05:00:00+00:00,93.81084442138672,94.05175018310547,93.44902038574219,93.81217193603516,0
2026-03-17 06:00:00+00:00,93.81181335449219,94.21255493164062,93.57390594482422,93.91873168945312,0
2026-03-17 07:00:00+00:00,93.91680908203125,94.55645751953125,93.91680908203125,94.42889404296875,0
2026-03-17 08:00:00+00:00,94.42784118652344,94.8421630859375,94.42784118652344,94.6310806274414,0
2026-03-17 09:00:00+00:00,94.62550354003906,94.76832580566406,93.86636352539062,93.87789916992188,37191168
2026-03-17 10:00:00+00:00,93.86974334716797,93.96708679199219,93.32331848144531,93.51690673828125,1144320
2026-03-17 11:00:00+00:00,93.52937316894531,93.84864044189453,93.50458526611328,93.70489501953125,0
2026-03-17 12:00:00+00:00,93.70802307128906,93.93162536621094,93.35405731201172,93.38166046142578,0
2026-03-17 13:00:00+00:00,93.39542388916016,94.33363342285156,93.39542388916016,93.88878631591797,0
2026-03-17 14:00:00+00:00,93.87860107421875,94.5531997680664,93.7197036743164,94.49958038330078,0
2026-03-17 15:00:00+00:00,94.50641632080078,95.04108428955078,93.47786712646484,93.78668975830078,0
2026-03-17 16:00:00+00:00,93.8097915649414,94.68647003173828,93.80518341064453,94.399658203125,0
2026-03-17 17:00:00+00:00,94.41455078125,94.65512084960938,94.32847595214844,94.55463409423828,0
2026-03-17 18:00:00+00:00,94.55230712890625,95.53748321533203,94.54000091552734,95.13443756103516,0
2026-03-17 19:00:00+00:00,95.17484283447266,95.5047607421875,94.74150085449219,94.74223327636719,0
2026-03-17 20:00:00+00:00,94.70230865478516,94.96776580810547,94.55204772949219,94.9048843383789,0
2026-03-17 21:00:00+00:00,94.90382385253906,95.33777618408203,94.89832305908203,95.27423858642578,0
2026-03-17 22:00:00+00:00,95.27534484863281,95.51903533935547,94.68282318115234,95.28541564941406,0
2026-03-17 23:00:00+00:00,95.30258178710938,95.39452362060547,94.70464324951172,94.70464324951172,0
2026-03-18 00:00:00+00:00,94.67042541503906,94.84309387207031,94.18480682373047,94.59197998046875,0
2026-03-18 01:00:00+00:00,94.59197998046875,94.82270812988281,94.46930694580078,94.47024536132812,0
2026-03-18 02:00:00+00:00,94.46694946289062,95.1166763305664,94.45584106445312,94.99661254882812,0
2026-03-18 03:00:00+00:00,94.99420166015625,95.53937530517578,94.91889953613281,95.13005828857422,0
2026-03-18 04:00:00+00:00,95.12008666992188,95.12008666992188,94.16716003417969,94.16716003417969,0
2026-03-18 05:00:00+00:00,94.1695785522461,94.34822845458984,93.90150451660156,93.91922760009766,0
2026-03-18 06:00:00+00:00,93.96766662597656,94.54227447509766,93.96070861816406,94.33464813232422,0
2026-03-18 07:00:00+00:00,94.33611297607422,94.33611297607422,93.9124984741211,93.96214294433594,0
2026-03-18 08:00:00+00:00,93.96321868896484,94.20072937011719,93.96321868896484,94.11360931396484,16463104
2026-03-18 09:00:00+00:00,94.10393524169922,94.35691833496094,94.03324890136719,94.22754669189453,0
2026-03-18 10:00:00+00:00,94.2464370727539,94.36280822753906,93.69451904296875,93.79608917236328,0
2026-03-18 11:00:00+00:00,93.80683898925781,93.99455261230469,91.96424102783203,92.003662109375,254432256
2026-03-18 12:00:00+00:00,92.0173568725586,92.0173568725586,90.49140167236328,90.58763122558594,222131712
2026-03-18 13:00:00+00:00,90.5921401977539,90.62195587158203,90.21724700927734,90.22835540771484,46007040
2026-03-18 14:00:00+00:00,90.26738739013672,90.34160614013672,89.09394073486328,89.11074829101562,150791424
2026-03-18 15:00:00+00:00,89.08061218261719,89.40083312988281,88.85836029052734,89.40083312988281,79937536
2026-03-18 16:00:00+00:00,89.40452575683594,89.40452575683594,88.85076141357422,89.02628326416016,44706304
2026-03-18 17:00:00+00:00,89.03182220458984,90.15337371826172,88.92189025878906,89.96512603759766,129882624
2026-03-18 18:00:00+00:00,90.114013671875,90.73767852783203,89.51570129394531,89.51570129394531,89298688
2026-03-18 19:00:00+00:00,89.58153533935547,89.91960906982422,89.58153533935547,89.68406677246094,0
2026-03-18 20:00:00+00:00,89.67325592041016,90.03985595703125,89.18343353271484,90.03795623779297,69392896
2026-03-18 21:00:00+00:00,90.03101348876953,90.51921844482422,90.00049591064453,90.51021575927734,21671424
2026-03-18 22:00:00+00:00,90.51969909667969,90.51969909667969,89.99054718017578,89.99195861816406,0
2026-03-18 23:00:00+00:00,89.99813842773438,90.12448120117188,89.77568817138672,90.06442260742188,76800
2026-03-19 00:00:00+00:00,90.06804656982422,90.23219299316406,89.96955108642578,90.1086196899414,0
2026-03-19 01:00:00+00:00,90.11677551269531,90.35491180419922,90.0428466796875,90.33682250976562,0
2026-03-19 02:00:00+00:00,90.3172836303711,90.33540344238281,89.97428894042969,89.97428894042969,0
2026-03-19 03:00:00+00:00,89.98884582519531,91.22755432128906,89.98884582519531,90.91756439208984,76320000
2026-03-19 04:00:00+00:00,90.88391876220703,90.88391876220703,89.83586883544922,89.96746826171875,0
2026-03-19 05:00:00+00:00,89.9398422241211,90.05432891845703,89.77560424804688,89.78712463378906,0
2026-03-19 06:00:00+00:00,89.77119445800781,90.05377960205078,89.64091491699219,89.843017578125,29129984
2026-03-19 07:00:00+00:00,89.84465789794922,89.97477722167969,88.76934051513672,89.50346374511719,137892864
2026-03-19 08:00:00+00:00,89.49834442138672,89.578857421875,89.16358184814453,89.37862396240234,0
2026-03-19 09:00:00+00:00,89.37886810302734,90.33354949951172,89.31956481933594,90.29473876953125,95027200
2026-03-19 10:00:00+00:00,90.2707748413086,90.36738586425781,89.86432647705078,89.86432647705078,18071552
2026-03-19 11:00:00+00:00,89.83422088623047,89.93495178222656,89.5168685913086,89.57003021240234,0
2026-03-19 12:00:00+00:00,89.5762710571289,89.58430480957031,88.16936492919922,88.19591522216797,0
2026-03-19 13:00:00+00:00,88.10887908935547,88.5689926147461,87.67932891845703,88.5535888671875,46065408
2026-03-19 14:00:00+00:00,88.53147888183594,88.55058288574219,87.57091522216797,88.24068450927734,0
2026-03-19 15:00:00+00:00,88.21548461914062,88.56961059570312,87.40548706054688,87.71243286132812,0
2026-03-19 16:00:00+00:00,87.71063995361328,87.71063995361328,87.20044708251953,87.65669250488281,41146368
2026-03-19 17:00:00+00:00,87.6731185913086,88.19473266601562,87.21712493896484,88.19473266601562,0
2026-03-19 18:00:00+00:00,88.17802429199219,88.20061492919922,87.75080871582031,87.9263916015625,0
2026-03-19 19:00:00+00:00,88.06706237792969,89.14924621582031,88.06706237792969,88.84589385986328,78843648
2026-03-19 20:00:00+00:00,88.75408172607422,89.05499267578125,88.75408172607422,89.00418853759766,0
2026-03-19 21:00:00+00:00,89.00675201416016,89.28101348876953,88.97576904296875,89.1853256225586,0
2026-03-19 22:00:00+00:00,89.1673812866211,89.1673812866211,88.53783416748047,88.6832046508789,0
2026-03-19 23:00:00+00:00,88.70243835449219,89.14383697509766,88.70243835449219,88.91725158691406,34395648
2026-03-20 00:00:00+00:00,88.91506958007812,89.37420654296875,88.90618896484375,89.3686752319336,28129024
2026-03-20 01:00:00+00:00,89.37894439697266,89.69551849365234,89.37894439697266,89.5679931640625,35423488
2026-03-20 02:00:00+00:00,89.57037353515625,89.57037353515625,88.96825408935547,89.35760498046875,28539648
2026-03-20 03:00:00+00:00,89.32591247558594,89.63916778564453,89.31803131103516,89.62792205810547,0
2026-03-20 04:00:00+00:00,89.58769989013672,89.71370697021484,88.82178497314453,89.25520324707031,0
2026-03-20 05:00:00+00:00,89.27667999267578,89.47692108154297,88.9714126586914,89.43587493896484,35370752
2026-03-20 06:00:00+00:00,89.4315185546875,89.4315185546875,89.03390502929688,89.10726928710938,0
2026-03-20 07:00:00+00:00,89.11106872558594,89.4598159790039,88.6923828125,89.44465637207031,0
2026-03-20 08:00:00+00:00,89.42979431152344,90.18277740478516,89.4045639038086,89.8128662109375,73109248
2026-03-20 09:00:00+00:00,89.78128051757812,89.78128051757812,88.79405212402344,88.9418716430664,5587968
2026-03-20 10:00:00+00:00,88.95841217041016,89.38984680175781,88.73836517333984,89.32449340820312,0
2026-03-20 11:00:00+00:00,89.3291244506836,89.53856658935547,88.97002410888672,89.08634185791016,13376000
2026-03-20 12:00:00+00:00,89.17374420166016,89.46569061279297,89.13096618652344,89.13096618652344,0
2026-03-20 13:00:00+00:00,89.17259979248047,89.44730377197266,88.79454040527344,88.87305450439453,0
2026-03-20 14:00:00+00:00,88.88963317871094,89.62969207763672,88.64988708496094,89.0369873046875,34724352
2026-03-20 15:00:00+00:00,89.0080337524414,89.09160614013672,88.6883316040039,88.81268310546875,0
2026-03-20 16:00:00+00:00,88.87840270996094,89.16996765136719,88.80713653564453,88.96019744873047,0
2026-03-20 17:00:00+00:00,88.9511947631836,88.95748901367188,88.25379180908203,88.7523422241211,0
2026-03-20 18:00:00+00:00,88.73347473144531,88.88469696044922,88.3119125366211,88.52043151855469,0
2026-03-20 19:00:00+00:00,88.5212173461914,89.01179504394531,88.3968276977539,89.00518798828125,0
2026-03-20 20:00:00+00:00,89.00398254394531,89.25010681152344,88.68592071533203,89.00930786132812,4051712
2026-03-20 21:00:00+00:00,89.00138092041016,89.84661865234375,88.98731994628906,89.61707305908203,45746944
2026-03-20 22:00:00+00:00,89.61699676513672,90.15406799316406,89.61699676513672,90.13908386230469,10972672
2026-03-20 23:00:00+00:00,90.13365936279297,90.13365936279297,89.8532943725586,89.8543701171875,0
2026-03-21 00:00:00+00:00,89.8556137084961,90.09737396240234,89.8556137084961,90.04900360107422,0
2026-03-21 01:00:00+00:00,90.0421371459961,90.20625305175781,89.85302734375,89.90206909179688,0
2026-03-21 02:00:00+00:00,89.898193359375,90.48541259765625,89.83462524414062,90.46060943603516,0
2026-03-21 03:00:00+00:00,90.470458984375,90.53125,90.3778076171875,90.43258666992188,0
2026-03-21 04:00:00+00:00,90.4347915649414,90.75867462158203,90.19366455078125,90.27469635009766,0
2026-03-21 05:00:00+00:00,90.26991271972656,90.43989562988281,90.02056884765625,90.02056884765625,0
2026-03-21 06:00:00+00:00,90.0044174194336,90.26436614990234,90.0044174194336,90.1457290649414,0
2026-03-21 07:00:00+00:00,90.14674377441406,90.36473083496094,90.03728485107422,90.0638427734375,0
2026-03-21 08:00:00+00:00,90.06535339355469,90.09536743164062,89.88265228271484,89.98274993896484,0
2026-03-21 09:00:00+00:00,89.98361206054688,90.30522155761719,89.98361206054688,90.21602630615234,0
2026-03-21 10:00:00+00:00,90.21697998046875,90.21697998046875,89.94285583496094,89.95952606201172,0
2026-03-21 11:00:00+00:00,89.95927429199219,89.97395324707031,89.88530731201172,89.92644500732422,0
2026-03-21 12:00:00+00:00,89.92528533935547,90.1685562133789,89.92528533935547,90.16706848144531,0
2026-03-21 13:00:00+00:00,90.16624450683594,90.21248626708984,90.00038146972656,90.00038146972656,0
2026-03-21 14:00:00+00:00,90.00328826904297,90.3277359008789,89.73665618896484,89.73665618896484,0
2026-03-21 15:00:00+00:00,89.73634338378906,89.84019470214844,89.53634643554688,89.81053161621094,0
2026-03-21 16:00:00+00:00,89.81019592285156,89.88529968261719,89.67190551757812,89.67190551757812,0
2026-03-21 17:00:00+00:00,89.67472839355469,89.67472839355469,89.50215911865234,89.5941390991211,0
2026-03-21 18:00:00+00:00,89.58705139160156,89.86820220947266,89.56640625,89.76266479492188,0
2026-03-21 19:00:00+00:00,89.75951385498047,89.86852264404297,89.72799682617188,89.79750061035156,0
2026-03-21 20:00:00+00:00,89.79903411865234,90.23236846923828,89.79470825195312,90.15383911132812,0
2026-03-21 21:00:00+00:00,90.1583023071289,90.18911743164062,89.98651123046875,89.98651123046875,0
2026-03-21 22:00:00+00:00,89.98479461669922,89.99772644042969,89.8604507446289,89.88127136230469,0
2026-03-21 23:00:00+00:00,89.88339233398438,89.88339233398438,87.44657897949219,87.46663665771484,132572032
2026-03-22 00:00:00+00:00,87.4720458984375,87.60171508789062,86.77814483642578,87.25032043457031,321422848
2026-03-22 01:00:00+00:00,87.25633239746094,87.57424926757812,87.13664245605469,87.41170501708984,69348864
2026-03-22 02:00:00+00:00,87.41329956054688,88.28511047363281,87.41329956054688,88.21337127685547,50477312
2026-03-22 03:00:00+00:00,88.21007537841797,88.91168975830078,87.91097259521484,88.62950134277344,91817728
2026-03-22 04:00:00+00:00,88.64326477050781,89.0250244140625,88.64326477050781,88.9929428100586,56095744
2026-03-22 05:00:00+00:00,88.99531555175781,88.99531555175781,88.47579193115234,88.47579193115234,11541248
2026-03-22 06:00:00+00:00,88.47604370117188,88.47604370117188,88.18572235107422,88.18572235107422,11726336
2026-03-22 07:00:00+00:00,88.17782592773438,88.29035186767578,87.85855865478516,87.8646011352539,0
2026-03-22 08:00:00+00:00,87.85950469970703,87.85950469970703,87.05973052978516,87.326416015625,80655360
2026-03-22 09:00:00+00:00,87.32454681396484,87.56494140625,87.23675537109375,87.34263610839844,27211264
2026-03-22 10:00:00+00:00,87.33871459960938,87.44932556152344,87.29840850830078,87.4093017578125,1590528
2026-03-22 11:00:00+00:00,87.39691162109375,87.39691162109375,86.98551940917969,86.98551940917969,58720256
2026-03-22 12:00:00+00:00,86.99003601074219,87.32068634033203,86.92987823486328,87.27239990234375,49485568
2026-03-22 13:00:00+00:00,87.26944732666016,87.5290298461914,87.12935638427734,87.33207702636719,24854784
2026-03-22 14:00:00+00:00,87.3294448852539,87.51106262207031,87.17171478271484,87.17646789550781,0
2026-03-22 15:00:00+00:00,87.1917724609375,87.52228546142578,87.1917724609375,87.51996612548828,0
2026-03-22 16:00:00+00:00,87.53292083740234,87.59530639648438,87.32121276855469,87.52347564697266,10102784
2026-03-22 17:00:00+00:00,87.51939392089844,87.51939392089844,87.28850555419922,87.34497833251953,0
2026-03-22 18:00:00+00:00,87.33517456054688,87.33517456054688,86.80247497558594,86.94560241699219,28794624
2026-03-22 19:00:00+00:00,86.99442291259766,86.99442291259766,86.63560485839844,86.85543060302734,48986880
2026-03-22 20:00:00+00:00,86.90377807617188,87.0912857055664,86.60418701171875,86.60418701171875,4793344
2026-03-22 21:00:00+00:00,86.59799194335938,86.59799194335938,85.32108306884766,85.88262939453125,184636672
2026-03-22 22:00:00+00:00,85.89456176757812,86.71314239501953,85.7691879272461,86.71314239501953,127248896
2026-03-22 23:00:00+00:00,86.71458435058594,86.85005950927734,86.08715057373047,86.12869262695312,0
2026-03-23 00:00:00+00:00,86.1500473022461,86.44660186767578,85.66351318359375,85.94896697998047,0
2026-03-23 01:00:00+00:00,85.92475891113281,86.55755615234375,85.86241149902344,86.18255615234375,0
2026-03-23 02:00:00+00:00,86.17623138427734,86.83192443847656,86.09666442871094,86.63276672363281,0
2026-03-23 03:00:00+00:00,86.74015045166016,86.99590301513672,86.4285888671875,86.4285888671875,0
2026-03-23 04:00:00+00:00,86.42400360107422,86.85379028320312,86.40289306640625,86.85009002685547,0
2026-03-23 05:00:00+00:00,86.85589599609375,87.19115447998047,86.85589599609375,87.14765167236328,69203968
2026-03-23 06:00:00+00:00,87.17534637451172,87.17534637451172,85.62047576904297,85.63346099853516,72070400
2026-03-23 07:00:00+00:00,85.65695190429688,86.14457702636719,85.2636947631836,86.05339813232422,113851648
2026-03-23 08:00:00+00:00,86.04351806640625,86.36070251464844,85.98116302490234,85.99671936035156,0
2026-03-23 09:00:00+00:00,85.97522735595703,85.97522735595703,85.30865478515625,85.66883087158203,0
2026-03-23 10:00:00+00:00,85.67456817626953,86.198974609375,85.67456817626953,86.04938507080078,41031424
2026-03-23 11:00:00+00:00,86.05164337158203,91.06236267089844,86.05164337158203,88.90669250488281,1078763776
2026-03-23 12:00:00+00:00,88.90162658691406,90.37641906738281,88.59757232666016,90.18506622314453,281206528
2026-03-23 13:00:00+00:00,90.20877075195312,91.17449188232422,89.97080993652344,91.13886260986328,236143872
2026-03-23 14:00:00+00:00,91.15379333496094,91.5778579711914,91.15379333496094,91.44652557373047,206567424
2026-03-23 15:00:00+00:00,91.45488739013672,92.1445541381836,89.93484497070312,89.93484497070312,284813824
2026-03-23 16:00:00+00:00,89.98921203613281,90.34941864013672,89.47760772705078,90.27693176269531,205590016
2026-03-23 17:00:00+00:00,90.30230712890625,91.28791046142578,89.82853698730469,91.28495025634766,335233536
2026-03-23 18:00:00+00:00,91.28034210205078,91.65834045410156,91.09688568115234,91.50416564941406,54282240
2026-03-23 19:00:00+00:00,91.52877044677734,91.71381378173828,91.34490203857422,91.34490966796875,48955392
2026-03-23 20:00:00+00:00,91.34989166259766,91.93877410888672,91.32909393310547,91.83160400390625,77202944
2026-03-23 21:00:00+00:00,91.81915283203125,91.86154174804688,91.54631805419922,91.71879577636719,0
2026-03-23 22:00:00+00:00,91.69705963134766,91.77194213867188,91.29251861572266,91.5027084350586,0
2026-03-23 23:00:00+00:00,91.50505828857422,91.50505828857422,91.05065155029297,91.42520904541016,787968
2026-03-24 00:00:00+00:00,91.4283447265625,91.50347137451172,90.8654556274414,91.06388854980469,0
2026-03-24 01:00:00+00:00,91.05302429199219,91.05302429199219,90.30477142333984,90.49617767333984,2289664
2026-03-24 02:00:00+00:00,90.49003601074219,90.52619934082031,90.17046356201172,90.17244720458984,0
2026-03-24 03:00:00+00:00,90.16879272460938,90.25487518310547,90.03499603271484,90.2500228881836,6563840
2026-03-24 04:00:00+00:00,90.25503540039062,90.66015625,90.16244506835938,90.35144805908203,0
2026-03-24 05:00:00+00:00,90.34408569335938,90.34408569335938,90.03704071044922,90.14457702636719,0
2026-03-24 06:00:00+00:00,90.14161682128906,90.43191528320312,90.11327362060547,90.42453002929688,0
2026-03-24 07:00:00+00:00,90.42574310302734,91.50603485107422,90.42341613769531,91.50603485107422,8599040
2026-03-24 08:00:00+00:00,91.50348663330078,91.79273223876953,91.34270477294922,91.53072357177734,70976512
2026-03-24 09:00:00+00:00,91.54816436767578,92.01580810546875,91.29327392578125,92.01580810546875,72694784
2026-03-24 10:00:00+00:00,92.02587127685547,92.14295196533203,91.76958465576172,91.81609344482422,17365504
2026-03-24 11:00:00+00:00,91.82660675048828,92.00221252441406,91.42745208740234,91.69263458251953,0
2026-03-24 12:00:00+00:00,91.70182037353516,91.7514419555664,91.52074432373047,91.59283447265625,0
2026-03-24 13:00:00+00:00,91.5897445678711,91.67053985595703,89.75566864013672,89.75566864013672,92185344
2026-03-24 14:00:00+00:00,89.7838363647461,90.00592041015625,88.83082580566406,89.50393676757812,53968896
2026-03-24 15:00:00+00:00,89.48780822753906,90.16032409667969,89.48780822753906,89.79022216796875,0
2026-03-24 16:00:00+00:00,89.78230285644531,89.86883544921875,89.21063232421875,89.26275634765625,0
2026-03-24 17:00:00+00:00,89.2652359008789,89.27190399169922,88.79721069335938,89.11168670654297,0
2026-03-24 18:00:00+00:00,89.11443328857422,89.48869323730469,88.9989013671875,88.9989013671875,0
2026-03-24 19:00:00+00:00,88.98926544189453,89.20137786865234,88.49728393554688,88.52228546142578,6046208
2026-03-24 20:00:00+00:00,88.50679016113281,89.99617004394531,88.49492645263672,89.97382354736328,97080320
2026-03-24 21:00:00+00:00,89.97218322753906,90.38825988769531,89.77947998046875,90.2712631225586,37576192
2026-03-24 22:00:00+00:00,90.27872467041016,90.61582946777344,90.20738220214844,90.29547119140625,0
2026-03-24 23:00:00+00:00,90.29232788085938,91.0173110961914,90.25235748291016,90.82242584228516,60610560
2026-03-25 00:00:00+00:00,90.81829833984375,91.50325775146484,90.80690002441406,91.42984771728516,0
2026-03-25 01:00:00+00:00,91.42149353027344,91.42149353027344,91.02983856201172,91.05714416503906,2527744
2026-03-25 02:00:00+00:00,91.04389190673828,91.3870849609375,90.90151977539062,91.06098175048828,5111552
2026-03-25 03:00:00+00:00,91.06050109863281,91.85536193847656,90.8385009765625,91.83675384521484,41921280
2026-03-25 04:00:00+00:00,91.78865051269531,91.96780395507812,91.61798095703125,91.96780395507812,35991808
2026-03-25 05:00:00+00:00,91.96337127685547,92.68632507324219,91.96337127685547,92.4011001586914,98702080
2026-03-25 06:00:00+00:00,92.40147399902344,92.79948425292969,92.29085540771484,92.49864959716797,123832832
2026-03-25 07:00:00+00:00,92.4843978881836,92.4843978881836,91.86046600341797,91.86046600341797,0
2026-03-25 08:00:00+00:00,91.8374252319336,92.57417297363281,91.8374252319336,92.3455810546875,44165120
2026-03-25 09:00:00+00:00,92.34410095214844,92.57971954345703,92.26023864746094,92.45098114013672,0
2026-03-25 10:00:00+00:00,92.4591293334961,92.61133575439453,92.42659759521484,92.58834838867188,0
2026-03-25 11:00:00+00:00,92.58858489990234,93.22126770019531,92.52030181884766,92.89210510253906,37866496
2026-03-25 12:00:00+00:00,92.90159606933594,93.18802642822266,92.4713363647461,93.08931732177734,59955712
2026-03-25 13:00:00+00:00,93.08892822265625,93.24810028076172,92.86014556884766,92.86260986328125,0
2026-03-25 14:00:00+00:00,92.81864166259766,92.81864166259766,92.09346771240234,92.09346771240234,0
2026-03-25 15:00:00+00:00,92.0716781616211,92.0716781616211,91.06484985351562,91.7998275756836,0
2026-03-25 16:00:00+00:00,91.79991912841797,92.51084899902344,91.67068481445312,92.27857971191406,46027008
2026-03-25 17:00:00+00:00,92.27971649169922,92.27971649169922,91.62749481201172,91.64259338378906,0
2026-03-25 18:00:00+00:00,91.64019775390625,92.07015991210938,91.61946105957031,91.63133239746094,0
2026-03-25 19:00:00+00:00,91.63308715820312,91.86332702636719,91.4996337890625,91.4996337890625,0
2026-03-25 20:00:00+00:00,91.56767272949219,91.66268920898438,91.17378997802734,91.47956848144531,0
2026-03-25 21:00:00+00:00,91.47635650634766,91.49937438964844,91.18428802490234,91.22592163085938,0
2026-03-25 22:00:00+00:00,91.22715759277344,91.78834533691406,91.07445526123047,91.70877075195312,32189184
2026-03-25 23:00:00+00:00,91.71245574951172,91.76725769042969,91.49081420898438,91.70822143554688,0
2026-03-26 00:00:00+00:00,91.70330810546875,91.8946533203125,91.54095458984375,91.58135986328125,0
2026-03-26 01:00:00+00:00,91.58491516113281,91.87911224365234,91.58491516113281,91.84823608398438,0
2026-03-26 02:00:00+00:00,91.84197998046875,91.84197998046875,90.76564025878906,90.8834228515625,14867968
2026-03-26 03:00:00+00:00,90.89282989501953,91.04902648925781,90.66526794433594,91.04902648925781,0
2026-03-26 04:00:00+00:00,91.04393768310547,91.04393768310547,90.73419952392578,90.7921142578125,0
2026-03-26 05:00:00+00:00,90.78753662109375,90.78919219970703,89.17949676513672,89.19194793701172,46689792
2026-03-26 06:00:00+00:00,89.19232177734375,89.20818328857422,88.90232849121094,89.02261352539062,97884416
2026-03-26 07:00:00+00:00,89.02194213867188,89.12494659423828,88.86155700683594,89.10855102539062,0
2026-03-26 08:00:00+00:00,89.1009521484375,89.1009521484375,88.6734619140625,88.87432098388672,0
2026-03-26 09:00:00+00:00,88.87329864501953,88.92217254638672,87.97428894042969,88.13516998291016,89462528
2026-03-26 10:00:00+00:00,88.12715911865234,88.24954223632812,87.80048370361328,87.87229919433594,30731264
2026-03-26 11:00:00+00:00,87.88172912597656,87.98954772949219,87.51953887939453,87.62077331542969,0
2026-03-26 12:00:00+00:00,87.61138916015625,87.70205688476562,87.4549331665039,87.5608901977539,0
2026-03-26 13:00:00+00:00,87.55537414550781,88.12142181396484,87.40555572509766,87.89009857177734,56507904
2026-03-26 14:00:00+00:00,87.90074157714844,88.00273895263672,87.32623291015625,87.51158142089844,0
2026-03-26 15:00:00+00:00,87.50166320800781,87.67981719970703,86.99527740478516,87.56566619873047,21769728
2026-03-26 16:00:00+00:00,87.50955963134766,87.6169662475586,87.15980529785156,87.17792510986328,0
2026-03-26 17:00:00+00:00,87.17141723632812,87.34403228759766,86.71076965332031,86.71076965332031,40261120
2026-03-26 18:00:00+00:00,86.69526672363281,86.70834350585938,85.77047729492188,86.0147705078125,148670720
2026-03-26 19:00:00+00:00,86.01837921142578,86.01837921142578,85.5445785522461,85.6622085571289,50296832
2026-03-26 20:00:00+00:00,85.61141204833984,86.75303649902344,85.51502990722656,86.27054595947266,207480832
2026-03-26 21:00:00+00:00,86.27269744873047,87.00526428222656,86.26087188720703,86.84461975097656,74252032
2026-03-26 22:00:00+00:00,86.79999542236328,86.79999542236328,86.44039916992188,86.70087432861328,0
2026-03-26 23:00:00+00:00,86.78499603271484,86.85520935058594,86.25773620605469,86.4457015991211,75356416
2026-03-27 00:00:00+00:00,86.45037841796875,86.69878387451172,86.225341796875,86.52062225341797,0
2026-03-27 01:00:00+00:00,86.525634765625,86.81221008300781,86.48331451416016,86.80345153808594,5381120
2026-03-27 02:00:00+00:00,86.80548858642578,86.91161346435547,86.5970458984375,86.69209289550781,0
2026-03-27 03:00:00+00:00,86.68716430664062,86.69825744628906,86.37784576416016,86.3780746459961,0
2026-03-27 04:00:00+00:00,86.37665557861328,86.3847427368164,85.77845001220703,86.13824462890625,34395904
2026-03-27 05:00:00+00:00,86.13556671142578,86.5881576538086,85.9586181640625,86.0516357421875,0
2026-03-27 06:00:00+00:00,86.05137634277344,86.24756622314453,86.00174713134766,86.04158782958984,0
2026-03-27 07:00:00+00:00,86.0408706665039,86.2533950805664,85.81603240966797,85.85490417480469,0
2026-03-27 08:00:00+00:00,85.86063385009766,85.91818237304688,84.4598617553711,85.07444763183594,148988416
2026-03-27 09:00:00+00:00,85.0722885131836,85.13325500488281,84.65108489990234,85.04869842529297,0
2026-03-27 10:00:00+00:00,85.03961181640625,85.05033874511719,82.927001953125,82.92994689941406,149160704
2026-03-27 11:00:00+00:00,82.9384536743164,83.49913024902344,82.9384536743164,83.3839340209961,69185536
2026-03-27 12:00:00+00:00,83.38009643554688,83.38009643554688,83.09899139404297,83.11419677734375,9660160
2026-03-27 13:00:00+00:00,83.10926818847656,83.44746398925781,82.76514434814453,82.77290344238281,0
2026-03-27 14:00:00+00:00,82.81123352050781,83.20958709716797,82.64836883544922,83.04669189453125,25050112
2026-03-27 15:00:00+00:00,83.05308532714844,83.79271697998047,83.04743957519531,83.40201568603516,26651392
2026-03-27 16:00:00+00:00,83.38771057128906,83.38771057128906,82.71116638183594,83.00403594970703,39513344
2026-03-27 17:00:00+00:00,83.0013427734375,83.20359802246094,82.15738677978516,82.17192077636719,0
2026-03-27 18:00:00+00:00,82.1749038696289,82.35285186767578,82.04536437988281,82.33260345458984,0
2026-03-27 19:00:00+00:00,82.3316879272461,82.74882507324219,82.10645294189453,82.74882507324219,0
2026-03-27 20:00:00+00:00,82.75310516357422,82.86552429199219,82.36629486083984,82.74918365478516,0
2026-03-27 21:00:00+00:00,82.74874877929688,82.9604721069336,82.72683715820312,82.74219512939453,0
2026-03-27 22:00:00+00:00,82.73409271240234,82.74775695800781,82.56890869140625,82.72883605957031,0
2026-03-27 23:00:00+00:00,82.71881866455078,83.0184555053711,82.529296875,83.0184555053711,0
2026-03-28 00:00:00+00:00,83.03311920166016,83.03311920166016,82.74220275878906,82.83755493164062,0
2026-03-28 01:00:00+00:00,82.83491516113281,82.83491516113281,82.4007339477539,82.56262969970703,0
2026-03-28 02:00:00+00:00,82.56806182861328,82.8313980102539,82.44088745117188,82.5274429321289,0
2026-03-28 03:00:00+00:00,82.51945495605469,82.64315032958984,82.51945495605469,82.56583404541016,0
2026-03-28 04:00:00+00:00,82.56533813476562,82.68572998046875,82.41361236572266,82.58448791503906,0
2026-03-28 05:00:00+00:00,82.57854461669922,82.69314575195312,82.39322662353516,82.69180297851562,0
2026-03-28 06:00:00+00:00,82.68350982666016,83.11489868164062,82.66582489013672,83.08502960205078,0
2026-03-28 07:00:00+00:00,83.1247787475586,83.51612091064453,83.1247787475586,83.51612091064453,0
2026-03-28 08:00:00+00:00,83.5196304321289,83.59396362304688,83.3822021484375,83.3822021484375,0
2026-03-28 09:00:00+00:00,83.38099670410156,83.38099670410156,82.94009399414062,82.99739074707031,0
2026-03-28 10:00:00+00:00,82.99665069580078,83.26014709472656,82.72734832763672,82.91322326660156,0
2026-03-28 11:00:00+00:00,82.90741729736328,82.99266815185547,82.90741729736328,82.9280014038086,0
2026-03-28 12:00:00+00:00,82.92862701416016,83.10685729980469,82.68757629394531,82.69180297851562,0
2026-03-28 13:00:00+00:00,82.67916107177734,83.70453643798828,82.6647720336914,83.30791473388672,0
2026-03-28 14:00:00+00:00,83.30288696289062,83.44810485839844,83.06610107421875,83.2262954711914,0
2026-03-28 15:00:00+00:00,83.21927642822266,84.04823303222656,83.21927642822266,83.70209503173828,0
2026-03-28 16:00:00+00:00,83.75186920166016,83.84467315673828,83.50021362304688,83.5331039428711,0
2026-03-28 17:00:00+00:00,83.53069305419922,83.6285400390625,83.18588256835938,83.29826354980469,0
2026-03-28 18:00:00+00:00,83.2888412475586,83.45218658447266,83.27386474609375,83.37191772460938,0
2026-03-28 19:00:00+00:00,83.36607360839844,83.36607360839844,83.09722137451172,83.20414733886719,0
2026-03-28 20:00:00+00:00,83.20602416992188,83.4312744140625,83.20602416992188,83.37904357910156,0
2026-03-28 21:00:00+00:00,83.37751770019531,83.38279724121094,82.61923217773438,82.6603775024414,18053120
2026-03-28 22:00:00+00:00,82.67085266113281,82.81159210205078,82.54058074951172,82.72550964355469,12469248
2026-03-28 23:00:00+00:00,82.72502899169922,82.72855377197266,81.88245391845703,82.01568603515625,8192
2026-03-29 00:00:00+00:00,82.01871490478516,82.14160919189453,81.94107818603516,82.04940795898438,17644032
2026-03-29 01:00:00+00:00,82.06443786621094,82.39163208007812,82.06443786621094,82.37462615966797,1187840
2026-03-29 02:00:00+00:00,82.37873077392578,82.73397827148438,82.37873077392578,82.68325805664062,0
2026-03-29 03:00:00+00:00,82.68428039550781,83.06498718261719,82.68428039550781,82.95626068115234,21970688
2026-03-29 04:00:00+00:00,82.95843505859375,82.95843505859375,82.71012115478516,82.73981475830078,0
2026-03-29 05:00:00+00:00,82.7353744506836,82.7353744506836,82.48622131347656,82.70431518554688,0
2026-03-29 06:00:00+00:00,82.67572021484375,82.7042236328125,82.35572052001953,82.4775619506836,0
2026-03-29 07:00:00+00:00,82.47422790527344,82.49516296386719,82.23683166503906,82.48474884033203,0
2026-03-29 08:00:00+00:00,82.47679138183594,82.49166870117188,82.34391784667969,82.41045379638672,0
2026-03-29 09:00:00+00:00,82.40994262695312,82.42596435546875,82.22125244140625,82.2856674194336,0
2026-03-29 10:00:00+00:00,82.28672790527344,82.28672790527344,82.03640747070312,82.1436538696289,0
2026-03-29 11:00:00+00:00,82.1383285522461,82.67183685302734,82.0994873046875,82.5512924194336,10442752
2026-03-29 12:00:00+00:00,82.54438781738281,82.54438781738281,82.2496337890625,82.40716552734375,0
2026-03-29 13:00:00+00:00,82.40155792236328,82.40155792236328,81.8233413696289,81.82489776611328,0
2026-03-29 14:00:00+00:00,81.83357238769531,82.11804962158203,81.80003356933594,81.82861328125,0
2026-03-29 15:00:00+00:00,81.83769226074219,81.99288940429688,81.54451751708984,81.73823547363281,0
2026-03-29 16:00:00+00:00,81.7398452758789,82.0119857788086,81.6259765625,81.64124298095703,0
2026-03-29 17:00:00+00:00,81.64088439941406,81.74272918701172,81.20941925048828,81.51234436035156,15498112
2026-03-29 18:00:00+00:00,81.5099868774414,81.76807403564453,81.40440368652344,81.7491455078125,28063104
2026-03-29 19:00:00+00:00,81.7479248046875,81.7692642211914,81.54248046875,81.56116485595703,0
2026-03-29 20:00:00+00:00,81.56008911132812,82.02356719970703,81.56008911132812,81.82952117919922,14424064
2026-03-29 21:00:00+00:00,81.83901977539062,82.11771392822266,81.82596588134766,82.11515808105469,0
2026-03-29 22:00:00+00:00,82.11481475830078,82.11481475830078,79.64751434326172,80.77787017822266,364518784
2026-03-29 23:00:00+00:00,80.7780532836914,81.46295166015625,80.7780532836914,81.42201232910156,138323968
2026-03-30 00:00:00+00:00,81.42665100097656,82.57003021240234,81.20548248291016,81.81427001953125,141064448
2026-03-30 01:00:00+00:00,81.81239318847656,82.71461486816406,81.81239318847656,82.66777038574219,62750720
2026-03-30 02:00:00+00:00,82.66902923583984,83.672607421875,82.51065063476562,83.27318572998047,143211520
2026-03-30 03:00:00+00:00,83.27873229980469,83.32405090332031,83.03874969482422,83.23512268066406,110691328
2026-03-30 04:00:00+00:00,83.21672058105469,83.65399932861328,83.21672058105469,83.65399932861328,100410112
2026-03-30 05:00:00+00:00,83.65969848632812,83.9291763305664,83.50611114501953,83.63887023925781,120711680
2026-03-30 06:00:00+00:00,83.61505889892578,83.72636413574219,83.40792846679688,83.43714141845703,36638208
2026-03-30 07:00:00+00:00,83.43144226074219,83.9842300415039,83.38360595703125,83.92030334472656,67676928
2026-03-30 08:00:00+00:00,83.9372787475586,84.6596450805664,83.9372787475586,84.45512390136719,172453888
2026-03-30 09:00:00+00:00,84.45339965820312,84.45339965820312,84.09210968017578,84.09877014160156,68435200
2026-03-30 10:00:00+00:00,84.09285736083984,84.09725189208984,83.69098663330078,83.8372573852539,42816256
2026-03-30 11:00:00+00:00,83.83016967773438,84.19318389892578,83.83016967773438,84.16824340820312,84604672
2026-03-30 12:00:00+00:00,84.16947937011719,84.4957046508789,84.1520767211914,84.4957046508789,62473728
2026-03-30 13:00:00+00:00,84.48504638671875,84.71199798583984,84.04641723632812,84.04641723632812,84190720
2026-03-30 14:00:00+00:00,84.0431137084961,84.47720336914062,83.70780181884766,84.26275634765625,119483648
2026-03-30 15:00:00+00:00,84.2702407836914,84.63460540771484,83.94828796386719,84.47032165527344,44477696
2026-03-30 16:00:00+00:00,84.46315002441406,84.46315002441406,84.0018539428711,84.0018539428711,49235456
2026-03-30 17:00:00+00:00,84.0497817993164,84.21373748779297,83.14666748046875,83.14666748046875,83962880
2026-03-30 18:00:00+00:00,83.17041778564453,83.27015686035156,82.50130462646484,82.50640106201172,52730112
2026-03-30 19:00:00+00:00,82.57787322998047,82.58679962158203,82.10537719726562,82.35213470458984,140391424
2026-03-30 20:00:00+00:00,82.35082244873047,82.79994201660156,82.32154083251953,82.7449951171875,46489856
2026-03-30 21:00:00+00:00,82.74072265625,83.49925231933594,82.67555236816406,83.2133560180664,83096832
2026-03-30 22:00:00+00:00,83.20850372314453,83.2964859008789,82.69912719726562,82.77857971191406,0
2026-03-30 23:00:00+00:00,82.77498626708984,82.77498626708984,82.16947937011719,82.44381713867188,0
2026-03-31 00:00:00+00:00,82.45137023925781,82.80380249023438,82.22057342529297,82.5784683227539,0
2026-03-31 01:00:00+00:00,82.59393310546875,84.20421600341797,82.59393310546875,83.80934143066406,96498176
2026-03-31 02:00:00+00:00,83.81432342529297,83.90930938720703,83.64134979248047,83.83613586425781,0
2026-03-31 03:00:00+00:00,83.83267974853516,83.83267974853516,83.32066345214844,83.48226165771484,0
2026-03-31 04:00:00+00:00,83.49079895019531,83.75028228759766,83.30668640136719,83.32540130615234,0
2026-03-31 05:00:00+00:00,83.32499694824219,83.58768463134766,82.9629898071289,83.56317138671875,0
2026-03-31 06:00:00+00:00,83.5759048461914,83.6436996459961,83.05982208251953,83.36772155761719,36730880
2026-03-31 07:00:00+00:00,83.37255096435547,83.37255096435547,82.75897979736328,83.02458190917969,15208448
2026-03-31 08:00:00+00:00,83.02739715576172,83.15666198730469,82.28447723388672,82.28447723388672,0
2026-03-31 09:00:00+00:00,82.27799224853516,82.3502197265625,80.3004150390625,80.3004150390625,123926784
2026-03-31 10:00:00+00:00,80.4841079711914,80.74345397949219,80.41793060302734,80.5969009399414,170981120
2026-03-31 11:00:00+00:00,80.5793685913086,80.81282043457031,80.32623291015625,80.68693542480469,248875520
2026-03-31 12:00:00+00:00,80.69454956054688,80.97866821289062,80.4330062866211,80.71786499023438,46633728
2026-03-31 13:00:00+00:00,80.72945404052734,81.86825561523438,80.72308349609375,81.78742980957031,35951616
2026-03-31 14:00:00+00:00,81.71562957763672,82.2593002319336,80.53876495361328,80.55593872070312,77261312
2026-03-31 15:00:00+00:00,80.60505676269531,81.49003601074219,80.60505676269531,80.96736907958984,87159296
2026-03-31 16:00:00+00:00,80.86725616455078,82.62149810791016,80.86725616455078,82.19827270507812,139530240
2026-03-31 17:00:00+00:00,82.21317291259766,83.1473159790039,82.21317291259766,82.24554443359375,189755392
2026-03-31 18:00:00+00:00,82.26018524169922,82.9054946899414,82.26018524169922,82.7488784790039,17602560
2026-03-31 19:00:00+00:00,82.76818084716797,82.84192657470703,82.51212310791016,82.60064697265625,0
2026-03-31 20:00:00+00:00,82.65928649902344,83.20674133300781,82.6114501953125,83.04812622070312,41607168
2026-03-31 21:00:00+00:00,83.0499038696289,83.07200622558594,82.64078521728516,82.86526489257812,0
2026-03-31 22:00:00+00:00,82.85391235351562,82.85391235351562,82.40689849853516,82.694580078125,15713280
2026-03-31 23:00:00+00:00,82.69270324707031,83.12017822265625,82.65908813476562,83.10919952392578,9241088
2026-04-01 00:00:00+00:00,83.10765838623047,83.3362808227539,82.86280059814453,83.30094146728516,0
2026-04-01 01:00:00+00:00,83.29303741455078,83.34526824951172,82.76172637939453,82.76172637939453,0
2026-04-01 02:00:00+00:00,82.7612075805664,82.80020904541016,82.53463745117188,82.59478759765625,12087296
2026-04-01 03:00:00+00:00,82.59608459472656,83.33086395263672,82.59608459472656,83.33086395263672,14046208
2026-04-01 04:00:00+00:00,83.328857421875,83.65325164794922,83.25772857666016,83.59532928466797,13896704
2026-04-01 05:00:00+00:00,83.6014633178711,84.08917999267578,83.35584259033203,84.03010559082031,69457408
2026-04-01 06:00:00+00:00,84.07244110107422,84.55497741699219,84.04550170898438,84.43958282470703,30727168
2026-04-01 07:00:00+00:00,84.43090057373047,84.59304809570312,83.84512329101562,83.84512329101562,48071680
2026-04-01 08:00:00+00:00,83.8382339477539,83.88314819335938,83.54446411132812,83.67874145507812,14563328
2026-04-01 09:00:00+00:00,83.65348052978516,83.69940185546875,83.1697769165039,83.39620208740234,0
2026-04-01 10:00:00+00:00,83.38875579833984,83.38875579833984,83.12681579589844,83.26751708984375,0
2026-04-01 11:00:00+00:00,83.29994201660156,83.43263244628906,83.21498107910156,83.3431167602539,0
2026-04-01 12:00:00+00:00,83.3443832397461,83.4355239868164,82.86959075927734,83.01953125,25960704
2026-04-01 13:00:00+00:00,83.0215072631836,83.34213256835938,82.5530776977539,82.73253631591797,0
2026-04-01 14:00:00+00:00,82.7140121459961,83.44559478759766,82.63311004638672,83.31956481933594,0
2026-04-01 15:00:00+00:00,83.33867645263672,83.63334655761719,83.16348266601562,83.61788177490234,0
2026-04-01 16:00:00+00:00,83.60118865966797,85.18113708496094,83.17376708984375,85.0394287109375,97030144
2026-04-01 17:00:00+00:00,85.0701675415039,86.35435485839844,84.49656677246094,84.49656677246094,175624960
2026-04-01 18:00:00+00:00,84.4820327758789,84.4820327758789,83.64607238769531,83.64607238769531,68635136
2026-04-01 19:00:00+00:00,83.65850067138672,84.25667572021484,83.65850067138672,83.73426818847656,10050560
2026-04-01 20:00:00+00:00,83.7738037109375,83.79322052001953,82.44093322753906,82.61163330078125,167079936
2026-04-01 21:00:00+00:00,82.607421875,82.84391784667969,81.5733871459961,81.82805633544922,175718400
2026-04-01 22:00:00+00:00,81.81919860839844,81.8302993774414,80.93795776367188,81.04691314697266,248861696
2026-04-01 23:00:00+00:00,81.0560531616211,81.35629272460938,81.0560531616211,81.19540405273438,40178176
2026-04-02 00:00:00+00:00,81.18940734863281,81.7002944946289,81.05096435546875,81.67292022705078,43664896
2026-04-02 01:00:00+00:00,81.5384292602539,81.5384292602539,79.15176391601562,79.34780883789062,435897344
2026-04-02 02:00:00+00:00,79.36058044433594,79.36058044433594,78.46951293945312,78.78091430664062,186607104
2026-04-02 03:00:00+00:00,78.83596801757812,79.29043579101562,78.80411529541016,78.96286010742188,112800256
2026-04-02 04:00:00+00:00,78.9648666381836,79.11238861083984,78.89674377441406,78.93183135986328,52230656
2026-04-02 05:00:00+00:00,78.92546081542969,79.28470611572266,78.67007446289062,79.28209686279297,10514432
2026-04-02 06:00:00+00:00,79.27930450439453,79.3846206665039,78.99351501464844,79.08613586425781,0
2026-04-02 07:00:00+00:00,79.08733367919922,79.59170532226562,79.0450439453125,79.59170532226562,0
2026-04-02 08:00:00+00:00,79.5887680053711,79.5887680053711,79.08422088623047,79.11621856689453,0
2026-04-02 09:00:00+00:00,79.1173324584961,79.2884292602539,79.034912109375,79.21746063232422,255488
2026-04-02 10:00:00+00:00,79.22371673583984,79.23273468017578,78.85546112060547,78.85911560058594,8829440
2026-04-02 11:00:00+00:00,78.85884094238281,78.90421295166016,78.33734893798828,78.33734893798828,51181056
2026-04-02 12:00:00+00:00,78.34236907958984,78.4211196899414,77.9599609375,77.9599609375,1139712
2026-04-02 13:00:00+00:00,77.96511840820312,78.10491943359375,76.83522033691406,77.6521987915039,120930304
2026-04-02 14:00:00+00:00,77.64892578125,79.3681869506836,77.61540985107422,79.23548126220703,234177024
2026-04-02 15:00:00+00:00,79.18500518798828,79.18500518798828,78.5435791015625,78.95011901855469,34066432
2026-04-02 16:00:00+00:00,78.965576171875,79.60958862304688,78.80303955078125,79.52677154541016,0
2026-04-02 17:00:00+00:00,79.523193359375,79.5911865234375,78.72969055175781,78.72969055175781,0
2026-04-02 18:00:00+00:00,78.7129898071289,79.16301727294922,78.51941680908203,79.08751678466797,0
2026-04-02 19:00:00+00:00,79.08948516845703,79.2088851928711,78.79975891113281,79.10269165039062,0
2026-04-02 20:00:00+00:00,79.05975341796875,79.29610443115234,78.83495330810547,79.18224334716797,0
2026-04-02 21:00:00+00:00,79.17692565917969,79.18788146972656,78.77275848388672,78.92693328857422,0
2026-04-02 22:00:00+00:00,78.93529510498047,79.0811767578125,78.8475341796875,79.05834197998047,0
2026-04-02 23:00:00+00:00,79.05887603759766,79.05887603759766,78.8527603149414,78.9513168334961,0
2026-04-03 00:00:00+00:00,78.95040130615234,79.27151489257812,78.9258041381836,79.17704772949219,0
2026-04-03 01:00:00+00:00,79.18009185791016,79.68071746826172,79.078369140625,79.15230560302734,0
2026-04-03 02:00:00+00:00,79.15357971191406,79.46466827392578,78.98542022705078,79.2906494140625,0
2026-04-03 03:00:00+00:00,79.30792236328125,79.34986877441406,79.07119750976562,79.07119750976562,0
2026-04-03 04:00:00+00:00,79.06565856933594,79.3371353149414,79.0466537475586,79.32148742675781,0
2026-04-03 05:00:00+00:00,79.31645202636719,79.50806427001953,79.14642333984375,79.2946548461914,0
2026-04-03 06:00:00+00:00,79.2976303100586,79.6529541015625,79.27101135253906,79.63565063476562,0
2026-04-03 07:00:00+00:00,79.64012908935547,79.97794342041016,79.4902572631836,79.90882110595703,0
2026-04-03 08:00:00+00:00,79.9090347290039,80.04979705810547,79.68826293945312,79.75721740722656,0
2026-04-03 09:00:00+00:00,79.76102447509766,80.10603332519531,79.71826171875,79.92864990234375,0
2026-04-03 10:00:00+00:00,79.92779541015625,80.1082992553711,79.74481201171875,79.97779083251953,0
2026-04-03 11:00:00+00:00,80.0121078491211,80.30763244628906,79.93207550048828,80.08004760742188,0
2026-04-03 12:00:00+00:00,80.08531188964844,80.39856719970703,79.37651062011719,79.39067840576172,0
2026-04-03 13:00:00+00:00,79.3861083984375,79.53936767578125,79.24358367919922,79.53936767578125,0
2026-04-03 14:00:00+00:00,79.5452880859375,80.25899505615234,79.53125,80.25131225585938,0
2026-04-03 15:00:00+00:00,80.25775146484375,80.49589538574219,80.20794677734375,80.44251251220703,0
2026-04-03 16:00:00+00:00,80.44941711425781,80.55880737304688,80.30731201171875,80.54500579833984,0
2026-04-03 17:00:00+00:00,80.55575561523438,80.55575561523438,80.00995635986328,80.22763061523438,0
2026-04-03 18:00:00+00:00,80.2217025756836,80.37590026855469,80.12345123291016,80.13558197021484,0
2026-04-03 19:00:00+00:00,80.13461303710938,80.24761199951172,79.94987487792969,80.21511840820312,0
2026-04-03 20:00:00+00:00,80.21348571777344,80.29161071777344,80.19149780273438,80.22127532958984,0
2026-04-03 21:00:00+00:00,80.21448516845703,80.50896453857422,80.15760040283203,80.45523071289062,0
2026-04-03 22:00:00+00:00,80.45356750488281,80.45356750488281,80.07566833496094,80.16571807861328,0
2026-04-03 23:00:00+00:00,80.15904235839844,80.3687515258789,80.14073181152344,80.3687515258789,256000
2026-04-04 00:00:00+00:00,80.37296295166016,80.37296295166016,80.1915283203125,80.2069091796875,0
2026-04-04 01:00:00+00:00,80.20942687988281,80.28656005859375,80.07366180419922,80.10456848144531,0
2026-04-04 02:00:00+00:00,80.1077651977539,80.25411224365234,80.1033706665039,80.11758422851562,0
2026-04-04 03:00:00+00:00,80.12571716308594,80.24872589111328,80.12571716308594,80.1894760131836,0
2026-04-04 04:00:00+00:00,80.1903076171875,80.27040100097656,80.16730499267578,80.2518539428711,0
2026-04-04 05:00:00+00:00,80.25077056884766,80.25077056884766,80.14566040039062,80.17154693603516,0
2026-04-04 06:00:00+00:00,80.17107391357422,80.4727554321289,80.15420532226562,80.4727554321289,0
2026-04-04 07:00:00+00:00,80.46620178222656,80.46620178222656,80.23920440673828,80.26805877685547,0
2026-04-04 08:00:00+00:00,80.26593017578125,80.35099792480469,79.9684829711914,79.9684829711914,0
2026-04-04 09:00:00+00:00,79.97607421875,80.04644012451172,79.94120025634766,80.01730346679688,0
2026-04-04 10:00:00+00:00,80.02745819091797,80.24742889404297,80.02745819091797,80.21501159667969,0
2026-04-04 11:00:00+00:00,80.21736145019531,80.23719787597656,80.0987548828125,80.18265533447266,0
2026-04-04 12:00:00+00:00,80.18598175048828,80.22246551513672,80.04852294921875,80.09003448486328,0
2026-04-04 13:00:00+00:00,80.08790588378906,80.16140747070312,80.01092529296875,80.06578063964844,0
2026-04-04 14:00:00+00:00,80.05694580078125,80.0700912475586,79.75580596923828,79.98728942871094,0
2026-04-04 15:00:00+00:00,80.03801727294922,81.23502349853516,80.03801727294922,80.95256042480469,118324608
2026-04-04 16:00:00+00:00,80.96826934814453,81.27477264404297,80.92160034179688,81.0739974975586,0
2026-04-04 17:00:00+00:00,81.00779724121094,81.00779724121094,80.71504211425781,80.91864776611328,0
2026-04-04 18:00:00+00:00,80.91877746582031,81.03445434570312,80.769287109375,80.89312744140625,0
2026-04-04 19:00:00+00:00,80.89065551757812,81.13926696777344,80.80453491210938,80.86434936523438,8926208
2026-04-04 20:00:00+00:00,80.86083984375,80.86083984375,80.69224548339844,80.77766418457031,0
2026-04-04 21:00:00+00:00,80.7771987915039,80.96721649169922,80.7771987915039,80.93428039550781,45280000
2026-04-04 22:00:00+00:00,80.93368530273438,81.00643920898438,80.92047882080078,80.9822998046875,0
2026-04-04 23:00:00+00:00,80.98235321044922,80.98235321044922,80.73246765136719,80.81089782714844,0
2026-04-05 00:00:00+00:00,80.82125854492188,80.82125854492188,80.6501693725586,80.6502914428711,0
2026-04-05 01:00:00+00:00,80.6538314819336,80.75357055664062,80.56935119628906,80.56935119628906,0
2026-04-05 02:00:00+00:00,80.56523132324219,80.5967788696289,80.4090576171875,80.56165313720703,0
2026-04-05 03:00:00+00:00,80.5618896484375,80.5882339477539,80.45684814453125,80.54090118408203,0
2026-04-05 04:00:00+00:00,80.5410385131836,80.5410385131836,80.4354248046875,80.45726013183594,0
2026-04-05 05:00:00+00:00,80.44778442382812,80.44778442382812,80.18549346923828,80.18549346923828,0
2026-04-05 06:00:00+00:00,80.20297241210938,80.2642822265625,79.4993667602539,79.68912506103516,94191872
2026-04-05 07:00:00+00:00,79.68246459960938,79.80479431152344,79.56562805175781,79.60965728759766,40017024
2026-04-05 08:00:00+00:00,79.60242462158203,79.65461730957031,79.57256317138672,79.61615753173828,551424
2026-04-05 09:00:00+00:00,79.6139144897461,79.82543182373047,79.6139144897461,79.82202911376953,0
2026-04-05 10:00:00+00:00,79.82569122314453,80.07937622070312,79.8174819946289,79.84737396240234,0
2026-04-05 11:00:00+00:00,79.818115234375,79.87429809570312,79.78952026367188,79.87346649169922,0
2026-04-05 12:00:00+00:00,79.87427520751953,79.88805389404297,78.88236999511719,78.96603393554688,60350720
2026-04-05 13:00:00+00:00,78.96646881103516,79.12812805175781,78.60298156738281,79.08676147460938,50178816
2026-04-05 14:00:00+00:00,79.08560943603516,79.38563537597656,79.08560943603516,79.30122375488281,0
2026-04-05 15:00:00+00:00,79.29804229736328,79.97884368896484,79.10841369628906,79.74018859863281,0
2026-04-05 16:00:00+00:00,79.69634246826172,79.73656463623047,79.43797302246094,79.44141387939453,0
2026-04-05 17:00:00+00:00,79.44493865966797,79.87537384033203,79.43370056152344,79.87537384033203,0
2026-04-05 18:00:00+00:00,79.8699722290039,80.02144622802734,79.7480697631836,79.91209411621094,12593664
2026-04-05 19:00:00+00:00,79.9217529296875,80.15235137939453,79.60990905761719,79.71713256835938,0
2026-04-05 20:00:00+00:00,79.73409271240234,80.13758087158203,79.73409271240234,80.1240234375,22562944
2026-04-05 21:00:00+00:00,80.1299057006836,80.13838195800781,79.57540893554688,79.80510711669922,0
2026-04-05 22:00:00+00:00,79.72613525390625,80.48185729980469,79.21974182128906,80.48185729980469,110068992
2026-04-05 23:00:00+00:00,80.47996520996094,81.9607162475586,80.47996520996094,81.8546371459961,258628608
2026-04-06 00:00:00+00:00,81.99552917480469,82.81195068359375,81.99552917480469,82.38420867919922,232591104
2026-04-06 01:00:00+00:00,82.37771606445312,82.37771606445312,81.79122161865234,81.82746887207031,98229504
2026-04-06 02:00:00+00:00,81.81075286865234,82.6567153930664,81.7298355102539,82.44098663330078,100377856
2026-04-06 03:00:00+00:00,82.43669128417969,82.43669128417969,81.97103881835938,82.00804901123047,110976512
2026-04-06 04:00:00+00:00,82.0160903930664,82.21497344970703,81.79641723632812,82.01326751708984,54438912
2026-04-06 05:00:00+00:00,82.01101684570312,82.01533508300781,81.87214660644531,81.8985595703125,17618432
2026-04-06 06:00:00+00:00,81.89776611328125,82.01209259033203,81.16596221923828,81.48283386230469,1601536
2026-04-06 07:00:00+00:00,81.4758529663086,81.88948822021484,81.36864471435547,81.81351470947266,40695296
2026-04-06 08:00:00+00:00,81.80782318115234,82.13780212402344,81.77729034423828,81.98896789550781,64836864
2026-04-06 09:00:00+00:00,81.98246765136719,82.83343505859375,81.96249389648438,82.48483276367188,212317952
2026-04-06 10:00:00+00:00,82.48255157470703,82.83706665039062,82.48255157470703,82.58102416992188,67404032
2026-04-06 11:00:00+00:00,82.59834289550781,82.6376953125,82.37100219726562,82.37556457519531,49688064
2026-04-06 12:00:00+00:00,82.38621520996094,82.45638275146484,82.24998474121094,82.25397491455078,0
2026-04-06 13:00:00+00:00,82.2529296875,82.51324462890625,82.24292755126953,82.41078186035156,14046976
2026-04-06 14:00:00+00:00,82.41362762451172,82.56697845458984,81.87761688232422,82.19100952148438,130683648
2026-04-06 15:00:00+00:00,82.19084930419922,82.37350463867188,82.0628433227539,82.26277160644531,0
2026-04-06 16:00:00+00:00,82.26860809326172,82.33162689208984,81.69591522216797,81.69591522216797,15420160
2026-04-06 17:00:00+00:00,81.67188262939453,81.67561340332031,81.2904052734375,81.63932800292969,65783552
2026-04-06 18:00:00+00:00,81.63996887207031,82.12532806396484,81.58853149414062,81.90287780761719,19955456
2026-04-06 19:00:00+00:00,81.9024887084961,81.9024887084961,81.61066436767578,81.70130920410156,0
2026-04-06 20:00:00+00:00,81.81588745117188,82.11090850830078,81.81588745117188,82.00972747802734,5870080
2026-04-06 21:00:00+00:00,81.98726654052734,81.98992919921875,81.46886444091797,81.47317504882812,0
2026-04-06 22:00:00+00:00,81.47472381591797,81.47472381591797,80.36683654785156,80.36683654785156,0
2026-04-06 23:00:00+00:00,80.32646942138672,80.32646942138672,79.73516845703125,80.14375305175781,573696
2026-04-07 00:00:00+00:00,80.12904357910156,80.12904357910156,79.65364074707031,79.95321655273438,0
2026-04-07 01:00:00+00:00,79.95052337646484,80.07774353027344,79.51873016357422,79.51873016357422,0
2026-04-07 02:00:00+00:00,79.52460479736328,79.819580078125,79.51770782470703,79.70162200927734,0
2026-04-07 03:00:00+00:00,79.70338439941406,79.86479187011719,79.70338439941406,79.77416229248047,0
2026-04-07 04:00:00+00:00,79.773193359375,80.04114532470703,79.71334838867188,79.97494506835938,0
2026-04-07 05:00:00+00:00,79.97026824951172,79.97026824951172,79.51010131835938,79.51334381103516,40116992
2026-04-07 06:00:00+00:00,79.52249908447266,79.57589721679688,79.34844207763672,79.53750610351562,0
2026-04-07 07:00:00+00:00,79.5348892211914,79.87106323242188,79.483154296875,79.86553192138672,93440
2026-04-07 08:00:00+00:00,79.86431884765625,80.25321960449219,79.84907531738281,80.10022735595703,37170688
2026-04-07 09:00:00+00:00,80.09473419189453,80.4724349975586,80.09473419189453,80.34371185302734,0
2026-04-07 10:00:00+00:00,80.34729766845703,80.38634490966797,79.37663269042969,79.37663269042969,44233472
2026-04-07 11:00:00+00:00,79.37261962890625,79.4723892211914,79.07305908203125,79.20059204101562,90655488
2026-04-07 12:00:00+00:00,79.19782257080078,79.26972198486328,78.81089782714844,79.16841125488281,126469120
2026-04-07 13:00:00+00:00,79.12366485595703,79.15779876708984,78.89077758789062,78.96199035644531,42074368
2026-04-07 14:00:00+00:00,78.95297241210938,78.99374389648438,78.45934295654297,78.69893646240234,46592
2026-04-07 15:00:00+00:00,78.68556213378906,78.91989135742188,78.4357681274414,78.82470703125,37818112
2026-04-07 16:00:00+00:00,78.82841491699219,79.03105926513672,78.698974609375,78.86958312988281,18144512
2026-04-07 17:00:00+00:00,78.87100982666016,80.20182037353516,78.86590576171875,80.0321273803711,194064384
2026-04-07 18:00:00+00:00,80.038330078125,80.14801788330078,79.63982391357422,79.70213317871094,50866944
2026-04-07 19:00:00+00:00,79.71788024902344,81.59934997558594,79.71788024902344,81.59934997558594,299987712
2026-04-07 20:00:00+00:00,81.60655975341797,82.2325439453125,81.60655975341797,81.96546936035156,228494336
2026-04-07 21:00:00+00:00,81.9552001953125,83.03966522216797,81.93489074707031,82.86669158935547,243952640
2026-04-07 22:00:00+00:00,82.86400604248047,84.71981811523438,82.86400604248047,84.71981811523438,425330176
2026-04-07 23:00:00+00:00,84.78680419921875,86.76972961425781,84.78680419921875,85.64922332763672,527367680
2026-04-08 00:00:00+00:00,85.62785339355469,85.73664093017578,84.38504028320312,84.61419677734375,114223104
2026-04-08 01:00:00+00:00,84.62403106689453,84.89895629882812,84.45263671875,84.69456481933594,53829632
2026-04-08 02:00:00+00:00,84.69489288330078,84.87572479248047,84.47836303710938,84.61161041259766,78333952
2026-04-08 03:00:00+00:00,84.59786224365234,84.61236572265625,84.47756958007812,84.5103988647461,109953536
2026-04-08 04:00:00+00:00,84.5111083984375,84.92850494384766,84.5111083984375,84.56024169921875,114338816
2026-04-08 05:00:00+00:00,84.55635833740234,84.68524169921875,84.32359313964844,84.32359313964844,30331392
2026-04-08 06:00:00+00:00,84.31375885009766,84.64984893798828,83.9764404296875,84.51416015625,85118464
2026-04-08 07:00:00+00:00,84.51775360107422,84.64180755615234,84.2617416381836,84.35757446289062,34148864
2026-04-08 08:00:00+00:00,84.45663452148438,84.71485137939453,84.45663452148438,84.71485137939453,0
2026-04-08 09:00:00+00:00,84.83905792236328,84.87553405761719,84.56887817382812,84.67164611816406,5708288
2026-04-08 10:00:00+00:00,84.67241668701172,84.71110534667969,84.56055450439453,84.61190032958984,0
2026-04-08 11:00:00+00:00,84.60281372070312,84.76286315917969,84.25770568847656,84.46440124511719,30248960
2026-04-08 12:00:00+00:00,84.46730041503906,84.6346664428711,84.2879867553711,84.5877456665039,0
2026-04-08 13:00:00+00:00,84.57771301269531,84.75038146972656,84.03849792480469,84.15310668945312,162973184
2026-04-08 14:00:00+00:00,84.13236236572266,84.13236236572266,82.63777923583984,82.68220520019531,178374656
2026-04-08 15:00:00+00:00,82.71814727783203,83.37535095214844,82.71814727783203,83.37023162841797,78914048
2026-04-08 16:00:00+00:00,83.34552001953125,83.52584075927734,83.12609100341797,83.52584075927734,0
2026-04-08 17:00:00+00:00,83.48815155029297,83.97664642333984,83.42504119873047,83.92527770996094,0
2026-04-08 18:00:00+00:00,83.91402435302734,83.98920440673828,82.9501953125,82.95062255859375,11511296
2026-04-08 19:00:00+00:00,82.89544677734375,83.0727767944336,82.84568786621094,83.03041076660156,0
2026-04-08 20:00:00+00:00,83.07270812988281,83.31504821777344,83.07270812988281,83.23580932617188,0
2026-04-08 21:00:00+00:00,83.2330551147461,83.52146911621094,83.22486877441406,83.3979721069336,0
2026-04-08 22:00:00+00:00,83.4035415649414,83.4035415649414,82.69324493408203,82.69324493408203,0
2026-04-08 23:00:00+00:00,82.57732391357422,82.88109588623047,82.35811614990234,82.58191680908203,0
2026-04-09 00:00:00+00:00,82.56200408935547,82.6184310913086,82.1449203491211,82.26644134521484,0
2026-04-09 01:00:00+00:00,82.25878143310547,82.25878143310547,81.86710357666016,82.18567657470703,37185536
2026-04-09 02:00:00+00:00,82.22752380371094,82.36632537841797,82.15271759033203,82.1578140258789,0
2026-04-09 03:00:00+00:00,82.150390625,82.150390625,81.95903778076172,82.07616424560547,0
2026-04-09 04:00:00+00:00,82.07472229003906,82.07472229003906,81.86741638183594,81.9000473022461,0
2026-04-09 05:00:00+00:00,81.84346008300781,82.26395416259766,81.83377075195312,82.10416412353516,0
2026-04-09 06:00:00+00:00,82.16564178466797,82.30401611328125,81.98802947998047,82.16554260253906,0
2026-04-09 07:00:00+00:00,82.2025375366211,82.46256256103516,82.2025375366211,82.33785247802734,0
2026-04-09 08:00:00+00:00,82.33428955078125,82.56735229492188,82.21639251708984,82.46949768066406,0
2026-04-09 09:00:00+00:00,82.47237396240234,82.59953308105469,82.20905303955078,82.58918762207031,0
2026-04-09 10:00:00+00:00,82.59150695800781,82.62488555908203,82.43864440917969,82.59854888916016,0
2026-04-09 11:00:00+00:00,82.58258819580078,82.58909606933594,82.1531982421875,82.19576263427734,0
2026-04-09 12:00:00+00:00,82.19295501708984,82.26219940185547,82.10450744628906,82.26004028320312,0
2026-04-09 13:00:00+00:00,82.25629425048828,82.29468536376953,81.74087524414062,81.74822998046875,0
2026-04-09 14:00:00+00:00,81.75572967529297,82.2071762084961,81.56681060791016,82.14080810546875,0
2026-04-09 15:00:00+00:00,82.16268157958984,83.8322525024414,81.96955108642578,83.78858184814453,102502912
2026-04-09 16:00:00+00:00,83.79203796386719,84.09162139892578,83.07947540283203,83.3971939086914,166657280
2026-04-09 17:00:00+00:00,83.59461212158203,84.54927062988281,83.59461212158203,84.54927062988281,128667136
2026-04-09 18:00:00+00:00,84.55957794189453,84.64026641845703,83.66742706298828,83.9858169555664,82144256
2026-04-09 19:00:00+00:00,83.95724487304688,84.1083984375,83.50785064697266,84.01789093017578,36928000
2026-04-09 20:00:00+00:00,84.0477066040039,84.49036407470703,84.0477066040039,84.3590316772461,58557952
2026-04-09 21:00:00+00:00,84.34780883789062,84.53672790527344,84.21416473388672,84.31616973876953,65044480
2026-04-09 22:00:00+00:00,84.30640411376953,85.59851837158203,84.13983154296875,84.13983154296875,213103872
2026-04-09 23:00:00+00:00,84.03595733642578,84.03595733642578,83.25216674804688,83.29124450683594,0
2026-04-10 00:00:00+00:00,83.30602264404297,83.31436157226562,82.96910858154297,83.09288787841797,0
2026-04-10 01:00:00+00:00,83.0857925415039,83.57638549804688,83.02324676513672,83.36945343017578,0
2026-04-10 02:00:00+00:00,83.36334228515625,83.40898132324219,83.06942749023438,83.07860565185547,12786176
2026-04-10 03:00:00+00:00,83.11265563964844,83.1790542602539,82.82035827636719,82.94335174560547,14956544
2026-04-10 04:00:00+00:00,82.939453125,83.3823013305664,82.92919158935547,83.35427856445312,20742144
2026-04-10 05:00:00+00:00,83.36126708984375,83.53750610351562,83.17487335205078,83.3498306274414,32427520
2026-04-10 06:00:00+00:00,83.3619613647461,83.42410278320312,83.17179870605469,83.17869567871094,0
2026-04-10 07:00:00+00:00,83.1795654296875,83.23419952392578,82.9402084350586,82.94611358642578,358400
2026-04-10 08:00:00+00:00,82.9437484741211,83.07411193847656,82.76795196533203,82.9001693725586,258733568
2026-04-10 09:00:00+00:00,82.90069580078125,83.50326538085938,82.90069580078125,83.50326538085938,727464960
2026-04-10 10:00:00+00:00,83.50150299072266,83.52442932128906,83.19261169433594,83.29144287109375,554891776
2026-04-10 11:00:00+00:00,83.29312896728516,83.69402313232422,83.29312896728516,83.55352783203125,392790528
2026-04-10 12:00:00+00:00,83.55615997314453,84.31640625,83.44992065429688,84.16765594482422,876106240
2026-04-10 13:00:00+00:00,84.1633529663086,84.3277816772461,83.7155990600586,84.32222747802734,1032879104
2026-04-10 14:00:00+00:00,84.31425476074219,85.16500091552734,84.26617431640625,85.07074737548828,898429952
2026-04-10 15:00:00+00:00,85.07280731201172,85.328857421875,84.33048248291016,84.33048248291016,1025097728
2026-04-10 16:00:00+00:00,84.33100128173828,84.84786987304688,84.23593139648438,84.84786987304688,787309568
2026-04-10 17:00:00+00:00,84.84294128417969,84.8560562133789,84.58076477050781,84.8560562133789,296612864
2026-04-10 18:00:00+00:00,84.85708618164062,85.21595001220703,84.70005798339844,85.21354675292969,178298880
2026-04-10 19:00:00+00:00,85.23118591308594,85.4429702758789,85.17675018310547,85.40299224853516,291740672
2026-04-10 20:00:00+00:00,85.44503021240234,85.48059844970703,85.14344024658203,85.46076965332031,323412992
2026-04-10 21:00:00+00:00,85.45633697509766,85.45633697509766,85.02938842773438,85.22607421875,316196864
2026-04-10 22:00:00+00:00,85.22754669189453,85.25117492675781,84.73544311523438,84.85894775390625,28352512
2026-04-10 23:00:00+00:00,84.86859893798828,84.89844512939453,84.81280517578125,84.82858276367188,232813568
2026-04-11 00:00:00+00:00,84.83027648925781,84.84098815917969,84.6297607421875,84.71186828613281,94212096
2026-04-11 01:00:00+00:00,84.69751739501953,84.71656036376953,84.46531677246094,84.68013763427734,58286080
2026-04-11 02:00:00+00:00,84.681396484375,84.89109802246094,84.66341400146484,84.77500915527344,185547776
2026-04-11 03:00:00+00:00,84.78227996826172,84.89208984375,84.41976165771484,84.41976165771484,123737088
2026-04-11 04:00:00+00:00,84.42807006835938,84.57159423828125,84.31340789794922,84.3917465209961,237721600
2026-04-11 05:00:00+00:00,84.39434814453125,84.41761016845703,84.17704010009766,84.17829895019531,211175424
2026-04-11 06:00:00+00:00,84.16949462890625,84.16949462890625,84.012939453125,84.16101837158203,338149376
2026-04-11 07:00:00+00:00,84.1601333618164,84.33307647705078,84.12469482421875,84.26702117919922,257017856
2026-04-11 08:00:00+00:00,84.26962280273438,84.4238052368164,84.25604248046875,84.26075744628906,0
2026-04-11 09:00:00+00:00,84.22496795654297,84.70986938476562,84.22222900390625,84.54698181152344,0
2026-04-11 10:00:00+00:00,84.55233001708984,84.55233001708984,84.0425796508789,84.12136840820312,0
2026-04-11 11:00:00+00:00,84.1185531616211,84.26592254638672,84.01509094238281,84.26498413085938,0
2026-04-11 12:00:00+00:00,84.27147674560547,84.42981719970703,84.16915893554688,84.25408172607422,0
2026-04-11 13:00:00+00:00,84.24594116210938,84.25364685058594,84.02611541748047,84.19231414794922,0
2026-04-11 14:00:00+00:00,84.18912506103516,84.39778137207031,84.15142059326172,84.35376739501953,0
2026-04-11 15:00:00+00:00,84.3670425415039,84.75697326660156,84.3239517211914,84.6800765991211,0
2026-04-11 16:00:00+00:00,84.68436431884766,85.22254943847656,84.68436431884766,85.0567398071289,0
2026-04-11 17:00:00+00:00,85.05611419677734,85.05611419677734,84.77530670166016,84.84242248535156,0
2026-04-11 18:00:00+00:00,84.84335327148438,85.64983367919922,84.72413635253906,85.44292449951172,93175808
2026-04-11 19:00:00+00:00,85.4441909790039,86.16703033447266,85.4441909790039,85.95111846923828,702013440
2026-04-11 20:00:00+00:00,85.96544647216797,86.02876281738281,85.25737762451172,85.4542007446289,332868608
2026-04-11 21:00:00+00:00,85.45451354980469,85.49226379394531,85.28307342529297,85.40338897705078,23137280
2026-04-11 22:00:00+00:00,85.40086364746094,85.9175033569336,85.15715026855469,85.25944519042969,0
2026-04-11 23:00:00+00:00,85.26749420166016,85.26749420166016,84.70753479003906,84.94941711425781,295012352
2026-04-12 00:00:00+00:00,84.95109558105469,84.99324035644531,84.863525390625,84.8873291015625,150204416
2026-04-12 01:00:00+00:00,84.89164733886719,84.96304321289062,82.27836608886719,82.2955093383789,95927296
2026-04-12 02:00:00+00:00,82.30408477783203,82.86868286132812,82.14744567871094,82.69926452636719,1673338880
2026-04-12 03:00:00+00:00,82.69815063476562,82.76366424560547,82.47825622558594,82.47825622558594,792180736
2026-04-12 04:00:00+00:00,82.4666976928711,82.4666976928711,82.23025512695312,82.23783111572266,238198784
2026-04-12 05:00:00+00:00,82.23344421386719,82.4622573852539,82.20198822021484,82.43929290771484,140367872
2026-04-12 06:00:00+00:00,82.43790435791016,82.47001647949219,82.26761627197266,82.27007293701172,29804544
2026-04-12 07:00:00+00:00,82.27112579345703,82.44816589355469,82.27112579345703,82.37349700927734,85012480
2026-04-12 08:00:00+00:00,82.33165740966797,82.33541870117188,82.2386474609375,82.26876831054688,17928192
2026-04-12 09:00:00+00:00,82.267578125,82.34569549560547,82.23682403564453,82.23682403564453,40078336
2026-04-12 10:00:00+00:00,82.2386474609375,82.32760620117188,82.08495330810547,82.08495330810547,0
2026-04-12 11:00:00+00:00,82.09208679199219,82.36279296875,82.06560516357422,82.2552719116211,28442624
2026-04-12 12:00:00+00:00,82.25907897949219,82.48192596435547,82.16279602050781,82.16279602050781,297027584
2026-04-12 13:00:00+00:00,82.09477233886719,82.19951629638672,81.91781616210938,81.9424819946289,384236544
2026-04-12 14:00:00+00:00,81.92552947998047,82.07363891601562,81.4367446899414,81.59001922607422,0
2026-04-12 15:00:00+00:00,81.58444213867188,81.79987335205078,81.48514556884766,81.6365966796875,0
2026-04-12 16:00:00+00:00,81.63345336914062,81.8497314453125,81.60623168945312,81.82819366455078,0
2026-04-12 17:00:00+00:00,81.8433609008789,82.2096176147461,81.8253402709961,82.19676208496094,0
2026-04-12 18:00:00+00:00,82.19629669189453,82.22709655761719,82.11809539794922,82.18997192382812,0
2026-04-12 19:00:00+00:00,82.18640899658203,82.26949310302734,82.00491333007812,82.00491333007812,0
2026-04-12 20:00:00+00:00,82.00530242919922,82.75059509277344,81.99497985839844,82.67013549804688,0
2026-04-12 21:00:00+00:00,82.67115783691406,82.7951889038086,82.58766174316406,82.72061157226562,18762752
2026-04-12 22:00:00+00:00,82.74473571777344,82.74473571777344,81.50304412841797,81.92988586425781,87875584
2026-04-12 23:00:00+00:00,81.94941711425781,81.94941711425781,81.4126968383789,81.53523254394531,0
2026-04-13 00:00:00+00:00,81.53652954101562,82.1392822265625,81.51051330566406,82.11491394042969,12428800
2026-04-13 01:00:00+00:00,82.11473083496094,82.28560638427734,82.01698303222656,82.28560638427734,0
2026-04-13 02:00:00+00:00,82.28752136230469,82.36749267578125,81.95626068115234,81.95832061767578,0
2026-04-13 03:00:00+00:00,81.95359802246094,82.01142120361328,81.8473892211914,81.93085479736328,0
2026-04-13 04:00:00+00:00,81.92910766601562,82.20142364501953,81.90154266357422,82.0102310180664,0
2026-04-13 05:00:00+00:00,82.00182342529297,82.00182342529297,81.64195251464844,81.81340789794922,0
2026-04-13 06:00:00+00:00,81.82195281982422,82.53022003173828,81.82195281982422,82.42298889160156,42926592
2026-04-13 07:00:00+00:00,82.41434478759766,82.41434478759766,81.92352294921875,82.15455627441406,0
2026-04-13 08:00:00+00:00,82.15387725830078,82.20809173583984,81.80889892578125,81.85298156738281,209269760
2026-04-13 09:00:00+00:00,81.85298156738281,82.1732406616211,81.85298156738281,81.91155242919922,30160640
2026-04-13 10:00:00+00:00,81.91014862060547,81.93505859375,81.78524780273438,81.80077362060547,3349504
2026-04-13 11:00:00+00:00,81.8185806274414,81.97395324707031,81.77845764160156,81.88842010498047,0
2026-04-13 12:00:00+00:00,81.88017272949219,82.67552947998047,81.8661880493164,82.509033203125,18131712
2026-04-13 13:00:00+00:00,82.52311706542969,83.48067474365234,82.45137786865234,83.48067474365234,115419136
2026-04-13 14:00:00+00:00,83.63220977783203,83.63220977783203,82.9578628540039,83.52738189697266,94271232
2026-04-13 15:00:00+00:00,83.55119323730469,83.766845703125,82.49525451660156,82.62997436523438,115752960
2026-04-13 16:00:00+00:00,82.69093322753906,83.56844329833984,82.56195831298828,83.3036117553711,160679936
2026-04-13 17:00:00+00:00,83.35029602050781,83.7788314819336,83.09205627441406,83.09205627441406,76446720
2026-04-13 18:00:00+00:00,83.08061981201172,83.2506332397461,82.77935791015625,83.2506332397461,63668480
2026-04-13 19:00:00+00:00,83.2533950805664,84.21944427490234,83.16327667236328,84.21944427490234,178716672
2026-04-13 20:00:00+00:00,84.19503021240234,84.25588989257812,83.91694641113281,83.99430084228516,133751808
2026-04-13 21:00:00+00:00,83.98639678955078,84.08645629882812,83.90336608886719,84.05059814453125,25926144
2026-04-13 22:00:00+00:00,84.04029083251953,86.28348541259766,84.01256561279297,86.28348541259766,234655744
2026-04-13 23:00:00+00:00,86.26627349853516,86.67378234863281,86.15727996826172,86.67378234863281,320847360
2026-04-14 00:00:00+00:00,86.63960266113281,86.66732788085938,85.86727142333984,85.88871002197266,204015616
2026-04-14 01:00:00+00:00,85.87699890136719,86.09111785888672,85.83174133300781,86.03596496582031,108133376
2026-04-14 02:00:00+00:00,86.03346252441406,86.33639526367188,85.96411895751953,86.2756576538086,107020800
2026-04-14 03:00:00+00:00,86.27639770507812,86.27639770507812,86.06087493896484,86.06159973144531,28960256
2026-04-14 04:00:00+00:00,86.0643539428711,86.0643539428711,85.66967010498047,85.83047485351562,62913024
2026-04-14 05:00:00+00:00,85.84912109375,85.87694549560547,85.54415893554688,85.54415893554688,24693248
2026-04-14 06:00:00+00:00,85.53816986083984,86.0699462890625,85.53816986083984,86.03742980957031,0
2026-04-14 07:00:00+00:00,86.02947998046875,86.11634826660156,85.87984466552734,85.89624786376953,103746048
2026-04-14 08:00:00+00:00,85.88756561279297,86.27974700927734,85.81368255615234,86.12625122070312,33465344
2026-04-14 09:00:00+00:00,86.12937927246094,86.25178527832031,86.0462875366211,86.13307189941406,10294272
2026-04-14 10:00:00+00:00,86.12950134277344,86.44577026367188,86.11617279052734,86.12870025634766,75757056
2026-04-14 11:00:00+00:00,86.04110717773438,86.04110717773438,85.6999282836914,85.9002456665039,94133248
2026-04-14 12:00:00+00:00,85.82992553710938,85.95354461669922,85.67642211914062,85.92060089111328,26565120
2026-04-14 13:00:00+00:00,85.95819091796875,87.33238983154297,85.95819091796875,87.33238983154297,97710592
2026-04-14 14:00:00+00:00,87.33392333984375,87.43460083007812,86.23676300048828,86.23676300048828,176527360
2026-04-14 15:00:00+00:00,86.08700561523438,86.1952133178711,85.52716064453125,86.10417175292969,106337280
2026-04-14 16:00:00+00:00,86.08091735839844,86.10923767089844,84.95818328857422,84.97340393066406,37565952
2026-04-14 17:00:00+00:00,84.99703216552734,85.41946411132812,84.78548431396484,85.22834014892578,57411072
2026-04-14 18:00:00+00:00,85.2833480834961,85.37663269042969,84.10424041748047,84.10424041748047,45031424
2026-04-14 19:00:00+00:00,84.10836791992188,84.32795715332031,83.84920501708984,83.86100769042969,0
2026-04-14 20:00:00+00:00,83.96794128417969,84.11786651611328,83.49889373779297,83.50220489501953,0
2026-04-14 21:00:00+00:00,83.52355194091797,83.87000274658203,83.52355194091797,83.8499984741211,0
2026-04-14 22:00:00+00:00,83.7699966430664,83.94000244140625,83.3499984741211,83.54000091552734,0
2026-04-14 23:00:00+00:00,83.51000213623047,84.08000183105469,83.5,83.7699966430664,0
2026-04-15 00:00:00+00:00,83.75,84.0999984741211,83.5999984741211,83.80999755859375,0
2026-04-15 01:00:00+00:00,83.73999786376953,84.05999755859375,83.5999984741211,83.95999908447266,0
2026-04-15 02:00:00+00:00,83.94999694824219,84.05000305175781,83.18000030517578,83.44000244140625,0
2026-04-15 03:00:00+00:00,83.44000244140625,83.55000305175781,83.33000183105469,83.5,0
2026-04-15 04:00:00+00:00,83.48999786376953,83.69000244140625,83.37000274658203,83.63999938964844,0
2026-04-15 05:00:00+00:00,83.62000274658203,83.83000183105469,83.0,83.18000030517578,41774592
2026-04-15 06:00:00+00:00,83.16000366210938,83.18000030517578,82.91000366210938,83.05000305175781,0
2026-04-15 07:00:00+00:00,83.05000305175781,83.2699966430664,82.69000244140625,82.95999908447266,0
2026-04-15 08:00:00+00:00,82.97000122070312,83.30999755859375,82.7699966430664,83.16999816894531,0
2026-04-15 09:00:00+00:00,83.19000244140625,83.29000091552734,82.91000366210938,83.19999694824219,0
2026-04-15 10:00:00+00:00,83.18000030517578,83.63999938964844,82.94999694824219,83.16999816894531,983040
2026-04-15 11:00:00+00:00,83.19999694824219,83.69000244140625,83.06999969482422,83.62000274658203,0
2026-04-15 12:00:00+00:00,83.62000274658203,83.91000366210938,83.43000030517578,83.73999786376953,0
2026-04-15 13:00:00+00:00,83.75,83.83000183105469,83.2699966430664,83.66000366210938,0
2026-04-15 14:00:00+00:00,83.6500015258789,84.52999877929688,83.43000030517578,84.31999969482422,0
2026-04-15 15:00:00+00:00,84.41000366210938,84.48999786376953,83.55000305175781,84.0199966430664,0
2026-04-15 16:00:00+00:00,83.9800033569336,84.7300033569336,83.93000030517578,84.56999969482422,0
2026-04-15 17:00:00+00:00,84.61000061035156,85.16999816894531,84.4800033569336,84.73999786376953,1003520
2026-04-15 18:00:00+00:00,84.72000122070312,85.08999633789062,84.5999984741211,85.05000305175781,0
2026-04-15 19:00:00+00:00,85.05000305175781,85.83000183105469,84.95999908447266,85.52999877929688,0
2026-04-15 20:00:00+00:00,85.55000305175781,85.58999633789062,84.66999816894531,84.81999969482422,0
2026-04-15 21:00:00+00:00,84.80999755859375,84.88999938964844,84.23999786376953,84.81999969482422,14705152
2026-04-15 22:00:00+00:00,84.80999755859375,85.54000091552734,84.7699966430664,85.04000091552734,0
2026-04-15 23:00:00+00:00,85.0199966430664,85.05000305175781,84.69999694824219,84.91999816894531,221696
2026-04-16 00:00:00+00:00,84.93000030517578,85.08000183105469,84.51000213623047,84.94999694824219,0
2026-04-16 01:00:00+00:00,84.94000244140625,84.97000122070312,84.48999786376953,84.87000274658203,0
2026-04-16 02:00:00+00:00,84.88999938964844,85.58999633789062,84.7300033569336,85.12999725341797,0
2026-04-16 03:00:00+00:00,85.11000061035156,85.51000213623047,85.11000061035156,85.30999755859375,53230592
2026-04-16 04:00:00+00:00,85.27999877929688,85.56999969482422,85.0199966430664,85.26000213623047,20121600
2026-04-16 05:00:00+00:00,85.25,85.54000091552734,85.08000183105469,85.41000366210938,0
2026-04-16 06:00:00+00:00,85.44000244140625,85.55999755859375,85.22000122070312,85.4800033569336,0
2026-04-16 07:00:00+00:00,85.4800033569336,85.6500015258789,85.1500015258789,85.2300033569336,0
2026-04-16 08:00:00+00:00,85.19999694824219,85.31999969482422,84.91000366210938,85.08000183105469,20631552
2026-04-16 09:00:00+00:00,85.01000213623047,85.52999877929688,84.98999786376953,85.22000122070312,21873664
2026-04-16 10:00:00+00:00,85.20999908447266,85.2699966430664,84.6500015258789,85.06999969482422,30119936
2026-04-16 11:00:00+00:00,85.0999984741211,85.16000366210938,84.97000122070312,85.0999984741211,0
2026-04-16 12:00:00+00:00,85.08000183105469,85.5,85.08000183105469,85.38999938964844,0
2026-04-16 13:00:00+00:00,85.38999938964844,86.26000213623047,83.91000366210938,84.79000091552734,138759168
2026-04-16 14:00:00+00:00,84.7699966430664,85.68000030517578,84.0999984741211,85.4000015258789,112658944
2026-04-16 15:00:00+00:00,85.41000366210938,87.05999755859375,85.33999633789062,86.6500015258789,268091392
2026-04-16 16:00:00+00:00,86.66000366210938,87.0999984741211,85.66999816894531,85.95999908447266,121761280
2026-04-16 17:00:00+00:00,85.94999694824219,86.80000305175781,85.77999877929688,86.68000030517578,26290688
2026-04-16 18:00:00+00:00,86.68000030517578,89.06999969482422,86.55999755859375,89.01000213623047,452047872
2026-04-16 19:00:00+00:00,89.12999725341797,90.16000366210938,88.70999908447266,90.12000274658203,365133824
2026-04-16 20:00:00+00:00,90.18000030517578,90.43000030517578,89.27999877929688,89.5999984741211,203444736
2026-04-16 21:00:00+00:00,89.5999984741211,89.76000213623047,88.76000213623047,88.94999694824219,94339584
2026-04-16 22:00:00+00:00,89.01000213623047,89.4800033569336,88.88999938964844,89.02999877929688,21693440
2026-04-16 23:00:00+00:00,89.01000213623047,89.2300033569336,88.8499984741211,89.08999633789062,4234752
2026-04-17 00:00:00+00:00,89.08999633789062,89.22000122070312,88.62999725341797,88.83000183105469,0
2026-04-17 01:00:00+00:00,88.83000183105469,89.04000091552734,87.94999694824219,88.26000213623047,57630208
2026-04-17 02:00:00+00:00,88.2699966430664,88.37999725341797,87.5999984741211,87.88999938964844,14196736
2026-04-17 03:00:00+00:00,87.88999938964844,87.9800033569336,87.51000213623047,87.73999786376953,0
2026-04-17 04:00:00+00:00,87.76000213623047,88.29000091552734,87.72000122070312,88.0199966430664,3987968
2026-04-17 05:00:00+00:00,88.02999877929688,88.02999877929688,87.44999694824219,87.45999908447266,21484544
2026-04-17 06:00:00+00:00,87.44000244140625,88.12000274658203,87.4000015258789,88.02999877929688,27830272
2026-04-17 07:00:00+00:00,88.08000183105469,88.48999786376953,87.98999786376953,88.1500015258789,26344960
2026-04-17 08:00:00+00:00,88.16000366210938,89.06999969482422,88.13999938964844,88.94000244140625,86083072
2026-04-17 09:00:00+00:00,88.95999908447266,89.52999877929688,88.36000061035156,88.73999786376953,143021568
2026-04-17 10:00:00+00:00,88.69000244140625,88.76000213623047,87.41000366210938,87.72000122070312,68695552
2026-04-17 11:00:00+00:00,87.69000244140625,88.36000061035156,87.66999816894531,88.23999786376953,74073600
2026-04-17 12:00:00+00:00,88.27999877929688,88.94999694824219,87.95999908447266,88.91000366210938,95379456
2026-04-17 13:00:00+00:00,88.81999969482422,90.56999969482422,88.63999938964844,90.12999725341797,771124224
2026-04-17 14:00:00+00:00,90.16999816894531,90.7699966430664,89.69000244140625,90.05000305175781,177225728
2026-04-17 15:00:00+00:00,90.04000091552734,90.22000122070312,89.54000091552734,90.0,0
2026-04-17 16:00:00+00:00,89.95999908447266,90.5199966430664,89.95999908447266,90.45999908447266,0
2026-04-17 17:00:00+00:00,90.43000030517578,90.44999694824219,89.13999938964844,89.79000091552734,27138560
2026-04-17 18:00:00+00:00,89.83000183105469,89.8499984741211,88.93000030517578,89.20999908447266,0
2026-04-17 19:00:00+00:00,89.2300033569336,89.54000091552734,88.9800033569336,89.31999969482422,0
2026-04-17 20:00:00+00:00,89.25,89.37999725341797,88.58000183105469,89.02999877929688,0
2026-04-17 21:00:00+00:00,89.04000091552734,89.30000305175781,88.83999633789062,89.16000366210938,0
2026-04-17 22:00:00+00:00,89.16000366210938,89.48999786376953,88.98999786376953,89.25,0
2026-04-17 23:00:00+00:00,89.2300033569336,89.2300033569336,88.54000091552734,88.80000305175781,0
2026-04-18 00:00:00+00:00,88.77999877929688,89.16999816894531,88.70999908447266,89.0,0
2026-04-18 01:00:00+00:00,89.01000213623047,89.19999694824219,88.75,88.91000366210938,0
2026-04-18 02:00:00+00:00,88.91000366210938,89.12999725341797,88.72000122070312,88.97000122070312,0
2026-04-18 03:00:00+00:00,88.94999694824219,88.94999694824219,88.27999877929688,88.33999633789062,0
2026-04-18 04:00:00+00:00,88.33000183105469,88.5999984741211,88.27999877929688,88.4000015258789,3254784
2026-04-18 05:00:00+00:00,88.37999725341797,88.69000244140625,88.22000122070312,88.44000244140625,519680
2026-04-18 06:00:00+00:00,88.44000244140625,88.66000366210938,88.3499984741211,88.55999755859375,0
2026-04-18 07:00:00+00:00,88.52999877929688,88.58999633789062,88.33999633789062,88.47000122070312,0
2026-04-18 08:00:00+00:00,88.48999786376953,88.54000091552734,87.12000274658203,87.55999755859375,40001536
2026-04-18 09:00:00+00:00,87.54000091552734,87.70999908447266,87.19000244140625,87.6500015258789,0
2026-04-18 10:00:00+00:00,87.63999938964844,87.66000366210938,86.79000091552734,86.98999786376953,0
2026-04-18 11:00:00+00:00,86.98999786376953,86.98999786376953,86.33000183105469,86.58000183105469,0
2026-04-18 12:00:00+00:00,86.58000183105469,87.0,86.55000305175781,86.94000244140625,0
2026-04-18 13:00:00+00:00,86.91999816894531,87.0199966430664,86.44999694824219,86.7699966430664,0
2026-04-18 14:00:00+00:00,86.79000091552734,86.9000015258789,86.5,86.86000061035156,0
2026-04-18 15:00:00+00:00,86.8499984741211,86.98999786376953,86.62999725341797,86.79000091552734,0
2026-04-18 16:00:00+00:00,86.77999877929688,86.97000122070312,86.5,86.72000122070312,0
2026-04-18 17:00:00+00:00,86.69000244140625,86.87999725341797,86.55000305175781,86.77999877929688,0
2026-04-18 18:00:00+00:00,86.79000091552734,86.79000091552734,85.86000061035156,86.01000213623047,0
2026-04-18 19:00:00+00:00,85.98999786376953,86.30999755859375,85.98999786376953,86.16000366210938,0
2026-04-18 20:00:00+00:00,86.16000366210938,86.3499984741211,86.05000305175781,86.20999908447266,0
2026-04-18 21:00:00+00:00,86.22000122070312,86.30000305175781,86.08000183105469,86.26000213623047,0
2026-04-18 22:00:00+00:00,86.2699966430664,86.38999938964844,85.97000122070312,86.33999633789062,0
2026-04-18 23:00:00+00:00,86.33999633789062,86.44000244140625,86.16000366210938,86.20999908447266,0
2026-04-19 00:00:00+00:00,86.19000244140625,86.41999816894531,85.9000015258789,86.05000305175781,0
2026-04-19 01:00:00+00:00,86.05000305175781,86.26000213623047,85.6500015258789,85.79000091552734,0
2026-04-19 02:00:00+00:00,85.79000091552734,85.9000015258789,85.33000183105469,85.58000183105469,35331328
2026-04-19 03:00:00+00:00,85.58000183105469,85.81999969482422,85.36000061035156,85.63999938964844,0
2026-04-19 04:00:00+00:00,85.63999938964844,85.98999786376953,85.25,85.62000274658203,5712640
2026-04-19 05:00:00+00:00,85.62000274658203,85.83000183105469,85.44000244140625,85.5199966430664,0
2026-04-19 06:00:00+00:00,85.47000122070312,85.69000244140625,85.19999694824219,85.48999786376953,30947072
2026-04-19 07:00:00+00:00,85.44999694824219,85.47000122070312,84.4800033569336,84.91999816894531,134755328
2026-04-19 08:00:00+00:00,84.87999725341797,85.18000030517578,84.63999938964844,84.83000183105469,0
2026-04-19 09:00:00+00:00,84.83000183105469,85.05999755859375,84.61000061035156,84.6500015258789,0
2026-04-19 10:00:00+00:00,84.62000274658203,84.91999816894531,84.4800033569336,84.81999969482422,0
2026-04-19 11:00:00+00:00,84.81999969482422,85.72000122070312,84.80000305175781,85.6500015258789,0
2026-04-19 12:00:00+00:00,85.66999816894531,85.93000030517578,85.58999633789062,85.83999633789062,644096
2026-04-19 13:00:00+00:00,85.80000305175781,86.95999908447266,85.80000305175781,86.36000061035156,123766016
2026-04-19 14:00:00+00:00,86.37000274658203,87.11000061035156,86.02999877929688,86.56999969482422,109782016
2026-04-19 15:00:00+00:00,86.55999755859375,86.70999908447266,85.6500015258789,86.38999938964844,89222400
2026-04-19 16:00:00+00:00,86.4000015258789,86.54000091552734,85.79000091552734,85.87999725341797,9163008
2026-04-19 17:00:00+00:00,85.86000061035156,86.0199966430664,85.05000305175781,85.16000366210938,99963136
2026-04-19 18:00:00+00:00,85.16000366210938,85.31999969482422,84.93000030517578,85.13999938964844,0
2026-04-19 19:00:00+00:00,85.18000030517578,85.58999633789062,85.18000030517578,85.36000061035156,23530752
2026-04-19 20:00:00+00:00,85.36000061035156,85.38999938964844,84.83000183105469,84.98999786376953,62137600
2026-04-19 21:00:00+00:00,84.95999908447266,85.2699966430664,84.66999816894531,84.73999786376953,34815232
2026-04-19 22:00:00+00:00,84.69000244140625,84.70999908447266,82.9800033569336,83.80000305175781,331137024
2026-04-19 23:00:00+00:00,83.79000091552734,83.80999755859375,83.37999725341797,83.4800033569336,81408512
2026-04-20 00:00:00+00:00,83.51000213623047,84.16000366210938,83.38999938964844,84.04000091552734,78323200
2026-04-20 01:00:00+00:00,84.06999969482422,84.58000183105469,83.98999786376953,84.38999938964844,54937600
2026-04-20 02:00:00+00:00,84.41999816894531,84.43000030517578,83.79000091552734,84.23999786376953,0
2026-04-20 03:00:00+00:00,84.26000213623047,84.6500015258789,84.16000366210938,84.62000274658203,14161920
2026-04-20 04:00:00+00:00,84.61000061035156,84.6500015258789,84.30000305175781,84.5999984741211,0
2026-04-20 05:00:00+00:00,84.5999984741211,84.61000061035156,83.77999877929688,83.88999938964844,2386432
2026-04-20 06:00:00+00:00,83.93000030517578,84.75,83.83000183105469,84.48999786376953,25362432
2026-04-20 07:00:00+00:00,84.56999969482422,85.7699966430664,84.4800033569336,84.76000213623047,12337152
2026-04-20 08:00:00+00:00,84.7699966430664,85.11000061035156,84.58999633789062,84.70999908447266,0
2026-04-20 09:00:00+00:00,84.69999694824219,85.29000091552734,84.68000030517578,85.11000061035156,0
2026-04-20 10:00:00+00:00,85.16000366210938,85.43000030517578,84.86000061035156,84.9000015258789,1338368
2026-04-20 11:00:00+00:00,84.9000015258789,85.38999938964844,84.80000305175781,85.12000274658203,0
2026-04-20 12:00:00+00:00,85.0999984741211,85.58000183105469,84.88999938964844,85.3499984741211,16539648
2026-04-20 13:00:00+00:00,85.36000061035156,85.55999755859375,84.91000366210938,85.37000274658203,0
2026-04-20 14:00:00+00:00,85.33999633789062,85.83000183105469,84.5999984741211,84.83000183105469,53152256
2026-04-20 15:00:00+00:00,84.83999633789062,85.9000015258789,84.48999786376953,85.88999938964844,89820672
2026-04-20 16:00:00+00:00,85.88999938964844,85.91999816894531,85.29000091552734,85.33000183105469,11119104
2026-04-20 17:00:00+00:00,85.3499984741211,86.13999938964844,85.29000091552734,85.7300033569336,0
2026-04-20 18:00:00+00:00,85.76000213623047,86.22000122070312,85.75,86.0999984741211,80623616
2026-04-20 19:00:00+00:00,86.12999725341797,86.13999938964844,85.80999755859375,85.81999969482422,3828736
2026-04-20 20:00:00+00:00,85.81999969482422,86.19999694824219,85.70999908447266,85.98999786376953,922112
2026-04-20 21:00:00+00:00,86.0,86.2300033569336,85.62999725341797,85.8499984741211,20541952
2026-04-20 22:00:00+00:00,85.8499984741211,86.08999633789062,85.6500015258789,85.7300033569336,0
2026-04-20 23:00:00+00:00,85.62999725341797,85.62999725341797,85.23999786376953,85.30999755859375,0
2026-04-21 00:00:00+00:00,85.33000183105469,85.79000091552734,85.27999877929688,85.70999908447266,0
2026-04-21 01:00:00+00:00,85.68000030517578,85.8499984741211,85.38999938964844,85.47000122070312,0
2026-04-21 02:00:00+00:00,85.47000122070312,85.48999786376953,85.22000122070312,85.31999969482422,0
2026-04-21 03:00:00+00:00,85.31999969482422,85.55999755859375,85.04000091552734,85.19999694824219,59257088
2026-04-21 04:00:00+00:00,85.20999908447266,85.48999786376953,85.05000305175781,85.47000122070312,32023040
2026-04-21 05:00:00+00:00,85.45999908447266,85.86000061035156,85.44999694824219,85.70999908447266,9019136
2026-04-21 06:00:00+00:00,85.73999786376953,85.94999694824219,85.19999694824219,85.70999908447266,1568512
2026-04-21 07:00:00+00:00,85.70999908447266,86.0,85.45999908447266,85.73999786376953,0
2026-04-21 08:00:00+00:00,85.73999786376953,86.41000366210938,85.66999816894531,85.83999633789062,0
2026-04-21 09:00:00+00:00,85.83000183105469,85.93000030517578,85.58000183105469,85.91000366210938,0
2026-04-21 10:00:00+00:00,85.94000244140625,86.3499984741211,85.88999938964844,86.19000244140625,0
2026-04-21 11:00:00+00:00,86.19999694824219,86.19999694824219,85.76000213623047,85.87999725341797,297728
2026-04-21 12:00:00+00:00,85.9000015258789,86.05000305175781,85.20999908447266,85.56999969482422,0
2026-04-21 13:00:00+00:00,85.58000183105469,85.87000274658203,85.33999633789062,85.86000061035156,68981760
2026-04-21 14:00:00+00:00,85.83999633789062,86.91999816894531,85.6500015258789,85.80999755859375,0
2026-04-21 15:00:00+00:00,85.83999633789062,86.30999755859375,85.43000030517578,86.06999969482422,0
2026-04-21 16:00:00+00:00,86.11000061035156,86.30000305175781,85.69000244140625,85.72000122070312,0
2026-04-21 17:00:00+00:00,85.69000244140625,85.80000305175781,84.79000091552734,85.33000183105469,72394752
2026-04-21 18:00:00+00:00,85.31999969482422,85.41000366210938,84.75,85.26000213623047,0
2026-04-21 19:00:00+00:00,85.26000213623047,85.72000122070312,84.33999633789062,84.58000183105469,62802688
2026-04-21 20:00:00+00:00,84.55999755859375,85.76000213623047,84.45999908447266,85.41999816894531,103937536
2026-04-21 21:00:00+00:00,85.47000122070312,85.58999633789062,85.05000305175781,85.18000030517578,0
2026-04-21 22:00:00+00:00,85.13999938964844,85.45999908447266,85.04000091552734,85.38999938964844,21367552
2026-04-21 23:00:00+00:00,85.37999725341797,86.12000274658203,85.37999725341797,86.06999969482422,17503488
2026-04-22 00:00:00+00:00,86.11000061035156,86.55000305175781,86.02999877929688,86.52999877929688,54629888
2026-04-22 01:00:00+00:00,86.51000213623047,86.55000305175781,86.11000061035156,86.30000305175781,45924096
2026-04-22 02:00:00+00:00,86.31999969482422,87.58999633789062,86.2300033569336,87.44999694824219,212713216
2026-04-22 03:00:00+00:00,87.45999908447266,87.91000366210938,87.1500015258789,87.29000091552734,74105344
2026-04-22 04:00:00+00:00,87.33000183105469,87.37000274658203,86.98999786376953,87.08000183105469,0
2026-04-22 05:00:00+00:00,87.12000274658203,88.31999969482422,87.04000091552734,88.0199966430664,221291520
2026-04-22 06:00:00+00:00,87.97000122070312,88.19000244140625,87.81999969482422,87.9800033569336,65189376
2026-04-22 07:00:00+00:00,87.97000122070312,88.2300033569336,87.72000122070312,88.08000183105469,73317376
2026-04-22 08:00:00+00:00,88.11000061035156,88.30000305175781,87.63999938964844,88.01000213623047,28022272
2026-04-22 09:00:00+00:00,87.98999786376953,88.87000274658203,87.87000274658203,88.30999755859375,136343552
2026-04-22 10:00:00+00:00,88.31999969482422,88.4000015258789,88.16000366210938,88.36000061035156,2631168
2026-04-22 11:00:00+00:00,88.37000274658203,88.47000122070312,88.19999694824219,88.3499984741211,0
2026-04-22 12:00:00+00:00,88.3499984741211,88.69000244140625,88.23999786376953,88.61000061035156,25630720
2026-04-22 13:00:00+00:00,88.58999633789062,89.16999816894531,88.48999786376953,89.13999938964844,124130816
2026-04-22 14:00:00+00:00,89.19999694824219,89.3499984741211,88.55999755859375,88.77999877929688,85336576
2026-04-22 15:00:00+00:00,88.79000091552734,88.83000183105469,88.08999633789062,88.19999694824219,68183552
2026-04-22 16:00:00+00:00,88.2699966430664,88.5,87.58999633789062,87.68000030517578,65863168
2026-04-22 17:00:00+00:00,87.69000244140625,88.05000305175781,87.66999816894531,87.87000274658203,0
2026-04-22 18:00:00+00:00,87.87000274658203,88.41000366210938,87.83000183105469,87.83999633789062,0
2026-04-22 19:00:00+00:00,87.77999877929688,87.87000274658203,87.12000274658203,87.4000015258789,11490816
2026-04-22 20:00:00+00:00,87.41999816894531,87.52999877929688,87.11000061035156,87.13999938964844,0
2026-04-22 21:00:00+00:00,87.12999725341797,87.68000030517578,87.12999725341797,87.62999725341797,0
2026-04-22 22:00:00+00:00,87.58999633789062,87.75,87.33000183105469,87.47000122070312,0
2026-04-22 23:00:00+00:00,87.47000122070312,87.51000213623047,86.86000061035156,86.9000015258789,0
2026-04-23 00:00:00+00:00,86.91000366210938,87.1500015258789,86.04000091552734,86.88999938964844,78766080
2026-04-23 01:00:00+00:00,86.87999725341797,86.9000015258789,86.13999938964844,86.4800033569336,14085120
2026-04-23 02:00:00+00:00,86.47000122070312,86.4800033569336,85.75,85.9800033569336,0
2026-04-23 03:00:00+00:00,85.9800033569336,86.0999984741211,85.52999877929688,85.81999969482422,0
2026-04-23 04:00:00+00:00,85.7699966430664,86.0199966430664,85.68000030517578,86.0,20492800
2026-04-23 05:00:00+00:00,85.98999786376953,86.16000366210938,85.52999877929688,85.86000061035156,0
2026-04-23 06:00:00+00:00,85.88999938964844,86.2300033569336,85.86000061035156,86.19999694824219,0
2026-04-23 07:00:00+00:00,86.20999908447266,86.2300033569336,85.88999938964844,85.94000244140625,0
2026-04-23 08:00:00+00:00,85.94000244140625,85.9800033569336,85.56999969482422,85.70999908447266,0
2026-04-23 09:00:00+00:00,85.70999908447266,85.72000122070312,85.30000305175781,85.55000305175781,0
2026-04-23 10:00:00+00:00,85.5199966430664,85.62999725341797,85.25,85.44999694824219,26385920
2026-04-23 11:00:00+00:00,85.5,85.93000030517578,85.43000030517578,85.8499984741211,30321664
2026-04-23 12:00:00+00:00,85.86000061035156,86.11000061035156,85.7699966430664,85.98999786376953,0
2026-04-23 13:00:00+00:00,86.0,86.05999755859375,85.5999984741211,85.79000091552734,0
2026-04-23 14:00:00+00:00,85.7300033569336,86.19999694824219,85.58000183105469,86.08000183105469,0
2026-04-23 15:00:00+00:00,86.05999755859375,86.63999938964844,85.81999969482422,86.37000274658203,0
2026-04-23 16:00:00+00:00,86.36000061035156,86.43000030517578,85.80999755859375,85.83999633789062,0
2026-04-23 17:00:00+00:00,85.83999633789062,85.91000366210938,84.51000213623047,85.37999725341797,201695232
2026-04-23 18:00:00+00:00,85.37999725341797,85.69000244140625,85.29000091552734,85.31999969482422,146510336
2026-04-23 19:00:00+00:00,85.29000091552734,85.58000183105469,85.16999816894531,85.3499984741211,0
2026-04-23 20:00:00+00:00,85.3499984741211,85.86000061035156,85.30999755859375,85.63999938964844,61140992
2026-04-23 21:00:00+00:00,85.62999725341797,86.0199966430664,85.54000091552734,85.81999969482422,27790336
2026-04-23 22:00:00+00:00,85.83999633789062,86.27999877929688,85.83999633789062,86.02999877929688,37367808
2026-04-23 23:00:00+00:00,86.0,86.23999786376953,85.62999725341797,86.16000366210938,0
2026-04-24 00:00:00+00:00,86.19000244140625,86.4000015258789,86.08000183105469,86.2300033569336,0
2026-04-24 01:00:00+00:00,86.2300033569336,86.36000061035156,85.86000061035156,86.31999969482422,0
2026-04-24 02:00:00+00:00,86.27999877929688,86.4000015258789,85.81999969482422,85.91999816894531,0
2026-04-24 03:00:00+00:00,85.93000030517578,85.97000122070312,85.44999694824219,85.73999786376953,0
2026-04-24 04:00:00+00:00,85.7300033569336,85.75,85.19999694824219,85.3499984741211,0
2026-04-24 05:00:00+00:00,85.33000183105469,85.83000183105469,85.19000244140625,85.69999694824219,0
2026-04-24 06:00:00+00:00,85.7300033569336,85.76000213623047,85.33999633789062,85.44999694824219,0
2026-04-24 07:00:00+00:00,85.44000244140625,85.63999938964844,85.36000061035156,85.5199966430664,0
2026-04-24 08:00:00+00:00,85.5199966430664,85.75,85.30000305175781,85.37999725341797,0
2026-04-24 09:00:00+00:00,85.37000274658203,85.4800033569336,85.0,85.4800033569336,0
2026-04-24 10:00:00+00:00,85.36000061035156,85.77999877929688,85.22000122070312,85.76000213623047,0
2026-04-24 11:00:00+00:00,85.76000213623047,86.30000305175781,85.75,86.2300033569336,83508736
2026-04-24 12:00:00+00:00,86.2300033569336,86.80999755859375,86.12000274658203,86.37999725341797,88130560
2026-04-24 13:00:00+00:00,86.37000274658203,86.5999984741211,85.9000015258789,86.12000274658203,483328
2026-04-24 14:00:00+00:00,86.08000183105469,86.2699966430664,85.70999908447266,86.11000061035156,26603008
2026-04-24 15:00:00+00:00,86.0999984741211,86.5999984741211,85.56999969482422,86.55000305175781,0
2026-04-24 16:00:00+00:00,86.55999755859375,86.62000274658203,86.12999725341797,86.37999725341797,0
2026-04-24 17:00:00+00:00,86.36000061035156,86.58000183105469,86.16000366210938,86.51000213623047,0
2026-04-24 18:00:00+00:00,86.5199966430664,86.56999969482422,85.9800033569336,86.38999938964844,0
2026-04-24 19:00:00+00:00,86.44000244140625,86.55999755859375,86.2699966430664,86.38999938964844,0
2026-04-24 20:00:00+00:00,86.33000183105469,86.95999908447266,86.26000213623047,86.91000366210938,0
2026-04-24 21:00:00+00:00,86.88999938964844,86.9800033569336,86.43000030517578,86.5,5124096
2026-04-24 22:00:00+00:00,86.4800033569336,86.48999786376953,86.16999816894531,86.20999908447266,0
2026-04-24 23:00:00+00:00,86.23999786376953,86.33000183105469,86.19000244140625,86.22000122070312,0
2026-04-25 00:00:00+00:00,86.22000122070312,86.30000305175781,86.05000305175781,86.27999877929688,0
2026-04-25 01:00:00+00:00,86.27999877929688,86.38999938964844,86.16999816894531,86.30999755859375,0
2026-04-25 02:00:00+00:00,86.30999755859375,86.43000030517578,86.19999694824219,86.30000305175781,0
2026-04-25 03:00:00+00:00,86.33000183105469,86.52999877929688,86.30999755859375,86.5,0
2026-04-25 04:00:00+00:00,86.5199966430664,86.54000091552734,86.31999969482422,86.36000061035156,0
2026-04-25 05:00:00+00:00,86.33999633789062,86.33999633789062,86.16000366210938,86.2300033569336,0
2026-04-25 06:00:00+00:00,86.25,86.68000030517578,86.23999786376953,86.47000122070312,0
2026-04-25 07:00:00+00:00,86.44000244140625,86.54000091552734,86.27999877929688,86.38999938964844,0
2026-04-25 08:00:00+00:00,86.37000274658203,86.83000183105469,86.33000183105469,86.63999938964844,0
2026-04-25 09:00:00+00:00,86.66000366210938,86.79000091552734,86.58999633789062,86.5999984741211,0
2026-04-25 10:00:00+00:00,86.61000061035156,86.75,86.5999984741211,86.66000366210938,0
2026-04-25 11:00:00+00:00,86.6500015258789,86.6500015258789,86.27999877929688,86.4000015258789,0
2026-04-25 12:00:00+00:00,86.38999938964844,86.4800033569336,86.23999786376953,86.41999816894531,0
2026-04-25 13:00:00+00:00,86.41000366210938,86.69999694824219,86.41000366210938,86.62999725341797,0
2026-04-25 14:00:00+00:00,86.66000366210938,86.69000244140625,86.4800033569336,86.4800033569336,0
2026-04-25 15:00:00+00:00,86.47000122070312,86.66000366210938,86.20999908447266,86.25,0
2026-04-25 16:00:00+00:00,86.20999908447266,86.33999633789062,85.66999816894531,85.91999816894531,0
2026-04-25 17:00:00+00:00,85.88999938964844,85.9000015258789,85.56999969482422,85.56999969482422,0
2026-04-25 18:00:00+00:00,85.56999969482422,85.8499984741211,85.56999969482422,85.7300033569336,50857984
2026-04-25 19:00:00+00:00,85.69000244140625,85.75,85.5999984741211,85.70999908447266,7045888
2026-04-25 20:00:00+00:00,85.70999908447266,85.94999694824219,85.63999938964844,85.94000244140625,0
2026-04-25 21:00:00+00:00,85.94000244140625,86.12000274658203,85.7699966430664,85.93000030517578,0
2026-04-25 22:00:00+00:00,85.94000244140625,86.19999694824219,85.87999725341797,86.12000274658203,0
2026-04-25 23:00:00+00:00,86.13999938964844,86.19999694824219,86.05999755859375,86.19999694824219,0
2026-04-26 00:00:00+00:00,86.19999694824219,86.2300033569336,85.95999908447266,86.05000305175781,0
2026-04-26 01:00:00+00:00,86.05000305175781,86.13999938964844,86.0,86.01000213623047,0
2026-04-26 02:00:00+00:00,86.0,86.4000015258789,85.98999786376953,86.4000015258789,5600512
2026-04-26 03:00:00+00:00,86.45999908447266,86.45999908447266,85.86000061035156,86.0,56805376
2026-04-26 04:00:00+00:00,86.0,86.7300033569336,85.95999908447266,86.45999908447266,67202048
2026-04-26 05:00:00+00:00,86.45999908447266,86.70999908447266,86.19999694824219,86.45999908447266,95173632
2026-04-26 06:00:00+00:00,86.5,86.5999984741211,86.4000015258789,86.51000213623047,0
2026-04-26 07:00:00+00:00,86.5199966430664,86.66000366210938,86.45999908447266,86.6500015258789,0
2026-04-26 08:00:00+00:00,86.69000244140625,86.77999877929688,86.52999877929688,86.58999633789062,0
2026-04-26 09:00:00+00:00,86.58000183105469,86.61000061035156,86.4800033569336,86.55999755859375,0
2026-04-26 10:00:00+00:00,86.55000305175781,86.63999938964844,86.45999908447266,86.51000213623047,0
2026-04-26 11:00:00+00:00,86.52999877929688,86.66000366210938,86.48999786376953,86.51000213623047,0
2026-04-26 12:00:00+00:00,86.51000213623047,86.5199966430664,85.93000030517578,86.11000061035156,46003456
2026-04-26 13:00:00+00:00,86.11000061035156,86.2699966430664,85.98999786376953,86.1500015258789,68667648
2026-04-26 14:00:00+00:00,86.13999938964844,86.51000213623047,86.08000183105469,86.43000030517578,34843136
2026-04-26 15:00:00+00:00,86.44999694824219,86.61000061035156,86.37999725341797,86.58000183105469,19428608
2026-04-26 16:00:00+00:00,86.58999633789062,86.62000274658203,86.41999816894531,86.44999694824219,0
2026-04-26 17:00:00+00:00,86.43000030517578,86.61000061035156,86.30000305175781,86.56999969482422,0
2026-04-26 18:00:00+00:00,86.55999755859375,86.93000030517578,86.45999908447266,86.83999633789062,0
2026-04-26 19:00:00+00:00,86.87999725341797,87.16999816894531,86.69999694824219,86.91000366210938,39385856
2026-04-26 20:00:00+00:00,86.93000030517578,86.95999908447266,86.63999938964844,86.73999786376953,28002304
2026-04-26 21:00:00+00:00,86.73999786376953,87.1500015258789,86.27999877929688,86.86000061035156,60583424
2026-04-26 22:00:00+00:00,86.80999755859375,87.31999969482422,86.37999725341797,86.7699966430664,139347712
2026-04-26 23:00:00+00:00,86.69999694824219,87.16999816894531,86.55000305175781,86.94999694824219,56654336
2026-04-27 00:00:00+00:00,86.95999908447266,87.33999633789062,86.58000183105469,87.30999755859375,211959552
2026-04-27 01:00:00+00:00,87.4000015258789,87.87999725341797,87.30000305175781,87.83999633789062,268277760
2026-04-27 02:00:00+00:00,87.88999938964844,88.08000183105469,87.37999725341797,87.81999969482422,89740800
2026-04-27 03:00:00+00:00,87.77999877929688,88.08999633789062,87.72000122070312,87.73999786376953,21020416
2026-04-27 04:00:00+00:00,87.75,87.83999633789062,87.44999694824219,87.54000091552734,0
2026-04-27 05:00:00+00:00,87.55000305175781,87.55999755859375,85.81999969482422,85.98999786376953,200389888
2026-04-27 06:00:00+00:00,85.93000030517578,86.06999969482422,85.47000122070312,85.75,139614464
2026-04-27 07:00:00+00:00,85.73999786376953,85.80999755859375,85.25,85.2699966430664,107855616
2026-04-27 08:00:00+00:00,85.29000091552734,85.51000213623047,85.06999969482422,85.5,102550272
2026-04-27 09:00:00+00:00,85.51000213623047,85.62000274658203,85.16000366210938,85.47000122070312,129317376
2026-04-27 10:00:00+00:00,85.47000122070312,85.58000183105469,85.1500015258789,85.19999694824219,112314880
2026-04-27 11:00:00+00:00,85.19999694824219,85.29000091552734,85.08000183105469,85.26000213623047,29279232
2026-04-27 12:00:00+00:00,85.26000213623047,85.27999877929688,84.94000244140625,85.11000061035156,0
2026-04-27 13:00:00+00:00,85.08000183105469,85.37000274658203,84.7300033569336,85.16000366210938,11644928
2026-04-27 14:00:00+00:00,85.13999938964844,85.81999969482422,85.0,85.20999908447266,121964544
2026-04-27 15:00:00+00:00,85.2300033569336,85.2300033569336,83.6500015258789,84.16000366210938,277325312
2026-04-27 16:00:00+00:00,84.12000274658203,84.37000274658203,84.04000091552734,84.26000213623047,77677568
2026-04-27 17:00:00+00:00,84.29000091552734,84.66000366210938,84.2699966430664,84.44999694824219,72923648
2026-04-27 18:00:00+00:00,84.41000366210938,84.68000030517578,84.38999938964844,84.55999755859375,0
2026-04-27 19:00:00+00:00,84.55000305175781,84.63999938964844,83.83999633789062,84.1500015258789,20392448
2026-04-27 20:00:00+00:00,84.16999816894531,84.33000183105469,84.13999938964844,84.27999877929688,17020928
2026-04-27 21:00:00+00:00,84.25,84.47000122070312,84.08999633789062,84.26000213623047,0
2026-04-27 22:00:00+00:00,84.26000213623047,84.58999633789062,84.19000244140625,84.5199966430664,0
2026-04-27 23:00:00+00:00,84.48999786376953,84.88999938964844,84.44000244140625,84.80000305175781,89600
2026-04-28 00:00:00+00:00,84.81999969482422,84.91999816894531,84.58000183105469,84.80999755859375,0
2026-04-28 01:00:00+00:00,84.80000305175781,84.86000061035156,84.38999938964844,84.38999938964844,0
2026-04-28 02:00:00+00:00,84.4000015258789,84.62999725341797,83.93000030517578,84.16999816894531,0
2026-04-28 03:00:00+00:00,84.16999816894531,84.18000030517578,84.01000213623047,84.16999816894531,0
2026-04-28 04:00:00+00:00,84.16999816894531,84.41000366210938,83.83000183105469,84.05999755859375,133014784
2026-04-28 05:00:00+00:00,84.08000183105469,84.43000030517578,84.06999969482422,84.18000030517578,0
2026-04-28 06:00:00+00:00,84.2300033569336,84.30999755859375,83.69999694824219,83.94999694824219,0
2026-04-28 07:00:00+00:00,83.93000030517578,84.05000305175781,83.6500015258789,84.01000213623047,0
2026-04-28 08:00:00+00:00,84.01000213623047,84.18000030517578,83.76000213623047,83.94999694824219,0
2026-04-28 09:00:00+00:00,83.94999694824219,83.95999908447266,83.43000030517578,83.63999938964844,0
2026-04-28 10:00:00+00:00,83.62999725341797,83.80999755859375,83.62999725341797,83.80000305175781,0
2026-04-28 11:00:00+00:00,83.80999755859375,83.83999633789062,83.29000091552734,83.4000015258789,2822656
2026-04-28 12:00:00+00:00,83.41000366210938,83.77999877929688,83.25,83.66999816894531,18227712
2026-04-28 13:00:00+00:00,83.69000244140625,83.9800033569336,83.18000030517578,83.52999877929688,2091264
2026-04-28 14:00:00+00:00,83.5,83.51000213623047,82.97000122070312,83.37999725341797,0
2026-04-28 15:00:00+00:00,83.41000366210938,83.5,83.19999694824219,83.44999694824219,0
2026-04-28 16:00:00+00:00,83.44999694824219,83.6500015258789,83.30000305175781,83.58000183105469,0
2026-04-28 17:00:00+00:00,83.58000183105469,83.79000091552734,83.3499984741211,83.61000061035156,0
2026-04-28 18:00:00+00:00,83.5999984741211,83.83000183105469,83.58999633789062,83.80000305175781,0
2026-04-28 19:00:00+00:00,83.79000091552734,84.01000213623047,83.69999694824219,83.87999725341797,0
2026-04-28 20:00:00+00:00,83.9000015258789,83.9800033569336,83.76000213623047,83.77999877929688,0
2026-04-28 21:00:00+00:00,83.77999877929688,83.94000244140625,83.62999725341797,83.70999908447266,0
2026-04-28 22:00:00+00:00,83.72000122070312,83.9000015258789,83.56999969482422,83.72000122070312,25126400
2026-04-28 23:00:00+00:00,83.70999908447266,84.13999938964844,83.63999938964844,84.05000305175781,12901376
2026-04-29 00:00:00+00:00,84.05000305175781,84.19999694824219,83.83000183105469,84.05999755859375,52483840
2026-04-29 01:00:00+00:00,84.04000091552734,84.19000244140625,83.80000305175781,84.08000183105469,10335232
2026-04-29 02:00:00+00:00,84.12000274658203,84.20999908447266,83.93000030517578,84.04000091552734,0
2026-04-29 03:00:00+00:00,84.04000091552734,84.70999908447266,84.04000091552734,84.58000183105469,46683904
2026-04-29 04:00:00+00:00,84.58999633789062,85.05000305175781,84.44999694824219,84.95999908447266,0
2026-04-29 05:00:00+00:00,84.94999694824219,85.01000213623047,84.70999908447266,84.83999633789062,9010176
2026-04-29 06:00:00+00:00,84.80999755859375,84.97000122070312,84.5199966430664,84.62000274658203,0
2026-04-29 07:00:00+00:00,84.62000274658203,84.83999633789062,84.58000183105469,84.69999694824219,0
2026-04-29 08:00:00+00:00,84.7300033569336,84.73999786376953,84.3499984741211,84.5,0
2026-04-29 09:00:00+00:00,84.48999786376953,85.47000122070312,84.45999908447266,85.27999877929688,89989888
2026-04-29 10:00:00+00:00,85.3499984741211,85.54000091552734,85.12000274658203,85.1500015258789,194300928
2026-04-29 11:00:00+00:00,85.12999725341797,85.16000366210938,84.79000091552734,84.91999816894531,62578688
2026-04-29 12:00:00+00:00,84.9000015258789,84.9000015258789,83.93000030517578,84.25,86590720
2026-04-29 13:00:00+00:00,84.22000122070312,84.27999877929688,83.63999938964844,83.98999786376953,22186496
2026-04-29 14:00:00+00:00,83.94000244140625,84.04000091552734,83.63999938964844,83.83000183105469,0
2026-04-29 15:00:00+00:00,83.83999633789062,83.9000015258789,82.98999786376953,83.23999786376953,101205504
2026-04-29 16:00:00+00:00,83.19000244140625,83.63999938964844,82.94000244140625,83.08999633789062,99953408
2026-04-29 17:00:00+00:00,83.12999725341797,83.30999755859375,82.70999908447266,83.30999755859375,69367808
2026-04-29 18:00:00+00:00,83.37999725341797,83.37999725341797,81.38999938964844,82.26000213623047,356342272
2026-04-29 19:00:00+00:00,82.26000213623047,82.30999755859375,81.95999908447266,82.1500015258789,96133120
2026-04-29 20:00:00+00:00,82.16999816894531,82.77999877929688,82.16999816894531,82.58999633789062,77297664
2026-04-29 21:00:00+00:00,82.55999755859375,83.1500015258789,82.51000213623047,82.86000061035156,60208640
2026-04-29 22:00:00+00:00,82.86000061035156,83.08999633789062,82.7699966430664,83.01000213623047,0
2026-04-29 23:00:00+00:00,83.02999877929688,83.08000183105469,82.77999877929688,83.0199966430664,0
2026-04-30 00:00:00+00:00,83.04000091552734,83.95999908447266,83.04000091552734,83.77999877929688,40819200
2026-04-30 01:00:00+00:00,83.76000213623047,83.94999694824219,83.62999725341797,83.72000122070312,29627392
2026-04-30 02:00:00+00:00,83.7300033569336,83.93000030517578,82.68000030517578,82.94000244140625,52695040
2026-04-30 03:00:00+00:00,82.94999694824219,83.19999694824219,82.8499984741211,83.0199966430664,0
2026-04-30 04:00:00+00:00,83.01000213623047,83.04000091552734,82.33999633789062,82.37000274658203,0
2026-04-30 05:00:00+00:00,82.37000274658203,82.75,82.13999938964844,82.54000091552734,0
2026-04-30 06:00:00+00:00,82.55000305175781,83.0,82.48999786376953,82.9000015258789,0
2026-04-30 07:00:00+00:00,82.91000366210938,83.33000183105469,82.87000274658203,83.30999755859375,60276736
2026-04-30 08:00:00+00:00,83.29000091552734,83.37999725341797,83.06999969482422,83.06999969482422,97660416
2026-04-30 09:00:00+00:00,83.06999969482422,83.5,83.02999877929688,83.11000061035156,0
2026-04-30 10:00:00+00:00,83.11000061035156,83.16999816894531,82.88999938964844,82.97000122070312,0
2026-04-30 11:00:00+00:00,82.98999786376953,83.30000305175781,82.75,82.97000122070312,0
2026-04-30 12:00:00+00:00,82.97000122070312,83.43000030517578,82.95999908447266,83.18000030517578,0
2026-04-30 13:00:00+00:00,83.19999694824219,83.5199966430664,82.86000061035156,83.18000030517578,0
2026-04-30 14:00:00+00:00,83.1500015258789,83.37000274658203,82.66000366210938,83.19000244140625,0
2026-04-30 15:00:00+00:00,83.20999908447266,83.80000305175781,83.0,83.30999755859375,0
2026-04-30 16:00:00+00:00,83.30999755859375,83.41000366210938,82.91999816894531,82.9800033569336,0
2026-04-30 17:00:00+00:00,82.97000122070312,83.08999633789062,82.83999633789062,82.98999786376953,0
2026-04-30 18:00:00+00:00,82.98999786376953,83.25,82.94999694824219,83.0199966430664,0
2026-04-30 19:00:00+00:00,83.0,83.25,82.9800033569336,83.08000183105469,0
2026-04-30 20:00:00+00:00,82.9800033569336,83.16000366210938,82.93000030517578,83.05000305175781,0
2026-04-30 21:00:00+00:00,83.05999755859375,83.0999984741211,82.83999633789062,82.83999633789062,0
2026-04-30 22:00:00+00:00,82.87000274658203,83.0,82.75,82.80999755859375,0
2026-04-30 23:00:00+00:00,82.83999633789062,83.05999755859375,82.80999755859375,83.04000091552734,0
2026-05-01 00:00:00+00:00,83.05000305175781,83.37999725341797,83.05000305175781,83.1500015258789,0
2026-05-01 01:00:00+00:00,83.16000366210938,83.63999938964844,83.1500015258789,83.56999969482422,0
2026-05-01 02:00:00+00:00,83.58000183105469,83.81999969482422,83.41999816894531,83.58999633789062,0
2026-05-01 03:00:00+00:00,83.56999969482422,84.3499984741211,83.52999877929688,83.87000274658203,77736192
2026-05-01 04:00:00+00:00,83.87999725341797,84.02999877929688,83.66000366210938,83.79000091552734,0
2026-05-01 05:00:00+00:00,83.80000305175781,84.20999908447266,83.73999786376953,84.0199966430664,502784
2026-05-01 06:00:00+00:00,84.02999877929688,84.16999816894531,83.69000244140625,83.81999969482422,0
2026-05-01 07:00:00+00:00,83.83999633789062,83.95999908447266,83.66000366210938,83.94000244140625,3210752
2026-05-01 08:00:00+00:00,83.94000244140625,84.2699966430664,83.87000274658203,84.16000366210938,0
2026-05-01 09:00:00+00:00,84.16000366210938,84.18000030517578,83.91000366210938,83.95999908447266,0
2026-05-01 10:00:00+00:00,83.93000030517578,84.08000183105469,83.70999908447266,83.94000244140625,0
2026-05-01 11:00:00+00:00,83.95999908447266,84.19000244140625,83.8499984741211,84.0,0
2026-05-01 12:00:00+00:00,84.0,84.55000305175781,83.88999938964844,84.2699966430664,48954112
2026-05-01 13:00:00+00:00,84.29000091552734,84.8499984741211,84.25,84.5999984741211,66611456
2026-05-01 14:00:00+00:00,84.61000061035156,84.69999694824219,83.87999725341797,84.19999694824219,69722624
2026-05-01 15:00:00+00:00,84.19000244140625,84.62000274658203,84.0,84.44999694824219,7056128
2026-05-01 16:00:00+00:00,84.48999786376953,84.62000274658203,83.97000122070312,84.0,68237568
2026-05-01 17:00:00+00:00,83.9800033569336,84.26000213623047,83.91000366210938,84.20999908447266,15254784
2026-05-01 18:00:00+00:00,84.2300033569336,84.30000305175781,83.97000122070312,83.97000122070312,1980160
2026-05-01 19:00:00+00:00,83.97000122070312,84.05000305175781,83.77999877929688,83.87999725341797,4145664
2026-05-01 20:00:00+00:00,83.88999938964844,83.91999816894531,83.33000183105469,83.4800033569336,30512896
2026-05-01 21:00:00+00:00,83.47000122070312,83.79000091552734,83.41999816894531,83.70999908447266,43585536
2026-05-01 22:00:00+00:00,83.7300033569336,83.87999725341797,83.58000183105469,83.75,10251264
2026-05-01 23:00:00+00:00,83.70999908447266,83.87000274658203,83.54000091552734,83.76000213623047,46597632
2026-05-02 00:00:00+00:00,83.75,83.87000274658203,83.44000244140625,83.83000183105469,0
2026-05-02 01:00:00+00:00,83.79000091552734,84.04000091552734,83.76000213623047,84.04000091552734,0
2026-05-02 02:00:00+00:00,84.02999877929688,84.16999816894531,83.86000061035156,83.93000030517578,0
2026-05-02 03:00:00+00:00,83.91999816894531,83.97000122070312,83.7300033569336,83.80000305175781,0
2026-05-02 04:00:00+00:00,83.80999755859375,83.81999969482422,83.55000305175781,83.62999725341797,0
2026-05-02 05:00:00+00:00,83.62999725341797,83.7300033569336,83.52999877929688,83.68000030517578,0
2026-05-02 06:00:00+00:00,83.69000244140625,83.81999969482422,83.55999755859375,83.80999755859375,0
2026-05-02 07:00:00+00:00,83.80999755859375,83.83999633789062,83.69999694824219,83.70999908447266,0
2026-05-02 08:00:00+00:00,83.69999694824219,83.86000061035156,83.62000274658203,83.80999755859375,0
2026-05-02 09:00:00+00:00,83.83000183105469,84.12999725341797,83.80999755859375,84.0,0
2026-05-02 10:00:00+00:00,83.98999786376953,84.0,83.86000061035156,83.93000030517578,0
2026-05-02 11:00:00+00:00,83.88999938964844,83.9000015258789,83.52999877929688,83.68000030517578,3819776
2026-05-02 12:00:00+00:00,83.69000244140625,84.08000183105469,83.66999816894531,83.8499984741211,0
2026-05-02 13:00:00+00:00,83.8499984741211,84.05000305175781,83.8499984741211,83.93000030517578,0
2026-05-02 14:00:00+00:00,83.93000030517578,84.08000183105469,83.9000015258789,83.95999908447266,0
2026-05-02 15:00:00+00:00,83.95999908447266,84.05000305175781,83.91000366210938,84.0199966430664,0
2026-05-02 16:00:00+00:00,84.04000091552734,84.26000213623047,84.0,84.18000030517578,0
2026-05-02 17:00:00+00:00,84.16999816894531,84.18000030517578,84.0,84.02999877929688,0
2026-05-02 18:00:00+00:00,84.02999877929688,84.19000244140625,83.93000030517578,84.16999816894531,0
2026-05-02 19:00:00+00:00,84.18000030517578,84.29000091552734,84.1500015258789,84.19999694824219,0
2026-05-02 20:00:00+00:00,84.22000122070312,84.22000122070312,84.0999984741211,84.18000030517578,0
2026-05-02 21:00:00+00:00,84.19999694824219,84.94000244140625,84.1500015258789,84.54000091552734,48883456
2026-05-02 22:00:00+00:00,84.55000305175781,84.62999725341797,84.06999969482422,84.44000244140625,33533696
2026-05-02 23:00:00+00:00,84.43000030517578,84.5,84.23999786376953,84.25,165888
2026-05-03 00:00:00+00:00,84.27999877929688,84.30999755859375,83.83999633789062,84.08999633789062,41831936
2026-05-03 01:00:00+00:00,84.08999633789062,84.08999633789062,83.72000122070312,83.73999786376953,20915200
2026-05-03 02:00:00+00:00,83.69999694824219,83.80000305175781,83.5999984741211,83.66999816894531,0
2026-05-03 03:00:00+00:00,83.66999816894531,83.73999786376953,83.56999969482422,83.66000366210938,0
2026-05-03 04:00:00+00:00,83.6500015258789,83.7300033569336,83.56999969482422,83.69000244140625,94185472
2026-05-03 05:00:00+00:00,83.69000244140625,83.83000183105469,83.66000366210938,83.75,0
2026-05-03 06:00:00+00:00,83.7300033569336,83.83999633789062,83.56999969482422,83.73999786376953,0
2026-05-03 07:00:00+00:00,83.7300033569336,84.01000213623047,83.7300033569336,83.87000274658203,27792128
2026-05-03 08:00:00+00:00,83.87000274658203,84.01000213623047,83.81999969482422,83.87000274658203,0
2026-05-03 09:00:00+00:00,83.88999938964844,84.08000183105469,83.86000061035156,84.04000091552734,1470208
2026-05-03 10:00:00+00:00,84.05000305175781,84.05000305175781,83.80000305175781,83.80000305175781,0
2026-05-03 11:00:00+00:00,83.77999877929688,84.16999816894531,83.7300033569336,83.94000244140625,13086464
2026-05-03 12:00:00+00:00,83.95999908447266,84.19999694824219,83.95999908447266,84.08000183105469,0
2026-05-03 13:00:00+00:00,84.0999984741211,84.19000244140625,83.97000122070312,84.08000183105469,0
2026-05-03 14:00:00+00:00,84.0999984741211,84.41999816894531,84.06999969482422,84.3499984741211,23599360
2026-05-03 15:00:00+00:00,84.3499984741211,84.41999816894531,84.08999633789062,84.13999938964844,23602944
2026-05-03 16:00:00+00:00,84.16999816894531,84.2699966430664,83.9800033569336,84.12999725341797,0
2026-05-03 17:00:00+00:00,84.12999725341797,84.29000091552734,83.9800033569336,84.18000030517578,5882368
2026-05-03 18:00:00+00:00,84.18000030517578,84.30999755859375,84.08999633789062,84.25,0
2026-05-03 19:00:00+00:00,84.25,84.47000122070312,84.2300033569336,84.36000061035156,16682496
2026-05-03 20:00:00+00:00,84.33999633789062,84.69999694824219,84.2300033569336,84.31999969482422,154131968
2026-05-03 21:00:00+00:00,84.33000183105469,84.44999694824219,83.87000274658203,84.12999725341797,0
2026-05-03 22:00:00+00:00,84.19999694824219,84.91999816894531,84.19000244140625,84.66999816894531,189059328
2026-05-03 23:00:00+00:00,84.66999816894531,84.77999877929688,83.86000061035156,83.88999938964844,53535488
2026-05-04 00:00:00+00:00,83.88999938964844,83.88999938964844,83.33999633789062,83.77999877929688,24773632
2026-05-04 01:00:00+00:00,83.77999877929688,84.86000061035156,83.41000366210938,84.73999786376953,131473664
2026-05-04 02:00:00+00:00,84.86000061035156,85.58999633789062,84.7300033569336,85.23999786376953,446095360
2026-05-04 03:00:00+00:00,85.2300033569336,85.56999969482422,85.0999984741211,85.4000015258789,164392960
2026-05-04 04:00:00+00:00,85.4000015258789,85.86000061035156,85.37000274658203,85.76000213623047,157780992
2026-05-04 05:00:00+00:00,85.76000213623047,85.79000091552734,85.33000183105469,85.37000274658203,134564096
2026-05-04 06:00:00+00:00,85.36000061035156,85.4000015258789,84.51000213623047,84.8499984741211,168245248
2026-05-04 07:00:00+00:00,84.8499984741211,85.0,84.66999816894531,84.87000274658203,25401600
2026-05-04 08:00:00+00:00,84.83999633789062,84.87999725341797,84.61000061035156,84.76000213623047,30841600
2026-05-04 09:00:00+00:00,84.75,85.18000030517578,84.66000366210938,85.0199966430664,44152832
2026-05-04 10:00:00+00:00,85.02999877929688,85.04000091552734,83.26000213623047,84.0199966430664,402486016
2026-05-04 11:00:00+00:00,84.0199966430664,84.12999725341797,83.83000183105469,83.94000244140625,96056832
2026-05-04 12:00:00+00:00,83.94999694824219,84.13999938964844,83.83000183105469,83.91999816894531,24321536
2026-05-04 13:00:00+00:00,83.87999725341797,84.31999969482422,83.62000274658203,83.98999786376953,105188352
2026-05-04 14:00:00+00:00,83.98999786376953,85.31999969482422,83.79000091552734,84.98999786376953,197565440
2026-05-04 15:00:00+00:00,85.0,85.16000366210938,83.98999786376953,84.4800033569336,310134272
2026-05-04 16:00:00+00:00,84.45999908447266,84.7699966430664,83.9800033569336,84.4800033569336,175376896
2026-05-04 17:00:00+00:00,84.51000213623047,85.16999816894531,84.47000122070312,84.94000244140625,124011008
2026-05-04 18:00:00+00:00,84.95999908447266,85.02999877929688,84.58000183105469,84.7300033569336,73445376
2026-05-04 19:00:00+00:00,84.73999786376953,84.73999786376953,84.3499984741211,84.43000030517578,28852736
2026-05-04 20:00:00+00:00,84.41000366210938,84.41000366210938,84.0199966430664,84.05999755859375,0
2026-05-04 21:00:00+00:00,84.05999755859375,84.5,84.05999755859375,84.41000366210938,0
2026-05-04 22:00:00+00:00,84.41999816894531,84.54000091552734,84.13999938964844,84.19999694824219,0
2026-05-04 23:00:00+00:00,84.19000244140625,84.22000122070312,84.01000213623047,84.08999633789062,0
2026-05-05 00:00:00+00:00,84.06999969482422,84.3499984741211,84.02999877929688,84.30000305175781,0
2026-05-05 01:00:00+00:00,84.30999755859375,84.45999908447266,84.13999938964844,84.41000366210938,0
2026-05-05 02:00:00+00:00,84.4000015258789,84.77999877929688,84.33000183105469,84.51000213623047,0
2026-05-05 03:00:00+00:00,84.51000213623047,84.94000244140625,84.4000015258789,84.77999877929688,0
2026-05-05 04:00:00+00:00,84.77999877929688,84.9000015258789,84.58999633789062,84.77999877929688,0
2026-05-05 05:00:00+00:00,84.76000213623047,85.11000061035156,84.70999908447266,84.91999816894531,0
2026-05-05 06:00:00+00:00,84.91999816894531,84.9800033569336,84.54000091552734,84.9800033569336,0
2026-05-05 07:00:00+00:00,84.9800033569336,85.05000305175781,84.7699966430664,84.87000274658203,41860608
2026-05-05 08:00:00+00:00,84.83999633789062,84.9000015258789,84.68000030517578,84.77999877929688,9399808
2026-05-05 09:00:00+00:00,84.77999877929688,84.77999877929688,84.44000244140625,84.54000091552734,0
2026-05-05 10:00:00+00:00,84.52999877929688,84.91999816894531,84.41999816894531,84.9000015258789,0
2026-05-05 11:00:00+00:00,84.91000366210938,85.0,84.70999908447266,84.9800033569336,0
2026-05-05 12:00:00+00:00,84.9800033569336,85.36000061035156,84.91000366210938,85.31999969482422,26332160
2026-05-05 13:00:00+00:00,85.36000061035156,86.08000183105469,85.36000061035156,85.62000274658203,210347264
2026-05-05 14:00:00+00:00,85.63999938964844,85.73999786376953,85.19000244140625,85.47000122070312,0
2026-05-05 15:00:00+00:00,85.45999908447266,85.87000274658203,85.3499984741211,85.5,0
2026-05-05 16:00:00+00:00,85.54000091552734,85.69999694824219,85.06999969482422,85.30000305175781,0
2026-05-05 17:00:00+00:00,85.30999755859375,85.5199966430664,85.12000274658203,85.45999908447266,0
2026-05-05 18:00:00+00:00,85.45999908447266,85.9000015258789,85.41999816894531,85.87999725341797,0
2026-05-05 19:00:00+00:00,85.88999938964844,86.56999969482422,85.83999633789062,86.5,139416320
2026-05-05 20:00:00+00:00,86.55000305175781,86.91000366210938,86.44000244140625,86.63999938964844,120280576
2026-05-05 21:00:00+00:00,86.66000366210938,86.88999938964844,86.27999877929688,86.75,102946560
2026-05-05 22:00:00+00:00,86.77999877929688,86.9800033569336,86.2300033569336,86.58000183105469,89143808
2026-05-05 23:00:00+00:00,86.55000305175781,86.66999816894531,86.16000366210938,86.27999877929688,55314432
2026-05-06 00:00:00+00:00,86.26000213623047,86.54000091552734,86.08999633789062,86.37000274658203,60686848
2026-05-06 01:00:00+00:00,86.37000274658203,86.9800033569336,86.30999755859375,86.8499984741211,54355968
2026-05-06 02:00:00+00:00,86.83000183105469,86.91000366210938,86.37999725341797,86.88999938964844,11778048
2026-05-06 03:00:00+00:00,86.87999725341797,87.44000244140625,86.87999725341797,87.31999969482422,88038400
2026-05-06 04:00:00+00:00,87.33000183105469,87.41000366210938,86.69999694824219,86.80000305175781,22587392
2026-05-06 05:00:00+00:00,86.83000183105469,87.45999908447266,86.75,87.4000015258789,13801472
2026-05-06 06:00:00+00:00,87.4000015258789,87.54000091552734,87.16000366210938,87.48999786376953,5954048
2026-05-06 07:00:00+00:00,87.48999786376953,87.87999725341797,87.44999694824219,87.69000244140625,12577280
2026-05-06 08:00:00+00:00,87.68000030517578,89.16999816894531,87.6500015258789,89.02999877929688,195869696
2026-05-06 09:00:00+00:00,89.0199966430664,89.5,88.5999984741211,89.47000122070312,311277568
2026-05-06 10:00:00+00:00,89.48999786376953,89.69000244140625,89.19999694824219,89.37999725341797,182885888
2026-05-06 11:00:00+00:00,89.33999633789062,90.0,89.33000183105469,89.87000274658203,168448512
2026-05-06 12:00:00+00:00,89.88999938964844,89.95999908447266,89.48999786376953,89.6500015258789,122817536
2026-05-06 13:00:00+00:00,89.58999633789062,89.58999633789062,88.11000061035156,88.33999633789062,14576128
2026-05-06 14:00:00+00:00,88.30999755859375,88.83999633789062,87.47000122070312,88.41000366210938,143096320
2026-05-06 15:00:00+00:00,88.38999938964844,89.05999755859375,88.31999969482422,88.97000122070312,40169472
2026-05-06 16:00:00+00:00,88.97000122070312,89.5,88.58999633789062,89.16999816894531,38525952
2026-05-06 17:00:00+00:00,89.16000366210938,89.41999816894531,88.63999938964844,88.83000183105469,70312960
2026-05-06 18:00:00+00:00,88.83999633789062,89.12999725341797,88.48999786376953,88.9800033569336,49236480
2026-05-06 19:00:00+00:00,89.0,89.31999969482422,88.88999938964844,89.2699966430664,0
2026-05-06 20:00:00+00:00,89.27999877929688,89.61000061035156,88.9000015258789,89.18000030517578,0
2026-05-06 21:00:00+00:00,89.18000030517578,89.58000183105469,89.06999969482422,89.47000122070312,0
2026-05-06 22:00:00+00:00,89.48999786376953,89.54000091552734,89.0199966430664,89.08000183105469,0
2026-05-06 23:00:00+00:00,89.05999755859375,89.18000030517578,88.68000030517578,89.1500015258789,34304
2026-05-07 00:00:00+00:00,89.1500015258789,89.26000213623047,88.25,88.33000183105469,0
2026-05-07 01:00:00+00:00,88.33000183105469,88.5199966430664,87.9000015258789,88.30000305175781,29825024
2026-05-07 02:00:00+00:00,88.30000305175781,88.36000061035156,87.87999725341797,88.1500015258789,8321536
2026-05-07 03:00:00+00:00,88.11000061035156,88.13999938964844,87.62000274658203,87.7699966430664,0
2026-05-07 04:00:00+00:00,87.73999786376953,88.37999725341797,87.70999908447266,88.37000274658203,0
2026-05-07 05:00:00+00:00,88.36000061035156,88.86000061035156,88.3499984741211,88.66000366210938,1020416
2026-05-07 06:00:00+00:00,88.63999938964844,89.2699966430664,88.2300033569336,89.2699966430664,24724480
2026-05-07 07:00:00+00:00,89.2699966430664,90.41999816894531,89.13999938964844,90.16999816894531,124994048
2026-05-07 08:00:00+00:00,90.18000030517578,90.26000213623047,89.48999786376953,89.5,0
2026-05-07 09:00:00+00:00,89.56999969482422,89.58999633789062,89.20999908447266,89.44999694824219,0
2026-05-07 10:00:00+00:00,89.41999816894531,89.5199966430664,88.73999786376953,89.1500015258789,0
2026-05-07 11:00:00+00:00,89.16999816894531,89.66999816894531,89.16999816894531,89.55999755859375,0
2026-05-07 12:00:00+00:00,89.51000213623047,90.05999755859375,89.51000213623047,89.76000213623047,0
2026-05-07 13:00:00+00:00,89.69999694824219,89.69999694824219,88.38999938964844,88.66999816894531,0
2026-05-07 14:00:00+00:00,88.69999694824219,88.91000366210938,87.86000061035156,88.1500015258789,0
2026-05-07 15:00:00+00:00,88.1500015258789,88.58000183105469,87.83000183105469,88.30999755859375,18672128
2026-05-07 16:00:00+00:00,88.27999877929688,88.77999877929688,88.0999984741211,88.44000244140625,3435008
2026-05-07 17:00:00+00:00,88.44999694824219,88.8499984741211,87.98999786376953,88.79000091552734,0
2026-05-07 18:00:00+00:00,88.79000091552734,89.05000305175781,88.23999786376953,88.58000183105469,0
2026-05-07 19:00:00+00:00,88.55000305175781,88.7300033569336,88.22000122070312,88.41000366210938,12136448
2026-05-07 20:00:00+00:00,88.44000244140625,88.79000091552734,88.02999877929688,88.05000305175781,0
2026-05-07 21:00:00+00:00,88.05999755859375,88.20999908447266,87.66000366210938,87.97000122070312,5937152
2026-05-07 22:00:00+00:00,87.94000244140625,88.20999908447266,87.69000244140625,88.08000183105469,56531456
2026-05-07 23:00:00+00:00,88.08000183105469,88.47000122070312,88.05000305175781,88.4000015258789,6656
2026-05-08 00:00:00+00:00,88.4800033569336,88.63999938964844,88.13999938964844,88.25,0
2026-05-08 01:00:00+00:00,88.25,88.38999938964844,87.93000030517578,87.93000030517578,0
2026-05-08 03:00:00+00:00,87.83042907714844,88.28922271728516,87.78956604003906,88.22529602050781,239460864
2026-05-08 04:00:00+00:00,88.2262191772461,88.32014465332031,88.0545883178711,88.15859985351562,0
2026-05-08 05:00:00+00:00,88.1567611694336,88.35358428955078,88.1194839477539,88.14095306396484,0
2026-05-08 06:00:00+00:00,88.12521362304688,88.18912506103516,87.86111450195312,87.96308898925781,22864896
2026-05-08 07:00:00+00:00,87.9734115600586,88.1348876953125,87.74479675292969,88.1348876953125,0
2026-05-08 08:00:00+00:00,88.14200592041016,88.55888366699219,88.09168243408203,88.43340301513672,0
2026-05-08 09:00:00+00:00,88.47333526611328,88.6581039428711,88.30451202392578,88.35401153564453,0
2026-05-08 10:00:00+00:00,88.36731719970703,88.69174194335938,88.36731719970703,88.67166137695312,0
2026-05-08 11:00:00+00:00,88.67037200927734,88.67166137695312,88.54389190673828,88.63427734375,0
2026-05-08 12:00:00+00:00,88.63871765136719,88.83999633789062,88.37999725341797,88.45999908447266,0
2026-05-08 13:00:00+00:00,88.4000015258789,88.55999755859375,88.01000213623047,88.27999877929688,0
2026-05-08 14:00:00+00:00,88.33000183105469,89.37000274658203,88.31999969482422,89.12999725341797,0
2026-05-08 15:00:00+00:00,89.1500015258789,89.58000183105469,88.41000366210938,89.56999969482422,0
2026-05-08 16:00:00+00:00,89.5999984741211,89.75,89.33999633789062,89.5999984741211,0
2026-05-08 17:00:00+00:00,89.58000183105469,91.9000015258789,89.55999755859375,91.62999725341797,303327744
2026-05-08 18:00:00+00:00,91.69999694824219,92.56999969482422,91.66000366210938,92.31999969482422,192548608
2026-05-08 19:00:00+00:00,92.31999969482422,92.79000091552734,92.04000091552734,92.5999984741211,127632384
2026-05-08 20:00:00+00:00,92.56999969482422,92.5999984741211,92.02999877929688,92.0999984741211,41278464
2026-05-08 21:00:00+00:00,92.11000061035156,92.38999938964844,91.73999786376953,92.30999755859375,9333760
2026-05-08 22:00:00+00:00,92.27999877929688,92.69999694824219,92.23999786376953,92.29000091552734,0
2026-05-08 23:00:00+00:00,92.30000305175781,92.30000305175781,91.75,92.0199966430664,16251392
2026-05-09 00:00:00+00:00,92.0199966430664,92.62000274658203,91.86000061035156,92.47000122070312,25228800
2026-05-09 01:00:00+00:00,92.47000122070312,93.83000183105469,92.44000244140625,93.54000091552734,196729344
2026-05-09 02:00:00+00:00,93.51000213623047,93.7699966430664,93.30999755859375,93.4800033569336,85785088
2026-05-09 03:00:00+00:00,93.5,93.7699966430664,93.41999816894531,93.63999938964844,4301312
2026-05-09 04:00:00+00:00,93.63999938964844,94.12000274658203,93.12999725341797,93.22000122070312,78098432
2026-05-09 05:00:00+00:00,93.23999786376953,93.7699966430664,92.83999633789062,93.7300033569336,111966208
2026-05-09 06:00:00+00:00,93.7300033569336,94.08999633789062,93.20999908447266,93.5199966430664,39074304
2026-05-09 07:00:00+00:00,93.54000091552734,93.98999786376953,93.33999633789062,93.73999786376953,0
2026-05-09 08:00:00+00:00,93.73999786376953,93.93000030517578,93.66000366210938,93.70999908447266,0
2026-05-09 09:00:00+00:00,93.69999694824219,93.69999694824219,93.08999633789062,93.29000091552734,0
2026-05-09 10:00:00+00:00,93.29000091552734,93.58000183105469,93.11000061035156,93.37999725341797,9302528
2026-05-09 11:00:00+00:00,93.36000061035156,93.68000030517578,93.31999969482422,93.62999725341797,0
2026-05-09 12:00:00+00:00,93.61000061035156,93.73999786376953,93.2699966430664,93.45999908447266,0
2026-05-09 13:00:00+00:00,93.44999694824219,93.45999908447266,93.05999755859375,93.45999908447266,0
2026-05-09 14:00:00+00:00,93.45999908447266,93.45999908447266,92.77999877929688,92.86000061035156,0
2026-05-09 15:00:00+00:00,92.8499984741211,93.0,92.41000366210938,93.0,0
2026-05-09 16:00:00+00:00,92.98999786376953,93.27999877929688,92.68000030517578,92.76000213623047,0
2026-05-09 17:00:00+00:00,92.80000305175781,93.45999908447266,92.77999877929688,93.22000122070312,0
2026-05-09 18:00:00+00:00,93.23999786376953,93.62999725341797,93.16000366210938,93.37000274658203,0
2026-05-09 19:00:00+00:00,93.37999725341797,93.58000183105469,93.20999908447266,93.51000213623047,0
2026-05-09 20:00:00+00:00,93.51000213623047,93.51000213623047,93.16000366210938,93.25,0
2026-05-09 21:00:00+00:00,93.2699966430664,93.54000091552734,93.2300033569336,93.4800033569336,0
2026-05-09 22:00:00+00:00,93.5,93.5199966430664,93.20999908447266,93.30999755859375,0
2026-05-09 23:00:00+00:00,93.31999969482422,93.4800033569336,93.04000091552734,93.11000061035156,0
2026-05-10 00:00:00+00:00,93.0999984741211,93.33999633789062,92.91000366210938,93.01000213623047,0
2026-05-10 01:00:00+00:00,93.04000091552734,93.04000091552734,92.5999984741211,92.97000122070312,0
2026-05-10 02:00:00+00:00,92.95999908447266,93.11000061035156,92.80999755859375,93.0199966430664,0
2026-05-10 03:00:00+00:00,93.02999877929688,93.48999786376953,93.01000213623047,93.41999816894531,36920576
2026-05-10 04:00:00+00:00,93.41000366210938,93.5,93.23999786376953,93.33999633789062,0
2026-05-10 05:00:00+00:00,93.33999633789062,93.5,93.2300033569336,93.33000183105469,0
2026-05-10 06:00:00+00:00,93.31999969482422,93.44999694824219,93.25,93.41000366210938,0
2026-05-10 07:00:00+00:00,93.41999816894531,93.66000366210938,93.36000061035156,93.44999694824219,0
2026-05-10 08:00:00+00:00,93.44000244140625,94.05000305175781,93.41999816894531,94.04000091552734,22796800
2026-05-10 09:00:00+00:00,94.06999969482422,94.76000213623047,94.06999969482422,94.30000305175781,63895808
2026-05-10 10:00:00+00:00,94.29000091552734,94.37999725341797,93.62999725341797,93.86000061035156,49020160
2026-05-10 11:00:00+00:00,93.86000061035156,93.98999786376953,93.0199966430664,93.55000305175781,85333248
2026-05-10 12:00:00+00:00,93.52999877929688,93.62000274658203,93.11000061035156,93.30999755859375,9676544
2026-05-10 13:00:00+00:00,93.27999877929688,93.91000366210938,93.20999908447266,93.73999786376953,0
2026-05-10 14:00:00+00:00,93.7300033569336,94.11000061035156,93.66999816894531,93.86000061035156,245091584
2026-05-10 15:00:00+00:00,93.87999725341797,94.69999694824219,93.87999725341797,94.51000213623047,47312640
2026-05-10 16:00:00+00:00,94.55000305175781,94.97000122070312,94.1500015258789,94.83999633789062,31648000
2026-05-10 17:00:00+00:00,94.86000061035156,96.48999786376953,94.8499984741211,96.48999786376953,244948992
2026-05-10 18:00:00+00:00,96.5,96.88999938964844,96.12000274658203,96.43000030517578,160623616
2026-05-10 19:00:00+00:00,96.38999938964844,96.86000061035156,95.75,96.47000122070312,121651456
2026-05-10 20:00:00+00:00,96.47000122070312,96.5999984741211,93.54000091552734,94.51000213623047,208378368
2026-05-10 21:00:00+00:00,94.4800033569336,95.58999633789062,94.4800033569336,95.06999969482422,200032256
2026-05-10 22:00:00+00:00,94.95999908447266,96.31999969482422,94.91000366210938,96.2300033569336,176755200
2026-05-10 23:00:00+00:00,96.3499984741211,96.80999755859375,95.95999908447266,96.44000244140625,168329728
2026-05-11 00:00:00+00:00,96.44999694824219,96.66000366210938,95.37000274658203,95.80000305175781,143196672
2026-05-11 01:00:00+00:00,95.80999755859375,96.37999725341797,95.37000274658203,96.05999755859375,144801792
2026-05-11 02:00:00+00:00,96.05000305175781,96.12999725341797,95.25,95.30000305175781,78193152
2026-05-11 03:00:00+00:00,95.31999969482422,95.33000183105469,94.4800033569336,94.76000213623047,55910912
2026-05-11 04:00:00+00:00,94.7699966430664,95.20999908447266,94.44000244140625,94.97000122070312,44473856
2026-05-11 05:00:00+00:00,94.95999908447266,95.8499984741211,94.94000244140625,95.69000244140625,81928192
2026-05-11 06:00:00+00:00,95.68000030517578,96.13999938964844,95.41999816894531,95.47000122070312,61650432
2026-05-11 07:00:00+00:00,95.44999694824219,95.55000305175781,95.1500015258789,95.33000183105469,51883520
2026-05-11 08:00:00+00:00,95.31999969482422,95.3499984741211,94.55999755859375,94.79000091552734,58480128
2026-05-11 09:00:00+00:00,94.7699966430664,95.33000183105469,94.7300033569336,95.29000091552734,0
2026-05-11 10:00:00+00:00,95.2699966430664,95.55999755859375,95.04000091552734,95.05999755859375,0
2026-05-11 11:00:00+00:00,95.06999969482422,95.47000122070312,94.91000366210938,95.23999786376953,0
2026-05-11 12:00:00+00:00,95.2699966430664,95.37999725341797,94.66000366210938,94.77999877929688,51765760
2026-05-11 13:00:00+00:00,94.77999877929688,95.41999816894531,94.55999755859375,95.19999694824219,95395328
2026-05-11 14:00:00+00:00,95.20999908447266,95.8499984741211,94.30999755859375,95.12999725341797,159568384
2026-05-11 15:00:00+00:00,95.12000274658203,96.77999877929688,94.8499984741211,96.77999877929688,169006592
2026-05-11 16:00:00+00:00,96.79000091552734,97.94999694824219,96.5,97.30999755859375,250142208
2026-05-11 17:00:00+00:00,97.41999816894531,97.91999816894531,96.87000274658203,97.75,0
2026-05-11 18:00:00+00:00,97.70999908447266,98.04000091552734,97.26000213623047,97.2699966430664,0
2026-05-11 19:00:00+00:00,97.30000305175781,98.33999633789062,97.02999877929688,98.19000244140625,3936256
2026-05-11 20:00:00+00:00,98.1500015258789,98.37999725341797,97.58000183105469,97.63999938964844,0
2026-05-11 21:00:00+00:00,97.62000274658203,97.7699966430664,97.30999755859375,97.4000015258789,0
2026-05-11 22:00:00+00:00,97.38999938964844,97.83000183105469,97.36000061035156,97.62999725341797,0
2026-05-11 23:00:00+00:00,97.61000061035156,97.61000061035156,97.08000183105469,97.33999633789062,0
2026-05-12 00:00:00+00:00,97.3499984741211,97.66000366210938,97.16000366210938,97.51000213623047,0
2026-05-12 01:00:00+00:00,97.5,97.6500015258789,95.52999877929688,96.26000213623047,609280
2026-05-12 02:00:00+00:00,96.2300033569336,96.69000244140625,96.16999816894531,96.54000091552734,17848832
2026-05-12 03:00:00+00:00,96.54000091552734,96.62999725341797,96.02999877929688,96.12000274658203,0
2026-05-12 04:00:00+00:00,96.08999633789062,96.4800033569336,96.05000305175781,96.33999633789062,0
2026-05-12 05:00:00+00:00,96.33000183105469,96.7300033569336,96.2300033569336,96.55000305175781,0
2026-05-12 06:00:00+00:00,96.5,96.9800033569336,96.13999938964844,96.18000030517578,0
2026-05-12 07:00:00+00:00,96.13999938964844,96.2699966430664,95.81999969482422,96.0199966430664,0
2026-05-12 08:00:00+00:00,95.98999786376953,96.11000061035156,95.44000244140625,95.62999725341797,0
2026-05-12 09:00:00+00:00,95.61000061035156,96.0199966430664,95.29000091552734,95.76000213623047,93108736
2026-05-12 10:00:00+00:00,95.73999786376953,95.94999694824219,94.83999633789062,94.95999908447266,40593920
2026-05-12 11:00:00+00:00,94.9800033569336,94.98999786376953,94.58999633789062,94.94999694824219,28404224
2026-05-12 12:00:00+00:00,94.93000030517578,95.48999786376953,94.37999725341797,95.19000244140625,92791808
2026-05-12 13:00:00+00:00,95.22000122070312,95.3499984741211,94.55999755859375,94.66000366210938,0
2026-05-12 14:00:00+00:00,94.63999938964844,95.19999694824219,94.37000274658203,94.5199966430664,0
2026-05-12 15:00:00+00:00,94.51000213623047,94.76000213623047,93.58999633789062,93.81999969482422,0
2026-05-12 16:00:00+00:00,93.80000305175781,94.2699966430664,93.58000183105469,93.80000305175781,0
2026-05-12 17:00:00+00:00,93.81999969482422,94.63999938964844,93.79000091552734,94.48999786376953,0
2026-05-12 18:00:00+00:00,94.4800033569336,94.76000213623047,94.31999969482422,94.52999877929688,0
2026-05-12 19:00:00+00:00,94.55000305175781,94.95999908447266,94.54000091552734,94.88999938964844,0
2026-05-12 20:00:00+00:00,94.9000015258789,94.97000122070312,94.5999984741211,94.7300033569336,0
2026-05-12 21:00:00+00:00,94.73999786376953,94.83000183105469,94.51000213623047,94.6500015258789,0
2026-05-12 22:00:00+00:00,94.66999816894531,95.0,94.61000061035156,94.6500015258789,0
2026-05-12 23:00:00+00:00,94.63999938964844,94.73999786376953,94.25,94.2699966430664,306176
2026-05-13 00:00:00+00:00,94.26000213623047,94.62000274658203,94.04000091552734,94.45999908447266,0
2026-05-13 01:00:00+00:00,94.44999694824219,95.43000030517578,94.44000244140625,95.16000366210938,0
2026-05-13 02:00:00+00:00,95.18000030517578,95.51000213623047,95.0,95.2300033569336,0
2026-05-13 03:00:00+00:00,95.19000244140625,95.54000091552734,95.05999755859375,95.54000091552734,0
2026-05-13 04:00:00+00:00,95.55000305175781,95.95999908447266,95.41000366210938,95.45999908447266,46530048
2026-05-13 05:00:00+00:00,95.47000122070312,95.48999786376953,95.05999755859375,95.2300033569336,24434688
2026-05-13 06:00:00+00:00,95.2300033569336,95.66999816894531,95.0999984741211,95.11000061035156,16018432
2026-05-13 07:00:00+00:00,95.0999984741211,95.29000091552734,94.86000061035156,95.12000274658203,0
2026-05-13 08:00:00+00:00,95.12000274658203,95.7300033569336,94.98999786376953,95.54000091552734,0
2026-05-13 09:00:00+00:00,95.55000305175781,95.8499984741211,95.54000091552734,95.69000244140625,0
2026-05-13 10:00:00+00:00,95.69000244140625,95.73999786376953,94.70999908447266,94.76000213623047,0
2026-05-13 11:00:00+00:00,94.73999786376953,94.80000305175781,94.2300033569336,94.30000305175781,22617600
2026-05-13 12:00:00+00:00,94.30000305175781,94.5999984741211,92.31999969482422,93.1500015258789,173148416
2026-05-13 13:00:00+00:00,93.18000030517578,93.41999816894531,91.93000030517578,92.26000213623047,123790080
2026-05-13 14:00:00+00:00,92.1500015258789,92.29000091552734,91.41000366210938,91.73999786376953,106861056
2026-05-13 15:00:00+00:00,91.75,91.88999938964844,90.2300033569336,90.38999938964844,2239744
2026-05-13 16:00:00+00:00,90.37999725341797,91.22000122070312,90.37999725341797,90.81999969482422,82015488
2026-05-13 17:00:00+00:00,90.86000061035156,91.0999984741211,90.68000030517578,90.86000061035156,52518400
2026-05-13 18:00:00+00:00,90.8499984741211,91.4000015258789,90.73999786376953,90.9000015258789,41617920
2026-05-13 19:00:00+00:00,90.9000015258789,90.98999786376953,90.44999694824219,90.9000015258789,1835520
2026-05-13 20:00:00+00:00,90.93000030517578,91.31999969482422,90.91999816894531,91.22000122070312,26288640
2026-05-13 21:00:00+00:00,91.23999786376953,91.23999786376953,90.73999786376953,90.87999725341797,42395136
2026-05-13 22:00:00+00:00,90.91000366210938,91.20999908447266,90.62000274658203,91.13999938964844,41595904
2026-05-13 23:00:00+00:00,91.13999938964844,91.29000091552734,91.0199966430664,91.13999938964844,10013184
2026-05-14 00:00:00+00:00,91.1500015258789,91.37999725341797,91.05000305175781,91.18000030517578,27189760
2026-05-14 01:00:00+00:00,91.12999725341797,91.30999755859375,90.95999908447266,91.11000061035156,0
2026-05-14 02:00:00+00:00,91.0999984741211,91.2300033569336,90.44000244140625,90.54000091552734,0
2026-05-14 03:00:00+00:00,90.55000305175781,90.75,89.80999755859375,89.9000015258789,95818240
2026-05-14 04:00:00+00:00,89.91999816894531,90.58000183105469,89.83000183105469,90.45999908447266,26797568
2026-05-14 05:00:00+00:00,90.41999816894531,91.41999816894531,90.38999938964844,91.25,15612928
2026-05-14 06:00:00+00:00,91.2699966430664,91.43000030517578,91.12999725341797,91.37999725341797,0
2026-05-14 07:00:00+00:00,91.33000183105469,91.58000183105469,90.66000366210938,90.8499984741211,119538176
2026-05-14 08:00:00+00:00,90.87000274658203,91.26000213623047,90.6500015258789,91.01000213623047,0
2026-05-14 09:00:00+00:00,91.05999755859375,91.11000061035156,90.54000091552734,90.81999969482422,0
2026-05-14 10:00:00+00:00,90.81999969482422,91.08999633789062,90.62999725341797,91.01000213623047,0
2026-05-14 11:00:00+00:00,91.01000213623047,91.06999969482422,90.58999633789062,90.61000061035156,0
2026-05-14 12:00:00+00:00,90.55999755859375,91.26000213623047,90.4800033569336,91.18000030517578,0
2026-05-14 13:00:00+00:00,91.18000030517578,91.44999694824219,90.7300033569336,90.7699966430664,0
2026-05-14 14:00:00+00:00,90.73999786376953,92.27999877929688,90.5999984741211,92.23999786376953,0
2026-05-14 15:00:00+00:00,92.26000213623047,93.22000122070312,91.91999816894531,93.1500015258789,0
2026-05-14 16:00:00+00:00,93.22000122070312,93.6500015258789,92.36000061035156,93.36000061035156,227072
2026-05-14 17:00:00+00:00,93.29000091552734,93.55999755859375,92.30999755859375,93.0199966430664,89655296
2026-05-14 18:00:00+00:00,93.0,93.63999938964844,92.68000030517578,93.43000030517578,21810944
2026-05-14 19:00:00+00:00,93.45999908447266,93.6500015258789,92.79000091552734,92.88999938964844,3532800
2026-05-14 20:00:00+00:00,92.88999938964844,92.97000122070312,92.36000061035156,92.7300033569336,2616576
2026-05-14 21:00:00+00:00,92.80999755859375,92.93000030517578,92.54000091552734,92.69999694824219,0
2026-05-14 22:00:00+00:00,92.72000122070312,92.91000366210938,92.61000061035156,92.6500015258789,0
2026-05-14 23:00:00+00:00,92.56999969482422,92.63999938964844,92.11000061035156,92.12999725341797,3758336
2026-05-15 00:00:00+00:00,92.13999938964844,92.63999938964844,92.08000183105469,92.41000366210938,0
2026-05-15 01:00:00+00:00,92.41999816894531,92.52999877929688,91.68000030517578,91.7300033569336,12268544
2026-05-15 02:00:00+00:00,91.70999908447266,92.41999816894531,91.47000122070312,92.33000183105469,134828032
2026-05-15 03:00:00+00:00,92.33000183105469,92.44000244140625,91.8499984741211,92.04000091552734,0
2026-05-15 04:00:00+00:00,92.02999877929688,92.02999877929688,91.26000213623047,91.26000213623047,0
2026-05-15 05:00:00+00:00,91.2699966430664,91.5199966430664,90.25,90.58999633789062,87121152
2026-05-15 06:00:00+00:00,90.5999984741211,91.06999969482422,90.47000122070312,90.98999786376953,46976768
2026-05-15 07:00:00+00:00,91.0199966430664,91.69999694824219,90.91999816894531,91.58000183105469,0
2026-05-15 08:00:00+00:00,91.56999969482422,91.61000061035156,90.95999908447266,91.23999786376953,28662528
2026-05-15 09:00:00+00:00,91.25,91.30000305175781,90.91000366210938,91.1500015258789,57879040
2026-05-15 10:00:00+00:00,91.16999816894531,91.55999755859375,90.9800033569336,91.44999694824219,22536960
2026-05-15 11:00:00+00:00,91.47000122070312,91.52999877929688,91.16999816894531,91.23999786376953,0
2026-05-15 12:00:00+00:00,91.25,91.26000213623047,90.54000091552734,90.66000366210938,3652352
2026-05-15 13:00:00+00:00,90.62999725341797,90.62999725341797,88.69000244140625,88.8499984741211,119765760
2026-05-15 14:00:00+00:00,88.8499984741211,89.5,88.52999877929688,89.0199966430664,62057472
2026-05-15 15:00:00+00:00,89.04000091552734,89.25,88.66999816894531,89.0,0
2026-05-15 16:00:00+00:00,89.0199966430664,89.62000274658203,88.7699966430664,89.47000122070312,0
2026-05-15 17:00:00+00:00,89.45999908447266,89.86000061035156,89.45999908447266,89.79000091552734,0
2026-05-15 18:00:00+00:00,89.77999877929688,90.05000305175781,89.44000244140625,89.75,0
2026-05-15 19:00:00+00:00,89.73999786376953,89.76000213623047,89.31999969482422,89.37999725341797,0
2026-05-15 20:00:00+00:00,89.37999725341797,89.45999908447266,89.05000305175781,89.2300033569336,0
2026-05-15 21:00:00+00:00,89.2300033569336,89.38999938964844,88.95999908447266,89.0,6397696
2026-05-15 22:00:00+00:00,89.01000213623047,89.30999755859375,88.97000122070312,89.27999877929688,0
2026-05-15 23:00:00+00:00,89.23999786376953,89.33999633789062,89.1500015258789,89.19000244140625,0
2026-05-16 00:00:00+00:00,89.19000244140625,89.37000274658203,89.08999633789062,89.16000366210938,0
2026-05-16 01:00:00+00:00,89.16999816894531,89.29000091552734,88.9000015258789,89.2300033569336,0
2026-05-16 02:00:00+00:00,89.2699966430664,89.33000183105469,88.91999816894531,89.16000366210938,0
2026-05-16 03:00:00+00:00,89.13999938964844,89.22000122070312,88.94999694824219,89.01000213623047,0
2026-05-16 04:00:00+00:00,88.9800033569336,89.01000213623047,88.16000366210938,88.80000305175781,29311488
2026-05-16 05:00:00+00:00,88.80999755859375,88.86000061035156,88.23999786376953,88.54000091552734,0
2026-05-16 06:00:00+00:00,88.52999877929688,88.62000274658203,87.80000305175781,87.97000122070312,0
2026-05-16 07:00:00+00:00,87.94000244140625,87.97000122070312,86.7300033569336,87.41000366210938,88551936
2026-05-16 08:00:00+00:00,87.4000015258789,87.58000183105469,87.33000183105469,87.43000030517578,0
2026-05-16 09:00:00+00:00,87.41999816894531,87.47000122070312,85.76000213623047,86.01000213623047,124016896
2026-05-16 10:00:00+00:00,86.01000213623047,86.11000061035156,85.48999786376953,85.95999908447266,78753536
2026-05-16 11:00:00+00:00,85.9800033569336,86.29000091552734,85.9800033569336,86.05999755859375,34842112
2026-05-16 12:00:00+00:00,86.04000091552734,86.38999938964844,85.95999908447266,86.22000122070312,0
2026-05-16 13:00:00+00:00,86.20999908447266,86.30000305175781,86.08000183105469,86.20999908447266,0
2026-05-16 14:00:00+00:00,86.2300033569336,86.58999633789062,86.02999877929688,86.36000061035156,0
2026-05-16 15:00:00+00:00,86.36000061035156,86.62000274658203,86.23999786376953,86.44999694824219,0
2026-05-16 16:00:00+00:00,86.44000244140625,86.73999786376953,86.33999633789062,86.5999984741211,0
2026-05-16 17:00:00+00:00,86.5999984741211,86.93000030517578,86.5999984741211,86.7699966430664,0
2026-05-16 18:00:00+00:00,86.7699966430664,86.93000030517578,86.5999984741211,86.79000091552734,0
2026-05-16 19:00:00+00:00,86.79000091552734,86.83000183105469,86.62999725341797,86.66000366210938,0
2026-05-16 20:00:00+00:00,86.69000244140625,86.87000274658203,86.6500015258789,86.6500015258789,0
2026-05-16 21:00:00+00:00,86.62999725341797,86.7300033569336,86.45999908447266,86.55999755859375,0
2026-05-16 22:00:00+00:00,86.52999877929688,86.66999816894531,86.41999816894531,86.51000213623047,0
2026-05-16 23:00:00+00:00,86.5,86.66000366210938,86.44999694824219,86.51000213623047,0
2026-05-17 00:00:00+00:00,86.5199966430664,86.69000244140625,85.93000030517578,86.05999755859375,0
2026-05-17 01:00:00+00:00,86.08999633789062,86.30000305175781,85.55000305175781,85.7300033569336,46802688
2026-05-17 02:00:00+00:00,85.72000122070312,86.19999694824219,85.72000122070312,85.97000122070312,38453760
2026-05-17 03:00:00+00:00,85.95999908447266,86.58000183105469,85.95999908447266,86.4800033569336,32836864
2026-05-17 04:00:00+00:00,86.44999694824219,86.93000030517578,86.44000244140625,86.81999969482422,0
2026-05-17 05:00:00+00:00,86.81999969482422,87.23999786376953,86.80999755859375,86.87000274658203,0
2026-05-17 06:00:00+00:00,86.87000274658203,86.9800033569336,86.69999694824219,86.80999755859375,0
2026-05-17 07:00:00+00:00,86.81999969482422,87.06999969482422,86.75,86.94999694824219,0
2026-05-17 08:00:00+00:00,86.95999908447266,86.9800033569336,86.55999755859375,86.77999877929688,0
2026-05-17 09:00:00+00:00,86.79000091552734,86.95999908447266,86.69000244140625,86.8499984741211,0
2026-05-17 10:00:00+00:00,86.8499984741211,87.20999908447266,86.77999877929688,86.97000122070312,0
2026-05-17 11:00:00+00:00,86.94999694824219,87.0,86.76000213623047,86.87000274658203,0
2026-05-17 12:00:00+00:00,86.87000274658203,86.97000122070312,86.66999816894531,86.73999786376953,0
2026-05-17 13:00:00+00:00,86.70999908447266,86.75,86.27999877929688,86.37000274658203,1065472
2026-05-17 14:00:00+00:00,86.37000274658203,86.43000030517578,85.95999908447266,86.27999877929688,991744
2026-05-17 15:00:00+00:00,86.23999786376953,86.45999908447266,86.1500015258789,86.41999816894531,0
2026-05-17 16:00:00+00:00,86.43000030517578,86.6500015258789,86.16999816894531,86.27999877929688,0
2026-05-17 17:00:00+00:00,86.29000091552734,86.33000183105469,85.9800033569336,86.22000122070312,10017792
2026-05-17 18:00:00+00:00,86.22000122070312,86.4000015258789,85.98999786376953,86.38999938964844,18794496
2026-05-17 19:00:00+00:00,86.38999938964844,86.88999938964844,86.37000274658203,86.75,9624064
2026-05-17 20:00:00+00:00,86.7699966430664,86.80999755859375,86.52999877929688,86.6500015258789,7851264
2026-05-17 21:00:00+00:00,86.62999725341797,86.93000030517578,86.55000305175781,86.88999938964844,0
2026-05-17 22:00:00+00:00,86.8499984741211,86.88999938964844,85.98999786376953,86.18000030517578,52061696
2026-05-17 23:00:00+00:00,86.12999725341797,86.16999816894531,83.47000122070312,85.19000244140625,369526784
2026-05-18 00:00:00+00:00,85.18000030517578,85.30999755859375,84.37999725341797,85.30999755859375,165706496
2026-05-18 01:00:00+00:00,85.2699966430664,85.41000366210938,84.5199966430664,84.94000244140625,33775616
2026-05-18 02:00:00+00:00,84.93000030517578,85.31999969482422,84.68000030517578,84.83000183105469,0
2026-05-18 03:00:00+00:00,84.91000366210938,85.20999908447266,84.66999816894531,84.80999755859375,21586432
2026-05-18 04:00:00+00:00,84.83999633789062,85.26000213623047,84.55999755859375,85.20999908447266,23150592
2026-05-18 05:00:00+00:00,85.2300033569336,85.33000183105469,84.62000274658203,84.81999969482422,45201920
2026-05-18 06:00:00+00:00,84.80999755859375,84.94000244140625,84.2699966430664,84.69000244140625,118953472
2026-05-18 07:00:00+00:00,84.7699966430664,84.95999908447266,84.37000274658203,84.7300033569336,39760896
2026-05-18 08:00:00+00:00,84.69999694824219,84.94999694824219,84.55999755859375,84.8499984741211,14010112
2026-05-18 09:00:00+00:00,84.8499984741211,84.87000274658203,84.41999816894531,84.44999694824219,0
2026-05-18 10:00:00+00:00,84.44000244140625,84.45999908447266,84.18000030517578,84.20999908447266,0
2026-05-18 11:00:00+00:00,84.26000213623047,85.25,84.04000091552734,84.93000030517578,60462336
2026-05-18 12:00:00+00:00,84.94000244140625,85.7300033569336,84.94000244140625,85.5199966430664,124221440
2026-05-18 13:00:00+00:00,85.51000213623047,85.51000213623047,84.30999755859375,84.6500015258789,92568576
2026-05-18 14:00:00+00:00,84.58999633789062,84.61000061035156,83.69000244140625,83.93000030517578,101511168
2026-05-18 15:00:00+00:00,83.88999938964844,84.33999633789062,83.55999755859375,84.13999938964844,117532416
2026-05-18 16:00:00+00:00,84.12000274658203,84.44000244140625,83.93000030517578,84.26000213623047,71695616
2026-05-18 17:00:00+00:00,84.26000213623047,84.62999725341797,84.18000030517578,84.33999633789062,8805888
2026-05-18 18:00:00+00:00,84.31999969482422,84.37000274658203,83.44000244140625,83.4800033569336,25290240
2026-05-18 19:00:00+00:00,83.44000244140625,85.13999938964844,83.44000244140625,84.94999694824219,151795712
2026-05-18 20:00:00+00:00,84.97000122070312,85.3499984741211,84.77999877929688,84.86000061035156,52101120
2026-05-18 21:00:00+00:00,84.87000274658203,85.5999984741211,84.7300033569336,85.52999877929688,67934208
2026-05-18 22:00:00+00:00,85.55999755859375,85.72000122070312,85.22000122070312,85.4000015258789,0
2026-05-18 23:00:00+00:00,85.38999938964844,85.58000183105469,85.20999908447266,85.30999755859375,0
2026-05-19 00:00:00+00:00,85.33000183105469,85.88999938964844,85.2699966430664,85.5199966430664,0
2026-05-19 01:00:00+00:00,85.5,85.54000091552734,84.83999633789062,84.83999633789062,0
2026-05-19 02:00:00+00:00,84.83000183105469,85.22000122070312,84.56999969482422,84.80000305175781,0
2026-05-19 03:00:00+00:00,84.7699966430664,85.18000030517578,84.68000030517578,85.01000213623047,0
2026-05-19 04:00:00+00:00,85.0199966430664,85.26000213623047,84.72000122070312,85.08999633789062,0
2026-05-19 05:00:00+00:00,85.08999633789062,85.22000122070312,84.41000366210938,85.12000274658203,0
2026-05-19 06:00:00+00:00,85.0999984741211,85.51000213623047,85.05000305175781,85.19999694824219,0
2026-05-19 07:00:00+00:00,85.16000366210938,85.55000305175781,85.05999755859375,85.44000244140625,0
2026-05-19 08:00:00+00:00,85.44000244140625,85.51000213623047,84.97000122070312,85.16000366210938,12742400
2026-05-19 09:00:00+00:00,85.1500015258789,85.23999786376953,84.43000030517578,84.69000244140625,34768896
2026-05-19 10:00:00+00:00,84.68000030517578,84.80999755859375,84.27999877929688,84.63999938964844,0
2026-05-19 11:00:00+00:00,84.66000366210938,84.75,84.16999816894531,84.31999969482422,0
2026-05-19 12:00:00+00:00,84.31999969482422,84.7300033569336,84.22000122070312,84.72000122070312,0
2026-05-19 13:00:00+00:00,84.72000122070312,85.0199966430664,84.30999755859375,84.7300033569336,0
2026-05-19 14:00:00+00:00,84.7300033569336,84.87000274658203,83.66999816894531,84.05000305175781,0
2026-05-19 15:00:00+00:00,84.0199966430664,84.47000122070312,83.94999694824219,84.30000305175781,0
2026-05-19 16:00:00+00:00,84.29000091552734,84.83000183105469,84.06999969482422,84.75,0
2026-05-19 17:00:00+00:00,84.7699966430664,84.91999816894531,84.4000015258789,84.5999984741211,116480
2026-05-19 18:00:00+00:00,84.5999984741211,84.7300033569336,84.18000030517578,84.29000091552734,0
2026-05-19 19:00:00+00:00,84.33000183105469,84.6500015258789,84.1500015258789,84.2699966430664,0
2026-05-19 20:00:00+00:00,84.2699966430664,84.51000213623047,84.22000122070312,84.44999694824219,0
2026-05-19 21:00:00+00:00,84.43000030517578,84.58000183105469,84.30999755859375,84.37000274658203,0
2026-05-19 22:00:00+00:00,84.3499984741211,84.3499984741211,83.94999694824219,84.04000091552734,0
2026-05-19 23:00:00+00:00,84.01000213623047,84.51000213623047,83.95999908447266,84.22000122070312,0
2026-05-20 00:00:00+00:00,84.20999908447266,84.31999969482422,83.86000061035156,84.13999938964844,0
2026-05-20 01:00:00+00:00,84.16000366210938,84.37999725341797,83.77999877929688,84.30000305175781,0
2026-05-20 02:00:00+00:00,84.29000091552734,84.41999816894531,83.8499984741211,83.91000366210938,0
2026-05-20 03:00:00+00:00,83.9000015258789,84.19000244140625,83.79000091552734,84.0199966430664,0
2026-05-20 04:00:00+00:00,84.0199966430664,84.12999725341797,83.80000305175781,84.12999725341797,0
2026-05-20 05:00:00+00:00,84.1500015258789,84.86000061035156,84.1500015258789,84.69000244140625,16661248
2026-05-20 06:00:00+00:00,84.69000244140625,84.94000244140625,84.63999938964844,84.88999938964844,0
2026-05-20 07:00:00+00:00,84.91999816894531,85.02999877929688,84.61000061035156,84.66999816894531,0
2026-05-20 08:00:00+00:00,84.68000030517578,85.05999755859375,84.62000274658203,84.88999938964844,0
2026-05-20 09:00:00+00:00,84.87999725341797,85.0,84.76000213623047,84.80000305175781,0
2026-05-20 10:00:00+00:00,84.80000305175781,85.12000274658203,84.80000305175781,84.88999938964844,0
2026-05-20 11:00:00+00:00,84.87999725341797,84.9800033569336,84.5199966430664,84.62999725341797,0
2026-05-20 12:00:00+00:00,84.5999984741211,85.23999786376953,84.52999877929688,85.0199966430664,12667648
2026-05-20 13:00:00+00:00,85.04000091552734,85.08000183105469,84.11000061035156,84.62000274658203,0
2026-05-20 14:00:00+00:00,84.62999725341797,86.04000091552734,84.29000091552734,85.80999755859375,86188032
2026-05-20 15:00:00+00:00,85.7699966430664,86.16000366210938,85.3499984741211,85.83999633789062,127472128
2026-05-20 16:00:00+00:00,85.87999725341797,86.72000122070312,85.47000122070312,86.4000015258789,268217856
2026-05-20 17:00:00+00:00,86.4000015258789,86.9800033569336,86.23999786376953,86.44000244140625,110529280
2026-05-20 18:00:00+00:00,86.45999908447266,86.5,85.61000061035156,85.75,142629376
2026-05-20 19:00:00+00:00,85.72000122070312,86.19999694824219,85.55000305175781,86.06999969482422,34902528
2026-05-20 20:00:00+00:00,86.08000183105469,86.1500015258789,85.4800033569336,86.05999755859375,18250240
2026-05-20 21:00:00+00:00,86.06999969482422,86.2300033569336,85.87999725341797,85.88999938964844,11178752
2026-05-20 22:00:00+00:00,85.87999725341797,86.12999725341797,85.54000091552734,85.95999908447266,58229760
2026-05-20 23:00:00+00:00,85.87000274658203,86.08999633789062,85.77999877929688,86.08999633789062,24951552
2026-05-21 00:00:00+00:00,86.08999633789062,86.73999786376953,86.0199966430664,86.52999877929688,7582208
2026-05-21 01:00:00+00:00,86.55999755859375,86.94000244140625,86.36000061035156,86.45999908447266,32774656
2026-05-21 02:00:00+00:00,86.44000244140625,86.77999877929688,86.36000061035156,86.52999877929688,6862592
2026-05-21 03:00:00+00:00,86.5,86.83999633789062,86.44999694824219,86.76000213623047,42117632
2026-05-21 04:00:00+00:00,86.76000213623047,87.08999633789062,86.68000030517578,86.9000015258789,87090432
2026-05-21 05:00:00+00:00,86.87999725341797,87.01000213623047,86.2699966430664,86.41999816894531,6218240
2026-05-21 06:00:00+00:00,86.41999816894531,86.51000213623047,86.11000061035156,86.22000122070312,11062272
2026-05-21 07:00:00+00:00,86.19000244140625,86.6500015258789,86.16999816894531,86.55999755859375,12668928
2026-05-21 08:00:00+00:00,86.55999755859375,87.12000274658203,86.55000305175781,86.76000213623047,45788672
2026-05-21 09:00:00+00:00,86.73999786376953,86.95999908447266,86.37999725341797,86.4000015258789,36189952
2026-05-21 10:00:00+00:00,86.38999938964844,86.56999969482422,85.62999725341797,85.66000366210938,73827840
2026-05-21 11:00:00+00:00,85.66000366210938,85.86000061035156,85.4800033569336,85.5,42397440
2026-05-21 12:00:00+00:00,85.54000091552734,85.76000213623047,85.33999633789062,85.66000366210938,38680064
2026-05-21 13:00:00+00:00,85.6500015258789,86.02999877929688,85.2300033569336,85.97000122070312,38314240
2026-05-21 14:00:00+00:00,85.9800033569336,86.37999725341797,85.52999877929688,85.9000015258789,0
2026-05-21 15:00:00+00:00,85.94000244140625,86.79000091552734,85.83000183105469,86.37000274658203,0
2026-05-21 16:00:00+00:00,86.37999725341797,86.5,85.95999908447266,86.16999816894531,0
2026-05-21 17:00:00+00:00,86.20999908447266,87.87999725341797,86.08999633789062,87.52999877929688,232393216
2026-05-21 18:00:00+00:00,87.66000366210938,87.69999694824219,86.7300033569336,87.0,0
2026-05-21 19:00:00+00:00,87.0,87.7699966430664,87.0,87.73999786376953,30295552
2026-05-21 20:00:00+00:00,87.75,87.83000183105469,87.41999816894531,87.4800033569336,3277824
2026-05-21 21:00:00+00:00,87.48999786376953,87.62000274658203,87.23999786376953,87.2699966430664,14528256
2026-05-21 22:00:00+00:00,87.27999877929688,87.41000366210938,87.05999755859375,87.11000061035156,0
2026-05-21 23:00:00+00:00,87.08999633789062,87.30000305175781,86.93000030517578,87.26000213623047,0
2026-05-22 00:00:00+00:00,87.2699966430664,87.2699966430664,86.76000213623047,86.7699966430664,0
2026-05-22 01:00:00+00:00,86.73999786376953,87.0199966430664,86.54000091552734,86.98999786376953,0
2026-05-22 02:00:00+00:00,86.98999786376953,87.16000366210938,86.9000015258789,87.08000183105469,6276864
2026-05-22 03:00:00+00:00,87.08000183105469,87.2300033569336,86.83999633789062,86.94999694824219,0
2026-05-22 04:00:00+00:00,86.97000122070312,87.30000305175781,86.83999633789062,86.9000015258789,0
2026-05-22 05:00:00+00:00,86.9000015258789,87.05999755859375,86.68000030517578,86.7300033569336,0
2026-05-22 06:00:00+00:00,86.70999908447266,86.76000213623047,86.41999816894531,86.62000274658203,0
2026-05-22 07:00:00+00:00,86.62000274658203,87.05999755859375,86.44999694824219,86.88999938964844,44493568
2026-05-22 08:00:00+00:00,86.88999938964844,87.41999816894531,86.80999755859375,87.05000305175781,4188928
2026-05-22 09:00:00+00:00,87.0199966430664,87.30000305175781,86.95999908447266,87.18000030517578,0
2026-05-22 10:00:00+00:00,87.13999938964844,87.19000244140625,86.80000305175781,86.91000366210938,0
2026-05-22 11:00:00+00:00,86.91000366210938,87.25,86.62999725341797,87.23999786376953,0
2026-05-22 12:00:00+00:00,87.23999786376953,87.69000244140625,87.16999816894531,87.66999816894531,9752320
2026-05-22 13:00:00+00:00,87.69000244140625,87.7699966430664,87.0199966430664,87.30000305175781,0
2026-05-22 14:00:00+00:00,87.13999938964844,87.20999908447266,86.29000091552734,86.5199966430664,0
2026-05-22 15:00:00+00:00,86.45999908447266,86.87999725341797,86.20999908447266,86.66999816894531,0
2026-05-22 16:00:00+00:00,86.66999816894531,86.93000030517578,86.56999969482422,86.83000183105469,0
2026-05-22 17:00:00+00:00,86.83000183105469,87.08999633789062,86.41999816894531,86.55000305175781,0
2026-05-22 18:00:00+00:00,86.54000091552734,86.58999633789062,84.58999633789062,85.36000061035156,29689088
2026-05-22 19:00:00+00:00,85.33999633789062,85.52999877929688,83.98999786376953,84.45999908447266,155506688
2026-05-22 20:00:00+00:00,84.45999908447266,84.97000122070312,84.45999908447266,84.9000015258789,70545664
2026-05-22 21:00:00+00:00,84.87000274658203,85.19000244140625,84.83000183105469,85.06999969482422,0
2026-05-22 22:00:00+00:00,85.08999633789062,85.11000061035156,84.72000122070312,84.86000061035156,9929216
2026-05-22 23:00:00+00:00,84.87999725341797,85.05000305175781,83.91000366210938,84.29000091552734,11449088
2026-05-23 00:00:00+00:00,84.31999969482422,84.44000244140625,83.9800033569336,84.33000183105469,127118080
2026-05-23 01:00:00+00:00,84.3499984741211,84.54000091552734,84.20999908447266,84.41999816894531,0
2026-05-23 02:00:00+00:00,84.44999694824219,84.48999786376953,84.12999725341797,84.44000244140625,0
2026-05-23 03:00:00+00:00,84.41000366210938,84.6500015258789,84.38999938964844,84.58000183105469,14222848
2026-05-23 04:00:00+00:00,84.58000183105469,84.61000061035156,84.25,84.30999755859375,48837632
2026-05-23 05:00:00+00:00,84.31999969482422,84.37999725341797,84.08999633789062,84.36000061035156,0
2026-05-23 06:00:00+00:00,84.3499984741211,84.38999938964844,84.08999633789062,84.16000366210938,0
2026-05-23 07:00:00+00:00,84.16999816894531,84.22000122070312,81.4800033569336,82.13999938964844,275688960
2026-05-23 08:00:00+00:00,82.12999725341797,82.25,81.61000061035156,82.04000091552734,208089344
2026-05-23 09:00:00+00:00,82.02999877929688,82.0999984741211,81.88999938964844,81.91000366210938,18866944
2026-05-23 10:00:00+00:00,81.91000366210938,82.27999877929688,81.91000366210938,82.16000366210938,7565056
2026-05-23 11:00:00+00:00,82.16000366210938,82.37999725341797,82.13999938964844,82.20999908447266,0
2026-05-23 12:00:00+00:00,82.19999694824219,82.45999908447266,82.06999969482422,82.38999938964844,0
2026-05-23 13:00:00+00:00,82.38999938964844,83.31999969482422,82.38999938964844,83.12999725341797,23987712
2026-05-23 14:00:00+00:00,83.13999938964844,84.36000061035156,83.01000213623047,84.04000091552734,0
2026-05-23 15:00:00+00:00,84.05000305175781,84.43000030517578,83.55000305175781,84.0,55478272
2026-05-23 16:00:00+00:00,84.02999877929688,84.20999908447266,83.83000183105469,84.0199966430664,24804352
2026-05-23 17:00:00+00:00,84.0199966430664,84.26000213623047,83.93000030517578,84.11000061035156,0
2026-05-23 18:00:00+00:00,84.12000274658203,85.02999877929688,84.06999969482422,84.61000061035156,0
2026-05-23 19:00:00+00:00,84.63999938964844,85.01000213623047,84.5199966430664,84.86000061035156,0
2026-05-23 20:00:00+00:00,84.87000274658203,86.94999694824219,84.69999694824219,86.94999694824219,204726272
2026-05-23 21:00:00+00:00,87.0199966430664,87.33999633789062,85.88999938964844,86.16999816894531,179455744
2026-05-23 22:00:00+00:00,86.22000122070312,86.5,85.41999816894531,85.70999908447266,43071232
2026-05-23 23:00:00+00:00,85.61000061035156,85.83000183105469,85.55000305175781,85.63999938964844,0
2026-05-24 00:00:00+00:00,85.66999816894531,85.9000015258789,85.5199966430664,85.77999877929688,0
2026-05-24 01:00:00+00:00,85.80000305175781,86.12000274658203,85.7699966430664,85.91000366210938,0
2026-05-24 02:00:00+00:00,85.91000366210938,85.98999786376953,85.62999725341797,85.87000274658203,0
2026-05-24 03:00:00+00:00,85.86000061035156,86.01000213623047,85.5199966430664,85.73999786376953,0
2026-05-24 04:00:00+00:00,85.75,85.98999786376953,85.68000030517578,85.81999969482422,14137856
2026-05-24 05:00:00+00:00,85.81999969482422,86.05999755859375,85.4800033569336,86.04000091552734,11882496
2026-05-24 06:00:00+00:00,86.04000091552734,86.37000274658203,85.83000183105469,86.3499984741211,7557120
2026-05-24 07:00:00+00:00,86.36000061035156,86.56999969482422,85.91999816894531,85.97000122070312,0
2026-05-24 08:00:00+00:00,85.9800033569336,86.41000366210938,85.91000366210938,86.41000366210938,0
2026-05-24 09:00:00+00:00,86.4000015258789,86.83000183105469,86.30999755859375,86.43000030517578,18131968
2026-05-24 10:00:00+00:00,86.41999816894531,86.5999984741211,86.1500015258789,86.37999725341797,40120576
2026-05-24 11:00:00+00:00,86.38999938964844,86.79000091552734,86.3499984741211,86.55000305175781,59709184
2026-05-24 12:00:00+00:00,86.56999969482422,86.58000183105469,86.08000183105469,86.25,10969088
2026-05-24 13:00:00+00:00,86.27999877929688,86.3499984741211,85.62999725341797,85.80000305175781,0
2026-05-24 14:00:00+00:00,85.80000305175781,85.91000366210938,84.37999725341797,85.1500015258789,66778880
2026-05-24 15:00:00+00:00,85.16000366210938,85.33999633789062,85.06999969482422,85.20999908447266,0
2026-05-24 16:00:00+00:00,85.19999694824219,85.7300033569336,85.08999633789062,85.55000305175781,14576384
2026-05-24 17:00:00+00:00,85.52999877929688,85.68000030517578,85.37000274658203,85.55000305175781,0
2026-05-24 18:00:00+00:00,85.55999755859375,85.58000183105469,85.16000366210938,85.27999877929688,0
2026-05-24 19:00:00+00:00,85.29000091552734,85.4000015258789,85.12000274658203,85.26000213623047,0
2026-05-24 20:00:00+00:00,85.27999877929688,85.30999755859375,84.4800033569336,84.66999816894531,0
2026-05-24 21:00:00+00:00,84.66999816894531,84.87999725341797,83.58000183105469,83.8499984741211,0
2026-05-24 22:00:00+00:00,83.91000366210938,85.2300033569336,83.9000015258789,84.88999938964844,69183744
2026-05-24 23:00:00+00:00,84.88999938964844,85.4000015258789,84.88999938964844,85.16999816894531,17927680
2026-05-25 00:00:00+00:00,85.18000030517578,85.5199966430664,85.1500015258789,85.38999938964844,8110848
2026-05-25 01:00:00+00:00,85.41999816894531,85.5,84.7300033569336,84.76000213623047,0
2026-05-25 02:00:00+00:00,84.80000305175781,85.63999938964844,84.80000305175781,84.97000122070312,65503488
2026-05-25 03:00:00+00:00,84.95999908447266,85.06999969482422,84.69999694824219,84.83999633789062,26076160
2026-05-25 04:00:00+00:00,84.83999633789062,85.80000305175781,84.83000183105469,85.73999786376953,25115392
2026-05-25 05:00:00+00:00,85.76000213623047,86.05000305175781,85.6500015258789,85.88999938964844,40966144
2026-05-25 06:00:00+00:00,85.88999938964844,86.0199966430664,85.56999969482422,85.88999938964844,19309312
2026-05-25 07:00:00+00:00,85.9000015258789,86.05999755859375,85.5199966430664,85.87000274658203,3764224
2026-05-25 08:00:00+00:00,85.83000183105469,86.0,85.68000030517578,85.94999694824219,0
2026-05-25 09:00:00+00:00,85.93000030517578,86.12000274658203,85.83000183105469,85.83999633789062,0
2026-05-25 10:00:00+00:00,85.86000061035156,86.0199966430664,85.80000305175781,85.9800033569336,60318720
2026-05-25 11:00:00+00:00,85.95999908447266,86.06999969482422,85.63999938964844,85.69000244140625,0
2026-05-25 12:00:00+00:00,85.69000244140625,85.98999786376953,85.58000183105469,85.79000091552734,803840
2026-05-25 13:00:00+00:00,85.77999877929688,85.94999694824219,85.69000244140625,85.93000030517578,0
2026-05-25 14:00:00+00:00,85.93000030517578,86.37000274658203,85.8499984741211,86.26000213623047,0
2026-05-25 15:00:00+00:00,86.2699966430664,86.41999816894531,85.9800033569336,86.16999816894531,57329152
2026-05-25 16:00:00+00:00,86.16999816894531,86.3499984741211,85.9000015258789,86.19000244140625,0
2026-05-25 17:00:00+00:00,86.19999694824219,86.31999969482422,85.98999786376953,86.05999755859375,23906304
2026-05-25 18:00:00+00:00,86.0199966430664,86.2300033569336,85.81999969482422,85.83999633789062,0
2026-05-25 19:00:00+00:00,85.83000183105469,85.86000061035156,85.47000122070312,85.55999755859375,20985344
2026-05-25 20:00:00+00:00,85.55000305175781,85.80000305175781,85.2300033569336,85.33000183105469,0
2026-05-25 21:00:00+00:00,85.31999969482422,85.4800033569336,85.19999694824219,85.30000305175781,0
2026-05-25 22:00:00+00:00,85.29000091552734,85.45999908447266,84.62999725341797,84.73999786376953,0
2026-05-25 23:00:00+00:00,84.69999694824219,85.12999725341797,84.66000366210938,84.9800033569336,0
2026-05-26 00:00:00+00:00,84.98999786376953,84.98999786376953,83.83000183105469,84.30999755859375,1564928
2026-05-26 01:00:00+00:00,84.26000213623047,84.4800033569336,83.79000091552734,84.02999877929688,51703808
2026-05-26 02:00:00+00:00,84.06999969482422,84.1500015258789,83.83000183105469,83.94000244140625,0
2026-05-26 03:00:00+00:00,83.93000030517578,84.18000030517578,83.76000213623047,84.12999725341797,0
2026-05-26 04:00:00+00:00,84.16000366210938,84.43000030517578,83.91999816894531,84.27999877929688,32780032
2026-05-26 05:00:00+00:00,84.2699966430664,84.87000274658203,84.19000244140625,84.56999969482422,0
2026-05-26 06:00:00+00:00,84.54000091552734,84.73999786376953,84.33000183105469,84.5199966430664,0
2026-05-26 07:00:00+00:00,84.52999877929688,84.54000091552734,84.01000213623047,84.25,0
2026-05-26 08:00:00+00:00,84.26000213623047,84.47000122070312,84.23999786376953,84.36000061035156,4208896
2026-05-26 09:00:00+00:00,84.37999725341797,84.61000061035156,84.19999694824219,84.37999725341797,8415744
2026-05-26 10:00:00+00:00,84.33999633789062,85.69000244140625,84.2699966430664,85.47000122070312,130905600
2026-05-26 11:00:00+00:00,85.51000213623047,85.55999755859375,85.11000061035156,85.12999725341797,51216128
2026-05-26 12:00:00+00:00,85.12999725341797,85.31999969482422,84.7300033569336,85.22000122070312,53692160
2026-05-26 13:00:00+00:00,85.2300033569336,85.66000366210938,84.5999984741211,85.37999725341797,93348608
2026-05-26 14:00:00+00:00,85.4800033569336,86.02999877929688,84.70999908447266,85.13999938964844,155957248
2026-05-26 15:00:00+00:00,85.16999816894531,85.25,83.93000030517578,84.38999938964844,98222848
2026-05-26 16:00:00+00:00,84.38999938964844,84.45999908447266,83.8499984741211,84.12999725341797,112424704
2026-05-26 17:00:00+00:00,84.12999725341797,84.29000091552734,83.05000305175781,83.47000122070312,125481472
2026-05-26 18:00:00+00:00,83.44000244140625,83.95999908447266,83.3499984741211,83.47000122070312,68905216
2026-05-26 19:00:00+00:00,83.48999786376953,83.87000274658203,83.20999908447266,83.58999633789062,20562176
2026-05-26 20:00:00+00:00,83.66999816894531,83.83999633789062,83.58999633789062,83.80999755859375,3441664
2026-05-26 21:00:00+00:00,83.80999755859375,83.8499984741211,83.45999908447266,83.56999969482422,4034816
2026-05-26 22:00:00+00:00,83.58999633789062,83.75,83.41000366210938,83.54000091552734,0
2026-05-26 23:00:00+00:00,83.55999755859375,83.7300033569336,83.5199966430664,83.58000183105469,0
2026-05-27 00:00:00+00:00,83.62000274658203,84.05000305175781,83.5999984741211,84.0199966430664,0
2026-05-27 01:00:00+00:00,84.02999877929688,84.05999755859375,83.69000244140625,83.75,0
2026-05-27 02:00:00+00:00,83.75,83.80000305175781,83.43000030517578,83.80000305175781,0
2026-05-27 03:00:00+00:00,83.83999633789062,83.94999694824219,83.38999938964844,83.51000213623047,0
2026-05-27 04:00:00+00:00,83.4800033569336,83.55999755859375,82.81999969482422,83.5199966430664,40129536
2026-05-27 05:00:00+00:00,83.5199966430664,83.80000305175781,83.44999694824219,83.76000213623047,0
2026-05-27 06:00:00+00:00,83.7699966430664,83.93000030517578,83.62000274658203,83.91000366210938,0
2026-05-27 07:00:00+00:00,83.95999908447266,84.08000183105469,83.76000213623047,84.06999969482422,0
2026-05-27 08:00:00+00:00,84.06999969482422,84.27999877929688,83.77999877929688,83.80999755859375,11360000
2026-05-27 09:00:00+00:00,83.83000183105469,83.83999633789062,83.5,83.6500015258789,0
2026-05-27 10:00:00+00:00,83.62999725341797,83.95999908447266,83.54000091552734,83.86000061035156,0
2026-05-27 11:00:00+00:00,83.83000183105469,84.0999984741211,83.7699966430664,83.80000305175781,0
2026-05-27 12:00:00+00:00,83.81999969482422,84.51000213623047,83.44000244140625,83.80000305175781,7047680
2026-05-27 13:00:00+00:00,83.83999633789062,83.91999816894531,82.83000183105469,83.4800033569336,6941440
2026-05-27 14:00:00+00:00,83.51000213623047,83.94999694824219,83.0999984741211,83.7699966430664,0
2026-05-27 15:00:00+00:00,83.75,84.63999938964844,83.75,84.27999877929688,0
2026-05-27 16:00:00+00:00,84.29000091552734,84.58999633789062,83.73999786376953,84.02999877929688,0
2026-05-27 17:00:00+00:00,84.04000091552734,84.05999755859375,83.0199966430664,83.26000213623047,0
2026-05-27 18:00:00+00:00,83.23999786376953,83.83999633789062,83.05000305175781,83.79000091552734,0
2026-05-27 19:00:00+00:00,83.80999755859375,83.9800033569336,83.72000122070312,83.76000213623047,0
2026-05-27 20:00:00+00:00,83.76000213623047,83.97000122070312,83.61000061035156,83.6500015258789,0
2026-05-27 21:00:00+00:00,83.6500015258789,83.6500015258789,82.0,82.3499984741211,79148288
2026-05-27 22:00:00+00:00,82.37999725341797,82.86000061035156,82.16000366210938,82.31999969482422,102581248
2026-05-27 23:00:00+00:00,82.29000091552734,82.55999755859375,82.06999969482422,82.30000305175781,38673664
2026-05-28 00:00:00+00:00,82.2699966430664,82.5999984741211,82.2300033569336,82.58999633789062,3875840
2026-05-28 01:00:00+00:00,82.5999984741211,82.62999725341797,81.83000183105469,82.1500015258789,74263040
2026-05-28 02:00:00+00:00,82.19999694824219,82.30000305175781,81.9000015258789,81.97000122070312,54638336
2026-05-28 03:00:00+00:00,82.0,82.0999984741211,80.4000015258789,80.58000183105469,208008704
2026-05-28 04:00:00+00:00,80.58000183105469,80.81999969482422,79.94999694824219,80.76000213623047,150329088
2026-05-28 05:00:00+00:00,80.76000213623047,80.83999633789062,80.30999755859375,80.55999755859375,64069632
2026-05-28 06:00:00+00:00,80.54000091552734,80.94000244140625,80.4000015258789,80.81999969482422,34149376
2026-05-28 07:00:00+00:00,80.81999969482422,81.13999938964844,80.7300033569336,81.11000061035156,52636672
2026-05-28 08:00:00+00:00,81.1500015258789,81.1500015258789,80.69000244140625,80.8499984741211,0
2026-05-28 09:00:00+00:00,80.86000061035156,81.16999816894531,80.70999908447266,81.08999633789062,9738496
2026-05-28 10:00:00+00:00,81.08999633789062,81.19000244140625,80.61000061035156,80.61000061035156,20416000
2026-05-28 11:00:00+00:00,80.62000274658203,80.80000305175781,80.47000122070312,80.73999786376953,0
2026-05-28 12:00:00+00:00,80.73999786376953,81.11000061035156,80.45999908447266,81.01000213623047,0
2026-05-28 13:00:00+00:00,81.0,81.19999694824219,80.41000366210938,80.6500015258789,0
2026-05-28 14:00:00+00:00,80.66000366210938,81.48999786376953,79.87999725341797,81.05000305175781,77383424
2026-05-28 15:00:00+00:00,81.02999877929688,81.23999786376953,80.45999908447266,81.01000213623047,0
2026-05-28 16:00:00+00:00,80.9800033569336,82.05000305175781,80.79000091552734,81.94000244140625,19688448
2026-05-28 17:00:00+00:00,81.95999908447266,82.48999786376953,81.72000122070312,82.18000030517578,0
2026-05-28 18:00:00+00:00,82.1500015258789,82.87999725341797,82.12999725341797,82.77999877929688,43315456
2026-05-28 19:00:00+00:00,82.75,82.75,82.05000305175781,82.08000183105469,0
2026-05-28 20:00:00+00:00,82.08999633789062,82.4800033569336,81.69999694824219,82.18000030517578,17186304
2026-05-28 21:00:00+00:00,82.2300033569336,82.55000305175781,82.12000274658203,82.31999969482422,0
2026-05-28 22:00:00+00:00,82.30000305175781,82.51000213623047,81.80000305175781,81.91999816894531,0
2026-05-28 23:00:00+00:00,81.91999816894531,82.16000366210938,81.87999725341797,82.0,12800
2026-05-29 00:00:00+00:00,82.01000213623047,82.37000274658203,82.01000213623047,82.20999908447266,0
2026-05-29 01:00:00+00:00,82.20999908447266,82.37000274658203,81.93000030517578,82.08999633789062,0
2026-05-29 02:00:00+00:00,82.0999984741211,82.20999908447266,81.37000274658203,81.44000244140625,0
2026-05-29 03:00:00+00:00,81.52999877929688,81.83000183105469,81.4000015258789,81.5,0
2026-05-29 04:00:00+00:00,81.5,81.80999755859375,81.2699966430664,81.80000305175781,0
2026-05-29 05:00:00+00:00,81.80000305175781,82.06999969482422,81.70999908447266,81.95999908447266,0
2026-05-29 06:00:00+00:00,81.93000030517578,82.36000061035156,81.91000366210938,82.18000030517578,0
2026-05-29 07:00:00+00:00,82.16000366210938,82.33999633789062,81.80000305175781,82.12999725341797,0
2026-05-29 08:00:00+00:00,82.0999984741211,82.37000274658203,82.06999969482422,82.0999984741211,18625536
2026-05-29 09:00:00+00:00,82.12999725341797,82.5199966430664,82.08999633789062,82.33000183105469,0
2026-05-29 10:00:00+00:00,82.31999969482422,82.31999969482422,81.9800033569336,82.02999877929688,0
2026-05-29 11:00:00+00:00,82.02999877929688,82.0999984741211,81.41999816894531,81.66000366210938,5433344
2026-05-29 12:00:00+00:00,81.63999938964844,81.66999816894531,81.20999908447266,81.38999938964844,26964736
2026-05-29 13:00:00+00:00,81.36000061035156,81.58000183105469,80.98999786376953,81.30000305175781,0
2026-05-29 14:00:00+00:00,81.31999969482422,81.44000244140625,80.25,81.20999908447266,0
2026-05-29 15:00:00+00:00,81.23999786376953,83.08000183105469,81.0999984741211,82.45999908447266,259085056
2026-05-29 16:00:00+00:00,82.48999786376953,82.98999786376953,82.08999633789062,82.81999969482422,35708416
2026-05-29 17:00:00+00:00,82.80999755859375,83.0999984741211,82.55999755859375,82.66999816894531,43231744
2026-05-29 18:00:00+00:00,82.69999694824219,82.86000061035156,81.7300033569336,81.94999694824219,0
2026-05-29 19:00:00+00:00,81.94000244140625,82.2699966430664,81.47000122070312,81.97000122070312,23729152
2026-05-29 20:00:00+00:00,81.95999908447266,82.22000122070312,81.91000366210938,82.12000274658203,0
2026-05-29 21:00:00+00:00,82.11000061035156,82.27999877929688,81.5999984741211,81.5999984741211,5699840
2026-05-29 22:00:00+00:00,81.61000061035156,81.9000015258789,81.51000213623047,81.87000274658203,8314624
2026-05-29 23:00:00+00:00,81.8499984741211,81.9800033569336,81.66000366210938,81.93000030517578,21981952
2026-05-30 00:00:00+00:00,81.93000030517578,82.23999786376953,81.8499984741211,82.18000030517578,0
2026-05-30 01:00:00+00:00,82.20999908447266,82.80000305175781,82.0999984741211,82.70999908447266,22837504
2026-05-30 02:00:00+00:00,82.70999908447266,82.91000366210938,82.66000366210938,82.87000274658203,0
2026-05-30 03:00:00+00:00,82.86000061035156,82.9800033569336,82.52999877929688,82.55999755859375,0
2026-05-30 04:00:00+00:00,82.55999755859375,82.69000244140625,81.77999877929688,82.22000122070312,17314304
2026-05-30 05:00:00+00:00,82.19999694824219,82.5999984741211,82.11000061035156,82.48999786376953,29451776
2026-05-30 06:00:00+00:00,82.5,82.62000274658203,82.2699966430664,82.37999725341797,0
2026-05-30 07:00:00+00:00,82.37999725341797,82.41000366210938,82.16000366210938,82.2699966430664,0
2026-05-30 08:00:00+00:00,82.2699966430664,82.29000091552734,82.08999633789062,82.12000274658203,0
2026-05-30 09:00:00+00:00,82.12000274658203,82.29000091552734,82.0999984741211,82.23999786376953,0
2026-05-30 10:00:00+00:00,82.26000213623047,82.4000015258789,82.19999694824219,82.2699966430664,0
2026-05-30 11:00:00+00:00,82.25,82.43000030517578,82.11000061035156,82.22000122070312,0
2026-05-30 12:00:00+00:00,82.22000122070312,82.33000183105469,82.13999938964844,82.31999969482422,0
2026-05-30 13:00:00+00:00,82.31999969482422,82.43000030517578,82.13999938964844,82.37000274658203,0
2026-05-30 14:00:00+00:00,82.37999725341797,82.6500015258789,82.33000183105469,82.5199966430664,0
2026-05-30 15:00:00+00:00,82.56999969482422,82.79000091552734,82.37000274658203,82.56999969482422,0
2026-05-30 16:00:00+00:00,82.56999969482422,82.80999755859375,82.5,82.77999877929688,0
2026-05-30 17:00:00+00:00,82.7699966430664,82.93000030517578,82.55000305175781,82.93000030517578,0
2026-05-30 18:00:00+00:00,82.91000366210938,83.0199966430664,82.73999786376953,82.9000015258789,0
2026-05-30 19:00:00+00:00,82.9000015258789,82.91999816894531,82.66000366210938,82.87000274658203,0
2026-05-30 20:00:00+00:00,82.87000274658203,82.95999908447266,82.7300033569336,82.83999633789062,0
2026-05-30 21:00:00+00:00,82.8499984741211,83.02999877929688,82.79000091552734,82.9000015258789,0
2026-05-30 22:00:00+00:00,82.86000061035156,82.86000061035156,82.36000061035156,82.54000091552734,0
2026-05-30 23:00:00+00:00,82.52999877929688,82.7699966430664,82.4000015258789,82.61000061035156,0
2026-05-31 00:00:00+00:00,82.63999938964844,82.83000183105469,82.51000213623047,82.80999755859375,0
2026-05-31 01:00:00+00:00,82.80000305175781,83.0999984741211,82.80000305175781,82.88999938964844,0
2026-05-31 02:00:00+00:00,82.87999725341797,83.2699966430664,82.75,83.02999877929688,10962944
2026-05-31 03:00:00+00:00,83.02999877929688,83.20999908447266,82.9800033569336,83.11000061035156,0
2026-05-31 04:00:00+00:00,83.11000061035156,83.18000030517578,82.9800033569336,83.08999633789062,0
2026-05-31 05:00:00+00:00,83.06999969482422,83.0999984741211,82.87000274658203,82.9000015258789,0
2026-05-31 06:00:00+00:00,82.91999816894531,82.91999816894531,82.70999908447266,82.83999633789062,0
2026-05-31 07:00:00+00:00,82.80999755859375,82.81999969482422,82.4000015258789,82.54000091552734,1104256
2026-05-31 08:00:00+00:00,82.54000091552734,82.73999786376953,82.4800033569336,82.66999816894531,8960640
2026-05-31 09:00:00+00:00,82.66000366210938,82.93000030517578,82.52999877929688,82.62000274658203,4082048
2026-05-31 10:00:00+00:00,82.61000061035156,82.62000274658203,82.36000061035156,82.5999984741211,12451200
2026-05-31 11:00:00+00:00,82.5999984741211,82.7300033569336,82.55999755859375,82.6500015258789,0
2026-05-31 12:00:00+00:00,82.63999938964844,82.80999755859375,82.44999694824219,82.69999694824219,0
2026-05-31 13:00:00+00:00,82.69999694824219,83.0,82.54000091552734,82.63999938964844,0
2026-05-31 14:00:00+00:00,82.6500015258789,82.6500015258789,81.7699966430664,81.8499984741211,58025344
2026-05-31 15:00:00+00:00,81.83999633789062,82.16000366210938,81.73999786376953,81.77999877929688,0
2026-05-31 16:00:00+00:00,81.7699966430664,81.91999816894531,81.33000183105469,81.47000122070312,38140160
2026-05-31 17:00:00+00:00,81.45999908447266,81.79000091552734,81.36000061035156,81.7300033569336,0
2026-05-31 18:00:00+00:00,81.73999786376953,81.73999786376953,81.5,81.62999725341797,0
2026-05-31 19:00:00+00:00,81.62000274658203,81.66000366210938,81.2300033569336,81.45999908447266,0
2026-05-31 20:00:00+00:00,81.47000122070312,81.87000274658203,81.47000122070312,81.8499984741211,2675200
2026-05-31 21:00:00+00:00,81.8499984741211,82.23999786376953,81.76000213623047,82.19000244140625,453632
2026-05-31 22:00:00+00:00,82.19000244140625,82.56999969482422,81.91999816894531,82.38999938964844,22915584
2026-05-31 23:00:00+00:00,82.41999816894531,82.77999877929688,81.83000183105469,82.31999969482422,31346944
2026-06-01 00:00:00+00:00,82.30999755859375,82.95999908447266,82.26000213623047,82.69999694824219,63283712
2026-06-01 01:00:00+00:00,82.70999908447266,82.72000122070312,81.63999938964844,81.6500015258789,16655616
2026-06-01 02:00:00+00:00,81.62999725341797,82.75,81.52999877929688,82.56999969482422,29166336
2026-06-01 03:00:00+00:00,82.54000091552734,82.8499984741211,82.44000244140625,82.5,37332224
2026-06-01 04:00:00+00:00,82.51000213623047,82.6500015258789,81.66000366210938,81.91999816894531,34566144
2026-06-01 05:00:00+00:00,81.9000015258789,82.0,81.51000213623047,81.70999908447266,20077568
2026-06-01 06:00:00+00:00,81.69999694824219,81.76000213623047,81.0199966430664,81.33999633789062,41946624
2026-06-01 07:00:00+00:00,81.33000183105469,81.45999908447266,80.54000091552734,80.62999725341797,39730944
2026-06-01 08:00:00+00:00,80.63999938964844,80.94000244140625,80.36000061035156,80.88999938964844,63086336
2026-06-01 09:00:00+00:00,80.88999938964844,81.18000030517578,80.87999725341797,80.95999908447266,51829248
2026-06-01 10:00:00+00:00,80.98999786376953,81.08000183105469,80.7300033569336,81.0,38371584
2026-06-01 11:00:00+00:00,81.0,81.12999725341797,80.55000305175781,80.72000122070312,40669952
2026-06-01 12:00:00+00:00,80.76000213623047,80.95999908447266,80.19000244140625,80.72000122070312,146772224
2026-06-01 13:00:00+00:00,80.73999786376953,80.75,79.16999816894531,79.70999908447266,187749120
2026-06-01 14:00:00+00:00,79.72000122070312,79.9800033569336,79.30000305175781,79.54000091552734,132547328
2026-06-01 15:00:00+00:00,79.58000183105469,79.9000015258789,79.05999755859375,79.47000122070312,114131968
2026-06-01 16:00:00+00:00,79.45999908447266,80.31999969482422,79.0,80.27999877929688,58440960
2026-06-01 17:00:00+00:00,80.29000091552734,81.06999969482422,80.16999816894531,80.83000183105469,142806016
2026-06-01 18:00:00+00:00,80.80999755859375,81.0999984741211,80.47000122070312,80.73999786376953,47909376
2026-06-01 19:00:00+00:00,80.75,81.19000244140625,80.51000213623047,81.08999633789062,50914304
2026-06-01 20:00:00+00:00,81.0999984741211,81.13999938964844,80.8499984741211,81.02999877929688,33722368
2026-06-01 21:00:00+00:00,81.02999877929688,81.04000091552734,80.4000015258789,80.56999969482422,81450752
2026-06-01 22:00:00+00:00,80.52999877929688,81.36000061035156,80.2300033569336,81.29000091552734,39812352
2026-06-01 23:00:00+00:00,81.29000091552734,81.5199966430664,80.97000122070312,81.13999938964844,43975424
2026-06-02 00:00:00+00:00,81.16999816894531,81.16999816894531,80.7699966430664,80.77999877929688,0
2026-06-02 01:00:00+00:00,80.83000183105469,80.93000030517578,79.97000122070312,79.98999786376953,0
2026-06-02 02:00:00+00:00,79.98999786376953,80.61000061035156,79.33999633789062,80.61000061035156,55213312
2026-06-02 03:00:00+00:00,80.69999694824219,80.91999816894531,80.52999877929688,80.79000091552734,18502912
2026-06-02 04:00:00+00:00,80.81999969482422,80.91000366210938,80.26000213623047,80.31999969482422,0
2026-06-02 05:00:00+00:00,80.31999969482422,80.44999694824219,79.48999786376953,79.51000213623047,23255552
2026-06-02 06:00:00+00:00,79.51000213623047,79.70999908447266,79.2300033569336,79.4800033569336,38384384
2026-06-02 07:00:00+00:00,79.51000213623047,79.80999755859375,79.05999755859375,79.54000091552734,14087424
2026-06-02 08:00:00+00:00,79.55999755859375,79.69000244140625,79.36000061035156,79.4800033569336,0
2026-06-02 09:00:00+00:00,79.51000213623047,79.5199966430664,78.66999816894531,78.98999786376953,36199168
2026-06-02 10:00:00+00:00,78.98999786376953,79.3499984741211,78.8499984741211,79.31999969482422,0
2026-06-02 11:00:00+00:00,79.29000091552734,79.30999755859375,78.73999786376953,78.83000183105469,15112448
2026-06-02 12:00:00+00:00,78.80999755859375,79.0199966430664,78.52999877929688,78.86000061035156,0
2026-06-02 13:00:00+00:00,78.86000061035156,79.11000061035156,78.68000030517578,78.80000305175781,0
2026-06-02 14:00:00+00:00,78.76000213623047,78.80999755859375,76.63999938964844,77.30000305175781,134115840
2026-06-02 15:00:00+00:00,77.30999755859375,77.31999969482422,75.58999633789062,76.25,187423744
2026-06-02 16:00:00+00:00,76.19999694824219,77.52999877929688,76.0199966430664,76.5999984741211,96710912
2026-06-02 17:00:00+00:00,76.58000183105469,77.05999755859375,76.37000274658203,76.69999694824219,0
2026-06-02 18:00:00+00:00,76.69000244140625,76.93000030517578,75.70999908447266,76.02999877929688,16176896
2026-06-02 19:00:00+00:00,76.0199966430664,76.1500015258789,74.5199966430664,75.41000366210938,212827136
2026-06-02 20:00:00+00:00,75.36000061035156,75.80999755859375,74.66999816894531,75.31999969482422,69520128
2026-06-02 21:00:00+00:00,75.33000183105469,75.95999908447266,75.22000122070312,75.55999755859375,0
2026-06-02 22:00:00+00:00,75.52999877929688,75.54000091552734,73.2699966430664,73.54000091552734,95047680
2026-06-02 23:00:00+00:00,73.6500015258789,74.2300033569336,72.66999816894531,74.11000061035156,227376640
2026-06-03 00:00:00+00:00,74.13999938964844,75.01000213623047,73.91000366210938,74.75,112301568
2026-06-03 01:00:00+00:00,74.75,74.94000244140625,74.05000305175781,74.63999938964844,23516672
2026-06-03 02:00:00+00:00,74.63999938964844,74.69999694824219,74.11000061035156,74.30000305175781,0
2026-06-03 03:00:00+00:00,74.33000183105469,74.44000244140625,72.2300033569336,72.5999984741211,115685376
2026-06-03 04:00:00+00:00,72.62000274658203,74.01000213623047,72.62000274658203,73.95999908447266,115083264
2026-06-03 05:00:00+00:00,73.98999786376953,74.76000213623047,73.94999694824219,74.63999938964844,95163392
2026-06-03 06:00:00+00:00,74.63999938964844,75.22000122070312,74.56999969482422,74.76000213623047,40802304
2026-06-03 07:00:00+00:00,74.70999908447266,75.31999969482422,74.68000030517578,75.16000366210938,7721984
2026-06-03 08:00:00+00:00,75.16000366210938,75.23999786376953,74.7699966430664,74.88999938964844,4384256
2026-06-03 09:00:00+00:00,74.94000244140625,75.29000091552734,74.62999725341797,74.87999725341797,0
2026-06-03 10:00:00+00:00,74.88999938964844,75.48999786376953,74.86000061035156,75.44000244140625,39090176
2026-06-03 11:00:00+00:00,75.44000244140625,75.5999984741211,74.88999938964844,75.0199966430664,0
2026-06-03 12:00:00+00:00,75.02999877929688,75.16000366210938,74.5999984741211,75.05000305175781,4283904
2026-06-03 13:00:00+00:00,75.0999984741211,75.2699966430664,74.30000305175781,74.44999694824219,9596416
2026-06-03 14:00:00+00:00,74.4000015258789,74.45999908447266,73.73999786376953,74.33999633789062,0
2026-06-03 15:00:00+00:00,74.30000305175781,74.37999725341797,73.13999938964844,73.19999694824219,0
2026-06-03 16:00:00+00:00,73.30000305175781,73.37000274658203,71.95999908447266,72.88999938964844,18143232
2026-06-03 17:00:00+00:00,72.91999816894531,73.95999908447266,72.30999755859375,73.05000305175781,8676352
2026-06-03 18:00:00+00:00,73.08999633789062,73.33999633789062,72.37000274658203,73.0,18370560
2026-06-03 19:00:00+00:00,72.98999786376953,73.05999755859375,71.62999725341797,71.9000015258789,0
2026-06-03 20:00:00+00:00,71.87000274658203,72.31999969482422,70.87999725341797,71.12000274658203,144264704
2026-06-03 21:00:00+00:00,71.05000305175781,72.73999786376953,70.94000244140625,72.69000244140625,124595712
2026-06-03 22:00:00+00:00,72.72000122070312,73.02999877929688,71.8499984741211,72.0999984741211,0
2026-06-03 23:00:00+00:00,72.12000274658203,72.16000366210938,71.47000122070312,71.5199966430664,0
2026-06-04 00:00:00+00:00,71.5199966430664,71.98999786376953,70.26000213623047,70.68000030517578,130599936
2026-06-04 01:00:00+00:00,70.66000366210938,70.83999633789062,68.33999633789062,68.5,289194496
2026-06-04 02:00:00+00:00,68.56999969482422,70.37999725341797,66.83000183105469,69.9800033569336,511567360
2026-06-04 03:00:00+00:00,70.05000305175781,71.55000305175781,69.98999786376953,71.38999938964844,70661120
2026-06-04 04:00:00+00:00,71.41000366210938,71.69000244140625,70.7300033569336,70.81999969482422,0
2026-06-04 05:00:00+00:00,70.7699966430664,70.80999755859375,69.88999938964844,70.2699966430664,0
2026-06-04 06:00:00+00:00,70.25,71.12999725341797,70.19000244140625,70.29000091552734,0
2026-06-04 07:00:00+00:00,70.30999755859375,70.33000183105469,69.08000183105469,69.08999633789062,0
2026-06-04 08:00:00+00:00,69.08000183105469,69.3499984741211,68.26000213623047,69.16000366210938,116070912
2026-06-04 09:00:00+00:00,69.13999938964844,69.13999938964844,67.6500015258789,68.76000213623047,90933248
2026-06-04 10:00:00+00:00,68.70999908447266,68.81999969482422,67.48999786376953,67.83999633789062,7434240
2026-06-04 11:00:00+00:00,67.83000183105469,68.62000274658203,67.37999725341797,68.62000274658203,249948160
2026-06-04 12:00:00+00:00,68.62999725341797,70.26000213623047,68.25,70.02999877929688,187067904
2026-06-04 13:00:00+00:00,70.0199966430664,70.47000122070312,69.0,70.2699966430664,82388992
2026-06-04 14:00:00+00:00,70.3499984741211,70.55999755859375,69.51000213623047,69.69999694824219,49122816
2026-06-04 15:00:00+00:00,69.6500015258789,70.41999816894531,69.33999633789062,69.55999755859375,77870592
2026-06-04 16:00:00+00:00,69.58000183105469,69.58999633789062,68.9000015258789,69.33000183105469,0
2026-06-04 17:00:00+00:00,69.31999969482422,69.63999938964844,68.44000244140625,69.16000366210938,0
2026-06-04 18:00:00+00:00,69.20999908447266,69.7699966430664,68.58999633789062,69.43000030517578,28583936
2026-06-04 19:00:00+00:00,69.4000015258789,69.5999984741211,68.95999908447266,69.0199966430664,0
2026-06-04 20:00:00+00:00,69.01000213623047,69.04000091552734,68.36000061035156,68.73999786376953,0
2026-06-04 21:00:00+00:00,68.73999786376953,68.95999908447266,67.55000305175781,67.70999908447266,0
2026-06-04 22:00:00+00:00,67.69999694824219,68.48999786376953,67.51000213623047,68.41000366210938,44169728
2026-06-04 23:00:00+00:00,68.37000274658203,68.8499984741211,67.94000244140625,68.80999755859375,0
2026-06-05 00:00:00+00:00,68.72000122070312,69.0,68.19999694824219,68.2300033569336,0
2026-06-05 01:00:00+00:00,68.19999694824219,68.7300033569336,67.5,68.43000030517578,0
2026-06-05 02:00:00+00:00,68.41999816894531,68.52999877929688,67.12000274658203,67.2300033569336,0
2026-06-05 03:00:00+00:00,67.31999969482422,67.77999877929688,66.9000015258789,67.0,0
2026-06-05 04:00:00+00:00,67.05000305175781,67.94000244140625,66.45999908447266,67.8499984741211,101866496
2026-06-05 05:00:00+00:00,67.87999725341797,68.0,66.0199966430664,66.12999725341797,39002624
2026-06-05 06:00:00+00:00,66.08000183105469,66.4800033569336,63.86000061035156,64.97000122070312,464558080
2026-06-05 07:00:00+00:00,64.95999908447266,66.23999786376953,63.88999938964844,66.11000061035156,224527872
2026-06-05 08:00:00+00:00,66.12999725341797,66.12999725341797,65.04000091552734,65.25,0
2026-06-05 09:00:00+00:00,65.2699966430664,66.5199966430664,65.2699966430664,66.51000213623047,0
2026-06-05 10:00:00+00:00,66.52999877929688,66.66999816894531,66.08999633789062,66.36000061035156,0
2026-06-05 11:00:00+00:00,66.37000274658203,66.72000122070312,65.79000091552734,66.0199966430664,0
2026-06-05 12:00:00+00:00,66.05000305175781,66.30000305175781,65.19000244140625,65.7699966430664,0
2026-06-05 13:00:00+00:00,65.7699966430664,66.75,64.29000091552734,64.29000091552734,65833472
2026-06-05 14:00:00+00:00,64.2699966430664,65.7699966430664,64.02999877929688,65.20999908447266,199255040
2026-06-05 15:00:00+00:00,65.12000274658203,65.30000305175781,63.7599983215332,64.25,132620288
2026-06-05 16:00:00+00:00,64.19000244140625,65.91999816894531,63.16999816894531,65.80999755859375,401593344
2026-06-05 17:00:00+00:00,65.83000183105469,66.0,64.76000213623047,65.05999755859375,86865920
2026-06-05 18:00:00+00:00,65.05000305175781,65.33000183105469,62.59000015258789,62.880001068115234,111181312
2026-06-05 19:00:00+00:00,62.84000015258789,63.77000045776367,61.459999084472656,63.43000030517578,305381888
2026-06-05 20:00:00+00:00,63.43000030517578,64.7699966430664,62.68000030517578,64.6500015258789,205966336
2026-06-05 21:00:00+00:00,64.62999725341797,65.37999725341797,64.51000213623047,64.9000015258789,78215680
2026-06-05 22:00:00+00:00,64.86000061035156,64.86000061035156,63.790000915527344,64.37000274658203,11262464
2026-06-05 23:00:00+00:00,64.41999816894531,64.76000213623047,62.63999938964844,63.61000061035156,30689280
2026-06-06 00:00:00+00:00,63.61000061035156,64.79000091552734,63.61000061035156,64.6500015258789,59494400
2026-06-06 01:00:00+00:00,64.68000030517578,64.83000183105469,63.790000915527344,63.88999938964844,0
2026-06-06 02:00:00+00:00,63.81999969482422,63.90999984741211,63.25,63.5099983215332,0
2026-06-06 03:00:00+00:00,63.5099983215332,63.5099983215332,62.59000015258789,62.810001373291016,0
2026-06-06 04:00:00+00:00,62.81999969482422,63.09000015258789,60.36000061035156,60.849998474121094,7607296
2026-06-06 05:00:00+00:00,60.790000915527344,62.66999816894531,60.130001068115234,62.58000183105469,68953600
2026-06-06 06:00:00+00:00,62.54999923706055,63.29999923706055,62.04999923706055,62.189998626708984,0
2026-06-06 07:00:00+00:00,62.20000076293945,63.09000015258789,62.040000915527344,62.7599983215332,0
2026-06-06 08:00:00+00:00,62.7599983215332,63.540000915527344,62.5099983215332,63.130001068115234,0
2026-06-06 09:00:00+00:00,63.11000061035156,63.52000045776367,62.459999084472656,62.66999816894531,0
2026-06-06 10:00:00+00:00,62.66999816894531,62.66999816894531,61.189998626708984,61.84000015258789,42388992
2026-06-06 11:00:00+00:00,61.779998779296875,62.630001068115234,61.75,62.40999984741211,0
2026-06-06 12:00:00+00:00,62.40999984741211,63.04999923706055,62.0,62.880001068115234,0
2026-06-06 13:00:00+00:00,62.83000183105469,63.040000915527344,62.130001068115234,62.369998931884766,0
2026-06-06 14:00:00+00:00,62.400001525878906,62.880001068115234,62.290000915527344,62.290000915527344,0
2026-06-06 15:00:00+00:00,62.310001373291016,62.45000076293945,61.310001373291016,62.02000045776367,0
2026-06-06 16:00:00+00:00,61.97999954223633,62.36000061035156,61.380001068115234,62.09000015258789,0
2026-06-06 17:00:00+00:00,62.09000015258789,62.209999084472656,61.41999816894531,61.59000015258789,0
2026-06-06 18:00:00+00:00,61.59000015258789,62.099998474121094,61.40999984741211,61.70000076293945,0
2026-06-06 19:00:00+00:00,61.68000030517578,62.16999816894531,61.599998474121094,61.61000061035156,0
2026-06-06 20:00:00+00:00,61.630001068115234,61.88999938964844,61.34000015258789,61.810001373291016,0
2026-06-06 21:00:00+00:00,61.81999969482422,62.31999969482422,61.79999923706055,61.869998931884766,0
2026-06-06 22:00:00+00:00,61.849998474121094,61.95000076293945,61.43000030517578,61.779998779296875,0
2026-06-06 23:00:00+00:00,61.68000030517578,62.2599983215332,61.650001525878906,62.16999816894531,0
2026-06-07 00:00:00+00:00,62.16999816894531,62.58000183105469,61.93000030517578,62.09000015258789,0
2026-06-07 01:00:00+00:00,62.06999969482422,63.81999969482422,62.0099983215332,63.650001525878906,77268992
2026-06-07 02:00:00+00:00,63.599998474121094,63.7599983215332,63.060001373291016,63.52000045776367,0
2026-06-07 03:00:00+00:00,63.52000045776367,64.05000305175781,63.380001068115234,63.810001373291016,0
2026-06-07 04:00:00+00:00,63.810001373291016,64.0999984741211,63.290000915527344,64.05999755859375,0
2026-06-07 05:00:00+00:00,64.05999755859375,64.44000244140625,63.880001068115234,64.23999786376953,0
2026-06-07 06:00:00+00:00,64.20999908447266,64.95999908447266,64.0,64.83000183105469,0
2026-06-07 07:00:00+00:00,64.81999969482422,64.9800033569336,64.58999633789062,64.9000015258789,0
2026-06-07 08:00:00+00:00,64.87000274658203,65.94000244140625,64.4800033569336,65.94000244140625,37355008
2026-06-07 09:00:00+00:00,65.91000366210938,66.06999969482422,64.8499984741211,65.0,44841472
2026-06-07 10:00:00+00:00,65.0,65.05000305175781,64.45999908447266,64.63999938964844,0
2026-06-07 11:00:00+00:00,64.63999938964844,65.19999694824219,64.5199966430664,65.01000213623047,0
2026-06-07 12:00:00+00:00,65.01000213623047,65.08000183105469,63.709999084472656,64.30999755859375,19589632
2026-06-07 13:00:00+00:00,64.2699966430664,64.4000015258789,64.06999969482422,64.30999755859375,0
2026-06-07 14:00:00+00:00,64.31999969482422,65.30999755859375,64.30000305175781,64.91000366210938,4738048
2026-06-07 15:00:00+00:00,64.87000274658203,65.20999908447266,64.62000274658203,64.94999694824219,0
2026-06-07 16:00:00+00:00,65.0,65.29000091552734,64.73999786376953,65.13999938964844,0
2026-06-07 17:00:00+00:00,65.12999725341797,65.58000183105469,65.05999755859375,65.29000091552734,0
2026-06-07 18:00:00+00:00,65.27999877929688,65.54000091552734,64.86000061035156,64.9000015258789,0
2026-06-07 19:00:00+00:00,64.93000030517578,64.97000122070312,63.63999938964844,63.91999816894531,46039808
2026-06-07 20:00:00+00:00,63.81999969482422,64.7699966430664,63.720001220703125,64.66999816894531,0
2026-06-07 21:00:00+00:00,64.66000366210938,64.87000274658203,64.27999877929688,64.58999633789062,0
2026-06-07 22:00:00+00:00,64.63999938964844,67.7300033569336,64.48999786376953,65.79000091552734,200183552
2026-06-07 23:00:00+00:00,65.7699966430664,66.55000305175781,65.73999786376953,66.45999908447266,93860864
2026-06-08 00:00:00+00:00,66.44000244140625,67.05000305175781,66.01000213623047,66.68000030517578,65362432
2026-06-08 01:00:00+00:00,66.72000122070312,66.7699966430664,65.37999725341797,66.12999725341797,0
2026-06-08 02:00:00+00:00,66.1500015258789,66.58999633789062,66.02999877929688,66.43000030517578,6251264
2026-06-08 03:00:00+00:00,66.43000030517578,66.72000122070312,66.1500015258789,66.33000183105469,0
2026-06-08 04:00:00+00:00,66.33000183105469,66.37999725341797,65.33000183105469,65.47000122070312,0
2026-06-08 05:00:00+00:00,65.43000030517578,65.61000061035156,64.94000244140625,65.27999877929688,0
2026-06-08 06:00:00+00:00,65.27999877929688,65.83999633789062,65.2699966430664,65.63999938964844,0
2026-06-08 07:00:00+00:00,65.6500015258789,66.16999816894531,65.33999633789062,66.05999755859375,37593600
2026-06-08 08:00:00+00:00,66.02999877929688,66.02999877929688,65.41000366210938,65.55999755859375,0
2026-06-08 09:00:00+00:00,65.56999969482422,66.31999969482422,65.55999755859375,66.30999755859375,0
2026-06-08 10:00:00+00:00,66.30999755859375,66.37000274658203,65.75,66.12999725341797,201984
2026-06-08 11:00:00+00:00,66.12999725341797,66.98999786376953,65.9800033569336,66.62000274658203,93548800
2026-06-08 12:00:00+00:00,66.61000061035156,67.27999877929688,65.97000122070312,67.19999694824219,8585984
2026-06-08 13:00:00+00:00,67.22000122070312,67.2300033569336,66.37000274658203,66.75,79032064
2026-06-08 14:00:00+00:00,66.7300033569336,67.27999877929688,66.41999816894531,67.23999786376953,103962368
2026-06-08 15:00:00+00:00,67.23999786376953,67.7699966430664,67.05000305175781,67.12999725341797,106441728
2026-06-08 16:00:00+00:00,67.1500015258789,67.72000122070312,66.87000274658203,66.91000366210938,42794496
2026-06-08 17:00:00+00:00,66.94000244140625,67.36000061035156,66.5199966430664,67.33999633789062,54671872
2026-06-08 18:00:00+00:00,67.33999633789062,67.58000183105469,67.13999938964844,67.41000366210938,35049984
2026-06-08 19:00:00+00:00,67.4000015258789,67.80000305175781,67.26000213623047,67.41999816894531,0
2026-06-08 20:00:00+00:00,67.44999694824219,67.51000213623047,66.93000030517578,67.47000122070312,6020352
2026-06-08 21:00:00+00:00,67.45999908447266,68.13999938964844,67.41000366210938,67.47000122070312,44103168
2026-06-08 22:00:00+00:00,67.37000274658203,67.41999816894531,66.83000183105469,67.1500015258789,0
2026-06-08 23:00:00+00:00,67.16999816894531,67.41000366210938,66.62999725341797,66.80999755859375,0
2026-06-09 00:00:00+00:00,66.77999877929688,66.87000274658203,65.27999877929688,65.41999816894531,19575296
2026-06-09 01:00:00+00:00,65.37000274658203,66.02999877929688,65.37000274658203,65.95999908447266,0
2026-06-09 02:00:00+00:00,65.95999908447266,66.05999755859375,65.51000213623047,65.88999938964844,0
2026-06-09 03:00:00+00:00,65.91000366210938,66.08000183105469,65.63999938964844,65.98999786376953,0
2026-06-09 04:00:00+00:00,65.9800033569336,67.3499984741211,65.80999755859375,66.97000122070312,87656960
2026-06-09 05:00:00+00:00,66.97000122070312,67.36000061035156,66.66999816894531,67.16999816894531,76630528
2026-06-09 06:00:00+00:00,67.18000030517578,67.43000030517578,66.94999694824219,67.02999877929688,0
2026-06-09 07:00:00+00:00,67.05999755859375,67.30000305175781,66.5999984741211,66.86000061035156,8799232
2026-06-09 08:00:00+00:00,66.87000274658203,66.9000015258789,66.37999725341797,66.56999969482422,18454784
2026-06-09 09:00:00+00:00,66.58000183105469,66.80000305175781,66.05000305175781,66.13999938964844,0
2026-06-09 10:00:00+00:00,66.16999816894531,66.44000244140625,65.97000122070312,66.37000274658203,0
2026-06-09 11:00:00+00:00,66.37999725341797,66.41999816894531,65.87000274658203,66.08999633789062,0
2026-06-09 12:00:00+00:00,66.05999755859375,66.4800033569336,65.93000030517578,66.16999816894531,0
2026-06-09 13:00:00+00:00,66.20999908447266,66.33000183105469,65.56999969482422,65.81999969482422,0
2026-06-09 14:00:00+00:00,65.80000305175781,65.94999694824219,64.37999725341797,65.01000213623047,25487104
2026-06-09 15:00:00+00:00,65.02999877929688,65.26000213623047,64.22000122070312,64.27999877929688,0
2026-06-09 16:00:00+00:00,64.31999969482422,64.43000030517578,63.5099983215332,64.08999633789062,80458496
2026-06-09 17:00:00+00:00,64.12000274658203,65.0999984741211,64.05000305175781,64.73999786376953,55564032
2026-06-09 18:00:00+00:00,64.79000091552734,65.44000244140625,64.61000061035156,65.23999786376953,23718656
2026-06-09 19:00:00+00:00,65.23999786376953,65.5999984741211,65.0,65.37000274658203,6602240
2026-06-09 20:00:00+00:00,65.41000366210938,65.6500015258789,65.23999786376953,65.58000183105469,0
2026-06-09 21:00:00+00:00,65.58000183105469,65.61000061035156,64.8499984741211,64.95999908447266,0
2026-06-09 22:00:00+00:00,64.9800033569336,65.30000305175781,64.79000091552734,64.83999633789062,0
2026-06-09 23:00:00+00:00,64.8499984741211,65.12000274658203,64.69000244140625,64.93000030517578,0
2026-06-10 00:00:00+00:00,64.97000122070312,65.16999816894531,64.44000244140625,65.13999938964844,0
2026-06-10 01:00:00+00:00,65.13999938964844,65.26000213623047,64.7699966430664,65.06999969482422,0
2026-06-10 02:00:00+00:00,65.05999755859375,65.19000244140625,64.19999694824219,64.2699966430664,15537920
2026-06-10 03:00:00+00:00,64.23999786376953,64.80000305175781,64.2300033569336,64.47000122070312,0
2026-06-10 04:00:00+00:00,64.47000122070312,64.5999984741211,64.08000183105469,64.2300033569336,0
2026-06-10 05:00:00+00:00,64.25,64.33000183105469,63.880001068115234,64.06999969482422,0
2026-06-10 06:00:00+00:00,64.0999984741211,64.30000305175781,63.790000915527344,64.16000366210938,0
2026-06-10 07:00:00+00:00,64.1500015258789,64.70999908447266,64.08999633789062,64.44999694824219,0
2026-06-10 08:00:00+00:00,64.44999694824219,64.47000122070312,63.380001068115234,63.56999969482422,11820544
2026-06-10 09:00:00+00:00,63.560001373291016,63.689998626708984,63.060001373291016,63.59000015258789,12351232
2026-06-10 10:00:00+00:00,63.56999969482422,63.72999954223633,63.22999954223633,63.630001068115234,10375680
2026-06-10 11:00:00+00:00,63.63999938964844,63.709999084472656,62.90999984741211,63.45000076293945,72050688
2026-06-10 12:00:00+00:00,63.470001220703125,64.58999633789062,63.27000045776367,64.08000183105469,121908736
2026-06-10 13:00:00+00:00,64.08000183105469,65.47000122070312,63.959999084472656,65.0199966430664,81544704
2026-06-10 14:00:00+00:00,65.02999877929688,65.2300033569336,64.54000091552734,65.0,0
2026-06-10 15:00:00+00:00,65.0,65.70999908447266,64.5,65.38999938964844,46033408
2026-06-10 16:00:00+00:00,65.38999938964844,65.4000015258789,64.19000244140625,64.55999755859375,0
2026-06-10 17:00:00+00:00,64.56999969482422,64.9000015258789,63.58000183105469,63.9900016784668,0
2026-06-10 18:00:00+00:00,64.04000091552734,64.16000366210938,63.33000183105469,63.77000045776367,15159040
2026-06-10 19:00:00+00:00,63.77000045776367,63.880001068115234,63.380001068115234,63.47999954223633,0
2026-06-10 20:00:00+00:00,63.470001220703125,63.59000015258789,63.099998474121094,63.290000915527344,23693312
2026-06-10 21:00:00+00:00,63.2400016784668,63.2400016784668,62.310001373291016,62.540000915527344,35328000
2026-06-10 22:00:00+00:00,62.56999969482422,63.0,62.310001373291016,62.720001220703125,57027328
2026-06-10 23:00:00+00:00,62.720001220703125,63.2400016784668,62.400001525878906,63.119998931884766,23244544
2026-06-11 00:00:00+00:00,63.150001525878906,63.70000076293945,63.13999938964844,63.599998474121094,0
2026-06-11 01:00:00+00:00,63.61000061035156,65.0999984741211,63.61000061035156,64.8499984741211,96521472
2026-06-11 02:00:00+00:00,64.87999725341797,64.94000244140625,64.30000305175781,64.45999908447266,40105728
2026-06-11 03:00:00+00:00,64.47000122070312,65.37000274658203,64.26000213623047,65.19000244140625,49420032
2026-06-11 04:00:00+00:00,65.22000122070312,65.26000213623047,64.91000366210938,65.13999938964844,35698944
2026-06-11 05:00:00+00:00,65.11000061035156,65.19000244140625,64.87999725341797,64.87999725341797,0
2026-06-11 06:00:00+00:00,64.87999725341797,65.36000061035156,64.73999786376953,65.04000091552734,30006784
2026-06-11 07:00:00+00:00,65.0199966430664,65.08999633789062,64.72000122070312,64.95999908447266,13624576
2026-06-11 08:00:00+00:00,64.97000122070312,65.44999694824219,64.94999694824219,65.23999786376953,0
2026-06-11 09:00:00+00:00,65.2300033569336,65.47000122070312,64.94999694824219,65.30999755859375,12748032
2026-06-11 10:00:00+00:00,65.33000183105469,65.58999633789062,65.22000122070312,65.44000244140625,0
2026-06-11 11:00:00+00:00,65.43000030517578,66.05999755859375,65.29000091552734,65.81999969482422,0
2026-06-11 12:00:00+00:00,65.8499984741211,65.86000061035156,64.83000183105469,65.19999694824219,0
2026-06-11 13:00:00+00:00,65.19000244140625,65.6500015258789,64.98999786376953,65.44999694824219,0
2026-06-11 14:00:00+00:00,65.44000244140625,65.69999694824219,64.91999816894531,65.29000091552734,0
2026-06-11 15:00:00+00:00,65.26000213623047,65.7699966430664,64.94999694824219,65.47000122070312,0
2026-06-11 16:00:00+00:00,65.48999786376953,65.7300033569336,65.26000213623047,65.30999755859375,0
2026-06-11 17:00:00+00:00,65.30999755859375,67.08999633789062,64.95999908447266,67.08000183105469,89682176
2026-06-11 18:00:00+00:00,67.08999633789062,67.2300033569336,66.58000183105469,66.7300033569336,35843072
2026-06-11 19:00:00+00:00,66.7300033569336,67.30000305175781,66.5199966430664,66.87000274658203,35495936
2026-06-11 20:00:00+00:00,66.87999725341797,66.97000122070312,66.30999755859375,66.52999877929688,0
2026-06-11 21:00:00+00:00,66.52999877929688,67.05000305175781,66.51000213623047,66.8499984741211,0
2026-06-11 22:00:00+00:00,66.83999633789062,67.08000183105469,66.80999755859375,66.81999969482422,0
2026-06-11 23:00:00+00:00,66.81999969482422,67.0199966430664,66.6500015258789,66.8499984741211,0
2026-06-12 00:00:00+00:00,66.86000061035156,67.04000091552734,66.66999816894531,66.81999969482422,0
2026-06-12 01:00:00+00:00,66.79000091552734,66.79000091552734,66.37999725341797,66.61000061035156,0
2026-06-12 02:00:00+00:00,66.61000061035156,67.20999908447266,66.5999984741211,67.05000305175781,0
2026-06-12 03:00:00+00:00,67.04000091552734,67.08999633789062,66.58999633789062,66.94000244140625,0
2026-06-12 04:00:00+00:00,66.95999908447266,67.13999938964844,66.76000213623047,66.9800033569336,0
2026-06-12 05:00:00+00:00,66.98999786376953,66.98999786376953,66.54000091552734,66.62999725341797,10937344
2026-06-12 06:00:00+00:00,66.62000274658203,66.72000122070312,65.87000274658203,66.04000091552734,1945600
2026-06-12 07:00:00+00:00,66.06999969482422,66.4000015258789,66.05000305175781,66.2300033569336,0
2026-06-12 08:00:00+00:00,66.2300033569336,66.95999908447266,66.2300033569336,66.83000183105469,22180352
2026-06-12 09:00:00+00:00,66.83000183105469,67.4000015258789,66.76000213623047,67.0999984741211,36418304
2026-06-12 10:00:00+00:00,67.08999633789062,67.26000213623047,66.52999877929688,66.72000122070312,13997056
2026-06-12 11:00:00+00:00,66.70999908447266,67.0199966430664,66.70999908447266,66.8499984741211,0
2026-06-12 12:00:00+00:00,66.80000305175781,66.91999816894531,66.56999969482422,66.69999694824219,0
2026-06-12 13:00:00+00:00,66.69000244140625,66.93000030517578,66.31999969482422,66.6500015258789,42885888
2026-06-12 14:00:00+00:00,66.62000274658203,67.91999816894531,66.62000274658203,67.87999725341797,32865792
2026-06-12 15:00:00+00:00,67.9000015258789,68.75,67.16000366210938,67.22000122070312,273247488
2026-06-12 16:00:00+00:00,67.20999908447266,67.9800033569336,67.02999877929688,67.9800033569336,57476608
2026-06-12 17:00:00+00:00,67.9800033569336,68.13999938964844,67.22000122070312,67.37000274658203,0
2026-06-12 18:00:00+00:00,67.37999725341797,67.44000244140625,66.97000122070312,67.0199966430664,0
2026-06-12 19:00:00+00:00,67.01000213623047,67.33000183105469,66.6500015258789,66.7699966430664,0
2026-06-12 20:00:00+00:00,66.7699966430664,66.80999755859375,66.48999786376953,66.6500015258789,24420096
2026-06-12 21:00:00+00:00,66.66000366210938,66.9000015258789,66.47000122070312,66.54000091552734,619776
2026-06-12 22:00:00+00:00,66.55999755859375,66.72000122070312,66.43000030517578,66.58999633789062,0
2026-06-12 23:00:00+00:00,66.5999984741211,66.79000091552734,66.45999908447266,66.79000091552734,0
2026-06-13 00:00:00+00:00,66.76000213623047,67.0199966430664,66.73999786376953,66.94999694824219,0
2026-06-13 01:00:00+00:00,66.94999694824219,67.4800033569336,66.94000244140625,67.4000015258789,0
2026-06-13 02:00:00+00:00,67.41000366210938,67.47000122070312,66.8499984741211,66.93000030517578,0
2026-06-13 03:00:00+00:00,66.91999816894531,67.0199966430664,66.68000030517578,66.83999633789062,0
2026-06-13 04:00:00+00:00,66.83999633789062,66.93000030517578,66.62000274658203,66.62999725341797,0
2026-06-13 05:00:00+00:00,66.66000366210938,66.83000183105469,66.56999969482422,66.75,0
2026-06-13 06:00:00+00:00,66.76000213623047,67.18000030517578,66.63999938964844,67.12000274658203,0
2026-06-13 07:00:00+00:00,67.13999938964844,67.41000366210938,66.93000030517578,67.31999969482422,11640832
2026-06-13 08:00:00+00:00,67.30000305175781,67.5,67.22000122070312,67.27999877929688,0
2026-06-13 09:00:00+00:00,67.27999877929688,67.5,67.25,67.31999969482422,0
2026-06-13 10:00:00+00:00,67.3499984741211,67.56999969482422,67.30000305175781,67.4000015258789,0
2026-06-13 11:00:00+00:00,67.4000015258789,67.93000030517578,67.3499984741211,67.87000274658203,0
2026-06-13 12:00:00+00:00,67.87999725341797,68.0,67.75,67.93000030517578,0
2026-06-13 13:00:00+00:00,67.94000244140625,68.26000213623047,67.79000091552734,67.98999786376953,0
2026-06-13 14:00:00+00:00,67.98999786376953,68.38999938964844,67.94999694824219,68.25,0
2026-06-13 15:00:00+00:00,68.25,68.66999816894531,68.13999938964844,68.56999969482422,0
2026-06-13 16:00:00+00:00,68.58000183105469,68.58000183105469,67.79000091552734,68.05000305175781,0
2026-06-13 17:00:00+00:00,68.05999755859375,68.23999786376953,67.81999969482422,67.95999908447266,0
2026-06-13 18:00:00+00:00,67.95999908447266,68.33999633789062,67.93000030517578,68.08999633789062,0
2026-06-13 19:00:00+00:00,68.08000183105469,68.37000274658203,67.98999786376953,68.19999694824219,0
2026-06-13 20:00:00+00:00,68.19000244140625,68.26000213623047,68.02999877929688,68.25,0
2026-06-13 21:00:00+00:00,68.26000213623047,69.51000213623047,68.20999908447266,69.23999786376953,87845248
2026-06-13 22:00:00+00:00,69.2300033569336,69.23999786376953,68.86000061035156,68.87000274658203,38451200
2026-06-13 23:00:00+00:00,68.8499984741211,69.1500015258789,68.76000213623047,68.9000015258789,10105472
2026-06-14 00:00:00+00:00,68.88999938964844,68.88999938964844,68.62000274658203,68.73999786376953,0
2026-06-14 01:00:00+00:00,68.73999786376953,69.05999755859375,68.62000274658203,68.80000305175781,1417856
2026-06-14 02:00:00+00:00,68.77999877929688,69.05000305175781,68.69000244140625,68.80999755859375,0
2026-06-14 03:00:00+00:00,68.80000305175781,69.0,68.7300033569336,68.94999694824219,0
2026-06-14 04:00:00+00:00,68.91999816894531,68.98999786376953,68.41000366210938,68.48999786376953,16917632
2026-06-14 05:00:00+00:00,68.51000213623047,68.55999755859375,68.0,68.20999908447266,76197888
2026-06-14 06:00:00+00:00,68.2300033569336,68.45999908447266,68.06999969482422,68.16000366210938,10772736
2026-06-14 07:00:00+00:00,68.19000244140625,68.22000122070312,68.01000213623047,68.19000244140625,0
2026-06-14 08:00:00+00:00,68.18000030517578,68.33000183105469,68.06999969482422,68.22000122070312,0
2026-06-14 09:00:00+00:00,68.19999694824219,68.45999908447266,67.87999725341797,68.44000244140625,750848
2026-06-14 10:00:00+00:00,68.43000030517578,68.47000122070312,68.12000274658203,68.12000274658203,0
2026-06-14 11:00:00+00:00,68.11000061035156,68.30000305175781,67.9800033569336,68.05999755859375,0
2026-06-14 12:00:00+00:00,68.08000183105469,68.12999725341797,67.66999816894531,67.7300033569336,0
2026-06-14 13:00:00+00:00,67.75,67.83000183105469,67.4800033569336,67.70999908447266,0
2026-06-14 14:00:00+00:00,67.70999908447266,67.79000091552734,66.91999816894531,67.2300033569336,24371968
2026-06-14 15:00:00+00:00,67.23999786376953,67.51000213623047,67.23999786376953,67.38999938964844,0
2026-06-14 16:00:00+00:00,67.37999725341797,67.69999694824219,67.37999725341797,67.44999694824219,0
2026-06-14 17:00:00+00:00,67.44000244140625,67.69000244140625,67.26000213623047,67.30000305175781,0
2026-06-14 18:00:00+00:00,67.31999969482422,67.44999694824219,67.16999816894531,67.37999725341797,0
2026-06-14 19:00:00+00:00,67.37999725341797,67.70999908447266,67.30000305175781,67.51000213623047,0
2026-06-14 20:00:00+00:00,67.52999877929688,68.0199966430664,67.41000366210938,67.76000213623047,11075072
2026-06-14 21:00:00+00:00,67.79000091552734,70.5,67.76000213623047,70.11000061035156,103768704
2026-06-14 22:00:00+00:00,70.31999969482422,70.58999633789062,69.69000244140625,70.41000366210938,94788096
2026-06-14 23:00:00+00:00,70.41999816894531,71.23999786376953,70.12000274658203,71.23999786376953,99838720
2026-06-15 00:00:00+00:00,71.23999786376953,71.66999816894531,70.9000015258789,71.0999984741211,110435584
2026-06-15 01:00:00+00:00,71.08999633789062,71.30999755859375,70.66000366210938,70.9800033569336,41684608
2026-06-15 02:00:00+00:00,70.9800033569336,71.54000091552734,70.87999725341797,70.94999694824219,28230400
2026-06-15 03:00:00+00:00,70.94999694824219,71.31999969482422,70.87999725341797,71.20999908447266,32287744
2026-06-15 04:00:00+00:00,71.19000244140625,71.23999786376953,70.86000061035156,70.88999938964844,0
2026-06-15 05:00:00+00:00,70.87999725341797,71.2699966430664,70.77999877929688,71.16999816894531,0
2026-06-15 06:00:00+00:00,71.16000366210938,71.44999694824219,71.06999969482422,71.29000091552734,2176256
2026-06-15 07:00:00+00:00,71.30999755859375,71.45999908447266,71.08999633789062,71.22000122070312,32027648
2026-06-15 08:00:00+00:00,71.23999786376953,71.55999755859375,71.13999938964844,71.23999786376953,48053632
2026-06-15 09:00:00+00:00,71.26000213623047,71.43000030517578,70.79000091552734,71.18000030517578,25760384
2026-06-15 10:00:00+00:00,71.18000030517578,72.05999755859375,71.1500015258789,71.83000183105469,41866752
2026-06-15 11:00:00+00:00,71.81999969482422,72.73999786376953,71.62000274658203,72.56999969482422,197082496
2026-06-15 12:00:00+00:00,72.58999633789062,72.95999908447266,72.30999755859375,72.80000305175781,87358976
2026-06-15 13:00:00+00:00,72.80999755859375,74.19000244140625,72.69000244140625,73.58999633789062,199765760
2026-06-15 14:00:00+00:00,73.61000061035156,73.93000030517578,73.16000366210938,73.7699966430664,60413440
2026-06-15 15:00:00+00:00,73.73999786376953,75.19999694824219,73.73999786376953,75.19999694824219,146498304
2026-06-15 16:00:00+00:00,75.19999694824219,76.02999877929688,74.94000244140625,75.44000244140625,198185728
2026-06-15 17:00:00+00:00,75.44000244140625,75.44000244140625,74.62999725341797,75.23999786376953,151027968
2026-06-15 18:00:00+00:00,75.26000213623047,75.66000366210938,75.06999969482422,75.2699966430664,77707264
2026-06-15 19:00:00+00:00,75.2300033569336,75.7699966430664,74.58999633789062,75.1500015258789,96139264
2026-06-15 20:00:00+00:00,75.18000030517578,75.41000366210938,74.75,74.9000015258789,43845120
2026-06-15 21:00:00+00:00,74.9000015258789,74.97000122070312,74.36000061035156,74.41000366210938,0
2026-06-15 22:00:00+00:00,74.41999816894531,74.55000305175781,73.5999984741211,73.7300033569336,0
2026-06-15 23:00:00+00:00,73.7300033569336,74.0199966430664,73.5999984741211,73.93000030517578,0
2026-06-16 00:00:00+00:00,73.93000030517578,74.3499984741211,73.80000305175781,73.9800033569336,0
2026-06-16 01:00:00+00:00,73.98999786376953,74.30000305175781,73.81999969482422,73.83000183105469,0
2026-06-16 02:00:00+00:00,73.8499984741211,73.8499984741211,72.79000091552734,72.98999786376953,37998080
2026-06-16 03:00:00+00:00,72.98999786376953,73.75,72.83000183105469,73.69000244140625,21550080
2026-06-16 04:00:00+00:00,73.70999908447266,73.87999725341797,73.1500015258789,73.33000183105469,14507520
2026-06-16 05:00:00+00:00,73.33000183105469,73.79000091552734,73.31999969482422,73.62000274658203,15969024
2026-06-16 06:00:00+00:00,73.6500015258789,74.23999786376953,73.63999938964844,74.13999938964844,19393280
2026-06-16 07:00:00+00:00,74.13999938964844,74.48999786376953,74.08000183105469,74.43000030517578,14976000
2026-06-16 08:00:00+00:00,74.41000366210938,75.55000305175781,74.30999755859375,75.33999633789062,32777728
2026-06-16 09:00:00+00:00,75.30000305175781,75.38999938964844,74.7699966430664,74.79000091552734,12712960
2026-06-16 10:00:00+00:00,74.80000305175781,75.05999755859375,74.62000274658203,74.6500015258789,0
2026-06-16 11:00:00+00:00,74.63999938964844,74.83000183105469,74.33999633789062,74.58999633789062,0
2026-06-16 12:00:00+00:00,74.62999725341797,75.4800033569336,74.43000030517578,74.87999725341797,0
2026-06-16 13:00:00+00:00,74.88999938964844,74.9000015258789,73.83999633789062,73.91999816894531,0
2026-06-16 14:00:00+00:00,73.93000030517578,74.2300033569336,72.30000305175781,72.91999816894531,56872960
2026-06-16 15:00:00+00:00,72.91999816894531,73.58999633789062,72.83999633789062,73.23999786376953,0
2026-06-16 16:00:00+00:00,73.23999786376953,73.44000244140625,72.94000244140625,73.01000213623047,0
2026-06-16 17:00:00+00:00,73.04000091552734,73.77999877929688,73.0,73.61000061035156,0
2026-06-16 18:00:00+00:00,73.63999938964844,74.25,73.5199966430664,73.94000244140625,17379840
2026-06-16 19:00:00+00:00,73.91999816894531,74.13999938964844,73.43000030517578,73.77999877929688,0
2026-06-16 20:00:00+00:00,73.7300033569336,74.18000030517578,73.61000061035156,74.08000183105469,0
2026-06-16 21:00:00+00:00,74.06999969482422,74.12000274658203,73.68000030517578,73.87000274658203,0
2026-06-16 22:00:00+00:00,73.87000274658203,74.0199966430664,73.54000091552734,73.7699966430664,0
2026-06-16 23:00:00+00:00,73.7699966430664,73.88999938964844,73.3499984741211,73.45999908447266,0
2026-06-17 00:00:00+00:00,73.45999908447266,73.72000122070312,73.26000213623047,73.30000305175781,0
2026-06-17 01:00:00+00:00,73.30000305175781,73.93000030517578,73.0999984741211,73.86000061035156,1211648
2026-06-17 02:00:00+00:00,73.87000274658203,74.37999725341797,73.62999725341797,73.9800033569336,0
2026-06-17 03:00:00+00:00,73.9800033569336,73.9800033569336,73.47000122070312,73.62999725341797,0
2026-06-17 04:00:00+00:00,73.6500015258789,74.01000213623047,73.52999877929688,73.7300033569336,0
2026-06-17 05:00:00+00:00,73.7699966430664,73.94000244140625,73.37999725341797,73.56999969482422,0
2026-06-17 06:00:00+00:00,73.61000061035156,73.76000213623047,73.13999938964844,73.3499984741211,0
2026-06-17 07:00:00+00:00,73.3499984741211,73.54000091552734,72.91999816894531,73.19000244140625,7458176
2026-06-17 08:00:00+00:00,73.19000244140625,73.20999908447266,72.08999633789062,72.27999877929688,15977088
2026-06-17 09:00:00+00:00,72.2699966430664,72.58999633789062,72.25,72.47000122070312,0
2026-06-17 10:00:00+00:00,72.4800033569336,72.61000061035156,72.05000305175781,72.08000183105469,0
2026-06-17 11:00:00+00:00,72.08000183105469,72.16000366210938,71.6500015258789,71.97000122070312,21364480
2026-06-17 12:00:00+00:00,72.01000213623047,72.27999877929688,71.54000091552734,72.27999877929688,0
2026-06-17 13:00:00+00:00,72.26000213623047,72.69999694824219,72.08000183105469,72.36000061035156,0
2026-06-17 14:00:00+00:00,72.30999755859375,72.61000061035156,71.79000091552734,72.31999969482422,0
2026-06-17 15:00:00+00:00,72.33999633789062,73.80999755859375,72.30999755859375,73.75,40271232
2026-06-17 16:00:00+00:00,73.77999877929688,74.58999633789062,73.66000366210938,73.69000244140625,68568576
2026-06-17 17:00:00+00:00,73.73999786376953,74.23999786376953,73.41000366210938,74.11000061035156,9251456
2026-06-17 18:00:00+00:00,73.80999755859375,74.2699966430664,72.1500015258789,73.45999908447266,201179904
2026-06-17 19:00:00+00:00,73.51000213623047,73.6500015258789,71.4000015258789,71.5999984741211,203784704
2026-06-17 20:00:00+00:00,71.62999725341797,72.18000030517578,71.5,72.13999938964844,61009408
2026-06-17 21:00:00+00:00,72.13999938964844,72.1500015258789,71.31999969482422,71.55999755859375,27301888
2026-06-17 22:00:00+00:00,71.55999755859375,71.87000274658203,70.79000091552734,71.6500015258789,45875456
2026-06-17 23:00:00+00:00,71.62999725341797,72.05999755859375,71.62999725341797,71.9800033569336,15911168
2026-06-18 00:00:00+00:00,72.01000213623047,72.41999816894531,71.95999908447266,72.1500015258789,2944000
2026-06-18 01:00:00+00:00,72.12999725341797,72.55999755859375,72.02999877929688,72.1500015258789,0
2026-06-18 02:00:00+00:00,72.16000366210938,72.58999633789062,72.04000091552734,72.45999908447266,0
2026-06-18 03:00:00+00:00,72.44000244140625,72.45999908447266,71.47000122070312,71.58000183105469,2595584
2026-06-18 04:00:00+00:00,71.58000183105469,71.6500015258789,70.83999633789062,70.98999786376953,23145472
2026-06-18 05:00:00+00:00,70.9800033569336,71.05999755859375,70.56999969482422,71.04000091552734,17555968
2026-06-18 06:00:00+00:00,71.05000305175781,71.33000183105469,70.91999816894531,71.26000213623047,0
2026-06-18 07:00:00+00:00,71.2699966430664,71.76000213623047,71.08000183105469,71.69999694824219,0
2026-06-18 08:00:00+00:00,71.72000122070312,72.0,71.55999755859375,71.79000091552734,0
2026-06-18 09:00:00+00:00,71.80000305175781,72.08999633789062,71.70999908447266,71.77999877929688,0
2026-06-18 10:00:00+00:00,71.79000091552734,71.79000091552734,71.02999877929688,71.33999633789062,17481472
2026-06-18 11:00:00+00:00,71.3499984741211,71.48999786376953,70.66000366210938,70.87000274658203,0
2026-06-18 12:00:00+00:00,70.9000015258789,71.54000091552734,70.81999969482422,71.4800033569336,0
2026-06-18 13:00:00+00:00,71.5,71.69999694824219,70.6500015258789,70.94999694824219,0
2026-06-18 14:00:00+00:00,70.9800033569336,71.58000183105469,70.62999725341797,70.9800033569336,5807872
2026-06-18 15:00:00+00:00,70.93000030517578,70.94999694824219,68.29000091552734,68.3499984741211,204047872
2026-06-18 16:00:00+00:00,68.30000305175781,69.04000091552734,68.30000305175781,68.95999908447266,78880000
2026-06-18 17:00:00+00:00,69.01000213623047,69.05000305175781,68.4000015258789,68.54000091552734,30362624
2026-06-18 18:00:00+00:00,68.55999755859375,68.87999725341797,68.16000366210938,68.55999755859375,0
2026-06-18 19:00:00+00:00,68.55999755859375,69.44000244140625,68.47000122070312,69.30000305175781,0
2026-06-18 20:00:00+00:00,69.33000183105469,69.87000274658203,69.33000183105469,69.7300033569336,0
2026-06-18 21:00:00+00:00,69.7300033569336,69.80999755859375,69.33000183105469,69.51000213623047,0
2026-06-18 22:00:00+00:00,69.44000244140625,69.5999984741211,69.19000244140625,69.44000244140625,0
2026-06-18 23:00:00+00:00,69.4000015258789,69.69999694824219,69.19999694824219,69.62999725341797,0
2026-06-19 00:00:00+00:00,69.62999725341797,69.80999755859375,69.4800033569336,69.72000122070312,0
2026-06-19 01:00:00+00:00,69.72000122070312,69.93000030517578,69.45999908447266,69.86000061035156,4355072
2026-06-19 02:00:00+00:00,69.86000061035156,70.0,69.33000183105469,69.56999969482422,0
2026-06-19 03:00:00+00:00,69.58999633789062,69.66000366210938,68.56999969482422,68.9800033569336,58230016
2026-06-19 04:00:00+00:00,68.9800033569336,69.19999694824219,68.13999938964844,68.25,15131392
2026-06-19 05:00:00+00:00,68.30000305175781,68.66999816894531,68.26000213623047,68.63999938964844,3285760
2026-06-19 06:00:00+00:00,68.62000274658203,68.7699966430664,68.41000366210938,68.69000244140625,35984384
2026-06-19 07:00:00+00:00,68.66999816894531,68.70999908447266,67.91000366210938,68.30999755859375,25509120
2026-06-19 08:00:00+00:00,68.2699966430664,68.68000030517578,68.1500015258789,68.58999633789062,11993600
2026-06-19 09:00:00+00:00,68.62000274658203,68.66999816894531,68.1500015258789,68.23999786376953,16507392
2026-06-19 10:00:00+00:00,68.2699966430664,68.38999938964844,67.98999786376953,68.25,0
2026-06-19 11:00:00+00:00,68.23999786376953,68.41000366210938,68.04000091552734,68.19000244140625,0
2026-06-19 12:00:00+00:00,68.19999694824219,68.63999938964844,67.87000274658203,68.55000305175781,23041280
2026-06-19 13:00:00+00:00,68.56999969482422,69.47000122070312,68.33999633789062,69.22000122070312,36361728
2026-06-19 14:00:00+00:00,69.2300033569336,69.41000366210938,68.7699966430664,69.08000183105469,0
2026-06-19 15:00:00+00:00,69.05999755859375,69.45999908447266,68.87000274658203,69.26000213623047,0
2026-06-19 16:00:00+00:00,69.26000213623047,69.48999786376953,68.63999938964844,68.6500015258789,0
2026-06-19 17:00:00+00:00,68.66999816894531,69.44999694824219,68.5999984741211,69.26000213623047,0
2026-06-19 18:00:00+00:00,69.26000213623047,69.30000305175781,68.75,68.98999786376953,0
2026-06-19 19:00:00+00:00,68.98999786376953,69.08000183105469,68.7300033569336,68.88999938964844,0
2026-06-19 20:00:00+00:00,68.91000366210938,69.22000122070312,68.66999816894531,69.19000244140625,0
2026-06-19 21:00:00+00:00,69.16000366210938,69.2300033569336,68.8499984741211,68.94000244140625,0
2026-06-19 22:00:00+00:00,68.93000030517578,69.37999725341797,68.93000030517578,69.3499984741211,0
2026-06-19 23:00:00+00:00,69.36000061035156,69.80000305175781,69.16999816894531,69.68000030517578,15802240
2026-06-20 00:00:00+00:00,69.6500015258789,70.02999877929688,69.55000305175781,69.56999969482422,14710144
2026-06-20 01:00:00+00:00,69.56999969482422,69.88999938964844,69.4800033569336,69.75,0
2026-06-20 02:00:00+00:00,69.70999908447266,69.80000305175781,69.43000030517578,69.56999969482422,0
2026-06-20 03:00:00+00:00,69.58999633789062,70.04000091552734,69.56999969482422,69.93000030517578,0
2026-06-20 04:00:00+00:00,69.93000030517578,71.0199966430664,69.83000183105469,70.77999877929688,0
2026-06-20 05:00:00+00:00,70.81999969482422,72.38999938964844,70.66999816894531,71.7300033569336,77736576
2026-06-20 06:00:00+00:00,71.7699966430664,72.30000305175781,71.6500015258789,72.05999755859375,13019136
2026-06-20 07:00:00+00:00,72.05999755859375,72.05999755859375,71.41000366210938,71.5199966430664,0
2026-06-20 08:00:00+00:00,71.5199966430664,71.56999969482422,71.20999908447266,71.2699966430664,0
2026-06-20 09:00:00+00:00,71.29000091552734,71.55999755859375,71.1500015258789,71.48999786376953,0
2026-06-20 10:00:00+00:00,71.5,71.63999938964844,71.3499984741211,71.61000061035156,0
2026-06-20 11:00:00+00:00,71.63999938964844,72.01000213623047,71.37999725341797,71.70999908447266,0
2026-06-20 12:00:00+00:00,71.72000122070312,71.87000274658203,71.36000061035156,71.48999786376953,0
2026-06-20 13:00:00+00:00,71.45999908447266,71.5199966430664,70.69000244140625,71.16000366210938,0
2026-06-20 14:00:00+00:00,71.0999984741211,72.01000213623047,70.43000030517578,71.88999938964844,28191488
2026-06-20 15:00:00+00:00,71.9000015258789,72.5199966430664,71.56999969482422,71.93000030517578,168088704
2026-06-20 16:00:00+00:00,71.95999908447266,71.97000122070312,71.26000213623047,71.5999984741211,20201728
2026-06-20 17:00:00+00:00,71.61000061035156,71.61000061035156,71.0199966430664,71.4800033569336,0
2026-06-20 18:00:00+00:00,71.48999786376953,71.88999938964844,71.45999908447266,71.68000030517578,20051968
2026-06-20 19:00:00+00:00,71.6500015258789,71.83999633789062,71.54000091552734,71.7699966430664,11529344
2026-06-20 20:00:00+00:00,71.77999877929688,71.97000122070312,71.63999938964844,71.94999694824219,0
2026-06-20 21:00:00+00:00,71.94999694824219,72.37000274658203,71.87999725341797,72.33000183105469,12282368
2026-06-20 22:00:00+00:00,72.30000305175781,74.19000244140625,72.29000091552734,73.4800033569336,163765120
2026-06-20 23:00:00+00:00,73.47000122070312,73.55000305175781,73.12999725341797,73.13999938964844,24176384
2026-06-21 00:00:00+00:00,73.16000366210938,73.19999694824219,72.94000244140625,73.12999725341797,0
2026-06-21 01:00:00+00:00,73.12000274658203,73.19999694824219,72.80000305175781,73.11000061035156,15851520
2026-06-21 02:00:00+00:00,73.08999633789062,73.30000305175781,73.0,73.25,0
2026-06-21 03:00:00+00:00,73.26000213623047,73.77999877929688,73.05000305175781,73.55999755859375,44137984
2026-06-21 04:00:00+00:00,73.54000091552734,73.75,73.27999877929688,73.37000274658203,0
2026-06-21 05:00:00+00:00,73.37000274658203,73.43000030517578,72.93000030517578,73.0,0
2026-06-21 06:00:00+00:00,73.01000213623047,73.27999877929688,72.95999908447266,73.16000366210938,0
2026-06-21 07:00:00+00:00,73.16000366210938,73.36000061035156,73.02999877929688,73.12000274658203,35223680
2026-06-21 08:00:00+00:00,73.12999725341797,73.16000366210938,72.66000366210938,73.06999969482422,8759424
2026-06-21 09:00:00+00:00,73.06999969482422,74.0,73.0,73.94000244140625,50857728
2026-06-21 10:00:00+00:00,73.94999694824219,74.30000305175781,73.80000305175781,73.80999755859375,48354816
2026-06-21 11:00:00+00:00,73.80999755859375,73.91999816894531,72.95999908447266,73.08999633789062,17942528
2026-06-21 12:00:00+00:00,73.12000274658203,73.58999633789062,72.8499984741211,73.55000305175781,47494528
2026-06-21 13:00:00+00:00,73.55000305175781,73.86000061035156,73.37000274658203,73.83000183105469,19238016
2026-06-21 14:00:00+00:00,73.80000305175781,74.05000305175781,73.56999969482422,74.0199966430664,0
2026-06-21 15:00:00+00:00,73.98999786376953,74.19999694824219,73.83999633789062,74.05999755859375,0
2026-06-21 16:00:00+00:00,74.04000091552734,74.51000213623047,73.72000122070312,74.26000213623047,0
2026-06-21 17:00:00+00:00,74.25,74.55000305175781,73.97000122070312,74.16999816894531,35280000
2026-06-21 18:00:00+00:00,74.16000366210938,74.33000183105469,73.80999755859375,74.12000274658203,16385408
2026-06-21 19:00:00+00:00,74.11000061035156,74.37000274658203,74.0199966430664,74.33999633789062,0
2026-06-21 20:00:00+00:00,74.31999969482422,74.44999694824219,73.27999877929688,73.3499984741211,27153152
2026-06-21 21:00:00+00:00,73.33999633789062,73.37000274658203,72.37999725341797,73.05999755859375,91369088
2026-06-21 22:00:00+00:00,72.86000061035156,73.16999816894531,72.55000305175781,72.9800033569336,0
2026-06-21 23:00:00+00:00,72.93000030517578,73.0199966430664,72.23999786376953,72.37999725341797,20646016
2026-06-22 00:00:00+00:00,72.37000274658203,73.43000030517578,72.37000274658203,73.2699966430664,37888768
2026-06-22 01:00:00+00:00,73.33000183105469,74.83999633789062,73.16999816894531,74.27999877929688,118076160
2026-06-22 02:00:00+00:00,74.3499984741211,74.3499984741211,73.68000030517578,73.7300033569336,45257600
2026-06-22 03:00:00+00:00,73.73999786376953,73.94999694824219,73.22000122070312,73.44000244140625,0
2026-06-22 04:00:00+00:00,73.41999816894531,73.80999755859375,73.2699966430664,73.77999877929688,30564096
2026-06-22 05:00:00+00:00,73.76000213623047,74.05000305175781,73.70999908447266,73.86000061035156,11922176
2026-06-22 06:00:00+00:00,73.88999938964844,74.08000183105469,73.45999908447266,73.61000061035156,9555968
2026-06-22 07:00:00+00:00,73.62000274658203,74.3499984741211,73.58999633789062,74.0199966430664,0
2026-06-22 08:00:00+00:00,74.04000091552734,74.22000122070312,73.63999938964844,73.81999969482422,5812480
2026-06-22 09:00:00+00:00,73.81999969482422,73.94000244140625,73.5,73.72000122070312,0
2026-06-22 10:00:00+00:00,73.69999694824219,73.94999694824219,73.51000213623047,73.69999694824219,0
2026-06-22 11:00:00+00:00,73.72000122070312,74.3499984741211,73.58000183105469,74.0999984741211,95293184
2026-06-22 12:00:00+00:00,74.12000274658203,74.4800033569336,73.95999908447266,74.33000183105469,43749888
2026-06-22 13:00:00+00:00,74.3499984741211,74.9000015258789,74.16999816894531,74.88999938964844,83081984
2026-06-22 14:00:00+00:00,74.91000366210938,74.91000366210938,73.1500015258789,73.37000274658203,83232256
2026-06-22 15:00:00+00:00,73.37999725341797,73.70999908447266,72.91000366210938,73.05999755859375,67197440
2026-06-22 16:00:00+00:00,73.08999633789062,73.12000274658203,72.5,72.87000274658203,41751296
2026-06-22 17:00:00+00:00,72.87000274658203,73.25,72.55999755859375,73.19999694824219,0
2026-06-22 18:00:00+00:00,73.19000244140625,73.4800033569336,72.5199966430664,72.54000091552734,7086080
2026-06-22 19:00:00+00:00,72.55000305175781,72.72000122070312,72.37999725341797,72.68000030517578,17546752
2026-06-22 20:00:00+00:00,72.62999725341797,72.87000274658203,72.41000366210938,72.73999786376953,0
2026-06-22 21:00:00+00:00,72.7300033569336,72.80000305175781,72.19999694824219,72.63999938964844,0
2026-06-22 22:00:00+00:00,72.6500015258789,72.86000061035156,71.51000213623047,72.02999877929688,38988800
2026-06-22 23:00:00+00:00,72.0,72.08999633789062,71.75,71.87999725341797,0
2026-06-23 00:00:00+00:00,71.81999969482422,71.93000030517578,71.37999725341797,71.80000305175781,0
2026-06-23 01:00:00+00:00,71.80999755859375,71.95999908447266,71.26000213623047,71.6500015258789,0
2026-06-23 02:00:00+00:00,71.62999725341797,71.97000122070312,71.47000122070312,71.91999816894531,0
2026-06-23 03:00:00+00:00,71.91000366210938,71.93000030517578,71.63999938964844,71.91000366210938,0
2026-06-23 04:00:00+00:00,71.9000015258789,71.94000244140625,71.31999969482422,71.36000061035156,0
2026-06-23 05:00:00+00:00,71.37000274658203,71.51000213623047,70.8499984741211,70.94000244140625,25631488
2026-06-23 06:00:00+00:00,70.95999908447266,70.9800033569336,69.61000061035156,70.23999786376953,142839808
2026-06-23 07:00:00+00:00,70.22000122070312,70.4800033569336,69.9000015258789,69.9000015258789,20747776
2026-06-23 08:00:00+00:00,69.94000244140625,70.02999877929688,68.11000061035156,68.62000274658203,189326336
2026-06-23 09:00:00+00:00,68.6500015258789,68.95999908447266,68.62000274658203,68.83000183105469,38414080
2026-06-23 10:00:00+00:00,68.8499984741211,69.12000274658203,68.55000305175781,68.7300033569336,14906880
2026-06-23 11:00:00+00:00,68.75,69.25,68.73999786376953,69.22000122070312,0
2026-06-23 12:00:00+00:00,69.16000366210938,69.29000091552734,68.80999755859375,68.88999938964844,0
2026-06-23 13:00:00+00:00,68.91000366210938,69.25,68.56999969482422,69.12999725341797,0
2026-06-23 14:00:00+00:00,69.11000061035156,69.5999984741211,68.9800033569336,69.11000061035156,0
2026-06-23 15:00:00+00:00,69.05999755859375,69.12000274658203,68.31999969482422,68.83000183105469,0
2026-06-23 16:00:00+00:00,68.81999969482422,69.30999755859375,68.72000122070312,68.83000183105469,0
2026-06-23 17:00:00+00:00,68.80000305175781,69.0999984741211,68.55999755859375,68.69000244140625,0
2026-06-23 18:00:00+00:00,68.68000030517578,68.97000122070312,68.5999984741211,68.81999969482422,0
2026-06-23 19:00:00+00:00,68.80000305175781,69.02999877929688,68.6500015258789,68.77999877929688,0
2026-06-23 20:00:00+00:00,68.77999877929688,68.97000122070312,68.76000213623047,68.93000030517578,0
2026-06-23 21:00:00+00:00,68.93000030517578,69.2300033569336,68.87999725341797,69.19999694824219,0
2026-06-23 22:00:00+00:00,69.19000244140625,69.75,69.16000366210938,69.4800033569336,0
2026-06-23 23:00:00+00:00,69.44999694824219,69.72000122070312,69.22000122070312,69.5999984741211,0
2026-06-24 00:00:00+00:00,69.61000061035156,70.05000305175781,69.51000213623047,69.9000015258789,0
2026-06-24 01:00:00+00:00,69.91999816894531,70.30999755859375,69.58999633789062,69.9800033569336,17078144
2026-06-24 02:00:00+00:00,70.0,70.05999755859375,69.33999633789062,69.37000274658203,9667200
2026-06-24 03:00:00+00:00,69.37999725341797,69.68000030517578,69.01000213623047,69.4800033569336,132058752
2026-06-24 04:00:00+00:00,69.5199966430664,69.5999984741211,68.93000030517578,69.5,8324864
2026-06-24 05:00:00+00:00,69.48999786376953,70.12999725341797,69.41999816894531,69.8499984741211,0
2026-06-24 06:00:00+00:00,69.83999633789062,69.94999694824219,69.61000061035156,69.6500015258789,0
2026-06-24 07:00:00+00:00,69.6500015258789,69.69000244140625,69.18000030517578,69.29000091552734,0
2026-06-24 08:00:00+00:00,69.27999877929688,69.54000091552734,69.16000366210938,69.37000274658203,0
2026-06-24 09:00:00+00:00,69.38999938964844,69.44999694824219,69.11000061035156,69.22000122070312,0
2026-06-24 10:00:00+00:00,69.22000122070312,69.23999786376953,68.87000274658203,68.9800033569336,80401920
2026-06-24 11:00:00+00:00,68.95999908447266,70.2699966430664,68.69000244140625,69.7300033569336,16600576
2026-06-24 12:00:00+00:00,69.7300033569336,69.81999969482422,69.33999633789062,69.36000061035156,0
2026-06-24 13:00:00+00:00,69.36000061035156,69.4000015258789,68.27999877929688,68.77999877929688,87429632
2026-06-24 14:00:00+00:00,68.73999786376953,69.2699966430664,68.5,68.76000213623047,61655168
2026-06-24 15:00:00+00:00,68.72000122070312,68.7699966430664,67.16000366210938,67.23999786376953,66212992
2026-06-24 16:00:00+00:00,67.20999908447266,67.91000366210938,66.20999908447266,66.45999908447266,257529856
2026-06-24 17:00:00+00:00,66.47000122070312,66.83000183105469,64.62999725341797,64.87999725341797,302378496
2026-06-24 18:00:00+00:00,64.87999725341797,66.4000015258789,64.73999786376953,65.94000244140625,165517312
2026-06-24 19:00:00+00:00,65.9800033569336,66.2699966430664,65.47000122070312,66.04000091552734,119457792
2026-06-24 20:00:00+00:00,66.02999877929688,67.9000015258789,65.88999938964844,67.55999755859375,214119424
2026-06-24 21:00:00+00:00,67.5999984741211,68.01000213623047,67.12000274658203,68.01000213623047,80752384
2026-06-24 22:00:00+00:00,67.97000122070312,68.37999725341797,67.5999984741211,67.7300033569336,27742720
2026-06-24 23:00:00+00:00,67.72000122070312,68.08000183105469,67.6500015258789,67.9800033569336,1801472
2026-06-25 00:00:00+00:00,68.0,68.19000244140625,67.5,67.5999984741211,0
2026-06-25 01:00:00+00:00,67.58999633789062,67.88999938964844,67.27999877929688,67.7699966430664,0
2026-06-25 02:00:00+00:00,67.77999877929688,67.83000183105469,67.51000213623047,67.62999725341797,0
2026-06-25 03:00:00+00:00,67.6500015258789,67.75,67.38999938964844,67.56999969482422,0
2026-06-25 04:00:00+00:00,67.5999984741211,68.41000366210938,67.37999725341797,68.3499984741211,13095168
2026-06-25 05:00:00+00:00,68.33999633789062,69.19000244140625,68.26000213623047,68.91000366210938,115171072
2026-06-25 06:00:00+00:00,68.93000030517578,69.5199966430664,68.91000366210938,69.37000274658203,65392640
2026-06-25 07:00:00+00:00,69.38999938964844,69.45999908447266,69.12999725341797,69.33000183105469,22051840
2026-06-25 08:00:00+00:00,69.33999633789062,69.33999633789062,68.9000015258789,68.93000030517578,6961664
2026-06-25 09:00:00+00:00,68.95999908447266,69.08999633789062,68.69999694824219,68.72000122070312,0
2026-06-25 10:00:00+00:00,68.72000122070312,68.7699966430664,68.05999755859375,68.20999908447266,17245696
2026-06-25 11:00:00+00:00,68.20999908447266,68.33000183105469,67.91000366210938,68.08000183105469,0
2026-06-25 12:00:00+00:00,68.08000183105469,68.68000030517578,67.70999908447266,68.18000030517578,67508736
2026-06-25 13:00:00+00:00,68.37000274658203,68.37000274658203,63.939998626708984,63.939998626708984,87648768
2026-06-25 14:00:00+00:00,64.16999816894531,67.0,64.16999816894531,66.25,399757568
2026-06-25 15:00:00+00:00,66.26000213623047,66.26000213623047,65.1500015258789,66.22000122070312,69375232
2026-06-25 16:00:00+00:00,66.25,66.91999816894531,65.55999755859375,65.88999938964844,0
2026-06-25 17:00:00+00:00,65.91000366210938,67.25,65.7300033569336,67.01000213623047,0
2026-06-25 18:00:00+00:00,66.98999786376953,67.04000091552734,65.81999969482422,66.08000183105469,0
2026-06-25 19:00:00+00:00,66.08999633789062,66.11000061035156,65.58999633789062,66.11000061035156,0
2026-06-25 20:00:00+00:00,66.12000274658203,66.69999694824219,65.98999786376953,66.16999816894531,0
2026-06-25 21:00:00+00:00,66.16999816894531,67.19999694824219,66.16999816894531,67.19999694824219,0
2026-06-25 22:00:00+00:00,67.16000366210938,67.2300033569336,66.86000061035156,67.05000305175781,0
2026-06-25 23:00:00+00:00,67.05999755859375,68.69000244140625,66.91000366210938,67.58999633789062,113900544
2026-06-26 00:00:00+00:00,67.62999725341797,68.0,67.54000091552734,67.63999938964844,10361344
2026-06-26 01:00:00+00:00,67.6500015258789,67.80000305175781,67.04000091552734,67.20999908447266,25090816
2026-06-26 02:00:00+00:00,67.25,67.26000213623047,65.83999633789062,66.11000061035156,122324736
2026-06-26 03:00:00+00:00,66.12000274658203,68.4000015258789,65.87000274658203,68.0999984741211,207332864
2026-06-26 04:00:00+00:00,68.12000274658203,68.25,67.87000274658203,67.95999908447266,76288000
2026-06-26 05:00:00+00:00,67.98999786376953,68.3499984741211,67.87999725341797,68.2699966430664,0
2026-06-26 06:00:00+00:00,68.19999694824219,69.88999938964844,67.91000366210938,69.88999938964844,166299392
2026-06-26 07:00:00+00:00,69.9000015258789,70.86000061035156,69.83000183105469,70.69000244140625,227137792
2026-06-26 08:00:00+00:00,70.66999816894531,70.7699966430664,69.62000274658203,69.83000183105469,100265728
2026-06-26 09:00:00+00:00,69.83000183105469,69.83000183105469,68.72000122070312,68.88999938964844,89327104
2026-06-26 10:00:00+00:00,68.88999938964844,69.13999938964844,68.54000091552734,68.66999816894531,8178688
2026-06-26 11:00:00+00:00,68.69000244140625,68.95999908447266,68.30000305175781,68.5,0
2026-06-26 12:00:00+00:00,68.51000213623047,69.62000274658203,68.30999755859375,68.75,7200256
2026-06-26 13:00:00+00:00,68.80000305175781,70.83000183105469,68.20999908447266,70.58999633789062,0
2026-06-26 14:00:00+00:00,70.56999969482422,71.8499984741211,70.1500015258789,70.33999633789062,0
2026-06-26 15:00:00+00:00,70.37000274658203,72.12000274658203,70.22000122070312,71.97000122070312,39006464
2026-06-26 16:00:00+00:00,72.0,73.30999755859375,71.94999694824219,72.37999725341797,152709376
2026-06-26 17:00:00+00:00,72.31999969482422,72.77999877929688,72.08000183105469,72.47000122070312,0
2026-06-26 18:00:00+00:00,72.47000122070312,72.9800033569336,72.29000091552734,72.48999786376953,0
2026-06-26 19:00:00+00:00,72.44000244140625,73.81999969482422,72.37999725341797,73.06999969482422,90536448
2026-06-26 20:00:00+00:00,72.94000244140625,73.48999786376953,72.0,72.05999755859375,127263744
2026-06-26 21:00:00+00:00,72.05000305175781,72.27999877929688,71.69999694824219,71.87999725341797,42895872
2026-06-26 22:00:00+00:00,71.87000274658203,71.9800033569336,71.37000274658203,71.7300033569336,10411008
2026-06-26 23:00:00+00:00,71.70999908447266,71.91999816894531,71.56999969482422,71.79000091552734,0
2026-06-27 00:00:00+00:00,71.77999877929688,72.36000061035156,71.51000213623047,71.72000122070312,0
2026-06-27 01:00:00+00:00,71.72000122070312,71.72000122070312,71.26000213623047,71.33000183105469,0
2026-06-27 02:00:00+00:00,71.30999755859375,72.13999938964844,71.26000213623047,72.01000213623047,0
2026-06-27 03:00:00+00:00,71.97000122070312,72.29000091552734,71.70999908447266,72.1500015258789,0
2026-06-27 04:00:00+00:00,72.13999938964844,72.4800033569336,71.77999877929688,71.81999969482422,0
2026-06-27 05:00:00+00:00,71.81999969482422,71.91999816894531,71.4000015258789,71.69000244140625,4613120
2026-06-27 06:00:00+00:00,71.69999694824219,72.20999908447266,71.5,72.01000213623047,0
2026-06-27 07:00:00+00:00,72.0199966430664,72.23999786376953,71.88999938964844,72.19999694824219,0
2026-06-27 08:00:00+00:00,72.19999694824219,72.19999694824219,71.77999877929688,71.93000030517578,0
2026-06-27 09:00:00+00:00,71.93000030517578,71.98999786376953,71.61000061035156,71.76000213623047,0
2026-06-27 10:00:00+00:00,71.73999786376953,71.94999694824219,71.72000122070312,71.91999816894531,0
2026-06-27 11:00:00+00:00,71.91999816894531,71.9800033569336,71.41999816894531,71.69999694824219,0
2026-06-27 12:00:00+00:00,71.66999816894531,72.06999969482422,71.54000091552734,72.05999755859375,0
2026-06-27 13:00:00+00:00,72.05000305175781,72.44999694824219,72.01000213623047,72.23999786376953,0
2026-06-27 14:00:00+00:00,72.23999786376953,72.77999877929688,72.11000061035156,72.5999984741211,0
2026-06-27 15:00:00+00:00,72.61000061035156,73.06999969482422,72.5,72.70999908447266,0
2026-06-27 16:00:00+00:00,72.72000122070312,72.87999725341797,72.5199966430664,72.52999877929688,0
2026-06-27 17:00:00+00:00,72.5199966430664,72.5199966430664,71.80999755859375,71.94000244140625,0
2026-06-27 18:00:00+00:00,71.93000030517578,72.05000305175781,71.63999938964844,71.79000091552734,0
2026-06-27 19:00:00+00:00,71.79000091552734,71.88999938964844,70.8499984741211,70.98999786376953,0
2026-06-27 20:00:00+00:00,70.98999786376953,71.23999786376953,70.9800033569336,71.16999816894531,0
2026-06-27 21:00:00+00:00,71.19999694824219,71.52999877929688,70.68000030517578,70.87000274658203,0
2026-06-27 22:00:00+00:00,70.79000091552734,70.98999786376953,70.19000244140625,70.97000122070312,6917248
2026-06-27 23:00:00+00:00,70.97000122070312,71.05000305175781,70.33000183105469,70.38999938964844,4088960
2026-06-28 00:00:00+00:00,70.38999938964844,70.72000122070312,70.36000061035156,70.5999984741211,0
2026-06-28 01:00:00+00:00,70.5999984741211,70.83000183105469,70.33999633789062,70.7300033569336,0
2026-06-28 02:00:00+00:00,70.7300033569336,70.91000366210938,70.38999938964844,70.62999725341797,0
2026-06-28 03:00:00+00:00,70.6500015258789,70.87999725341797,70.6500015258789,70.77999877929688,0
2026-06-28 04:00:00+00:00,70.76000213623047,70.87999725341797,70.45999908447266,70.66000366210938,0
2026-06-28 05:00:00+00:00,70.66999816894531,70.66999816894531,70.05999755859375,70.43000030517578,0
2026-06-28 06:00:00+00:00,70.43000030517578,70.47000122070312,70.06999969482422,70.3499984741211,0
2026-06-28 07:00:00+00:00,70.3499984741211,70.9800033569336,70.3499984741211,70.97000122070312,2017152
2026-06-28 08:00:00+00:00,70.9800033569336,72.06999969482422,70.95999908447266,71.80999755859375,61991296
2026-06-28 09:00:00+00:00,71.83999633789062,71.9000015258789,71.38999938964844,71.43000030517578,24137344
2026-06-28 10:00:00+00:00,71.44000244140625,71.5,71.02999877929688,71.37999725341797,22300672
2026-06-28 11:00:00+00:00,71.37000274658203,71.91999816894531,71.33000183105469,71.81999969482422,18617216
2026-06-28 12:00:00+00:00,71.80999755859375,72.16999816894531,71.55000305175781,71.80000305175781,5440384
2026-06-28 13:00:00+00:00,71.75,71.98999786376953,71.25,71.63999938964844,0
2026-06-28 14:00:00+00:00,71.66000366210938,72.06999969482422,71.55000305175781,71.55000305175781,0
2026-06-28 15:00:00+00:00,71.55999755859375,71.98999786376953,71.36000061035156,71.97000122070312,0
2026-06-28 16:00:00+00:00,71.91999816894531,72.0,71.08999633789062,71.47000122070312,39876608
2026-06-28 17:00:00+00:00,71.45999908447266,71.83000183105469,70.86000061035156,71.44000244140625,0
2026-06-28 18:00:00+00:00,71.44999694824219,71.62000274658203,70.88999938964844,71.06999969482422,0
2026-06-28 19:00:00+00:00,71.06999969482422,71.22000122070312,70.19999694824219,70.61000061035156,0
2026-06-28 20:00:00+00:00,70.61000061035156,71.16000366210938,70.55000305175781,70.79000091552734,35502464
2026-06-28 21:00:00+00:00,70.79000091552734,70.93000030517578,70.19000244140625,70.36000061035156,0
2026-06-28 22:00:00+00:00,70.41000366210938,71.30000305175781,69.73999786376953,70.1500015258789,54698752
2026-06-28 23:00:00+00:00,70.06999969482422,71.62999725341797,70.04000091552734,71.27999877929688,80574592
2026-06-29 00:00:00+00:00,71.2699966430664,71.58000183105469,70.26000213623047,71.54000091552734,64048768
2026-06-29 01:00:00+00:00,71.55000305175781,71.58000183105469,70.86000061035156,71.37000274658203,70151552
2026-06-29 02:00:00+00:00,71.3499984741211,72.0999984741211,70.44000244140625,72.06999969482422,90321792
2026-06-29 03:00:00+00:00,72.06999969482422,73.19000244140625,72.06999969482422,72.55999755859375,155431296
2026-06-29 04:00:00+00:00,72.54000091552734,72.55999755859375,71.52999877929688,71.58000183105469,41035776
2026-06-29 05:00:00+00:00,71.5999984741211,72.20999908447266,70.91000366210938,72.19000244140625,28467456
2026-06-29 06:00:00+00:00,72.22000122070312,72.97000122070312,72.0999984741211,72.2699966430664,73903360
2026-06-29 07:00:00+00:00,72.25,72.80000305175781,71.95999908447266,72.61000061035156,23860736
2026-06-29 08:00:00+00:00,72.58999633789062,72.9000015258789,72.29000091552734,72.62999725341797,0
2026-06-29 09:00:00+00:00,72.58999633789062,73.0199966430664,72.51000213623047,72.81999969482422,21864960
2026-06-29 10:00:00+00:00,72.86000061035156,73.55999755859375,72.8499984741211,73.13999938964844,58875136
2026-06-29 11:00:00+00:00,73.1500015258789,73.16000366210938,72.13999938964844,72.4800033569336,74665216
2026-06-29 12:00:00+00:00,72.43000030517578,74.36000061035156,72.0199966430664,73.41000366210938,306550016
2026-06-29 13:00:00+00:00,73.45999908447266,74.23999786376953,72.69000244140625,73.58000183105469,273453824
2026-06-29 14:00:00+00:00,73.62999725341797,73.73999786376953,72.22000122070312,73.58000183105469,277063936
2026-06-29 15:00:00+00:00,73.56999969482422,74.25,72.66000366210938,73.76000213623047,191660800
2026-06-29 16:00:00+00:00,73.80000305175781,74.02999877929688,72.7699966430664,73.91999816894531,59592448
2026-06-29 17:00:00+00:00,73.9000015258789,76.19000244140625,73.9000015258789,75.18000030517578,360960512
2026-06-29 18:00:00+00:00,75.18000030517578,75.69000244140625,75.05000305175781,75.48999786376953,89084672
2026-06-29 19:00:00+00:00,75.4800033569336,76.0999984741211,75.30000305175781,75.86000061035156,63776512
2026-06-29 20:00:00+00:00,75.87999725341797,75.87999725341797,75.16999816894531,75.26000213623047,10050304
2026-06-29 21:00:00+00:00,75.2699966430664,75.66000366210938,75.12000274658203,75.41999816894531,31404544
2026-06-29 22:00:00+00:00,75.4000015258789,75.54000091552734,75.0,75.16999816894531,0
2026-06-29 23:00:00+00:00,75.1500015258789,75.31999969482422,74.80999755859375,75.0199966430664,67328
2026-06-30 00:00:00+00:00,75.05000305175781,75.12000274658203,74.08000183105469,74.29000091552734,0
2026-06-30 01:00:00+00:00,74.33000183105469,74.55000305175781,73.95999908447266,74.29000091552734,0
2026-06-30 02:00:00+00:00,74.30000305175781,74.69000244140625,73.93000030517578,74.47000122070312,0
2026-06-30 03:00:00+00:00,74.48999786376953,74.7699966430664,74.0,74.06999969482422,0
2026-06-30 04:00:00+00:00,74.05000305175781,74.12999725341797,73.55999755859375,73.91000366210938,14900992
2026-06-30 05:00:00+00:00,73.9000015258789,74.11000061035156,73.72000122070312,74.11000061035156,0
2026-06-30 06:00:00+00:00,74.12000274658203,74.13999938964844,73.79000091552734,74.05000305175781,0
2026-06-30 07:00:00+00:00,74.05000305175781,74.12999725341797,73.75,74.04000091552734,0
2026-06-30 08:00:00+00:00,74.02999877929688,74.0999984741211,73.16999816894531,73.5,50535680
2026-06-30 09:00:00+00:00,73.48999786376953,73.7699966430664,73.43000030517578,73.69999694824219,12978432
2026-06-30 10:00:00+00:00,73.69999694824219,73.7699966430664,73.37999725341797,73.58000183105469,215059200
2026-06-30 11:00:00+00:00,73.56999969482422,73.63999938964844,73.22000122070312,73.27999877929688,0
2026-06-30 12:00:00+00:00,73.2699966430664,73.29000091552734,71.95999908447266,71.95999908447266,0
2026-06-30 13:00:00+00:00,72.01000213623047,72.80999755859375,71.80999755859375,72.76000213623047,0
2026-06-30 14:00:00+00:00,72.69999694824219,73.76000213623047,72.62000274658203,72.81999969482422,0
2026-06-30 15:00:00+00:00,72.81999969482422,73.91999816894531,72.4800033569336,73.0,0
2026-06-30 16:00:00+00:00,73.01000213623047,73.58999633789062,72.61000061035156,73.37999725341797,0
2026-06-30 17:00:00+00:00,73.41999816894531,73.7699966430664,73.05000305175781,73.06999969482422,0
2026-06-30 18:00:00+00:00,73.06999969482422,73.62999725341797,72.83999633789062,73.45999908447266,0
2026-06-30 19:00:00+00:00,73.44999694824219,73.83000183105469,73.23999786376953,73.62000274658203,0
2026-06-30 20:00:00+00:00,73.56999969482422,73.80999755859375,73.41000366210938,73.56999969482422,6104064
2026-06-30 21:00:00+00:00,73.56999969482422,73.66000366210938,73.11000061035156,73.37999725341797,0
2026-06-30 22:00:00+00:00,73.4000015258789,73.62000274658203,73.1500015258789,73.31999969482422,0
2026-06-30 23:00:00+00:00,73.30999755859375,73.58999633789062,73.19000244140625,73.55000305175781,0
2026-07-01 00:00:00+00:00,73.56999969482422,73.7300033569336,73.25,73.5199966430664,0
2026-07-01 01:00:00+00:00,73.52999877929688,74.20999908447266,72.19000244140625,73.83000183105469,89499648
2026-07-01 02:00:00+00:00,73.86000061035156,74.91000366210938,73.68000030517578,74.6500015258789,90156800
2026-07-01 03:00:00+00:00,74.70999908447266,75.55000305175781,74.23999786376953,75.37000274658203,125639168
2026-07-01 04:00:00+00:00,75.41999816894531,75.7300033569336,75.12999725341797,75.45999908447266,41647872
2026-07-01 05:00:00+00:00,75.44999694824219,75.66000366210938,75.02999877929688,75.12999725341797,28903936
2026-07-01 06:00:00+00:00,75.12000274658203,75.16000366210938,73.83000183105469,74.19999694824219,67172864
2026-07-01 07:00:00+00:00,74.25,74.83000183105469,73.98999786376953,74.77999877929688,60870912
2026-07-01 08:00:00+00:00,74.75,75.4000015258789,74.37000274658203,75.33999633789062,0
2026-07-01 09:00:00+00:00,75.33999633789062,75.4800033569336,74.97000122070312,75.3499984741211,45126912
2026-07-01 10:00:00+00:00,75.36000061035156,75.44999694824219,74.88999938964844,74.88999938964844,51479808
2026-07-01 11:00:00+00:00,74.91999816894531,75.22000122070312,74.55000305175781,74.73999786376953,38721536
2026-07-01 12:00:00+00:00,74.80999755859375,74.8499984741211,74.18000030517578,74.51000213623047,0
2026-07-01 13:00:00+00:00,74.51000213623047,76.04000091552734,74.51000213623047,75.98999786376953,0
2026-07-01 14:00:00+00:00,75.91000366210938,77.0999984741211,75.58999633789062,76.9000015258789,173056768
2026-07-01 15:00:00+00:00,76.88999938964844,77.63999938964844,76.77999877929688,77.36000061035156,48152064
2026-07-01 16:00:00+00:00,77.36000061035156,78.08000183105469,76.8499984741211,77.08999633789062,60153088
2026-07-01 17:00:00+00:00,77.11000061035156,77.87000274658203,76.79000091552734,77.69999694824219,40848640
2026-07-01 18:00:00+00:00,77.62999725341797,77.83000183105469,77.2300033569336,77.36000061035156,0
2026-07-01 19:00:00+00:00,77.33999633789062,77.58999633789062,76.7300033569336,76.91999816894531,4027136
2026-07-01 20:00:00+00:00,76.91000366210938,77.44000244140625,76.52999877929688,77.3499984741211,14483200
2026-07-01 21:00:00+00:00,77.33999633789062,78.58999633789062,77.33999633789062,78.36000061035156,86448640
2026-07-01 22:00:00+00:00,78.29000091552734,78.80999755859375,77.69999694824219,77.77999877929688,111738368
2026-07-01 23:00:00+00:00,77.75,77.80000305175781,77.19000244140625,77.36000061035156,78221312
2026-07-02 00:00:00+00:00,77.33000183105469,77.36000061035156,76.81999969482422,77.19000244140625,0
2026-07-02 01:00:00+00:00,77.19000244140625,78.58999633789062,77.1500015258789,78.12000274658203,0
2026-07-02 02:00:00+00:00,78.0999984741211,78.51000213623047,77.7300033569336,78.33999633789062,0
2026-07-02 03:00:00+00:00,78.36000061035156,78.86000061035156,77.8499984741211,78.62999725341797,0
2026-07-02 04:00:00+00:00,78.62000274658203,78.62000274658203,77.95999908447266,78.19999694824219,0
2026-07-02 05:00:00+00:00,78.19000244140625,78.26000213623047,77.69999694824219,78.0199966430664,0
2026-07-02 06:00:00+00:00,78.01000213623047,78.52999877929688,77.68000030517578,77.80999755859375,0
2026-07-02 07:00:00+00:00,77.80000305175781,78.08000183105469,77.5,77.87999725341797,0
2026-07-02 08:00:00+00:00,77.94000244140625,78.4000015258789,77.86000061035156,78.38999938964844,0
2026-07-02 09:00:00+00:00,78.38999938964844,79.63999938964844,78.19999694824219,79.37999725341797,106426880
2026-07-02 10:00:00+00:00,79.36000061035156,82.05000305175781,79.31999969482422,81.91000366210938,364525568
2026-07-02 11:00:00+00:00,81.8499984741211,82.6500015258789,81.43000030517578,82.33000183105469,376571136
2026-07-02 12:00:00+00:00,82.26000213623047,82.36000061035156,81.04000091552734,81.30999755859375,241802240
2026-07-02 13:00:00+00:00,81.31999969482422,81.88999938964844,80.69000244140625,81.41000366210938,33733632
2026-07-02 14:00:00+00:00,81.41000366210938,81.44000244140625,80.05000305175781,80.44999694824219,0
2026-07-02 15:00:00+00:00,80.44000244140625,80.81999969482422,80.01000213623047,80.76000213623047,0
2026-07-02 16:00:00+00:00,80.80000305175781,81.02999877929688,80.08000183105469,80.48999786376953,0
2026-07-02 17:00:00+00:00,80.48999786376953,81.1500015258789,80.44999694824219,80.56999969482422,37967872
2026-07-02 18:00:00+00:00,80.58999633789062,81.18000030517578,80.56999969482422,80.95999908447266,0
2026-07-02 19:00:00+00:00,80.94999694824219,81.22000122070312,80.75,80.76000213623047,6445056
2026-07-02 20:00:00+00:00,80.77999877929688,81.01000213623047,80.5199966430664,80.94000244140625,0
2026-07-02 21:00:00+00:00,80.97000122070312,81.11000061035156,80.43000030517578,80.70999908447266,0
2026-07-02 22:00:00+00:00,80.63999938964844,80.79000091552734,80.36000061035156,80.58000183105469,0
2026-07-02 23:00:00+00:00,80.55999755859375,80.68000030517578,80.41999816894531,80.62000274658203,0
2026-07-03 00:00:00+00:00,80.62000274658203,80.83000183105469,80.43000030517578,80.66000366210938,0
2026-07-03 01:00:00+00:00,80.62999725341797,81.5999984741211,80.62000274658203,81.37000274658203,602368
2026-07-03 02:00:00+00:00,81.4000015258789,81.58000183105469,80.58999633789062,80.72000122070312,0
2026-07-03 03:00:00+00:00,80.68000030517578,80.88999938964844,80.25,80.62999725341797,0
2026-07-03 04:00:00+00:00,80.63999938964844,80.73999786376953,80.4000015258789,80.41000366210938,0
2026-07-03 05:00:00+00:00,80.38999938964844,81.1500015258789,80.38999938964844,81.06999969482422,5109760
2026-07-03 06:00:00+00:00,81.06999969482422,81.30000305175781,80.66000366210938,80.87000274658203,0
2026-07-03 07:00:00+00:00,80.91000366210938,81.41000366210938,80.75,81.1500015258789,0
2026-07-03 08:00:00+00:00,81.1500015258789,81.41000366210938,80.75,80.83000183105469,0
2026-07-03 09:00:00+00:00,80.83000183105469,81.16000366210938,80.58999633789062,80.94000244140625,0
2026-07-03 10:00:00+00:00,80.91999816894531,81.7699966430664,80.79000091552734,81.44999694824219,0
2026-07-03 11:00:00+00:00,81.44000244140625,81.5999984741211,81.1500015258789,81.47000122070312,0
2026-07-03 12:00:00+00:00,81.5,81.66999816894531,81.12000274658203,81.44999694824219,0
2026-07-03 13:00:00+00:00,81.45999908447266,81.7300033569336,81.3499984741211,81.52999877929688,0
2026-07-03 14:00:00+00:00,81.5199966430664,81.72000122070312,80.87000274658203,81.5999984741211,0
2026-07-03 15:00:00+00:00,81.62999725341797,81.95999908447266,81.06999969482422,81.13999938964844,0
2026-07-03 16:00:00+00:00,81.13999938964844,81.48999786376953,81.0,81.45999908447266,0
2026-07-03 17:00:00+00:00,81.44000244140625,81.87999725341797,81.41000366210938,81.70999908447266,0
2026-07-03 18:00:00+00:00,81.75,82.20999908447266,81.56999969482422,82.04000091552734,0
2026-07-03 19:00:00+00:00,82.01000213623047,83.13999938964844,82.01000213623047,82.41000366210938,98124288
2026-07-03 20:00:00+00:00,82.38999938964844,82.88999938964844,82.16999816894531,82.62000274658203,62774144
2026-07-03 21:00:00+00:00,82.66000366210938,82.94000244140625,82.12000274658203,82.55999755859375,24528128
2026-07-03 22:00:00+00:00,82.56999969482422,82.61000061035156,82.18000030517578,82.27999877929688,0
2026-07-03 23:00:00+00:00,82.2699966430664,82.4000015258789,82.0999984741211,82.29000091552734,0
2026-07-04 00:00:00+00:00,82.26000213623047,82.66000366210938,82.18000030517578,82.30999755859375,0
2026-07-04 01:00:00+00:00,82.30000305175781,82.30000305175781,81.7300033569336,81.87000274658203,0
2026-07-04 02:00:00+00:00,81.87000274658203,82.31999969482422,81.81999969482422,82.11000061035156,0
2026-07-04 03:00:00+00:00,82.11000061035156,82.75,81.9800033569336,82.66000366210938,55462912
2026-07-04 04:00:00+00:00,82.69000244140625,83.9000015258789,82.58999633789062,83.41000366210938,109327360
2026-07-04 05:00:00+00:00,83.4000015258789,83.4000015258789,82.8499984741211,83.30000305175781,50567936
2026-07-04 06:00:00+00:00,83.31999969482422,83.5199966430664,82.41000366210938,82.4800033569336,92451584
2026-07-04 07:00:00+00:00,82.47000122070312,82.76000213623047,82.20999908447266,82.63999938964844,22271488
2026-07-04 08:00:00+00:00,82.63999938964844,82.69999694824219,82.18000030517578,82.23999786376953,0
2026-07-04 09:00:00+00:00,82.23999786376953,82.23999786376953,81.55000305175781,81.66000366210938,61062400
2026-07-04 10:00:00+00:00,81.66000366210938,81.8499984741211,81.38999938964844,81.55999755859375,0
2026-07-04 11:00:00+00:00,81.55000305175781,81.83000183105469,81.48999786376953,81.73999786376953,0
2026-07-04 12:00:00+00:00,81.73999786376953,81.91000366210938,81.30000305175781,81.51000213623047,0
2026-07-04 13:00:00+00:00,81.52999877929688,81.81999969482422,81.33000183105469,81.58000183105469,0
2026-07-04 14:00:00+00:00,81.58000183105469,81.79000091552734,81.4800033569336,81.73999786376953,0
2026-07-04 15:00:00+00:00,81.75,82.36000061035156,81.66000366210938,82.16999816894531,15317248
2026-07-04 16:00:00+00:00,82.1500015258789,82.30000305175781,81.91000366210938,82.13999938964844,8483328
2026-07-04 17:00:00+00:00,82.12999725341797,82.7300033569336,81.87999725341797,82.45999908447266,28051200
2026-07-04 18:00:00+00:00,82.48999786376953,82.54000091552734,82.05000305175781,82.19000244140625,13004544
2026-07-04 19:00:00+00:00,82.19000244140625,82.2699966430664,81.66999816894531,81.80999755859375,0
2026-07-04 20:00:00+00:00,81.79000091552734,82.06999969482422,81.51000213623047,81.91000366210938,0
2026-07-04 21:00:00+00:00,81.91000366210938,82.1500015258789,81.77999877929688,81.91000366210938,0
2026-07-04 22:00:00+00:00,81.91000366210938,81.97000122070312,81.72000122070312,81.8499984741211,0
2026-07-04 23:00:00+00:00,81.87000274658203,81.87000274658203,81.37000274658203,81.69000244140625,1263360
2026-07-05 00:00:00+00:00,81.72000122070312,81.7300033569336,81.05999755859375,81.23999786376953,15926016
2026-07-05 01:00:00+00:00,81.23999786376953,81.37000274658203,80.54000091552734,80.79000091552734,48213760
2026-07-05 02:00:00+00:00,80.7699966430664,80.80000305175781,80.1500015258789,80.30000305175781,47816192
2026-07-05 03:00:00+00:00,80.30000305175781,80.52999877929688,80.2699966430664,80.48999786376953,0
2026-07-05 04:00:00+00:00,80.4800033569336,80.79000091552734,80.33000183105469,80.54000091552734,0
2026-07-05 05:00:00+00:00,80.5,80.51000213623047,80.19000244140625,80.4000015258789,0
2026-07-05 06:00:00+00:00,80.38999938964844,80.58000183105469,80.2699966430664,80.52999877929688,0
2026-07-05 07:00:00+00:00,80.5199966430664,80.69000244140625,80.30000305175781,80.62999725341797,0
2026-07-05 08:00:00+00:00,80.6500015258789,80.77999877929688,80.37999725341797,80.41999816894531,0
2026-07-05 09:00:00+00:00,80.41999816894531,80.47000122070312,79.66000366210938,79.83999633789062,0
2026-07-05 10:00:00+00:00,79.80999755859375,80.37999725341797,79.68000030517578,80.37000274658203,0
2026-07-05 11:00:00+00:00,80.37000274658203,80.58000183105469,80.29000091552734,80.48999786376953,0
2026-07-05 12:00:00+00:00,80.48999786376953,81.19999694824219,80.29000091552734,80.69000244140625,23494528
2026-07-05 13:00:00+00:00,80.70999908447266,81.18000030517578,80.62999725341797,81.16999816894531,7257728
2026-07-05 14:00:00+00:00,81.18000030517578,81.52999877929688,80.95999908447266,81.37000274658203,17921024
2026-07-05 15:00:00+00:00,81.37999725341797,81.61000061035156,81.04000091552734,81.27999877929688,0
2026-07-05 16:00:00+00:00,81.30999755859375,81.43000030517578,80.8499984741211,81.0199966430664,0
2026-07-05 17:00:00+00:00,81.0199966430664,81.30000305175781,80.94000244140625,81.06999969482422,0
2026-07-05 18:00:00+00:00,81.06999969482422,81.19000244140625,80.91999816894531,80.93000030517578,0
2026-07-05 19:00:00+00:00,80.91999816894531,81.05000305175781,80.75,80.97000122070312,0
2026-07-05 20:00:00+00:00,80.95999908447266,81.08999633789062,80.87999725341797,80.9800033569336,0
2026-07-05 21:00:00+00:00,81.01000213623047,82.0,80.7300033569336,81.72000122070312,55072512
2026-07-05 22:00:00+00:00,81.69999694824219,82.31999969482422,81.58000183105469,81.75,132795520
2026-07-05 23:00:00+00:00,81.75,82.0,81.37000274658203,81.5199966430664,31914624
2026-07-06 00:00:00+00:00,81.51000213623047,82.16000366210938,81.05999755859375,82.12000274658203,9491712
2026-07-06 01:00:00+00:00,82.11000061035156,82.25,81.41000366210938,81.47000122070312,0
2026-07-06 02:00:00+00:00,81.47000122070312,81.58999633789062,80.76000213623047,80.94999694824219,3389312
2026-07-06 03:00:00+00:00,80.91999816894531,80.97000122070312,80.37999725341797,80.7300033569336,34128256
2026-07-06 04:00:00+00:00,80.70999908447266,80.91000366210938,80.63999938964844,80.76000213623047,12848512
2026-07-06 05:00:00+00:00,80.75,80.75,80.08000183105469,80.3499984741211,24775936
2026-07-06 06:00:00+00:00,80.33999633789062,80.44000244140625,80.18000030517578,80.30000305175781,11445504
2026-07-06 07:00:00+00:00,80.2699966430664,80.9000015258789,80.19000244140625,80.75,31222912
2026-07-06 08:00:00+00:00,80.76000213623047,80.98999786376953,80.22000122070312,80.38999938964844,8151424
2026-07-06 09:00:00+00:00,80.4000015258789,80.41000366210938,79.9800033569336,79.9800033569336,0
2026-07-06 10:00:00+00:00,79.98999786376953,80.62999725341797,79.9800033569336,80.5999984741211,0
2026-07-06 11:00:00+00:00,80.62000274658203,80.91999816894531,80.33000183105469,80.33000183105469,4581120
2026-07-06 12:00:00+00:00,80.27999877929688,80.55999755859375,79.30999755859375,79.4000015258789,159965312
2026-07-06 13:00:00+00:00,79.36000061035156,80.8499984741211,79.16000366210938,80.11000061035156,155123200
2026-07-06 14:00:00+00:00,80.11000061035156,80.69000244140625,79.77999877929688,80.2300033569336,80320896
2026-07-06 15:00:00+00:00,80.25,81.47000122070312,80.22000122070312,81.41000366210938,120869120
2026-07-06 16:00:00+00:00,81.44000244140625,82.33000183105469,81.22000122070312,82.05000305175781,180413952
2026-07-06 17:00:00+00:00,82.05000305175781,82.12000274658203,81.41000366210938,81.56999969482422,66352384
2026-07-06 18:00:00+00:00,81.58000183105469,82.2300033569336,81.26000213623047,81.93000030517578,94952704
2026-07-06 19:00:00+00:00,81.94999694824219,82.12000274658203,81.76000213623047,82.02999877929688,45197312
2026-07-06 20:00:00+00:00,82.0199966430664,82.18000030517578,81.6500015258789,82.02999877929688,32257024
2026-07-06 21:00:00+00:00,82.04000091552734,83.55999755859375,82.0,82.76000213623047,156520704
2026-07-06 22:00:00+00:00,82.79000091552734,82.80000305175781,82.19999694824219,82.26000213623047,0
2026-07-06 23:00:00+00:00,82.27999877929688,82.36000061035156,81.83999633789062,81.88999938964844,0
2026-07-07 00:00:00+00:00,81.9000015258789,82.43000030517578,81.77999877929688,82.30999755859375,0
2026-07-07 01:00:00+00:00,82.30999755859375,82.30999755859375,81.7699966430664,81.8499984741211,0
2026-07-07 02:00:00+00:00,81.80999755859375,81.93000030517578,81.2300033569336,81.29000091552734,0
2026-07-07 03:00:00+00:00,81.30000305175781,81.41999816894531,80.91000366210938,81.0,0
2026-07-07 04:00:00+00:00,80.98999786376953,81.05000305175781,80.58999633789062,80.8499984741211,0
2026-07-07 05:00:00+00:00,80.86000061035156,81.16999816894531,80.41000366210938,81.05000305175781,19227648
2026-07-07 06:00:00+00:00,81.04000091552734,81.56999969482422,80.75,81.4800033569336,31323136
2026-07-07 07:00:00+00:00,81.44999694824219,81.69000244140625,81.29000091552734,81.43000030517578,10389760
2026-07-07 08:00:00+00:00,81.44999694824219,81.51000213623047,81.1500015258789,81.19999694824219,34977024
2026-07-07 09:00:00+00:00,81.19999694824219,81.41000366210938,81.05999755859375,81.2300033569336,34337792
2026-07-07 10:00:00+00:00,81.25,81.51000213623047,80.8499984741211,80.93000030517578,13510656
2026-07-07 11:00:00+00:00,80.87999725341797,81.33000183105469,80.70999908447266,81.25,19419392
2026-07-07 12:00:00+00:00,81.27999877929688,81.91999816894531,81.2300033569336,81.37999725341797,0
2026-07-07 13:00:00+00:00,81.37999725341797,81.52999877929688,80.58000183105469,80.76000213623047,0
2026-07-07 14:00:00+00:00,80.76000213623047,81.83999633789062,80.44999694824219,81.72000122070312,14832128
2026-07-07 15:00:00+00:00,81.7300033569336,82.29000091552734,81.41999816894531,82.05999755859375,0
2026-07-07 16:00:00+00:00,82.04000091552734,82.48999786376953,81.7699966430664,82.1500015258789,0
2026-07-07 17:00:00+00:00,82.12000274658203,82.72000122070312,82.02999877929688,82.63999938964844,0
2026-07-07 18:00:00+00:00,82.62999725341797,82.63999938964844,81.19999694824219,81.23999786376953,0
2026-07-07 19:00:00+00:00,81.19000244140625,81.5,80.72000122070312,81.27999877929688,26305536
2026-07-07 20:00:00+00:00,81.30999755859375,81.41999816894531,80.95999908447266,81.11000061035156,3388928
2026-07-07 21:00:00+00:00,81.12000274658203,81.3499984741211,80.4800033569336,80.77999877929688,0
2026-07-07 22:00:00+00:00,80.76000213623047,81.04000091552734,80.31999969482422,80.83000183105469,0
2026-07-07 23:00:00+00:00,80.81999969482422,81.08999633789062,80.44999694824219,80.5199966430664,0
2026-07-08 00:00:00+00:00,80.61000061035156,80.70999908447266,80.29000091552734,80.30999755859375,0
2026-07-08 01:00:00+00:00,80.30999755859375,80.37000274658203,78.80999755859375,79.04000091552734,85759488
2026-07-08 02:00:00+00:00,79.0,79.11000061035156,78.16999816894531,79.0,95427584
2026-07-08 03:00:00+00:00,79.05999755859375,79.27999877929688,78.55000305175781,78.6500015258789,3756800
2026-07-08 04:00:00+00:00,78.68000030517578,78.87000274658203,78.33999633789062,78.56999969482422,0
2026-07-08 05:00:00+00:00,78.58000183105469,78.7699966430664,78.2699966430664,78.33999633789062,0
2026-07-08 06:00:00+00:00,78.36000061035156,78.36000061035156,77.88999938964844,78.1500015258789,25500672
2026-07-08 07:00:00+00:00,78.16999816894531,78.25,77.75,78.22000122070312,74607872
2026-07-08 08:00:00+00:00,78.18000030517578,78.36000061035156,76.83000183105469,77.18000030517578,110868992
2026-07-08 09:00:00+00:00,77.19999694824219,77.41000366210938,76.94999694824219,77.12000274658203,17060864
2026-07-08 10:00:00+00:00,77.16999816894531,77.41000366210938,76.87999725341797,77.25,0
2026-07-08 11:00:00+00:00,77.25,77.61000061035156,77.0,77.4800033569336,15247872
2026-07-08 12:00:00+00:00,77.4800033569336,77.56999969482422,76.95999908447266,76.95999908447266,0
2026-07-08 13:00:00+00:00,76.97000122070312,77.37999725341797,76.56999969482422,77.20999908447266,41304576
2026-07-08 14:00:00+00:00,77.20999908447266,77.33000183105469,76.69000244140625,77.0199966430664,0
2026-07-08 15:00:00+00:00,77.05000305175781,77.05999755859375,76.19999694824219,76.69000244140625,0
2026-07-08 16:00:00+00:00,76.69000244140625,77.29000091552734,76.69000244140625,77.20999908447266,0
2026-07-08 17:00:00+00:00,77.20999908447266,77.58999633789062,76.9800033569336,77.04000091552734,0
2026-07-08 18:00:00+00:00,77.05999755859375,77.27999877929688,76.7300033569336,77.06999969482422,0
2026-07-08 19:00:00+00:00,77.08000183105469,77.44000244140625,76.87999725341797,77.37000274658203,0
2026-07-08 20:00:00+00:00,77.3499984741211,77.5,76.98999786376953,77.11000061035156,0
2026-07-08 21:00:00+00:00,77.11000061035156,77.2699966430664,76.87999725341797,77.16999816894531,0
2026-07-08 22:00:00+00:00,77.19000244140625,77.5199966430664,77.11000061035156,77.47000122070312,0
2026-07-08 23:00:00+00:00,77.4800033569336,77.81999969482422,77.37000274658203,77.7699966430664,0
2026-07-09 00:00:00+00:00,77.76000213623047,77.83000183105469,77.47000122070312,77.6500015258789,0
2026-07-09 01:00:00+00:00,77.63999938964844,78.70999908447266,77.2699966430664,77.2699966430664,0
2026-07-09 02:00:00+00:00,77.31999969482422,77.77999877929688,76.93000030517578,76.98999786376953,0
2026-07-09 03:00:00+00:00,77.01000213623047,77.31999969482422,76.6500015258789,77.31999969482422,0
2026-07-09 04:00:00+00:00,77.36000061035156,77.95999908447266,77.16000366210938,77.91000366210938,2909952
2026-07-09 05:00:00+00:00,77.9000015258789,78.33999633789062,77.69000244140625,78.33000183105469,9125120
2026-07-09 06:00:00+00:00,78.33999633789062,78.54000091552734,78.05000305175781,78.43000030517578,0
2026-07-09 07:00:00+00:00,78.41000366210938,78.72000122070312,78.08000183105469,78.1500015258789,0
2026-07-09 08:00:00+00:00,78.1500015258789,78.33999633789062,77.93000030517578,78.05000305175781,0
2026-07-09 09:00:00+00:00,78.04000091552734,78.11000061035156,77.79000091552734,78.06999969482422,0
2026-07-09 10:00:00+00:00,78.05999755859375,78.13999938964844,77.4800033569336,77.62999725341797,0
2026-07-09 11:00:00+00:00,77.62999725341797,77.69999694824219,77.25,77.54000091552734,0
2026-07-09 12:00:00+00:00,77.51000213623047,78.13999938964844,77.37000274658203,77.56999969482422,85863552
2026-07-09 13:00:00+00:00,77.58000183105469,78.41999816894531,77.30000305175781,78.1500015258789,0
2026-07-09 14:00:00+00:00,78.16000366210938,78.2699966430664,77.51000213623047,77.80999755859375,0
2026-07-09 15:00:00+00:00,77.8499984741211,78.0999984741211,77.45999908447266,77.55000305175781,0
2026-07-09 16:00:00+00:00,77.55999755859375,77.7300033569336,77.18000030517578,77.62000274658203,0
2026-07-09 17:00:00+00:00,77.61000061035156,78.06999969482422,77.56999969482422,78.0,0
2026-07-09 18:00:00+00:00,78.0,78.33999633789062,77.94999694824219,78.12999725341797,8958208
2026-07-09 19:00:00+00:00,78.12000274658203,78.26000213623047,77.8499984741211,78.0999984741211,0
2026-07-09 20:00:00+00:00,78.12000274658203,78.25,77.94000244140625,78.0999984741211,0
2026-07-09 21:00:00+00:00,78.11000061035156,78.22000122070312,77.8499984741211,77.9800033569336,0
2026-07-09 22:00:00+00:00,78.0199966430664,78.2300033569336,77.94000244140625,78.05000305175781,0
2026-07-09 23:00:00+00:00,78.04000091552734,78.1500015258789,77.7300033569336,77.98999786376953,0
2026-07-10 00:00:00+00:00,77.98999786376953,78.08999633789062,77.75,78.04000091552734,0
2026-07-10 01:00:00+00:00,78.05999755859375,79.37999725341797,77.87000274658203,79.01000213623047,0
2026-07-10 02:00:00+00:00,79.02999877929688,79.0999984741211,78.7699966430664,78.9800033569336,13073024
2026-07-10 03:00:00+00:00,78.9800033569336,79.05999755859375,78.66999816894531,78.9800033569336,16146176
2026-07-10 04:00:00+00:00,79.0199966430664,79.05000305175781,78.77999877929688,78.91999816894531,0
2026-07-10 05:00:00+00:00,78.91999816894531,79.30000305175781,78.80999755859375,79.12000274658203,4937728
2026-07-10 06:00:00+00:00,79.12999725341797,79.18000030517578,78.81999969482422,78.86000061035156,0
2026-07-10 07:00:00+00:00,78.87000274658203,79.0199966430664,78.69999694824219,78.81999969482422,0
2026-07-10 08:00:00+00:00,78.81999969482422,79.36000061035156,78.76000213623047,79.16000366210938,15451008
2026-07-10 09:00:00+00:00,79.12999725341797,79.31999969482422,78.9000015258789,79.18000030517578,39620736
2026-07-10 10:00:00+00:00,79.16999816894531,79.58000183105469,79.08999633789062,79.33999633789062,1565440
2026-07-10 11:00:00+00:00,79.33999633789062,79.44999694824219,79.12999725341797,79.30000305175781,0
2026-07-10 12:00:00+00:00,79.30999755859375,79.47000122070312,78.8499984741211,78.86000061035156,0
2026-07-10 13:00:00+00:00,78.86000061035156,79.25,78.73999786376953,78.93000030517578,0
2026-07-10 14:00:00+00:00,78.87000274658203,78.91000366210938,77.1500015258789,77.83000183105469,276071680
2026-07-10 15:00:00+00:00,77.76000213623047,78.30000305175781,77.7300033569336,78.06999969482422,77033472
2026-07-10 16:00:00+00:00,78.08999633789062,78.18000030517578,77.58999633789062,78.08000183105469,2877184
2026-07-10 17:00:00+00:00,78.05000305175781,78.0999984741211,77.5199966430664,77.52999877929688,23851136
2026-07-10 18:00:00+00:00,77.5199966430664,77.77999877929688,77.27999877929688,77.45999908447266,12529152
2026-07-10 19:00:00+00:00,77.41999816894531,77.9800033569336,77.38999938964844,77.81999969482422,18540416
2026-07-10 20:00:00+00:00,77.83000183105469,77.93000030517578,77.63999938964844,77.69000244140625,15505280
2026-07-10 21:00:00+00:00,77.68000030517578,78.04000091552734,77.68000030517578,77.91999816894531,7126912
2026-07-10 22:00:00+00:00,77.93000030517578,78.16000366210938,77.88999938964844,78.0999984741211,24090496
2026-07-10 23:00:00+00:00,78.0999984741211,78.12999725341797,77.87999725341797,78.06999969482422,14224256
2026-07-11 00:00:00+00:00,78.05999755859375,78.06999969482422,77.72000122070312,77.76000213623047,0
2026-07-11 01:00:00+00:00,77.77999877929688,78.0,77.41000366210938,77.48999786376953,0
2026-07-11 02:00:00+00:00,77.48999786376953,77.7699966430664,77.44000244140625,77.7300033569336,0
2026-07-11 03:00:00+00:00,77.72000122070312,77.80999755859375,77.55000305175781,77.73999786376953,0
2026-07-11 04:00:00+00:00,77.7300033569336,77.80000305175781,77.5999984741211,77.66999816894531,0
2026-07-11 05:00:00+00:00,77.68000030517578,77.91000366210938,77.52999877929688,77.83999633789062,0
2026-07-11 06:00:00+00:00,77.83000183105469,78.05000305175781,77.7300033569336,77.98999786376953,0
2026-07-11 07:00:00+00:00,77.9800033569336,78.04000091552734,77.88999938964844,77.91999816894531,0
2026-07-11 08:00:00+00:00,77.91999816894531,78.12000274658203,77.88999938964844,78.0999984741211,0
2026-07-11 09:00:00+00:00,78.11000061035156,78.29000091552734,77.75,77.76000213623047,0
2026-07-11 10:00:00+00:00,77.7699966430664,78.0199966430664,77.69999694824219,77.9800033569336,0
2026-07-11 11:00:00+00:00,77.9800033569336,78.05999755859375,77.91000366210938,78.0199966430664,0
2026-07-11 12:00:00+00:00,78.02999877929688,78.12999725341797,77.87000274658203,78.0199966430664,0
2026-07-11 13:00:00+00:00,78.01000213623047,78.36000061035156,77.95999908447266,78.11000061035156,0
2026-07-11 14:00:00+00:00,78.11000061035156,78.5999984741211,78.0999984741211,78.41999816894531,0
2026-07-11 15:00:00+00:00,78.45999908447266,78.73999786376953,77.94000244140625,78.31999969482422,0
2026-07-11 16:00:00+00:00,78.31999969482422,78.33999633789062,77.62999725341797,77.87999725341797,134704896
2026-07-11 17:00:00+00:00,77.88999938964844,78.12999725341797,77.76000213623047,78.0199966430664,0
2026-07-11 18:00:00+00:00,78.01000213623047,78.2300033569336,77.94000244140625,78.0199966430664,0
2026-07-11 19:00:00+00:00,78.0199966430664,78.08999633789062,77.83000183105469,78.08000183105469,0
2026-07-11 20:00:00+00:00,78.08000183105469,78.22000122070312,78.05000305175781,78.12000274658203,0
2026-07-11 21:00:00+00:00,78.11000061035156,78.2699966430664,78.08999633789062,78.16999816894531,0
2026-07-11 22:00:00+00:00,78.16999816894531,78.20999908447266,77.70999908447266,77.83999633789062,0
2026-07-11 23:00:00+00:00,77.83000183105469,77.87000274658203,76.72000122070312,76.73999786376953,72246400
2026-07-12 00:00:00+00:00,76.70999908447266,76.80999755859375,75.61000061035156,76.02999877929688,92978176
2026-07-12 01:00:00+00:00,76.02999877929688,76.83000183105469,75.98999786376953,76.77999877929688,21316096
2026-07-12 02:00:00+00:00,76.77999877929688,76.86000061035156,76.58000183105469,76.80999755859375,0
2026-07-12 03:00:00+00:00,76.79000091552734,77.0199966430664,76.69999694824219,77.0,27210240
2026-07-12 04:00:00+00:00,76.98999786376953,77.01000213623047,76.55000305175781,76.66000366210938,13760256
2026-07-12 05:00:00+00:00,76.66000366210938,76.76000213623047,76.31999969482422,76.38999938964844,4204416
2026-07-12 06:00:00+00:00,76.37000274658203,76.37000274658203,75.80999755859375,76.30999755859375,15698176
2026-07-12 07:00:00+00:00,76.30999755859375,76.66000366210938,76.26000213623047,76.44999694824219,6892672
2026-07-12 08:00:00+00:00,76.43000030517578,76.7699966430664,76.41999816894531,76.6500015258789,16462208
2026-07-12 09:00:00+00:00,76.66000366210938,76.8499984741211,76.33999633789062,76.69000244140625,1922176
2026-07-12 10:00:00+00:00,76.69000244140625,76.80000305175781,76.5999984741211,76.66000366210938,0
2026-07-12 11:00:00+00:00,76.66000366210938,77.19999694824219,76.4800033569336,76.88999938964844,14189824
2026-07-12 12:00:00+00:00,76.86000061035156,77.18000030517578,76.7300033569336,77.12999725341797,27882240
2026-07-12 13:00:00+00:00,77.12000274658203,77.43000030517578,77.06999969482422,77.11000061035156,19764480
2026-07-12 14:00:00+00:00,77.11000061035156,77.5999984741211,76.91999816894531,77.5,10628480
2026-07-12 15:00:00+00:00,77.5,77.55999755859375,77.2300033569336,77.41000366210938,0
2026-07-12 16:00:00+00:00,77.43000030517578,77.5999984741211,77.33999633789062,77.5,0
2026-07-12 17:00:00+00:00,77.51000213623047,77.56999969482422,77.19999694824219,77.30999755859375,0
2026-07-12 18:00:00+00:00,77.31999969482422,77.5999984741211,77.19000244140625,77.52999877929688,0
2026-07-12 19:00:00+00:00,77.5199966430664,77.70999908447266,77.38999938964844,77.62999725341797,0
2026-07-12 20:00:00+00:00,77.63999938964844,77.68000030517578,77.4000015258789,77.41999816894531,0
2026-07-12 21:00:00+00:00,77.41000366210938,77.66999816894531,76.97000122070312,77.05999755859375,7154304
2026-07-12 22:00:00+00:00,76.87000274658203,76.9000015258789,76.43000030517578,76.72000122070312,26134400
2026-07-12 23:00:00+00:00,76.72000122070312,76.91000366210938,76.5999984741211,76.87999725341797,0
2026-07-13 00:00:00+00:00,76.87999725341797,78.12999725341797,76.79000091552734,77.47000122070312,0
2026-07-13 01:00:00+00:00,77.41000366210938,77.58999633789062,76.25,76.26000213623047,10269184
2026-07-13 02:00:00+00:00,76.25,76.62000274658203,76.0999984741211,76.43000030517578,35362944
2026-07-13 03:00:00+00:00,76.37999725341797,76.44000244140625,75.4000015258789,75.81999969482422,47377920
2026-07-13 04:00:00+00:00,75.76000213623047,76.08000183105469,75.66999816894531,75.86000061035156,24558592
2026-07-13 05:00:00+00:00,75.87000274658203,76.41000366210938,75.70999908447266,76.3499984741211,57975680
2026-07-13 06:00:00+00:00,76.36000061035156,76.55999755859375,76.2300033569336,76.30000305175781,0
2026-07-13 07:00:00+00:00,76.33999633789062,76.62999725341797,76.16999816894531,76.38999938964844,14687616
2026-07-13 08:00:00+00:00,76.4000015258789,76.81999969482422,76.30999755859375,76.66999816894531,13517312
2026-07-13 09:00:00+00:00,76.66000366210938,76.66999816894531,76.54000091552734,76.55000305175781,0
2026-07-13 10:00:00+00:00,76.55000305175781,76.55999755859375,76.04000091552734,76.22000122070312,25311232
2026-07-13 11:00:00+00:00,76.25,76.5,76.23999786376953,76.27999877929688,16282880
2026-07-13 12:00:00+00:00,76.31999969482422,76.33000183105469,75.66999816894531,75.79000091552734,13219328
2026-07-13 13:00:00+00:00,75.79000091552734,75.87000274658203,75.02999877929688,75.31999969482422,46744320
2026-07-13 14:00:00+00:00,75.29000091552734,76.11000061035156,75.29000091552734,76.0999984741211,81196032
2026-07-13 15:00:00+00:00,76.08999633789062,76.25,75.68000030517578,75.76000213623047,4092928
2026-07-13 16:00:00+00:00,75.73999786376953,75.95999908447266,75.12000274658203,75.20999908447266,10263808
2026-07-13 17:00:00+00:00,75.22000122070312,75.37000274658203,74.47000122070312,74.52999877929688,60056576
2026-07-13 18:00:00+00:00,74.5199966430664,74.95999908447266,74.51000213623047,74.7699966430664,49099904
2026-07-13 19:00:00+00:00,74.79000091552734,75.16999816894531,74.66999816894531,75.12999725341797,28470656
2026-07-13 20:00:00+00:00,75.0999984741211,75.25,74.5199966430664,74.7300033569336,36771072
2026-07-13 21:00:00+00:00,74.7300033569336,74.7300033569336,74.06999969482422,74.33999633789062,28286336
2026-07-13 22:00:00+00:00,74.31999969482422,74.6500015258789,74.31999969482422,74.41000366210938,0
2026-07-13 23:00:00+00:00,74.41999816894531,74.91000366210938,74.30999755859375,74.91000366210938,5304704
2026-07-14 00:00:00+00:00,74.91999816894531,75.38999938964844,74.73999786376953,75.3499984741211,0
2026-07-14 01:00:00+00:00,75.36000061035156,75.45999908447266,75.12999725341797,75.22000122070312,0
2026-07-14 02:00:00+00:00,75.20999908447266,75.25,74.80000305175781,74.9800033569336,0
2026-07-14 03:00:00+00:00,74.98999786376953,75.08999633789062,74.47000122070312,75.06999969482422,0
2026-07-14 04:00:00+00:00,75.06999969482422,75.25,74.94999694824219,75.05999755859375,0
2026-07-14 05:00:00+00:00,75.05000305175781,75.38999938964844,75.01000213623047,75.31999969482422,0
2026-07-14 06:00:00+00:00,75.30999755859375,75.33000183105469,75.01000213623047,75.05999755859375,0
2026-07-14 07:00:00+00:00,75.04000091552734,75.16000366210938,74.80999755859375,74.87000274658203,0
2026-07-14 08:00:00+00:00,74.83999633789062,75.30000305175781,74.79000091552734,75.06999969482422,0
2026-07-14 09:00:00+00:00,75.06999969482422,75.20999908447266,74.80000305175781,74.98999786376953,12805632
2026-07-14 10:00:00+00:00,75.0,75.5,74.88999938964844,75.37000274658203,60734720
2026-07-14 11:00:00+00:00,75.36000061035156,75.5,75.26000213623047,75.30999755859375,15557760
2026-07-14 12:00:00+00:00,75.33000183105469,76.80999755859375,75.11000061035156,76.76000213623047,168333184
2026-07-14 13:00:00+00:00,76.83999633789062,77.63999938964844,76.45999908447266,76.86000061035156,164889088
2026-07-14 14:00:00+00:00,76.83999633789062,77.37999725341797,76.61000061035156,77.31999969482422,16257792
2026-07-14 15:00:00+00:00,77.27999877929688,77.79000091552734,77.12999725341797,77.30999755859375,104230144
2026-07-14 16:00:00+00:00,77.33999633789062,77.5999984741211,77.06999969482422,77.2300033569336,34496128
2026-07-14 17:00:00+00:00,77.20999908447266,77.25,76.83000183105469,77.13999938964844,0
2026-07-14 18:00:00+00:00,77.13999938964844,77.30000305175781,76.94999694824219,77.25,0
2026-07-14 19:00:00+00:00,77.23999786376953,77.4800033569336,77.08000183105469,77.11000061035156,3680896
2026-07-14 20:00:00+00:00,77.12999725341797,77.18000030517578,76.9000015258789,77.12999725341797,0
2026-07-14 21:00:00+00:00,77.12999725341797,77.36000061035156,77.08000183105469,77.16999816894531,0
2026-07-14 22:00:00+00:00,77.22000122070312,77.86000061035156,77.08000183105469,77.56999969482422,45845504
2026-07-14 23:00:00+00:00,77.55999755859375,77.87000274658203,77.51000213623047,77.80999755859375,10439296
2026-07-15 00:00:00+00:00,77.83999633789062,77.87999725341797,77.41999816894531,77.62000274658203,0
2026-07-15 01:00:00+00:00,77.61000061035156,77.7699966430664,77.23999786376953,77.38999938964844,9595136
2026-07-15 02:00:00+00:00,77.37999725341797,77.5199966430664,77.0,77.25,33239296
2026-07-15 03:00:00+00:00,77.25,77.83999633789062,77.18000030517578,77.7300033569336,15663360
2026-07-15 04:00:00+00:00,77.72000122070312,78.11000061035156,77.4800033569336,77.94000244140625,12777728
2026-07-15 05:00:00+00:00,77.98999786376953,78.26000213623047,77.5999984741211,78.20999908447266,36915712
2026-07-15 06:00:00+00:00,78.25,78.5999984741211,77.9000015258789,77.9000015258789,109759488
2026-07-15 07:00:00+00:00,77.88999938964844,77.95999908447266,77.3499984741211,77.3499984741211,34140416
2026-07-15 08:00:00+00:00,77.37999725341797,77.55000305175781,77.19000244140625,77.51000213623047,22847232
2026-07-15 09:00:00+00:00,77.5199966430664,77.8499984741211,77.37999725341797,77.41999816894531,0
2026-07-15 10:00:00+00:00,77.38999938964844,77.6500015258789,77.18000030517578,77.29000091552734,0
2026-07-15 11:00:00+00:00,77.29000091552734,77.44999694824219,77.2699966430664,77.44000244140625,0
2026-07-15 12:00:00+00:00,77.44999694824219,78.23999786376953,77.19000244140625,78.20999908447266,0
2026-07-15 13:00:00+00:00,78.2300033569336,78.95999908447266,77.66000366210938,78.02999877929688,0
2026-07-15 14:00:00+00:00,78.06999969482422,78.30999755859375,77.73999786376953,78.1500015258789,0
2026-07-15 15:00:00+00:00,78.1500015258789,78.19000244140625,77.68000030517578,77.98999786376953,0
2026-07-15 16:00:00+00:00,78.0199966430664,78.04000091552734,77.0199966430664,77.58000183105469,21384064
2026-07-15 17:00:00+00:00,77.56999969482422,77.9800033569336,77.44000244140625,77.76000213623047,7494400
2026-07-15 18:00:00+00:00,77.73999786376953,78.0199966430664,77.45999908447266,77.51000213623047,7786240
2026-07-15 19:00:00+00:00,77.54000091552734,77.62999725341797,76.91999816894531,77.12000274658203,27582080
2026-07-15 20:00:00+00:00,77.12000274658203,77.48999786376953,77.06999969482422,77.33000183105469,6737024
2026-07-15 21:00:00+00:00,77.31999969482422,77.4800033569336,77.19999694824219,77.37000274658203,0
2026-07-15 22:00:00+00:00,77.37999725341797,77.69000244140625,77.2699966430664,77.44999694824219,0
2026-07-15 23:00:00+00:00,77.44000244140625,77.56999969482422,77.18000030517578,77.23999786376953,0
2026-07-16 00:00:00+00:00,77.2300033569336,77.44000244140625,76.6500015258789,76.88999938964844,18729344
2026-07-16 01:00:00+00:00,76.88999938964844,77.0999984741211,76.66999816894531,77.04000091552734,5341824
2026-07-16 02:00:00+00:00,77.04000091552734,77.11000061035156,76.81999969482422,77.05999755859375,0
2026-07-16 03:00:00+00:00,77.05999755859375,77.20999908447266,76.75,76.88999938964844,0
2026-07-16 04:00:00+00:00,76.87999725341797,76.94999694824219,76.62999725341797,76.76000213623047,0
2026-07-16 05:00:00+00:00,76.75,77.44000244140625,76.66999816894531,77.41000366210938,3079296
2026-07-16 06:00:00+00:00,77.41000366210938,77.52999877929688,77.05999755859375,77.29000091552734,0
2026-07-16 07:00:00+00:00,77.2699966430664,77.29000091552734,76.1500015258789,76.36000061035156,34273920
2026-07-16 08:00:00+00:00,76.33999633789062,76.41999816894531,75.58999633789062,76.08999633789062,97096832
2026-07-16 09:00:00+00:00,76.11000061035156,76.19000244140625,75.93000030517578,75.97000122070312,22152704
2026-07-16 10:00:00+00:00,75.9800033569336,76.27999877929688,75.94999694824219,76.13999938964844,0
2026-07-16 11:00:00+00:00,76.0999984741211,76.22000122070312,75.9800033569336,76.20999908447266,4106496
2026-07-16 12:00:00+00:00,76.19000244140625,76.22000122070312,75.6500015258789,75.86000061035156,0
2026-07-16 13:00:00+00:00,75.88999938964844,76.55999755859375,75.87000274658203,76.30000305175781,0
2026-07-16 14:00:00+00:00,76.33000183105469,76.69999694824219,76.13999938964844,76.41000366210938,0
2026-07-16 15:00:00+00:00,76.45999908447266,76.80000305175781,75.93000030517578,76.55999755859375,0
2026-07-16 16:00:00+00:00,76.55999755859375,76.55999755859375,76.05000305175781,76.22000122070312,0
2026-07-16 17:00:00+00:00,76.19999694824219,76.22000122070312,75.3499984741211,75.55000305175781,1936000
2026-07-16 18:00:00+00:00,75.55999755859375,75.87000274658203,75.37000274658203,75.69000244140625,19412992
2026-07-16 19:00:00+00:00,75.66000366210938,75.87999725341797,75.55000305175781,75.75,0
2026-07-16 20:00:00+00:00,75.75,75.83999633789062,75.63999938964844,75.73999786376953,0
2026-07-16 21:00:00+00:00,75.72000122070312,75.98999786376953,75.70999908447266,75.88999938964844,0
2026-07-16 22:00:00+00:00,75.94000244140625,75.9800033569336,75.19999694824219,75.2699966430664,0
2026-07-16 23:00:00+00:00,75.25,75.3499984741211,74.9800033569336,75.26000213623047,38138496
2026-07-17 00:00:00+00:00,75.23999786376953,75.48999786376953,74.91000366210938,75.48999786376953,0
2026-07-17 01:00:00+00:00,75.45999908447266,75.69000244140625,74.93000030517578,75.04000091552734,0
2026-07-17 02:00:00+00:00,75.0199966430664,75.22000122070312,74.66999816894531,74.93000030517578,27666944
2026-07-17 03:00:00+00:00,74.93000030517578,75.37999725341797,74.91999816894531,75.16000366210938,0
2026-07-17 04:00:00+00:00,75.16000366210938,75.2699966430664,74.63999938964844,75.16999816894531,0
2026-07-17 05:00:00+00:00,75.0999984741211,75.13999938964844,74.22000122070312,74.33000183105469,2248192
2026-07-17 06:00:00+00:00,74.31999969482422,74.66999816894531,74.23999786376953,74.52999877929688,1962368
2026-07-17 07:00:00+00:00,74.5,74.69000244140625,74.3499984741211,74.55000305175781,0
2026-07-17 08:00:00+00:00,74.55999755859375,74.62000274658203,74.12999725341797,74.44999694824219,0
2026-07-17 09:00:00+00:00,74.44000244140625,74.7300033569336,74.38999938964844,74.56999969482422,0
2026-07-17 10:00:00+00:00,74.58000183105469,74.80000305175781,74.55999755859375,74.72000122070312,4465792
2026-07-17 11:00:00+00:00,74.72000122070312,74.94000244140625,74.58000183105469,74.77999877929688,0
2026-07-17 12:00:00+00:00,74.80000305175781,74.80999755859375,74.30999755859375,74.33000183105469,0
2026-07-17 13:00:00+00:00,74.31999969482422,74.31999969482422,73.31999969482422,74.25,86756608
2026-07-17 14:00:00+00:00,74.30000305175781,74.72000122070312,74.0199966430664,74.26000213623047,60532480
2026-07-17 15:00:00+00:00,74.2300033569336,74.72000122070312,73.7699966430664,74.72000122070312,15862272
2026-07-17 16:00:00+00:00,74.69000244140625,75.04000091552734,74.55999755859375,74.88999938964844,27708416
2026-07-17 17:00:00+00:00,74.91000366210938,75.54000091552734,74.91000366210938,75.19000244140625,0
2026-07-17 18:00:00+00:00,75.20999908447266,75.33000183105469,74.91999816894531,75.2699966430664,0
2026-07-17 19:00:00+00:00,75.26000213623047,75.30999755859375,74.80999755859375,75.16000366210938,3691776
2026-07-17 20:00:00+00:00,75.12000274658203,75.12000274658203,74.83999633789062,75.05000305175781,5141120
2026-07-17 21:00:00+00:00,75.04000091552734,75.19000244140625,74.91000366210938,74.97000122070312,0
2026-07-17 22:00:00+00:00,74.97000122070312,75.08000183105469,74.80000305175781,74.9800033569336,0
2026-07-17 23:00:00+00:00,74.97000122070312,75.08999633789062,74.79000091552734,74.9800033569336,0
2026-07-18 00:00:00+00:00,75.0,75.2300033569336,74.93000030517578,75.05000305175781,0
2026-07-18 01:00:00+00:00,75.05999755859375,75.19999694824219,75.0,75.18000030517578,0
2026-07-18 02:00:00+00:00,75.19000244140625,75.38999938964844,75.08999633789062,75.16000366210938,0
2026-07-18 03:00:00+00:00,75.16000366210938,75.33000183105469,75.0999984741211,75.33000183105469,0
2026-07-18 04:00:00+00:00,75.33999633789062,75.33999633789062,75.0,75.05000305175781,0
2026-07-18 05:00:00+00:00,75.05999755859375,75.05999755859375,74.80999755859375,74.87000274658203,0
2026-07-18 06:00:00+00:00,74.88999938964844,75.04000091552734,74.87000274658203,74.93000030517578,0
2026-07-18 07:00:00+00:00,74.91999816894531,75.0,74.83999633789062,74.91000366210938,0
2026-07-18 08:00:00+00:00,74.9000015258789,74.9800033569336,74.73999786376953,74.91999816894531,0
2026-07-18 09:00:00+00:00,74.91999816894531,74.95999908447266,74.61000061035156,74.77999877929688,0
2026-07-18 10:00:00+00:00,74.79000091552734,74.9000015258789,74.73999786376953,74.83999633789062,0
2026-07-18 11:00:00+00:00,74.83000183105469,74.97000122070312,74.83000183105469,74.91000366210938,0
2026-07-18 12:00:00+00:00,74.9000015258789,75.13999938964844,74.66000366210938,74.94000244140625,0
2026-07-18 13:00:00+00:00,74.91999816894531,74.94000244140625,74.45999908447266,74.69000244140625,0
2026-07-18 14:00:00+00:00,74.69999694824219,74.95999908447266,74.5999984741211,74.94999694824219,0
2026-07-18 15:00:00+00:00,74.94000244140625,74.9800033569336,74.7699966430664,74.9000015258789,0
2026-07-18 16:00:00+00:00,74.91000366210938,75.2300033569336,74.77999877929688,75.0999984741211,0
2026-07-18 17:00:00+00:00,75.08999633789062,75.33000183105469,75.0,75.29000091552734,0
2026-07-18 18:00:00+00:00,75.30999755859375,75.56999969482422,75.13999938964844,75.2300033569336,17088000
2026-07-18 19:00:00+00:00,75.2300033569336,75.44000244140625,75.16999816894531,75.38999938964844,0
2026-07-18 20:00:00+00:00,75.4000015258789,75.52999877929688,75.27999877929688,75.41999816894531,0
2026-07-18 21:00:00+00:00,75.41000366210938,75.58000183105469,75.30000305175781,75.43000030517578,0
2026-07-18 22:00:00+00:00,75.43000030517578,75.56999969482422,75.33999633789062,75.51000213623047,1622656
2026-07-18 23:00:00+00:00,75.5199966430664,75.52999877929688,75.3499984741211,75.45999908447266,2530176
2026-07-19 00:00:00+00:00,75.45999908447266,75.62999725341797,75.4000015258789,75.5,3340928
2026-07-19 01:00:00+00:00,75.58999633789062,75.68000030517578,75.47000122070312,75.62000274658203,34379456
2026-07-19 02:00:00+00:00,75.62999725341797,76.5,75.62999725341797,76.1500015258789,74521088
2026-07-19 03:00:00+00:00,76.16999816894531,76.36000061035156,75.76000213623047,75.9000015258789,23051584
2026-07-19 04:00:00+00:00,75.88999938964844,76.0199966430664,75.69000244140625,75.94999694824219,9960704
2026-07-19 05:00:00+00:00,75.95999908447266,76.04000091552734,75.83999633789062,75.91000366210938,2145536
2026-07-19 06:00:00+00:00,75.91000366210938,76.0999984741211,75.87999725341797,76.05000305175781,32869248
2026-07-19 07:00:00+00:00,76.05999755859375,76.2699966430664,75.94999694824219,76.04000091552734,34558272
2026-07-19 08:00:00+00:00,76.0999984741211,76.30999755859375,76.02999877929688,76.2300033569336,28198784
2026-07-19 09:00:00+00:00,76.2300033569336,76.25,75.87999725341797,75.94000244140625,9908480
2026-07-19 10:00:00+00:00,75.91999816894531,76.41999816894531,75.8499984741211,76.22000122070312,15215616
2026-07-19 11:00:00+00:00,76.20999908447266,76.3499984741211,75.98999786376953,76.0199966430664,19295232
2026-07-19 12:00:00+00:00,76.01000213623047,76.13999938964844,75.69000244140625,75.9800033569336,28750976
2026-07-19 13:00:00+00:00,75.97000122070312,76.08999633789062,75.81999969482422,76.05000305175781,0
2026-07-19 14:00:00+00:00,76.04000091552734,76.62000274658203,76.01000213623047,76.36000061035156,26757504
2026-07-19 15:00:00+00:00,76.36000061035156,76.43000030517578,76.05000305175781,76.16999816894531,12287104
2026-07-19 16:00:00+00:00,76.16000366210938,76.2300033569336,75.80000305175781,75.86000061035156,0
2026-07-19 17:00:00+00:00,75.8499984741211,76.16999816894531,75.55999755859375,75.88999938964844,11017600
2026-07-19 18:00:00+00:00,75.9000015258789,75.93000030517578,75.33999633789062,75.69999694824219,0
2026-07-19 19:00:00+00:00,75.73999786376953,75.83000183105469,75.58000183105469,75.81999969482422,0
2026-07-19 20:00:00+00:00,75.83000183105469,76.08000183105469,75.80000305175781,76.08000183105469,5684480
2026-07-19 21:00:00+00:00,76.11000061035156,76.18000030517578,75.66000366210938,75.70999908447266,4591872
2026-07-19 22:00:00+00:00,75.63999938964844,76.33999633789062,75.63999938964844,76.05000305175781,40499328
2026-07-19 23:00:00+00:00,76.04000091552734,76.48999786376953,75.83999633789062,76.33000183105469,33960960
2026-07-20 00:00:00+00:00,76.31999969482422,77.04000091552734,76.08999633789062,76.5199966430664,112312320
2026-07-20 01:00:00+00:00,76.52999877929688,77.33999633789062,76.2300033569336,76.33999633789062,56581248
2026-07-20 02:00:00+00:00,76.33000183105469,77.12000274658203,76.33000183105469,76.91999816894531,0
2026-07-20 03:00:00+00:00,76.91999816894531,77.02999877929688,76.51000213623047,76.69999694824219,0
2026-07-20 04:00:00+00:00,76.7300033569336,76.87000274658203,76.25,76.43000030517578,18429952
2026-07-20 05:00:00+00:00,76.41000366210938,76.43000030517578,75.75,75.8499984741211,45816960
2026-07-20 06:00:00+00:00,75.86000061035156,75.98999786376953,75.48999786376953,75.56999969482422,27833344
2026-07-20 07:00:00+00:00,75.58000183105469,76.18000030517578,75.4800033569336,76.1500015258789,1400448
2026-07-20 08:00:00+00:00,76.13999938964844,76.37000274658203,75.83999633789062,76.08000183105469,31631360
2026-07-20 09:00:00+00:00,76.08999633789062,76.66000366210938,76.01000213623047,76.4000015258789,27118848
2026-07-20 10:00:00+00:00,76.38999938964844,76.62000274658203,76.26000213623047,76.27999877929688,5039616
2026-07-20 11:00:00+00:00,76.29000091552734,77.16999816894531,76.2300033569336,77.06999969482422,61329152
2026-07-20 12:00:00+00:00,77.08000183105469,77.08000183105469,76.5999984741211,76.66999816894531,29830656
2026-07-20 13:00:00+00:00,76.66999816894531,77.05000305175781,76.05999755859375,76.20999908447266,52172672
2026-07-20 14:00:00+00:00,76.22000122070312,76.37000274658203,75.7300033569336,76.05999755859375,61654528
2026-07-20 15:00:00+00:00,76.08999633789062,77.83000183105469,76.02999877929688,77.72000122070312,134866688
2026-07-20 16:00:00+00:00,77.75,77.79000091552734,77.41999816894531,77.5999984741211,104316672
2026-07-20 17:00:00+00:00,77.56999969482422,77.83000183105469,77.31999969482422,77.68000030517578,13938176
2026-07-20 18:00:00+00:00,77.70999908447266,78.30000305175781,77.54000091552734,77.5999984741211,77565696
2026-07-20 19:00:00+00:00,77.58999633789062,77.66999816894531,77.25,77.56999969482422,68315264
2026-07-20 20:00:00+00:00,77.58999633789062,78.0,77.4800033569336,77.81999969482422,32845056
2026-07-20 21:00:00+00:00,77.80000305175781,77.98999786376953,77.68000030517578,77.69999694824219,8722944
2026-07-20 22:00:00+00:00,77.69999694824219,77.77999877929688,77.37999725341797,77.38999938964844,0
2026-07-20 23:00:00+00:00,77.4000015258789,77.83000183105469,77.37000274658203,77.79000091552734,0
2026-07-21 00:00:00+00:00,77.77999877929688,78.2300033569336,77.69000244140625,78.06999969482422,0
2026-07-21 01:00:00+00:00,78.06999969482422,78.16999816894531,77.77999877929688,77.77999877929688,0
2026-07-21 02:00:00+00:00,77.79000091552734,78.13999938964844,77.58999633789062,77.9800033569336,0
2026-07-21 03:00:00+00:00,77.97000122070312,78.44999694824219,77.97000122070312,78.13999938964844,16853376
2026-07-21 04:00:00+00:00,78.13999938964844,78.33999633789062,77.95999908447266,78.08000183105469,12093824
2026-07-21 05:00:00+00:00,78.06999969482422,78.55000305175781,78.05000305175781,78.38999938964844,0
2026-07-21 06:00:00+00:00,78.4000015258789,78.80999755859375,78.25,78.61000061035156,0
2026-07-21 07:00:00+00:00,78.58999633789062,78.69000244140625,78.41999816894531,78.51000213623047,8525184
2026-07-21 08:00:00+00:00,78.51000213623047,78.6500015258789,78.29000091552734,78.30000305175781,5441536
2026-07-21 09:00:00+00:00,78.29000091552734,78.44999694824219,78.11000061035156,78.37000274658203,0
2026-07-21 10:00:00+00:00,78.37999725341797,78.43000030517578,78.0199966430664,78.16000366210938,17224960
2026-07-21 11:00:00+00:00,78.16000366210938,78.37999725341797,78.04000091552734,78.31999969482422,0
2026-07-21 12:00:00+00:00,78.33000183105469,78.5,78.22000122070312,78.45999908447266,0
2026-07-21 13:00:00+00:00,78.44999694824219,78.58000183105469,78.16000366210938,78.54000091552734,0
2026-07-21 14:00:00+00:00,78.4800033569336,78.58000183105469,77.87999725341797,77.94000244140625,546816
2026-07-21 15:00:00+00:00,77.94999694824219,78.12000274658203,77.75,78.0999984741211,0
2026-07-21 16:00:00+00:00,78.0999984741211,78.20999908447266,77.93000030517578,78.16000366210938,0
2026-07-21 17:00:00+00:00,78.16000366210938,78.19000244140625,77.5,77.66999816894531,0
2026-07-21 18:00:00+00:00,77.69000244140625,77.94999694824219,77.55999755859375,77.81999969482422,0
2026-07-21 19:00:00+00:00,77.80999755859375,77.97000122070312,77.66999816894531,77.81999969482422,0
2026-07-21 20:00:00+00:00,77.8499984741211,78.05999755859375,77.7699966430664,77.87999725341797,0
2026-07-21 21:00:00+00:00,77.86000061035156,78.11000061035156,77.76000213623047,77.9800033569336,0
2026-07-21 22:00:00+00:00,77.9800033569336,78.02999877929688,77.80999755859375,77.94999694824219,0
2026-07-21 23:00:00+00:00,77.94000244140625,78.1500015258789,77.7699966430664,78.08000183105469,313600
2026-07-22 00:00:00+00:00,78.0999984741211,78.54000091552734,78.06999969482422,78.43000030517578,8475136
2026-07-22 01:00:00+00:00,78.4000015258789,78.4800033569336,78.11000061035156,78.30000305175781,6545664
2026-07-22 02:00:00+00:00,78.30000305175781,78.45999908447266,78.04000091552734,78.08000183105469,5699968
2026-07-22 03:00:00+00:00,78.05000305175781,78.19000244140625,77.76000213623047,77.83000183105469,0
2026-07-22 04:00:00+00:00,77.77999877929688,78.18000030517578,77.77999877929688,78.0199966430664,0
2026-07-22 05:00:00+00:00,78.0199966430664,78.0199966430664,77.37000274658203,77.37999725341797,33137536
2026-07-22 06:00:00+00:00,77.41999816894531,77.44999694824219,76.9800033569336,77.25,6022784
2026-07-22 07:00:00+00:00,77.2300033569336,77.27999877929688,76.95999908447266,77.05000305175781,0
2026-07-22 08:00:00+00:00,77.04000091552734,77.47000122070312,77.0,77.37999725341797,0
2026-07-22 09:00:00+00:00,77.37999725341797,77.52999877929688,77.2300033569336,77.5,0
2026-07-22 10:00:00+00:00,77.54000091552734,77.66999816894531,77.4000015258789,77.62000274658203,0
2026-07-22 11:00:00+00:00,77.61000061035156,77.76000213623047,77.44000244140625,77.51000213623047,1435008
2026-07-22 12:00:00+00:00,77.51000213623047,77.5199966430664,76.9800033569336,77.18000030517578,0
2026-07-22 13:00:00+00:00,77.19000244140625,77.9000015258789,77.08000183105469,77.81999969482422,27916544
2026-07-22 14:00:00+00:00,77.79000091552734,78.27999877929688,77.3499984741211,77.8499984741211,0
2026-07-22 15:00:00+00:00,77.87000274658203,78.80000305175781,77.87000274658203,78.41999816894531,33889024
2026-07-22 16:00:00+00:00,78.44000244140625,78.77999877929688,78.06999969482422,78.55000305175781,42613632
2026-07-22 17:00:00+00:00,78.55000305175781,78.61000061035156,78.13999938964844,78.19000244140625,0
2026-07-22 18:00:00+00:00,78.19000244140625,78.26000213623047,77.43000030517578,77.72000122070312,23409024
2026-07-22 19:00:00+00:00,77.70999908447266,77.7699966430664,77.26000213623047,77.63999938964844,20163328
2026-07-22 20:00:00+00:00,77.58999633789062,77.91999816894531,77.55000305175781,77.7699966430664,6866304
2026-07-22 21:00:00+00:00,77.7699966430664,78.02999877929688,77.6500015258789,78.0,0
2026-07-22 22:00:00+00:00,77.9000015258789,78.08999633789062,77.68000030517578,77.98999786376953,30127744
2026-07-22 23:00:00+00:00,78.0,78.0,77.47000122070312,77.94999694824219,9453952
2026-07-23 00:00:00+00:00,77.98999786376953,78.5,77.98999786376953,78.2300033569336,20113536
2026-07-23 01:00:00+00:00,78.2300033569336,78.37999725341797,77.83999633789062,77.86000061035156,0
2026-07-23 02:00:00+00:00,77.86000061035156,77.87000274658203,77.37999725341797,77.7300033569336,16161664
2026-07-23 03:00:00+00:00,77.7300033569336,77.73999786376953,77.44999694824219,77.58000183105469,0
2026-07-23 04:00:00+00:00,77.55000305175781,77.7699966430664,77.41000366210938,77.47000122070312,0
2026-07-23 05:00:00+00:00,77.48999786376953,77.68000030517578,77.37000274658203,77.48999786376953,0
2026-07-23 06:00:00+00:00,77.5,77.55000305175781,77.33000183105469,77.54000091552734,0
2026-07-23 07:00:00+00:00,77.54000091552734,77.54000091552734,77.01000213623047,77.12000274658203,9526656
2026-07-23 08:00:00+00:00,77.12000274658203,77.44999694824219,77.06999969482422,77.43000030517578,0
2026-07-23 09:00:00+00:00,77.41999816894531,77.5999984741211,77.3499984741211,77.45999908447266,0
2026-07-23 10:00:00+00:00,77.45999908447266,77.77999877929688,77.38999938964844,77.70999908447266,0
2026-07-23 11:00:00+00:00,77.72000122070312,77.83000183105469,77.55999755859375,77.62000274658203,0
2026-07-23 12:00:00+00:00,77.62000274658203,77.69999694824219,76.48999786376953,76.88999938964844,73324928
2026-07-23 13:00:00+00:00,76.9000015258789,76.9800033569336,76.55000305175781,76.66000366210938,21610880
2026-07-23 14:00:00+00:00,76.6500015258789,76.83000183105469,76.27999877929688,76.37999725341797,0
2026-07-23 15:00:00+00:00,76.37000274658203,76.38999938964844,75.80000305175781,76.31999969482422,1531392
2026-07-23 16:00:00+00:00,76.31999969482422,76.31999969482422,75.79000091552734,75.93000030517578,0
2026-07-23 17:00:00+00:00,75.91999816894531,76.08999633789062,75.44000244140625,75.58000183105469,0
2026-07-23 18:00:00+00:00,75.5999984741211,75.77999877929688,75.51000213623047,75.7300033569336,0
2026-07-23 19:00:00+00:00,75.76000213623047,75.79000091552734,75.36000061035156,75.69000244140625,0
2026-07-23 20:00:00+00:00,75.69000244140625,76.12000274658203,75.6500015258789,76.06999969482422,0
2026-07-23 21:00:00+00:00,76.06999969482422,76.20999908447266,75.87000274658203,75.9800033569336,11724544
2026-07-23 22:00:00+00:00,75.97000122070312,76.19000244140625,75.80999755859375,76.12999725341797,0
2026-07-23 23:00:00+00:00,76.12999725341797,76.19000244140625,75.80999755859375,75.81999969482422,6738048
2026-07-24 00:00:00+00:00,75.83000183105469,75.83999633789062,75.48999786376953,75.77999877929688,0
2026-07-24 01:00:00+00:00,75.76000213623047,76.05999755859375,75.61000061035156,75.62999725341797,8842368
2026-07-24 02:00:00+00:00,75.62999725341797,75.86000061035156,75.25,75.47000122070312,0
2026-07-24 03:00:00+00:00,75.48999786376953,75.88999938964844,75.41999816894531,75.77999877929688,15768192
2026-07-24 04:00:00+00:00,75.77999877929688,75.80000305175781,75.55000305175781,75.61000061035156,0
2026-07-24 05:00:00+00:00,75.62000274658203,75.83999633789062,75.54000091552734,75.7300033569336,1837824
2026-07-24 06:00:00+00:00,75.73999786376953,75.94999694824219,75.68000030517578,75.79000091552734,0
2026-07-24 07:00:00+00:00,75.80000305175781,76.37000274658203,75.7300033569336,76.02999877929688,0
2026-07-24 08:00:00+00:00,76.0199966430664,76.0199966430664,75.66000366210938,75.72000122070312,2083456
2026-07-24 09:00:00+00:00,75.72000122070312,75.77999877929688,75.31999969482422,75.56999969482422,50521216
2026-07-24 10:00:00+00:00,75.56999969482422,75.5999984741211,75.33000183105469,75.43000030517578,12481024
2026-07-24 11:00:00+00:00,75.43000030517578,75.47000122070312,74.94000244140625,75.16000366210938,22748160
2026-07-24 12:00:00+00:00,75.11000061035156,75.2300033569336,74.72000122070312,74.80000305175781,0
2026-07-24 13:00:00+00:00,74.83999633789062,74.8499984741211,73.91999816894531,74.11000061035156,20777728
2026-07-24 14:00:00+00:00,74.13999938964844,74.19999694824219,73.55999755859375,73.97000122070312,58363904
2026-07-24 15:00:00+00:00,73.93000030517578,74.2300033569336,73.62000274658203,73.95999908447266,0
2026-07-24 16:00:00+00:00,73.97000122070312,74.1500015258789,73.63999938964844,73.83000183105469,13444736
2026-07-24 17:00:00+00:00,73.81999969482422,74.0999984741211,73.79000091552734,73.9800033569336,18920064
2026-07-24 18:00:00+00:00,73.9800033569336,74.01000213623047,73.83000183105469,73.91000366210938,0
2026-07-24 19:00:00+00:00,73.91000366210938,73.9800033569336,73.72000122070312,73.87999725341797,0
2026-07-24 20:00:00+00:00,73.88999938964844,73.95999908447266,73.66000366210938,73.70999908447266,0
2026-07-24 21:00:00+00:00,73.70999908447266,73.7699966430664,73.38999938964844,73.58000183105469,40352384
2026-07-24 22:00:00+00:00,73.58000183105469,73.91999816894531,73.56999969482422,73.87000274658203,0
2026-07-24 23:00:00+00:00,73.87000274658203,73.97000122070312,73.79000091552734,73.9000015258789,0
2026-07-25 00:00:00+00:00,73.9000015258789,74.08000183105469,73.87000274658203,74.06999969482422,0
2026-07-25 01:00:00+00:00,74.05000305175781,74.19000244140625,73.94000244140625,74.05999755859375,0
2026-07-25 02:00:00+00:00,74.08999633789062,74.1500015258789,73.9800033569336,74.05000305175781,0
2026-07-25 03:00:00+00:00,74.04000091552734,74.26000213623047,73.9800033569336,74.06999969482422,0
2026-07-25 04:00:00+00:00,74.05999755859375,74.29000091552734,74.05999755859375,74.22000122070312,19306240
2026-07-25 05:00:00+00:00,74.25,74.30000305175781,73.83999633789062,73.91000366210938,31488
2026-07-25 06:00:00+00:00,73.91999816894531,73.97000122070312,73.70999908447266,73.97000122070312,0
2026-07-25 07:00:00+00:00,73.97000122070312,73.98999786376953,73.7300033569336,73.7300033569336,0
2026-07-25 08:00:00+00:00,73.7300033569336,73.79000091552734,73.51000213623047,73.73999786376953,0
2026-07-25 09:00:00+00:00,73.75,73.97000122070312,73.68000030517578,73.93000030517578,0
2026-07-25 10:00:00+00:00,73.93000030517578,73.95999908447266,73.83000183105469,73.91999816894531,0
2026-07-25 11:00:00+00:00,73.91000366210938,73.9800033569336,73.80000305175781,73.86000061035156,0
2026-07-25 12:00:00+00:00,73.87000274658203,73.91999816894531,73.79000091552734,73.9000015258789,0
2026-07-25 13:00:00+00:00,73.88999938964844,74.11000061035156,73.86000061035156,73.91000366210938,0
2026-07-25 14:00:00+00:00,73.9000015258789,74.01000213623047,73.70999908447266,73.9800033569336,0
2026-07-25 15:00:00+00:00,73.9800033569336,74.23999786376953,73.91999816894531,74.11000061035156,0
2026-07-25 16:00:00+00:00,74.11000061035156,74.36000061035156,74.02999877929688,74.26000213623047,0
2026-07-25 17:00:00+00:00,74.29000091552734,74.5999984741211,74.23999786376953,74.4000015258789,0
2026-07-25 18:00:00+00:00,74.41999816894531,74.6500015258789,74.4000015258789,74.5999984741211,0
2026-07-25 19:00:00+00:00,74.58000183105469,74.66999816894531,74.4800033569336,74.51000213623047,0
2026-07-25 20:00:00+00:00,74.5,74.51000213623047,74.33999633789062,74.38999938964844,0
2026-07-25 21:00:00+00:00,74.37000274658203,74.52999877929688,74.22000122070312,74.4000015258789,0
2026-07-25 22:00:00+00:00,74.41000366210938,74.45999908447266,74.23999786376953,74.44000244140625,0
2026-07-25 23:00:00+00:00,74.43000030517578,74.4800033569336,74.33999633789062,74.45999908447266,19968
2026-07-26 00:00:00+00:00,74.47000122070312,74.9000015258789,74.4000015258789,74.72000122070312,0
2026-07-26 01:00:00+00:00,74.72000122070312,74.83999633789062,74.61000061035156,74.76000213623047,0
2026-07-26 02:00:00+00:00,74.7699966430664,74.87000274658203,74.66000366210938,74.83000183105469,5728832
2026-07-26 03:00:00+00:00,74.83999633789062,74.98999786376953,74.76000213623047,74.95999908447266,6833600
2026-07-26 04:00:00+00:00,74.95999908447266,75.16999816894531,74.87000274658203,75.0,0
2026-07-26 05:00:00+00:00,75.0199966430664,75.11000061035156,74.87999725341797,74.95999908447266,0
2026-07-26 06:00:00+00:00,74.97000122070312,75.06999969482422,74.68000030517578,75.05999755859375,0
2026-07-26 07:00:00+00:00,75.06999969482422,75.08000183105469,74.79000091552734,74.81999969482422,0
2026-07-26 08:00:00+00:00,74.80999755859375,74.98999786376953,74.77999877929688,74.91999816894531,0
2026-07-26 09:00:00+00:00,74.91000366210938,75.20999908447266,74.91000366210938,75.01000213623047,7140736
2026-07-26 10:00:00+00:00,75.0,75.18000030517578,74.94999694824219,75.05999755859375,3802816
2026-07-26 11:00:00+00:00,75.05000305175781,75.12000274658203,74.83999633789062,74.88999938964844,6862592
2026-07-26 12:00:00+00:00,74.88999938964844,75.08999633789062,74.76000213623047,74.80999755859375,4598272
2026-07-26 13:00:00+00:00,74.81999969482422,74.91000366210938,74.70999908447266,74.87000274658203,1228416
2026-07-26 14:00:00+00:00,74.87000274658203,75.16000366210938,74.81999969482422,75.0,0
2026-07-26 15:00:00+00:00,75.0,75.44000244140625,74.91000366210938,75.43000030517578,15709824
2026-07-26 16:00:00+00:00,75.43000030517578,75.91000366210938,75.23999786376953,75.4800033569336,40817280
2026-07-26 17:00:00+00:00,75.4800033569336,75.52999877929688,75.2300033569336,75.31999969482422,0
2026-07-26 18:00:00+00:00,75.31999969482422,75.38999938964844,75.20999908447266,75.31999969482422,0
2026-07-26 19:00:00+00:00,75.31999969482422,75.38999938964844,75.18000030517578,75.27999877929688,0
2026-07-26 20:00:00+00:00,75.29000091552734,75.33999633789062,75.25,75.2699966430664,0
2026-07-26 21:00:00+00:00,75.27999877929688,75.69999694824219,75.26000213623047,75.58999633789062,8909824
2026-07-26 22:00:00+00:00,75.81999969482422,76.73999786376953,75.7699966430664,76.63999938964844,116635008
2026-07-26 23:00:00+00:00,76.68000030517578,76.98999786376953,76.47000122070312,76.69000244140625,73404160
2026-07-27 00:00:00+00:00,76.70999908447266,76.72000122070312,76.13999938964844,76.26000213623047,21862976
2026-07-27 01:00:00+00:00,76.2699966430664,76.45999908447266,75.93000030517578,76.44999694824219,28030208
2026-07-27 02:00:00+00:00,76.44999694824219,76.61000061035156,76.30000305175781,76.37999725341797,38857600
2026-07-27 03:00:00+00:00,76.36000061035156,76.4800033569336,76.26000213623047,76.33999633789062,12620032
2026-07-27 04:00:00+00:00,76.36000061035156,76.55999755859375,76.20999908447266,76.25,17264896
2026-07-27 05:00:00+00:00,76.23999786376953,76.5999984741211,76.19000244140625,76.4800033569336,29028608
2026-07-27 06:00:00+00:00,76.48999786376953,76.9000015258789,76.47000122070312,76.6500015258789,26817280
2026-07-27 07:00:00+00:00,76.62999725341797,76.69999694824219,76.33999633789062,76.4000015258789,28702848
2026-07-27 08:00:00+00:00,76.41000366210938,76.44000244140625,76.16000366210938,76.23999786376953,22866560
2026-07-27 09:00:00+00:00,76.19999694824219,76.48999786376953,76.05999755859375,76.41000366210938,10817664
2026-07-27 10:00:00+00:00,76.38999938964844,76.61000061035156,76.3499984741211,76.55000305175781,10904064
2026-07-27 11:00:00+00:00,76.55000305175781,76.62999725341797,76.41000366210938,76.44999694824219,10439552
2026-07-27 12:00:00+00:00,76.4800033569336,76.98999786376953,76.19000244140625,76.77999877929688,75682432
2026-07-27 13:00:00+00:00,76.80000305175781,77.41000366210938,76.4000015258789,76.83000183105469,111541888
2026-07-27 14:00:00+00:00,76.83999633789062,76.91000366210938,74.95999908447266,75.38999938964844,165124992
2026-07-27 15:00:00+00:00,75.33000183105469,75.54000091552734,75.0,75.19999694824219,58347776
2026-07-27 16:00:00+00:00,75.20999908447266,75.9000015258789,75.05999755859375,75.87999725341797,8712960
2026-07-27 17:00:00+00:00,75.87999725341797,76.16000366210938,75.7300033569336,75.83000183105469,16812160
2026-07-27 18:00:00+00:00,75.87999725341797,75.91999816894531,75.19999694824219,75.52999877929688,39629696
2026-07-27 19:00:00+00:00,75.55000305175781,75.98999786376953,75.43000030517578,75.91999816894531,30343680
2026-07-27 20:00:00+00:00,75.95999908447266,76.05999755859375,75.7300033569336,75.91000366210938,17625600
2026-07-27 21:00:00+00:00,75.9000015258789,75.91999816894531,75.43000030517578,75.55000305175781,0
2026-07-27 22:00:00+00:00,75.55000305175781,75.55999755859375,73.97000122070312,74.01000213623047,0
2026-07-27 23:00:00+00:00,73.97000122070312,74.3499984741211,73.69999694824219,74.12999725341797,50386432
2026-07-28 00:00:00+00:00,74.16999816894531,74.2300033569336,73.61000061035156,73.66000366210938,12994560
2026-07-28 01:00:00+00:00,73.68000030517578,73.68000030517578,72.81999969482422,73.12999725341797,104159104
2026-07-28 02:00:00+00:00,73.11000061035156,73.38999938964844,73.01000213623047,73.30000305175781,8747264
2026-07-28 03:00:00+00:00,73.30000305175781,73.33999633789062,73.0999984741211,73.20999908447266,12282880
2026-07-28 04:00:00+00:00,73.19000244140625,73.20999908447266,72.91999816894531,73.13999938964844,3680896
2026-07-28 05:00:00+00:00,73.13999938964844,73.44999694824219,73.12000274658203,73.19000244140625,0
2026-07-28 06:00:00+00:00,73.18000030517578,73.41000366210938,73.05999755859375,73.37000274658203,0
2026-07-28 07:00:00+00:00,73.37999725341797,73.41000366210938,73.05000305175781,73.20999908447266,0
2026-07-28 08:00:00+00:00,73.2300033569336,73.3499984741211,73.08000183105469,73.2699966430664,7807104
2026-07-28 09:00:00+00:00,73.27999877929688,73.44000244140625,73.12999725341797,73.19000244140625,1093888
2026-07-28 10:00:00+00:00,73.16999816894531,73.26000213623047,73.05000305175781,73.08000183105469,14850944
2026-07-28 11:00:00+00:00,73.11000061035156,73.22000122070312,72.81999969482422,73.12000274658203,59649024
2026-07-28 12:00:00+00:00,73.11000061035156,73.37000274658203,73.04000091552734,73.30000305175781,0
2026-07-28 13:00:00+00:00,73.30000305175781,73.36000061035156,72.29000091552734,72.62000274658203,0
2026-07-28 14:00:00+00:00,72.62000274658203,73.41000366210938,72.47000122070312,73.30999755859375,0
2026-07-28 15:00:00+00:00,73.33000183105469,74.5,73.22000122070312,74.2699966430664,57254016
2026-07-28 16:00:00+00:00,74.25,74.48999786376953,73.9800033569336,74.3499984741211,0
2026-07-28 17:00:00+00:00,74.31999969482422,74.36000061035156,73.4800033569336,73.76000213623047,35501952
2026-07-28 18:00:00+00:00,73.75,73.97000122070312,73.70999908447266,73.79000091552734,0
2026-07-28 19:00:00+00:00,73.81999969482422,74.30000305175781,73.7300033569336,74.2300033569336,1628928
2026-07-28 20:00:00+00:00,74.26000213623047,74.2699966430664,73.91000366210938,73.94000244140625,13142272
2026-07-28 21:00:00+00:00,73.94999694824219,74.29000091552734,73.91000366210938,74.04000091552734,372864
2026-07-28 22:00:00+00:00,74.06999969482422,74.1500015258789,73.33999633789062,73.33999633789062,0
2026-07-28 23:00:00+00:00,73.33999633789062,73.75,73.0999984741211,73.7300033569336,681088
2026-07-29 00:00:00+00:00,73.72000122070312,74.08999633789062,73.66999816894531,73.69000244140625,27448064
2026-07-29 01:00:00+00:00,73.66000366210938,73.70999908447266,73.13999938964844,73.18000030517578,0
2026-07-29 02:00:00+00:00,73.1500015258789,73.88999938964844,73.01000213623047,73.58999633789062,0
2026-07-29 03:00:00+00:00,73.5999984741211,73.66000366210938,72.93000030517578,72.97000122070312,6772224
2026-07-29 04:00:00+00:00,72.9800033569336,73.37999725341797,72.63999938964844,73.37000274658203,48388224
2026-07-29 05:00:00+00:00,73.36000061035156,73.69999694824219,73.23999786376953,73.58999633789062,8203648
2026-07-29 06:00:00+00:00,73.56999969482422,73.98999786376953,73.44999694824219,73.9800033569336,1452288
2026-07-29 07:00:00+00:00,74.01000213623047,74.19999694824219,73.88999938964844,74.13999938964844,0
2026-07-29 08:00:00+00:00,74.16000366210938,74.25,73.61000061035156,73.8499984741211,12178176
2026-07-29 09:00:00+00:00,73.86000061035156,74.2300033569336,73.81999969482422,74.05000305175781,0
2026-07-29 10:00:00+00:00,74.05000305175781,74.05999755859375,73.7300033569336,73.81999969482422,0
2026-07-29 11:00:00+00:00,73.83000183105469,74.02999877929688,73.75,73.87000274658203,0
2026-07-29 12:00:00+00:00,73.87000274658203,73.87000274658203,73.37000274658203,73.41999816894531,0
2026-07-29 13:00:00+00:00,73.41999816894531,73.66999816894531,73.26000213623047,73.62999725341797,0
2026-07-29 14:00:00+00:00,73.62999725341797,73.80999755859375,73.0199966430664,73.18000030517578,0
2026-07-29 15:00:00+00:00,73.16999816894531,73.37000274658203,72.87999725341797,73.04000091552734,0
2026-07-29 16:00:00+00:00,73.0199966430664,73.23999786376953,72.81999969482422,73.16999816894531,0
2026-07-29 17:00:00+00:00,73.18000030517578,73.77999877929688,73.06999969482422,73.77999877929688,0
2026-07-29 18:00:00+00:00,74.0,74.44000244140625,73.37000274658203,74.13999938964844,194897408
2026-07-29 19:00:00+00:00,74.18000030517578,74.29000091552734,72.6500015258789,72.66999816894531,64329472
2026-07-29 20:00:00+00:00,72.66999816894531,73.12000274658203,72.38999938964844,72.56999969482422,77071488
2026-07-29 21:00:00+00:00,72.55000305175781,73.08999633789062,72.25,73.06999969482422,42764032
2026-07-29 22:00:00+00:00,73.0999984741211,73.70999908447266,73.0999984741211,73.55999755859375,25943296
2026-07-29 23:00:00+00:00,73.56999969482422,73.66999816894531,73.33999633789062,73.5999984741211,0
2026-07-30 00:00:00+00:00,73.5999984741211,73.77999877929688,73.05999755859375,73.22000122070312,566400
2026-07-30 01:00:00+00:00,73.25,74.08000183105469,73.18000030517578,73.94000244140625,25272576
2026-07-30 02:00:00+00:00,73.94999694824219,74.04000091552734,73.7300033569336,73.75,0
2026-07-30 03:00:00+00:00,73.76000213623047,73.91000366210938,73.56999969482422,73.61000061035156,0
2026-07-30 04:00:00+00:00,73.62999725341797,73.6500015258789,73.38999938964844,73.41999816894531,0
2026-07-30 05:00:00+00:00,73.43000030517578,73.73999786376953,73.33000183105469,73.5999984741211,0
2026-07-30 06:00:00+00:00,73.61000061035156,73.66999816894531,73.37999725341797,73.43000030517578,0
2026-07-30 07:00:00+00:00,73.43000030517578,73.70999908447266,73.29000091552734,73.31999969482422,7953152
2026-07-30 08:00:00+00:00,73.33000183105469,73.72000122070312,73.19000244140625,73.70999908447266,0
2026-07-30 09:00:00+00:00,73.72000122070312,74.0999984741211,73.69000244140625,73.94000244140625,12354432
2026-07-30 10:00:00+00:00,73.95999908447266,74.12000274658203,73.7300033569336,73.80000305175781,12143360
2026-07-30 11:00:00+00:00,73.81999969482422,74.22000122070312,73.80000305175781,74.12000274658203,14980480
2026-07-30 12:00:00+00:00,74.1500015258789,74.4000015258789,73.98999786376953,74.30999755859375,21823104
2026-07-30 13:00:00+00:00,74.31999969482422,74.80000305175781,74.04000091552734,74.5999984741211,35571456
2026-07-30 14:00:00+00:00,74.58000183105469,74.69999694824219,74.22000122070312,74.54000091552734,9722368
2026-07-30 15:00:00+00:00,74.55000305175781,74.77999877929688,74.38999938964844,74.56999969482422,0
2026-07-30 16:00:00+00:00,74.56999969482422,74.76000213623047,74.37000274658203,74.5199966430664,0
2026-07-30 17:00:00+00:00,74.5199966430664,74.80000305175781,74.36000061035156,74.69000244140625,0
2026-07-30 18:00:00+00:00,74.69000244140625,74.88999938964844,74.41000366210938,74.44999694824219,0
2026-07-30 19:00:00+00:00,74.44999694824219,74.76000213623047,74.44999694824219,74.7300033569336,0
2026-07-30 20:00:00+00:00,74.69000244140625,74.83999633789062,74.37999725341797,74.41999816894531,0
2026-07-30 21:00:00+00:00,74.43000030517578,74.54000091552734,74.36000061035156,74.41999816894531,0
2026-07-30 22:00:00+00:00,74.38999938964844,74.80999755859375,74.33999633789062,74.69000244140625,0
2026-07-30 23:00:00+00:00,74.68000030517578,74.91000366210938,74.38999938964844,74.44000244140625,6182272
2026-07-31 00:00:00+00:00,74.44000244140625,74.56999969482422,74.37000274658203,74.43000030517578,0
2026-07-31 01:00:00+00:00,74.45999908447266,75.19999694824219,74.2300033569336,74.33000183105469,47003008
2026-07-31 02:00:00+00:00,74.31999969482422,74.48999786376953,74.0199966430664,74.08000183105469,18405760
2026-07-31 03:00:00+00:00,74.05999755859375,74.2699966430664,73.81999969482422,74.06999969482422,13167232
2026-07-31 04:00:00+00:00,74.05999755859375,74.06999969482422,73.6500015258789,73.75,23511296
2026-07-31 05:00:00+00:00,73.75,74.25,73.75,74.16999816894531,24198528
2026-07-31 06:00:00+00:00,74.16999816894531,74.44999694824219,73.93000030517578,74.02999877929688,22012160
2026-07-31 07:00:00+00:00,74.0,74.0,73.41999816894531,73.5999984741211,24418944
2026-07-31 08:00:00+00:00,73.5999984741211,73.72000122070312,73.44999694824219,73.58000183105469,45321216
2026-07-31 09:00:00+00:00,73.5999984741211,73.62000274658203,73.33000183105469,73.41999816894531,0
2026-07-31 10:00:00+00:00,73.4000015258789,73.56999969482422,73.23999786376953,73.48999786376953,6784384
2026-07-31 11:00:00+00:00,73.5,73.6500015258789,73.38999938964844,73.48999786376953,0
2026-07-31 12:00:00+00:00,73.48999786376953,73.55999755859375,73.33000183105469,73.55000305175781,0
2026-07-31 13:00:00+00:00,73.54000091552734,73.72000122070312,73.08999633789062,73.19999694824219,0
2026-07-31 14:00:00+00:00,73.19000244140625,73.58999633789062,72.72000122070312,72.94999694824219,89189760
2026-07-31 15:00:00+00:00,72.95999908447266,73.0999984741211,72.79000091552734,73.0,20103808
2026-07-31 16:00:00+00:00,73.0,73.26000213623047,72.9000015258789,73.25,0
2026-07-31 17:00:00+00:00,73.19999694824219,73.36000061035156,73.08999633789062,73.27999877929688,0
2026-07-31 18:00:00+00:00,73.27999877929688,73.38999938964844,72.86000061035156,73.0199966430664,0
2026-07-31 19:00:00+00:00,73.01000213623047,73.16000366210938,72.83999633789062,73.0,0
2026-07-31 20:00:00+00:00,73.0199966430664,73.12000274658203,72.87000274658203,72.88999938964844,0
2026-07-31 21:00:00+00:00,72.88999938964844,73.02999877929688,72.5,72.6500015258789,0
2026-07-31 22:00:00+00:00,72.6500015258789,72.88999938964844,72.5999984741211,72.7699966430664,3704704
2026-07-31 23:00:00+00:00,72.77999877929688,72.9000015258789,72.7300033569336,72.79000091552734,0
2026-08-01 00:00:00+00:00,72.80999755859375,73.08000183105469,72.79000091552734,72.94999694824219,418688
2026-08-01 01:00:00+00:00,72.95999908447266,73.05999755859375,72.91000366210938,72.9800033569336,0
2026-08-01 02:00:00+00:00,72.9800033569336,73.08999633789062,72.93000030517578,73.01000213623047,2137216
2026-08-01 03:00:00+00:00,73.0,73.02999877929688,72.81999969482422,72.95999908447266,0
2026-08-01 04:00:00+00:00,72.95999908447266,73.13999938964844,72.95999908447266,73.08999633789062,0
2026-08-01 05:00:00+00:00,73.08000183105469,73.13999938964844,72.80000305175781,72.87999725341797,0
2026-08-01 06:00:00+00:00,72.87999725341797,72.94999694824219,72.80999755859375,72.93000030517578,0
2026-08-01 07:00:00+00:00,72.91000366210938,73.02999877929688,72.8499984741211,72.9000015258789,0
2026-08-01 08:00:00+00:00,72.88999938964844,73.0,72.87999725341797,72.97000122070312,0
2026-08-01 09:00:00+00:00,72.9800033569336,73.01000213623047,72.7699966430664,72.7699966430664,0
2026-08-01 10:00:00+00:00,72.79000091552734,72.83000183105469,72.5999984741211,72.7699966430664,0
2026-08-01 11:00:00+00:00,72.7699966430664,72.83999633789062,72.72000122070312,72.83000183105469,0
2026-08-01 12:00:00+00:00,72.83000183105469,72.87999725341797,72.80000305175781,72.86000061035156,0
2026-08-01 13:00:00+00:00,72.86000061035156,72.94000244140625,72.83999633789062,72.91000366210938,0
2026-08-01 14:00:00+00:00,72.91000366210938,72.97000122070312,72.80000305175781,72.97000122070312,0
2026-08-01 15:00:00+00:00,72.97000122070312,72.97000122070312,72.66999816894531,72.7300033569336,0
2026-08-01 16:00:00+00:00,72.7300033569336,72.87000274658203,72.43000030517578,72.62999725341797,0
2026-08-01 17:00:00+00:00,72.62000274658203,72.72000122070312,71.56999969482422,71.87000274658203,111513280
2026-08-01 18:00:00+00:00,71.86000061035156,71.91000366210938,70.55000305175781,71.02999877929688,128943936
2026-08-01 19:00:00+00:00,70.98999786376953,71.30000305175781,70.98999786376953,71.19999694824219,25766784
2026-08-01 20:00:00+00:00,71.16999816894531,71.5,71.16000366210938,71.48999786376953,0
2026-08-01 21:00:00+00:00,71.48999786376953,71.80000305175781,71.48999786376953,71.80000305175781,12228480
2026-08-01 22:00:00+00:00,71.80000305175781,71.94000244140625,71.80000305175781,71.8499984741211,0
2026-08-01 23:00:00+00:00,71.98999786376953,72.0199966430664,71.76000213623047,71.9000015258789,2243840
2026-08-02 00:00:00+00:00,71.87000274658203,72.08000183105469,71.87000274658203,72.04000091552734,0
2026-08-02 01:00:00+00:00,72.04000091552734,72.66999816894531,72.04000091552734,72.55999755859375,16375552
2026-08-02 02:00:00+00:00,72.58999633789062,73.25,72.51000213623047,73.05999755859375,23410688
2026-08-02 03:00:00+00:00,73.08000183105469,73.16999816894531,73.01000213623047,73.12000274658203,0
2026-08-02 04:00:00+00:00,73.16000366210938,73.4800033569336,73.1500015258789,73.44999694824219,19890304
2026-08-02 05:00:00+00:00,73.45999908447266,73.58999633789062,73.38999938964844,73.52999877929688,36168064
2026-08-02 06:00:00+00:00,73.52999877929688,73.58000183105469,73.36000061035156,73.37999725341797,1381248
2026-08-02 07:00:00+00:00,73.37000274658203,73.44999694824219,73.31999969482422,73.4000015258789,1968000
2026-08-02 08:00:00+00:00,73.43000030517578,73.44000244140625,73.0999984741211,73.12000274658203,22581376
2026-08-02 09:00:00+00:00,73.11000061035156,73.36000061035156,72.93000030517578,73.30999755859375,21552640
2026-08-02 10:00:00+00:00,73.30000305175781,73.30999755859375,73.08999633789062,73.20999908447266,2488960
2026-08-02 11:00:00+00:00,73.22000122070312,73.26000213623047,72.88999938964844,72.94000244140625,4401536
2026-08-02 12:00:00+00:00,72.94999694824219,73.16999816894531,72.8499984741211,72.8499984741211,13295744
2026-08-02 13:00:00+00:00,72.83999633789062,72.94000244140625,72.62999725341797,72.9000015258789,17306368
2026-08-02 14:00:00+00:00,72.87999725341797,73.16999816894531,72.87000274658203,73.02999877929688,0
2026-08-02 15:00:00+00:00,73.02999877929688,73.1500015258789,72.94000244140625,72.97000122070312,5882880
2026-08-02 16:00:00+00:00,72.97000122070312,73.20999908447266,72.86000061035156,73.06999969482422,2451072
2026-08-02 17:00:00+00:00,73.05999755859375,73.33000183105469,73.02999877929688,73.25,0
2026-08-02 18:00:00+00:00,73.2300033569336,73.73999786376953,73.16999816894531,73.48999786376953,0
2026-08-02 19:00:00+00:00,73.5,73.72000122070312,73.45999908447266,73.6500015258789,0
2026-08-02 20:00:00+00:00,73.6500015258789,73.66000366210938,73.4800033569336,73.62000274658203,0
2026-08-02 21:00:00+00:00,73.5999984741211,74.23999786376953,73.58999633789062,73.91000366210938,6511552
2026-08-02 22:00:00+00:00,74.0199966430664,74.12999725341797,73.55999755859375,73.58000183105469,26406848
2026-08-02 23:00:00+00:00,73.55999755859375,73.58000183105469,73.37999725341797,73.54000091552734,3665344
2026-08-03 00:00:00+00:00,73.55000305175781,73.5999984741211,73.0999984741211,73.16000366210938,12936832
2026-08-03 01:00:00+00:00,73.13999938964844,73.19000244140625,72.86000061035156,72.93000030517578,0
2026-08-03 02:00:00+00:00,72.91000366210938,73.05999755859375,72.83000183105469,72.94999694824219,0
2026-08-03 03:00:00+00:00,72.91999816894531,73.04000091552734,72.63999938964844,72.81999969482422,0
2026-08-03 04:00:00+00:00,72.80000305175781,72.98999786376953,72.75,72.7699966430664,0
2026-08-03 05:00:00+00:00,72.77999877929688,72.94999694824219,72.73999786376953,72.83999633789062,0
2026-08-03 06:00:00+00:00,72.83999633789062,72.88999938964844,72.43000030517578,72.51000213623047,30467776
2026-08-03 07:00:00+00:00,72.51000213623047,72.61000061035156,72.36000061035156,72.43000030517578,18903936
2026-08-03 08:00:00+00:00,72.43000030517578,72.4800033569336,71.9000015258789,72.2699966430664,22920832
2026-08-03 09:00:00+00:00,72.2699966430664,72.69999694824219,72.2300033569336,72.6500015258789,0
2026-08-03 10:00:00+00:00,72.63999938964844,72.70999908447266,72.44000244140625,72.5199966430664,29061312
2026-08-03 11:00:00+00:00,72.52999877929688,72.55999755859375,72.30999755859375,72.36000061035156,6440128
2026-08-03 12:00:00+00:00,72.36000061035156,72.47000122070312,72.25,72.33000183105469,6333056
2026-08-03 13:00:00+00:00,72.33000183105469,73.19999694824219,72.23999786376953,73.16999816894531,42331328
2026-08-03 14:00:00+00:00,73.19000244140625,73.70999908447266,72.94000244140625,73.69999694824219,139268992
2026-08-03 15:00:00+00:00,73.70999908447266,73.72000122070312,73.4000015258789,73.54000091552734,86266496
2026-08-03 16:00:00+00:00,73.56999969482422,73.73999786376953,73.1500015258789,73.33999633789062,39504256
2026-08-03 17:00:00+00:00,73.3499984741211,73.75,73.2300033569336,73.62000274658203,32083712
2026-08-03 18:00:00+00:00,73.62999725341797,74.19999694824219,73.62000274658203,73.9000015258789,44577664
2026-08-03 19:00:00+00:00,73.94000244140625,74.12999725341797,73.88999938964844,73.95999908447266,31586176
2026-08-03 20:00:00+00:00,73.93000030517578,74.08999633789062,73.70999908447266,73.80999755859375,24512896
2026-08-03 21:00:00+00:00,73.80999755859375,73.81999969482422,73.5999984741211,73.63999938964844,0
2026-08-03 22:00:00+00:00,73.63999938964844,73.66999816894531,73.30999755859375,73.4800033569336,0
2026-08-03 23:00:00+00:00,73.45999908447266,73.5,73.33000183105469,73.48999786376953,0
2026-08-04 00:00:00+00:00,73.5,73.55999755859375,72.9800033569336,72.98999786376953,7674112
2026-08-04 01:00:00+00:00,73.01000213623047,73.69999694824219,72.9800033569336,73.68000030517578,15000064
2026-08-04 02:00:00+00:00,73.73999786376953,74.01000213623047,73.5999984741211,73.80000305175781,28820096
2026-08-04 03:00:00+00:00,73.80000305175781,73.81999969482422,73.41000366210938,73.62999725341797,2995200
2026-08-04 04:00:00+00:00,73.61000061035156,74.0199966430664,73.52999877929688,73.76000213623047,11900672
2026-08-04 05:00:00+00:00,73.80999755859375,73.81999969482422,73.62000274658203,73.68000030517578,0
2026-08-04 06:00:00+00:00,73.68000030517578,73.8499984741211,73.33999633789062,73.3499984741211,0
2026-08-04 07:00:00+00:00,73.3499984741211,73.66000366210938,73.12999725341797,73.5999984741211,14688896
2026-08-04 08:00:00+00:00,73.62000274658203,73.68000030517578,73.2300033569336,73.27999877929688,0
2026-08-04 09:00:00+00:00,73.2699966430664,73.2699966430664,73.08000183105469,73.22000122070312,14117504
2026-08-04 10:00:00+00:00,73.20999908447266,73.62000274658203,73.0199966430664,73.54000091552734,0
2026-08-04 11:00:00+00:00,73.55000305175781,73.9000015258789,73.45999908447266,73.87000274658203,33515904
2026-08-04 12:00:00+00:00,73.86000061035156,73.9800033569336,73.68000030517578,73.75,15348736
2026-08-04 13:00:00+00:00,73.73999786376953,73.97000122070312,73.5199966430664,73.55999755859375,0
2026-08-04 14:00:00+00:00,73.56999969482422,73.86000061035156,73.2699966430664,73.73999786376953,0
2026-08-04 15:00:00+00:00,73.76000213623047,74.12000274658203,73.33999633789062,73.91999816894531,0
2026-08-04 16:00:00+00:00,73.93000030517578,73.94000244140625,73.54000091552734,73.66000366210938,0
2026-08-04 17:00:00+00:00,73.66999816894531,74.16999816894531,73.63999938964844,73.70999908447266,11962368
2026-08-04 18:00:00+00:00,73.72000122070312,74.33000183105469,73.72000122070312,74.0999984741211,0
2026-08-04 19:00:00+00:00,74.0999984741211,74.33999633789062,74.05999755859375,74.12000274658203,0
2026-08-04 20:00:00+00:00,74.13999938964844,74.37000274658203,73.81999969482422,74.20999908447266,36395392
2026-08-04 21:00:00+00:00,74.22000122070312,74.2300033569336,73.97000122070312,74.06999969482422,13828224
2026-08-04 22:00:00+00:00,74.08000183105469,74.16999816894531,73.93000030517578,74.04000091552734,0
2026-08-04 23:00:00+00:00,74.05000305175781,74.22000122070312,73.68000030517578,73.69999694824219,23369728
2026-08-05 00:00:00+00:00,73.69000244140625,73.73999786376953,73.41999816894531,73.44999694824219,7702272
2026-08-05 01:00:00+00:00,73.44999694824219,74.05999755859375,73.33999633789062,74.05999755859375,12475520
2026-08-05 02:00:00+00:00,74.05999755859375,74.43000030517578,74.01000213623047,74.16000366210938,36342272
2026-08-05 03:00:00+00:00,74.16000366210938,74.23999786376953,73.66000366210938,73.7300033569336,26998400
2026-08-05 04:00:00+00:00,73.7300033569336,73.80000305175781,73.55999755859375,73.7300033569336,13054208
2026-08-05 05:00:00+00:00,73.72000122070312,74.2300033569336,73.69000244140625,74.08999633789062,64663296
2026-08-05 06:00:00+00:00,74.08000183105469,74.19000244140625,73.91999816894531,73.94999694824219,4128512
2026-08-05 07:00:00+00:00,73.95999908447266,73.9800033569336,73.62000274658203,73.91000366210938,0
2026-08-05 08:00:00+00:00,73.94999694824219,74.0999984741211,73.88999938964844,74.0199966430664,1883008
2026-08-05 09:00:00+00:00,74.0199966430664,74.12999725341797,73.93000030517578,73.94999694824219,0
2026-08-05 10:00:00+00:00,73.94000244140625,74.05000305175781,73.7300033569336,73.7699966430664,0
2026-08-05 11:00:00+00:00,73.77999877929688,73.94999694824219,73.66999816894531,73.69999694824219,0
2026-08-05 12:00:00+00:00,73.72000122070312,74.31999969482422,73.6500015258789,74.0,31112320
2026-08-05 13:00:00+00:00,74.01000213623047,74.04000091552734,73.22000122070312,73.91000366210938,54756224
2026-08-05 14:00:00+00:00,73.91000366210938,74.06999969482422,73.55999755859375,73.88999938964844,21945472
2026-08-05 15:00:00+00:00,73.91000366210938,74.2300033569336,73.80000305175781,73.88999938964844,55499264
2026-08-05 16:00:00+00:00,73.87999725341797,74.36000061035156,73.87000274658203,74.20999908447266,25710720
2026-08-05 17:00:00+00:00,74.2300033569336,74.58000183105469,74.05999755859375,74.47000122070312,11195392
2026-08-05 18:00:00+00:00,74.4800033569336,74.72000122070312,74.36000061035156,74.45999908447266,15871488
2026-08-05 19:00:00+00:00,74.44000244140625,74.55999755859375,74.36000061035156,74.41000366210938,0
2026-08-05 20:00:00+00:00,74.43000030517578,74.5,74.25,74.31999969482422,0
2026-08-05 21:00:00+00:00,74.31999969482422,74.33000183105469,74.0,74.05000305175781,0
2026-08-05 22:00:00+00:00,74.05999755859375,74.12999725341797,73.93000030517578,73.94999694824219,5169408
2026-08-05 23:00:00+00:00,73.91999816894531,74.04000091552734,73.79000091552734,73.97000122070312,0
2026-08-06 00:00:00+00:00,74.0,74.19000244140625,73.97000122070312,74.01000213623047,0
2026-08-06 01:00:00+00:00,74.01000213623047,74.05000305175781,73.66000366210938,73.68000030517578,0
2026-08-06 02:00:00+00:00,73.66000366210938,73.70999908447266,73.30999755859375,73.47000122070312,0
2026-08-06 03:00:00+00:00,73.44000244140625,73.5199966430664,73.37000274658203,73.41999816894531,0
2026-08-06 04:00:00+00:00,73.41999816894531,73.80000305175781,73.33000183105469,73.80000305175781,0
2026-08-06 05:00:00+00:00,73.79000091552734,74.27999877929688,73.79000091552734,74.1500015258789,0
2026-08-06 06:00:00+00:00,74.13999938964844,74.18000030517578,73.87999725341797,73.9800033569336,2866176
2026-08-06 07:00:00+00:00,73.97000122070312,74.05000305175781,73.77999877929688,73.80000305175781,0
2026-08-06 08:00:00+00:00,73.80000305175781,74.02999877929688,73.62999725341797,73.91000366210938,25082752
2026-08-06 09:00:00+00:00,73.91999816894531,73.91999816894531,73.13999938964844,73.22000122070312,62760704
2026-08-06 10:00:00+00:00,73.20999908447266,73.36000061035156,73.08999633789062,73.22000122070312,9621632
2026-08-06 11:00:00+00:00,73.25,73.48999786376953,73.0999984741211,73.37999725341797,1190528
2026-08-06 12:00:00+00:00,73.37000274658203,73.38999938964844,73.06999969482422,73.06999969482422,0
2026-08-06 13:00:00+00:00,73.05999755859375,73.25,72.79000091552734,73.16999816894531,0
2026-08-06 14:00:00+00:00,73.16000366210938,73.5,73.0199966430664,73.38999938964844,0
2026-08-06 15:00:00+00:00,73.4000015258789,73.55999755859375,73.23999786376953,73.25,0
2026-08-06 16:00:00+00:00,73.25,73.41999816894531,73.02999877929688,73.37000274658203,0
2026-08-06 17:00:00+00:00,73.38999938964844,73.4800033569336,72.98999786376953,73.12000274658203,0
2026-08-06 18:00:00+00:00,73.11000061035156,73.1500015258789,72.6500015258789,72.75,0
2026-08-06 19:00:00+00:00,72.76000213623047,72.87999725341797,72.4800033569336,72.73999786376953,12510592
2026-08-06 20:00:00+00:00,72.73999786376953,72.93000030517578,72.73999786376953,72.79000091552734,0
2026-08-06 21:00:00+00:00,72.77999877929688,72.93000030517578,72.7300033569336,72.80000305175781,0
2026-08-06 22:00:00+00:00,72.80000305175781,72.80999755859375,72.58999633789062,72.62999725341797,2325760
2026-08-06 23:00:00+00:00,72.62000274658203,72.66000366210938,72.27999877929688,72.62999725341797,18522112
2026-08-07 00:00:00+00:00,72.62000274658203,72.75,72.5,72.58999633789062,14459264
2026-08-07 01:00:00+00:00,72.62000274658203,72.80999755859375,72.5199966430664,72.66999816894531,0
2026-08-07 02:00:00+00:00,72.66000366210938,72.86000061035156,72.44000244140625,72.63999938964844,0
2026-08-07 03:00:00+00:00,72.63999938964844,72.69999694824219,72.48999786376953,72.55999755859375,0
2026-08-07 04:00:00+00:00,72.55000305175781,72.7300033569336,72.44999694824219,72.61000061035156,0
2026-08-07 05:00:00+00:00,72.61000061035156,72.88999938964844,72.37999725341797,72.80999755859375,0
2026-08-07 06:00:00+00:00,72.80999755859375,73.0,72.75,72.77999877929688,2014336
2026-08-07 07:00:00+00:00,72.76000213623047,72.95999908447266,72.69000244140625,72.87000274658203,0
2026-08-07 08:00:00+00:00,72.87000274658203,73.26000213623047,72.86000061035156,73.12999725341797,0
2026-08-07 09:00:00+00:00,73.13999938964844,73.66999816894531,73.12999725341797,73.55999755859375,629632
2026-08-07 10:00:00+00:00,73.62000274658203,73.69999694824219,73.43000030517578,73.4800033569336,14293760
2026-08-07 11:00:00+00:00,73.4800033569336,73.70999908447266,73.4800033569336,73.58000183105469,2960512
2026-08-07 12:00:00+00:00,73.56999969482422,74.1500015258789,73.55999755859375,73.86000061035156,117394304
2026-08-07 13:00:00+00:00,73.8499984741211,74.30000305175781,73.73999786376953,74.08999633789062,27115648
2026-08-07 14:00:00+00:00,74.0999984741211,74.18000030517578,73.5199966430664,73.66999816894531,41908864
2026-08-07 15:00:00+00:00,73.66999816894531,73.91999816894531,73.63999938964844,73.83000183105469,6948864
2026-08-07 16:00:00+00:00,73.86000061035156,74.08000183105469,73.5199966430664,73.5199966430664,5692928
2026-08-07 17:00:00+00:00,73.47000122070312,73.5199966430664,73.12999725341797,73.37000274658203,72359168
2026-08-07 18:00:00+00:00,73.36000061035156,73.5199966430664,73.22000122070312,73.33999633789062,4562048
2026-08-07 19:00:00+00:00,73.38999938964844,73.98999786376953,73.36000061035156,73.98999786376953,14138368
2026-08-07 20:00:00+00:00,73.98999786376953,74.05000305175781,73.75,73.77999877929688,23643520
2026-08-07 21:00:00+00:00,73.77999877929688,73.83999633789062,73.56999969482422,73.62999725341797,0
2026-08-07 22:00:00+00:00,73.5999984741211,73.69000244140625,73.55000305175781,73.61000061035156,4678272
2026-08-07 23:00:00+00:00,73.62000274658203,73.73999786376953,73.56999969482422,73.62999725341797,0
2026-08-08 00:00:00+00:00,73.61000061035156,73.69000244140625,73.54000091552734,73.66999816894531,0
2026-08-08 01:00:00+00:00,73.68000030517578,73.91999816894531,73.6500015258789,73.8499984741211,0
2026-08-08 02:00:00+00:00,73.8499984741211,73.94000244140625,73.80999755859375,73.83000183105469,0
2026-08-08 03:00:00+00:00,73.81999969482422,74.93000030517578,73.81999969482422,74.79000091552734,54333440
2026-08-08 04:00:00+00:00,74.83000183105469,75.06999969482422,74.55000305175781,74.5999984741211,114781056
2026-08-08 05:00:00+00:00,74.5999984741211,74.70999908447266,74.45999908447266,74.62000274658203,0
2026-08-08 06:00:00+00:00,74.62000274658203,74.77999877929688,74.52999877929688,74.66999816894531,0
2026-08-08 07:00:00+00:00,74.66999816894531,74.79000091552734,74.61000061035156,74.77999877929688,0
2026-08-08 08:00:00+00:00,74.80000305175781,74.87000274658203,74.6500015258789,74.76000213623047,0
2026-08-08 09:00:00+00:00,74.75,74.9800033569336,74.75,74.83000183105469,0
2026-08-08 10:00:00+00:00,74.81999969482422,75.11000061035156,74.81999969482422,75.02999877929688,0
2026-08-08 11:00:00+00:00,75.0199966430664,75.6500015258789,75.01000213623047,75.55000305175781,52723328
2026-08-08 12:00:00+00:00,75.55000305175781,75.62000274658203,75.30999755859375,75.38999938964844,0
2026-08-08 13:00:00+00:00,75.37999725341797,75.51000213623047,75.37000274658203,75.4800033569336,0
2026-08-08 14:00:00+00:00,75.48999786376953,76.54000091552734,75.4800033569336,76.43000030517578,0
2026-08-08 15:00:00+00:00,76.44999694824219,76.72000122070312,76.19000244140625,76.33000183105469,91912064
2026-08-08 16:00:00+00:00,76.33000183105469,76.44000244140625,76.11000061035156,76.33000183105469,12229504
2026-08-08 17:00:00+00:00,76.33000183105469,76.43000030517578,76.22000122070312,76.33000183105469,0
2026-08-08 18:00:00+00:00,76.31999969482422,76.33000183105469,76.02999877929688,76.08000183105469,0
2026-08-08 19:00:00+00:00,76.06999969482422,76.20999908447266,75.91999816894531,76.08999633789062,0
2026-08-08 20:00:00+00:00,76.08000183105469,76.20999908447266,76.08000183105469,76.19999694824219,0
2026-08-08 21:00:00+00:00,76.19999694824219,76.30999755859375,76.11000061035156,76.1500015258789,0
2026-08-08 22:00:00+00:00,76.16000366210938,76.2300033569336,75.80000305175781,75.83000183105469,0
2026-08-08 23:00:00+00:00,75.8499984741211,76.05000305175781,75.72000122070312,75.95999908447266,21108352
2026-08-09 00:00:00+00:00,75.94000244140625,75.98999786376953,75.80999755859375,75.95999908447266,6146816
2026-08-09 01:00:00+00:00,75.94999694824219,76.0199966430664,75.69999694824219,75.80999755859375,1044224
2026-08-09 02:00:00+00:00,75.80999755859375,75.94000244140625,75.75,75.80999755859375,0
2026-08-09 03:00:00+00:00,75.80000305175781,75.98999786376953,75.72000122070312,75.93000030517578,0
2026-08-09 04:00:00+00:00,75.93000030517578,76.06999969482422,75.87000274658203,75.91000366210938,0
2026-08-09 05:00:00+00:00,75.9000015258789,75.97000122070312,75.81999969482422,75.94000244140625,0
2026-08-09 06:00:00+00:00,75.93000030517578,76.43000030517578,75.9000015258789,76.3499984741211,13546240
2026-08-09 07:00:00+00:00,76.3499984741211,76.41999816894531,76.16999816894531,76.29000091552734,23228928
2026-08-09 08:00:00+00:00,76.27999877929688,76.5,76.05999755859375,76.26000213623047,14129152
2026-08-09 09:00:00+00:00,76.25,76.44000244140625,76.19000244140625,76.38999938964844,6309888
2026-08-09 10:00:00+00:00,76.38999938964844,76.58000183105469,76.30999755859375,76.31999969482422,0
2026-08-09 11:00:00+00:00,76.30999755859375,76.4800033569336,76.29000091552734,76.43000030517578,0
2026-08-09 12:00:00+00:00,76.43000030517578,76.54000091552734,76.25,76.30999755859375,0
2026-08-09 13:00:00+00:00,76.30000305175781,76.75,76.29000091552734,76.52999877929688,8313344
2026-08-09 14:00:00+00:00,76.52999877929688,77.0,76.52999877929688,76.95999908447266,0
2026-08-09 15:00:00+00:00,76.98999786376953,77.4000015258789,76.80000305175781,77.36000061035156,0
2026-08-09 16:00:00+00:00,77.41999816894531,77.48999786376953,77.02999877929688,77.27999877929688,39430912
2026-08-09 17:00:00+00:00,77.2699966430664,77.27999877929688,77.05000305175781,77.12000274658203,0
2026-08-09 18:00:00+00:00,77.12000274658203,77.19999694824219,77.02999877929688,77.1500015258789,0
2026-08-09 19:00:00+00:00,77.13999938964844,77.30999755859375,77.08999633789062,77.16999816894531,0
2026-08-09 20:00:00+00:00,77.18000030517578,77.22000122070312,77.01000213623047,77.20999908447266,0
2026-08-09 21:00:00+00:00,77.20999908447266,77.45999908447266,77.08999633789062,77.29000091552734,0
2026-08-09 22:00:00+00:00,77.33999633789062,77.7300033569336,76.61000061035156,76.7699966430664,42561024
2026-08-09 23:00:00+00:00,76.76000213623047,76.8499984741211,76.16000366210938,76.20999908447266,30015360
2026-08-10 00:00:00+00:00,76.18000030517578,76.94000244140625,76.16000366210938,76.4800033569336,45086208
2026-08-10 01:00:00+00:00,76.4800033569336,77.08000183105469,76.3499984741211,76.8499984741211,22473344
2026-08-10 02:00:00+00:00,76.86000061035156,76.86000061035156,76.37999725341797,76.75,14614016
2026-08-10 03:00:00+00:00,76.75,76.86000061035156,76.31999969482422,76.58000183105469,19671552
2026-08-10 04:00:00+00:00,76.56999969482422,76.69000244140625,76.37999725341797,76.48999786376953,18575360
2026-08-10 05:00:00+00:00,76.4800033569336,76.9000015258789,76.4800033569336,76.80999755859375,9204864
2026-08-10 06:00:00+00:00,76.83000183105469,77.0,76.7699966430664,76.94000244140625,0
2026-08-10 07:00:00+00:00,76.94000244140625,77.04000091552734,76.7699966430664,76.91999816894531,0
2026-08-10 08:00:00+00:00,76.93000030517578,77.08000183105469,76.62000274658203,76.88999938964844,2279168
2026-08-10 09:00:00+00:00,76.87999725341797,76.97000122070312,76.5199966430664,76.5199966430664,6699264
2026-08-10 10:00:00+00:00,76.51000213623047,76.80000305175781,76.4800033569336,76.76000213623047,49164160
2026-08-10 11:00:00+00:00,76.76000213623047,76.98999786376953,76.61000061035156,76.97000122070312,8758528
2026-08-10 12:00:00+00:00,76.9800033569336,77.05999755859375,76.55000305175781,76.58999633789062,26805248
2026-08-10 13:00:00+00:00,76.58000183105469,76.70999908447266,76.0999984741211,76.25,57859072
2026-08-10 14:00:00+00:00,76.2300033569336,76.62999725341797,76.19000244140625,76.19999694824219,6041856
2026-08-10 15:00:00+00:00,76.19999694824219,76.36000061035156,75.76000213623047,75.91000366210938,27450496
2026-08-10 16:00:00+00:00,75.88999938964844,76.04000091552734,75.52999877929688,75.62999725341797,15820800
2026-08-10 17:00:00+00:00,75.62999725341797,76.02999877929688,75.54000091552734,75.9000015258789,38734080
2026-08-10 18:00:00+00:00,75.9000015258789,75.9800033569336,75.62999725341797,75.7300033569336,25700352
2026-08-10 19:00:00+00:00,75.73999786376953,76.19999694824219,75.73999786376953,76.11000061035156,18897152
2026-08-10 20:00:00+00:00,76.12000274658203,76.4000015258789,76.08999633789062,76.36000061035156,16511104
2026-08-10 21:00:00+00:00,76.3499984741211,76.41999816894531,76.22000122070312,76.22000122070312,8343552
2026-08-10 22:00:00+00:00,76.2300033569336,76.30999755859375,75.9800033569336,76.13999938964844,0
2026-08-10 23:00:00+00:00,76.1500015258789,76.1500015258789,75.9000015258789,75.91999816894531,0
2026-08-11 00:00:00+00:00,75.91999816894531,75.97000122070312,75.72000122070312,75.80999755859375,0
2026-08-11 01:00:00+00:00,75.79000091552734,76.02999877929688,75.6500015258789,76.0199966430664,0
2026-08-11 02:00:00+00:00,76.0199966430664,76.06999969482422,75.91000366210938,75.9800033569336,0
2026-08-11 03:00:00+00:00,75.9800033569336,76.16999816894531,75.97000122070312,76.0,0
2026-08-11 04:00:00+00:00,76.0,76.1500015258789,75.98999786376953,76.0199966430664,0
2026-08-11 05:00:00+00:00,76.01000213623047,76.0199966430664,75.72000122070312,75.7300033569336,9758208
2026-08-11 06:00:00+00:00,75.73999786376953,75.9800033569336,75.58999633789062,75.73999786376953,14892544
2026-08-11 07:00:00+00:00,75.75,75.80000305175781,75.36000061035156,75.62000274658203,30426624
2026-08-11 08:00:00+00:00,75.62999725341797,75.91000366210938,75.55999755859375,75.87000274658203,0
2026-08-11 09:00:00+00:00,75.87000274658203,75.87000274658203,75.5999984741211,75.81999969482422,19716224
2026-08-11 10:00:00+00:00,75.80000305175781,76.0,75.69999694824219,75.88999938964844,0
2026-08-11 11:00:00+00:00,75.88999938964844,76.27999877929688,75.88999938964844,76.13999938964844,37834752
2026-08-11 12:00:00+00:00,76.16999816894531,76.18000030517578,75.7300033569336,75.80000305175781,0
2026-08-11 13:00:00+00:00,75.79000091552734,76.02999877929688,75.66999816894531,75.94999694824219,0
2026-08-11 14:00:00+00:00,75.94000244140625,76.08999633789062,75.0199966430664,75.13999938964844,4247552
2026-08-11 15:00:00+00:00,75.0999984741211,75.3499984741211,74.58999633789062,74.87000274658203,0
2026-08-11 16:00:00+00:00,74.83999633789062,75.01000213623047,74.73999786376953,74.86000061035156,0
2026-08-11 17:00:00+00:00,74.87999725341797,75.13999938964844,74.8499984741211,75.08999633789062,0
2026-08-11 18:00:00+00:00,75.08999633789062,75.27999877929688,75.05000305175781,75.19999694824219,2582912
2026-08-11 19:00:00+00:00,75.19000244140625,75.63999938964844,75.0,75.56999969482422,2523520
2026-08-11 20:00:00+00:00,75.62000274658203,76.19000244140625,75.58000183105469,75.9800033569336,50125568
2026-08-11 21:00:00+00:00,75.97000122070312,76.38999938964844,75.94999694824219,76.38999938964844,23331200
2026-08-11 22:00:00+00:00,76.41000366210938,76.5999984741211,76.16999816894531,76.3499984741211,35009408
2026-08-11 23:00:00+00:00,76.3499984741211,76.3499984741211,76.13999938964844,76.2300033569336,6028544
2026-08-12 00:00:00+00:00,76.2300033569336,76.30999755859375,76.16000366210938,76.30999755859375,0
2026-08-12 01:00:00+00:00,76.30000305175781,76.5199966430664,76.23999786376953,76.36000061035156,0
2026-08-12 02:00:00+00:00,76.37000274658203,76.54000091552734,76.3499984741211,76.36000061035156,13340544
2026-08-12 03:00:00+00:00,76.36000061035156,76.45999908447266,76.19999694824219,76.3499984741211,1936128
2026-08-12 04:00:00+00:00,76.36000061035156,76.5,76.20999908447266,76.22000122070312,2745984
2026-08-12 05:00:00+00:00,76.22000122070312,76.30999755859375,76.12000274658203,76.26000213623047,0
2026-08-12 06:00:00+00:00,76.25,76.29000091552734,75.91000366210938,75.97000122070312,0
2026-08-12 07:00:00+00:00,75.9800033569336,76.20999908447266,75.87999725341797,76.18000030517578,0
2026-08-12 08:00:00+00:00,76.18000030517578,76.38999938964844,76.08000183105469,76.11000061035156,4886016
2026-08-12 09:00:00+00:00,76.0999984741211,76.80999755859375,76.05999755859375,76.69000244140625,16102912
2026-08-12 10:00:00+00:00,76.69999694824219,76.80999755859375,76.61000061035156,76.70999908447266,7618048
2026-08-12 11:00:00+00:00,76.7300033569336,76.80000305175781,76.63999938964844,76.7699966430664,0
2026-08-12 12:00:00+00:00,76.77999877929688,77.18000030517578,76.30999755859375,76.58000183105469,105866112
2026-08-12 13:00:00+00:00,76.58999633789062,76.61000061035156,76.04000091552734,76.16999816894531,21579648
2026-08-12 14:00:00+00:00,76.12999725341797,76.16999816894531,75.36000061035156,75.4000015258789,34153856
2026-08-12 15:00:00+00:00,75.37999725341797,75.79000091552734,75.30000305175781,75.68000030517578,0
2026-08-12 16:00:00+00:00,75.66000366210938,75.77999877929688,75.48999786376953,75.61000061035156,0
2026-08-12 17:00:00+00:00,75.61000061035156,75.98999786376953,75.5999984741211,75.8499984741211,2887552
2026-08-12 18:00:00+00:00,75.83999633789062,76.0199966430664,75.7699966430664,75.81999969482422,0
2026-08-12 19:00:00+00:00,75.81999969482422,75.93000030517578,75.51000213623047,75.69000244140625,0
2026-08-12 20:00:00+00:00,75.68000030517578,75.93000030517578,75.66000366210938,75.86000061035156,0
2026-08-12 21:00:00+00:00,75.86000061035156,75.93000030517578,75.36000061035156,75.4000015258789,0
2026-08-12 22:00:00+00:00,75.37999725341797,75.5999984741211,75.27999877929688,75.45999908447266,0
2026-08-12 23:00:00+00:00,75.44999694824219,75.56999969482422,75.30000305175781,75.55999755859375,0
2026-08-13 00:00:00+00:00,75.54000091552734,75.79000091552734,75.48999786376953,75.55000305175781,5971456
2026-08-13 01:00:00+00:00,75.5199966430664,75.7300033569336,75.41999816894531,75.55999755859375,0
2026-08-13 02:00:00+00:00,75.56999969482422,75.9000015258789,75.44999694824219,75.9000015258789,0
2026-08-13 03:00:00+00:00,75.9000015258789,76.23999786376953,75.87999725341797,76.18000030517578,52751616
2026-08-13 04:00:00+00:00,76.18000030517578,76.19999694824219,75.94999694824219,76.05000305175781,12979968
2026-08-13 05:00:00+00:00,76.05999755859375,76.54000091552734,76.01000213623047,76.44000244140625,17784064
2026-08-13 06:00:00+00:00,76.43000030517578,76.4800033569336,76.25,76.44999694824219,4140800
2026-08-13 07:00:00+00:00,76.45999908447266,76.45999908447266,76.31999969482422,76.37000274658203,0
2026-08-13 08:00:00+00:00,76.37000274658203,76.41000366210938,76.11000061035156,76.13999938964844,0
2026-08-13 09:00:00+00:00,76.1500015258789,76.1500015258789,75.83999633789062,76.08000183105469,0
2026-08-13 10:00:00+00:00,76.11000061035156,76.11000061035156,75.62999725341797,75.68000030517578,0
2026-08-13 11:00:00+00:00,75.66999816894531,75.68000030517578,75.48999786376953,75.5999984741211,0
2026-08-13 12:00:00+00:00,75.58999633789062,76.05999755859375,75.55999755859375,76.05999755859375,0
2026-08-13 13:00:00+00:00,76.06999969482422,76.27999877929688,75.97000122070312,76.11000061035156,0
2026-08-13 14:00:00+00:00,76.12999725341797,76.51000213623047,76.05999755859375,76.38999938964844,0
2026-08-13 15:00:00+00:00,76.4000015258789,76.47000122070312,75.58000183105469,75.58000183105469,0
2026-08-13 16:00:00+00:00,75.55999755859375,75.80000305175781,75.04000091552734,75.51000213623047,105452416
2026-08-13 17:00:00+00:00,75.5,75.86000061035156,75.48999786376953,75.69999694824219,7813248
2026-08-13 18:00:00+00:00,75.68000030517578,76.0,75.61000061035156,75.94000244140625,1989504
2026-08-13 19:00:00+00:00,75.94999694824219,76.19999694824219,75.91000366210938,76.12999725341797,13302016
2026-08-13 20:00:00+00:00,76.12999725341797,76.2699966430664,76.06999969482422,76.1500015258789,26384896
2026-08-13 21:00:00+00:00,76.1500015258789,76.23999786376953,76.05000305175781,76.13999938964844,0
2026-08-13 22:00:00+00:00,76.13999938964844,76.37999725341797,76.12999725341797,76.19000244140625,5029504
2026-08-13 23:00:00+00:00,76.19000244140625,76.23999786376953,76.08000183105469,76.20999908447266,761216
2026-08-14 00:00:00+00:00,76.20999908447266,76.26000213623047,75.91999816894531,76.0,10603904
2026-08-14 01:00:00+00:00,75.98999786376953,76.12000274658203,75.8499984741211,76.0199966430664,10201472
2026-08-14 02:00:00+00:00,76.01000213623047,76.12999725341797,75.91999816894531,75.94999694824219,0
2026-08-14 03:00:00+00:00,75.94999694824219,75.98999786376953,75.66000366210938,75.69000244140625,0
2026-08-14 04:00:00+00:00,75.66999816894531,75.95999908447266,75.66999816894531,75.7699966430664,0
2026-08-14 05:00:00+00:00,75.7699966430664,75.91999816894531,75.72000122070312,75.83999633789062,0
2026-08-14 06:00:00+00:00,75.83000183105469,75.83999633789062,75.45999908447266,75.47000122070312,0
2026-08-14 07:00:00+00:00,75.44999694824219,75.6500015258789,75.41999816894531,75.51000213623047,13137920
2026-08-14 08:00:00+00:00,75.51000213623047,75.79000091552734,75.48999786376953,75.79000091552734,10706432
2026-08-14 09:00:00+00:00,75.79000091552734,75.79000091552734,75.36000061035156,75.4000015258789,0
2026-08-14 10:00:00+00:00,75.37000274658203,75.58000183105469,75.2699966430664,75.30999755859375,0
2026-08-14 11:00:00+00:00,75.31999969482422,75.5199966430664,75.30999755859375,75.44999694824219,4066560
2026-08-14 12:00:00+00:00,75.45999908447266,75.5199966430664,75.2699966430664,75.37999725341797,0
2026-08-14 13:00:00+00:00,75.37999725341797,75.4000015258789,75.19000244140625,75.26000213623047,5317248
2026-08-14 14:00:00+00:00,75.26000213623047,75.33000183105469,74.97000122070312,75.19000244140625,0
2026-08-14 15:00:00+00:00,75.18000030517578,75.69000244140625,75.12000274658203,75.58000183105469,11341696
2026-08-14 16:00:00+00:00,75.55999755859375,75.62999725341797,75.37999725341797,75.4000015258789,0
2026-08-14 17:00:00+00:00,75.4000015258789,75.5999984741211,75.08999633789062,75.20999908447266,0
2026-08-14 18:00:00+00:00,75.2300033569336,75.2300033569336,74.87000274658203,74.88999938964844,50097152
2026-08-14 19:00:00+00:00,74.87999725341797,75.0199966430664,74.5999984741211,74.91999816894531,38650752
2026-08-14 20:00:00+00:00,74.93000030517578,75.16999816894531,74.9000015258789,75.06999969482422,0
2026-08-14 21:00:00+00:00,75.08000183105469,75.16000366210938,75.02999877929688,75.12000274658203,6280704
2026-08-14 22:00:00+00:00,75.12000274658203,75.19999694824219,74.9000015258789,75.12000274658203,0
2026-08-14 23:00:00+00:00,75.12000274658203,75.33999633789062,75.08000183105469,75.33000183105469,3348096
2026-08-15 00:00:00+00:00,75.31999969482422,75.36000061035156,75.26000213623047,75.2699966430664,0
2026-08-15 01:00:00+00:00,75.30000305175781,75.4000015258789,75.2300033569336,75.3499984741211,0
2026-08-15 02:00:00+00:00,75.3499984741211,75.61000061035156,75.31999969482422,75.58999633789062,13904768
2026-08-15 03:00:00+00:00,75.5999984741211,75.63999938964844,75.33999633789062,75.3499984741211,0
2026-08-15 04:00:00+00:00,75.37000274658203,75.54000091552734,75.30000305175781,75.45999908447266,7396480
2026-08-15 05:00:00+00:00,75.44999694824219,75.5199966430664,75.23999786376953,75.27999877929688,12160256
2026-08-15 06:00:00+00:00,75.27999877929688,75.43000030517578,75.20999908447266,75.36000061035156,0
2026-08-15 07:00:00+00:00,75.3499984741211,75.3499984741211,75.13999938964844,75.16999816894531,0
2026-08-15 08:00:00+00:00,75.18000030517578,75.23999786376953,74.9800033569336,74.98999786376953,0
2026-08-15 09:00:00+00:00,75.0199966430664,75.18000030517578,74.95999908447266,75.16000366210938,0
2026-08-15 10:00:00+00:00,75.16999816894531,75.2699966430664,75.12999725341797,75.22000122070312,0
2026-08-15 11:00:00+00:00,75.20999908447266,75.23999786376953,75.13999938964844,75.18000030517578,0
2026-08-15 12:00:00+00:00,75.18000030517578,75.3499984741211,75.12999725341797,75.3499984741211,0
2026-08-15 13:00:00+00:00,75.33000183105469,75.5,75.31999969482422,75.4800033569336,0
2026-08-15 14:00:00+00:00,75.48999786376953,75.51000213623047,75.37000274658203,75.37000274658203,0
2026-08-15 15:00:00+00:00,75.37999725341797,75.45999908447266,75.30999755859375,75.44999694824219,0
2026-08-15 16:00:00+00:00,75.44000244140625,75.44999694824219,75.33000183105469,75.41000366210938,0
2026-08-15 17:00:00+00:00,75.41000366210938,75.5999984741211,75.4000015258789,75.58000183105469,0
2026-08-15 18:00:00+00:00,75.58000183105469,75.5999984741211,75.43000030517578,75.4800033569336,0
2026-08-15 19:00:00+00:00,75.4800033569336,75.48999786376953,75.44000244140625,75.4800033569336,0
2026-08-15 20:00:00+00:00,75.4800033569336,75.48999786376953,75.33999633789062,75.44000244140625,0
2026-08-15 21:00:00+00:00,75.43000030517578,75.66000366210938,75.43000030517578,75.55000305175781,0
2026-08-15 22:00:00+00:00,75.55000305175781,75.5999984741211,75.5,75.51000213623047,0
2026-08-15 23:00:00+00:00,75.51000213623047,75.51000213623047,75.23999786376953,75.27999877929688,77248
2026-08-16 00:00:00+00:00,75.25,75.43000030517578,75.19999694824219,75.4000015258789,0
2026-08-16 01:00:00+00:00,75.4000015258789,75.41999816894531,75.2300033569336,75.3499984741211,0
2026-08-16 02:00:00+00:00,75.3499984741211,75.58000183105469,75.19000244140625,75.48999786376953,0
2026-08-16 03:00:00+00:00,75.51000213623047,75.58000183105469,75.48999786376953,75.51000213623047,0
2026-08-16 04:00:00+00:00,75.51000213623047,75.55000305175781,75.36000061035156,75.37000274658203,0
2026-08-16 05:00:00+00:00,75.37000274658203,75.44999694824219,75.2699966430664,75.29000091552734,0
2026-08-16 06:00:00+00:00,75.29000091552734,75.44999694824219,75.20999908447266,75.30000305175781,1300736
2026-08-16 07:00:00+00:00,75.29000091552734,75.41000366210938,75.2699966430664,75.38999938964844,0
2026-08-16 08:00:00+00:00,75.37000274658203,75.41000366210938,75.33000183105469,75.38999938964844,0
2026-08-16 09:00:00+00:00,75.38999938964844,75.4000015258789,75.19000244140625,75.2300033569336,0
2026-08-16 10:00:00+00:00,75.23999786376953,75.23999786376953,75.08999633789062,75.18000030517578,5791936
2026-08-16 11:00:00+00:00,75.19000244140625,75.23999786376953,75.1500015258789,75.20999908447266,5677696
2026-08-16 12:00:00+00:00,75.20999908447266,75.22000122070312,75.12000274658203,75.1500015258789,3375872
2026-08-16 13:00:00+00:00,75.1500015258789,75.3499984741211,75.13999938964844,75.2300033569336,0
2026-08-16 14:00:00+00:00,75.2300033569336,75.3499984741211,75.18000030517578,75.31999969482422,0
2026-08-16 15:00:00+00:00,75.31999969482422,75.55999755859375,75.30999755859375,75.48999786376953,5915008
2026-08-16 16:00:00+00:00,75.48999786376953,75.62000274658203,75.43000030517578,75.4800033569336,45997824
2026-08-16 17:00:00+00:00,75.51000213623047,75.54000091552734,75.19999694824219,75.20999908447266,5321024
2026-08-16 18:00:00+00:00,75.19999694824219,75.22000122070312,74.97000122070312,75.11000061035156,27072448
2026-08-16 19:00:00+00:00,75.11000061035156,75.29000091552734,75.0999984741211,75.16000366210938,7494912
2026-08-16 20:00:00+00:00,75.1500015258789,75.2300033569336,74.91999816894531,74.94999694824219,9597632
2026-08-16 21:00:00+00:00,74.9000015258789,75.0199966430664,74.0999984741211,74.2699966430664,64867584
2026-08-16 22:00:00+00:00,74.26000213623047,74.44999694824219,74.08999633789062,74.44000244140625,35890112
2026-08-16 23:00:00+00:00,74.41999816894531,74.58000183105469,74.38999938964844,74.54000091552734,4542016
2026-08-17 00:00:00+00:00,74.51000213623047,74.66000366210938,74.36000061035156,74.55000305175781,23351040
2026-08-17 01:00:00+00:00,74.5199966430664,75.2699966430664,74.5199966430664,75.0199966430664,55441920
2026-08-17 02:00:00+00:00,75.05000305175781,75.5,74.9800033569336,75.4000015258789,21136576
2026-08-17 03:00:00+00:00,75.41999816894531,75.5,75.37000274658203,75.43000030517578,43157952
2026-08-17 04:00:00+00:00,75.44000244140625,75.55000305175781,75.41999816894531,75.4800033569336,26068608
2026-08-17 05:00:00+00:00,75.47000122070312,75.54000091552734,75.31999969482422,75.33999633789062,4392192
2026-08-17 06:00:00+00:00,75.33999633789062,75.91000366210938,75.30999755859375,75.7699966430664,41949056
2026-08-17 07:00:00+00:00,75.8499984741211,75.8499984741211,75.66000366210938,75.70999908447266,38484480
2026-08-17 08:00:00+00:00,75.7300033569336,75.7300033569336,75.11000061035156,75.16000366210938,57454272
2026-08-17 09:00:00+00:00,75.16000366210938,75.33999633789062,75.1500015258789,75.2699966430664,45814464
2026-08-17 10:00:00+00:00,75.2699966430664,75.70999908447266,75.2300033569336,75.69000244140625,26835200
2026-08-17 11:00:00+00:00,75.68000030517578,75.8499984741211,75.5999984741211,75.62000274658203,50343424
2026-08-17 12:00:00+00:00,75.62000274658203,75.62999725341797,75.2699966430664,75.36000061035156,48747136
2026-08-17 13:00:00+00:00,75.36000061035156,75.69999694824219,75.19999694824219,75.55000305175781,51529984
2026-08-17 14:00:00+00:00,75.55000305175781,75.94999694824219,75.43000030517578,75.9000015258789,45572992
2026-08-17 15:00:00+00:00,75.9000015258789,76.1500015258789,75.73999786376953,76.04000091552734,63241856
2026-08-17 16:00:00+00:00,76.05000305175781,76.06999969482422,75.86000061035156,75.94999694824219,1386496
2026-08-17 17:00:00+00:00,75.97000122070312,76.05999755859375,75.63999938964844,75.86000061035156,26015232
2026-08-17 18:00:00+00:00,75.8499984741211,76.0999984741211,75.80000305175781,75.83999633789062,0
2026-08-17 19:00:00+00:00,75.83999633789062,75.9000015258789,75.68000030517578,75.73999786376953,12367616
2026-08-17 20:00:00+00:00,75.73999786376953,76.04000091552734,75.58000183105469,75.93000030517578,17324160
2026-08-17 21:00:00+00:00,75.93000030517578,76.01000213623047,75.81999969482422,75.9000015258789,0
2026-08-17 22:00:00+00:00,75.91000366210938,75.9800033569336,75.66000366210938,75.68000030517578,0
2026-08-17 23:00:00+00:00,75.68000030517578,76.05000305175781,75.6500015258789,75.94999694824219,9707904
2026-08-18 00:00:00+00:00,75.95999908447266,76.02999877929688,75.80999755859375,75.9800033569336,0
2026-08-18 01:00:00+00:00,75.9800033569336,75.98999786376953,75.5199966430664,75.54000091552734,0
2026-08-18 02:00:00+00:00,75.54000091552734,75.58999633789062,75.1500015258789,75.20999908447266,42474624
2026-08-18 03:00:00+00:00,75.18000030517578,75.45999908447266,75.18000030517578,75.43000030517578,0
2026-08-18 04:00:00+00:00,75.43000030517578,75.7699966430664,75.33999633789062,75.76000213623047,26647552
2026-08-18 05:00:00+00:00,75.76000213623047,75.88999938964844,75.51000213623047,75.66000366210938,42910336
2026-08-18 06:00:00+00:00,75.6500015258789,75.97000122070312,75.58999633789062,75.93000030517578,0
2026-08-18 07:00:00+00:00,75.94000244140625,76.13999938964844,75.88999938964844,76.0199966430664,23617408
2026-08-18 08:00:00+00:00,76.02999877929688,76.11000061035156,75.79000091552734,76.08999633789062,0
2026-08-18 09:00:00+00:00,76.06999969482422,76.08000183105469,75.80999755859375,75.87999725341797,0
2026-08-18 10:00:00+00:00,75.87000274658203,75.91000366210938,75.7300033569336,75.7699966430664,0
2026-08-18 11:00:00+00:00,75.73999786376953,76.37000274658203,75.73999786376953,76.25,13774592
2026-08-18 12:00:00+00:00,76.30000305175781,76.44999694824219,76.16000366210938,76.18000030517578,0
2026-08-18 13:00:00+00:00,76.12999725341797,76.22000122070312,75.9800033569336,76.13999938964844,0
2026-08-18 14:00:00+00:00,76.12000274658203,77.27999877929688,76.05999755859375,76.7300033569336,107271808
2026-08-18 15:00:00+00:00,76.75,77.19999694824219,76.73999786376953,77.13999938964844,14362624
2026-08-18 16:00:00+00:00,77.16000366210938,77.2699966430664,76.79000091552734,77.02999877929688,8340608
2026-08-18 17:00:00+00:00,77.02999877929688,77.02999877929688,76.83999633789062,76.8499984741211,0
2026-08-18 18:00:00+00:00,76.83999633789062,77.25,76.83000183105469,77.22000122070312,0
2026-08-18 19:00:00+00:00,77.16999816894531,77.33999633789062,77.04000091552734,77.12999725341797,15809280
2026-08-18 20:00:00+00:00,77.13999938964844,77.16999816894531,76.69999694824219,76.81999969482422,11476736
2026-08-18 21:00:00+00:00,76.83000183105469,77.05000305175781,76.83000183105469,76.94000244140625,5526272
2026-08-18 22:00:00+00:00,76.93000030517578,77.13999938964844,76.83000183105469,76.88999938964844,23224704
2026-08-18 23:00:00+00:00,76.88999938964844,77.18000030517578,76.88999938964844,77.0,9990528
2026-08-19 00:00:00+00:00,77.0199966430664,77.05000305175781,76.7699966430664,76.87000274658203,0
2026-08-19 01:00:00+00:00,76.87000274658203,77.0,76.66000366210938,76.75,30872960
2026-08-19 02:00:00+00:00,76.73999786376953,76.86000061035156,76.6500015258789,76.75,0
2026-08-19 03:00:00+00:00,76.76000213623047,77.04000091552734,76.66999816894531,76.93000030517578,0
2026-08-19 04:00:00+00:00,76.93000030517578,77.08000183105469,76.73999786376953,76.80999755859375,0
2026-08-19 05:00:00+00:00,76.80999755859375,76.98999786376953,76.70999908447266,76.75,0
2026-08-19 06:00:00+00:00,76.77999877929688,77.08000183105469,76.58000183105469,77.01000213623047,12643712
2026-08-19 07:00:00+00:00,77.02999877929688,77.02999877929688,76.87999725341797,76.88999938964844,0
2026-08-19 08:00:00+00:00,76.87999725341797,77.55000305175781,76.83999633789062,77.33000183105469,36935424
2026-08-19 09:00:00+00:00,77.31999969482422,77.41999816894531,77.16000366210938,77.25,12305536
2026-08-19 10:00:00+00:00,77.26000213623047,77.31999969482422,77.16999816894531,77.30999755859375,0
2026-08-19 11:00:00+00:00,77.30999755859375,77.55000305175781,77.30000305175781,77.4800033569336,0
2026-08-19 12:00:00+00:00,77.4800033569336,78.66999816894531,77.36000061035156,78.3499984741211,187393920
2026-08-19 13:00:00+00:00,78.33999633789062,78.62999725341797,78.11000061035156,78.33999633789062,122383104
2026-08-19 14:00:00+00:00,78.37000274658203,80.94999694824219,78.30000305175781,80.80000305175781,98658176
2026-08-19 15:00:00+00:00,80.91999816894531,82.9000015258789,80.62999725341797,81.79000091552734,923080064
2026-08-19 16:00:00+00:00,81.9000015258789,82.29000091552734,81.54000091552734,81.58000183105469,188636928
2026-08-19 17:00:00+00:00,81.55000305175781,81.68000030517578,81.0,81.61000061035156,141513472
2026-08-19 18:00:00+00:00,81.6500015258789,82.29000091552734,81.23999786376953,82.27999877929688,116851200
2026-08-19 19:00:00+00:00,82.23999786376953,82.4800033569336,82.0199966430664,82.33000183105469,160685056
2026-08-19 20:00:00+00:00,82.37000274658203,84.19999694824219,82.25,83.7300033569336,139706368
2026-08-19 21:00:00+00:00,83.72000122070312,87.1500015258789,83.70999908447266,86.58999633789062,640665344
2026-08-19 22:00:00+00:00,86.73999786376953,86.7699966430664,84.94999694824219,85.44000244140625,258193152
2026-08-19 23:00:00+00:00,85.45999908447266,85.69000244140625,85.0199966430664,85.33999633789062,116098048
2026-08-20 00:00:00+00:00,85.3499984741211,85.7300033569336,84.86000061035156,84.94999694824219,171007488
2026-08-20 01:00:00+00:00,84.9000015258789,85.36000061035156,84.62999725341797,85.29000091552734,121052672
2026-08-20 02:00:00+00:00,85.30999755859375,85.4000015258789,84.62999725341797,84.73999786376953,52057600
2026-08-20 03:00:00+00:00,84.7300033569336,84.7300033569336,83.95999908447266,84.41999816894531,91676160
2026-08-20 04:00:00+00:00,84.43000030517578,84.86000061035156,84.36000061035156,84.77999877929688,50636800
2026-08-20 05:00:00+00:00,84.7699966430664,85.0199966430664,84.73999786376953,84.9000015258789,30612992
2026-08-20 06:00:00+00:00,84.9000015258789,85.86000061035156,84.66000366210938,85.86000061035156,123448832
2026-08-20 07:00:00+00:00,85.83000183105469,86.12999725341797,85.72000122070312,86.12000274658203,92015616
2026-08-20 08:00:00+00:00,86.12000274658203,87.91000366210938,86.01000213623047,87.43000030517578,327030784
2026-08-20 09:00:00+00:00,87.44999694824219,87.72000122070312,87.04000091552734,87.27999877929688,209647104
2026-08-20 10:00:00+00:00,87.30000305175781,87.7300033569336,86.98999786376953,87.4000015258789,106837504
2026-08-20 11:00:00+00:00,87.37999725341797,88.0,87.02999877929688,87.16999816894531,134506496
2026-08-20 12:00:00+00:00,87.19000244140625,87.33999633789062,86.48999786376953,87.0,0
2026-08-20 13:00:00+00:00,87.04000091552734,87.38999938964844,86.22000122070312,86.48999786376953,95468032
2026-08-20 14:00:00+00:00,86.4800033569336,86.80000305175781,86.11000061035156,86.52999877929688,0
2026-08-20 15:00:00+00:00,86.54000091552734,87.41000366210938,86.48999786376953,87.31999969482422,0
2026-08-20 16:00:00+00:00,87.31999969482422,87.77999877929688,86.83999633789062,87.70999908447266,0
2026-08-20 17:00:00+00:00,87.70999908447266,87.9000015258789,87.26000213623047,87.4800033569336,147391488
2026-08-20 18:00:00+00:00,87.51000213623047,87.63999938964844,86.6500015258789,86.83999633789062,0
2026-08-20 19:00:00+00:00,86.87000274658203,87.51000213623047,86.86000061035156,87.30000305175781,0
2026-08-20 20:00:00+00:00,87.27999877929688,87.62999725341797,87.22000122070312,87.55999755859375,0
2026-08-20 21:00:00+00:00,87.56999969482422,87.83999633789062,87.4000015258789,87.4800033569336,0
2026-08-20 22:00:00+00:00,87.4800033569336,87.55000305175781,87.16999816894531,87.20999908447266,0
2026-08-20 23:00:00+00:00,87.19999694824219,87.95999908447266,87.19999694824219,87.63999938964844,0
2026-08-21 00:00:00+00:00,87.62999725341797,88.73999786376953,87.55999755859375,88.2300033569336,62697472
2026-08-21 01:00:00+00:00,88.19999694824219,89.44999694824219,88.0999984741211,88.9800033569336,142772224
2026-08-21 02:00:00+00:00,89.01000213623047,90.12999725341797,88.47000122070312,89.2300033569336,330860032
2026-08-21 03:00:00+00:00,89.2300033569336,89.47000122070312,88.70999908447266,89.08000183105469,72487936
2026-08-21 04:00:00+00:00,89.08000183105469,89.45999908447266,88.8499984741211,89.41999816894531,0
2026-08-21 05:00:00+00:00,89.37999725341797,90.66000366210938,89.13999938964844,90.37999725341797,151012352
2026-08-21 06:00:00+00:00,90.3499984741211,91.2300033569336,89.7300033569336,90.19000244140625,140669952
2026-08-21 07:00:00+00:00,90.13999938964844,91.08999633789062,89.95999908447266,90.37999725341797,136829440
2026-08-21 08:00:00+00:00,90.41000366210938,93.37000274658203,90.33000183105469,93.25,99624448
2026-08-21 09:00:00+00:00,93.23999786376953,93.23999786376953,90.30999755859375,91.66999816894531,424565760
2026-08-21 10:00:00+00:00,91.6500015258789,91.72000122070312,90.8499984741211,91.44000244140625,263169024
2026-08-21 11:00:00+00:00,91.4800033569336,91.61000061035156,89.97000122070312,90.26000213623047,117869056
2026-08-21 12:00:00+00:00,90.33999633789062,91.12999725341797,90.01000213623047,90.83000183105469,115642880
2026-08-21 13:00:00+00:00,90.8499984741211,91.30999755859375,89.81999969482422,91.02999877929688,0
2026-08-21 14:00:00+00:00,91.0199966430664,91.94000244140625,90.52999877929688,91.87000274658203,102620672
2026-08-21 15:00:00+00:00,91.86000061035156,92.08000183105469,91.20999908447266,91.30999755859375,0
2026-08-21 16:00:00+00:00,91.37000274658203,91.88999938964844,90.76000213623047,91.5999984741211,0
2026-08-21 17:00:00+00:00,91.61000061035156,91.94999694824219,91.1500015258789,91.76000213623047,0
2026-08-21 18:00:00+00:00,91.77999877929688,92.0199966430664,91.06999969482422,91.54000091552734,0
2026-08-21 19:00:00+00:00,91.54000091552734,91.56999969482422,90.73999786376953,90.94000244140625,17791488
2026-08-21 20:00:00+00:00,90.93000030517578,91.93000030517578,90.61000061035156,91.8499984741211,72049152
2026-08-21 21:00:00+00:00,91.8499984741211,93.81999969482422,91.6500015258789,93.69999694824219,279863296
2026-08-21 22:00:00+00:00,93.7300033569336,94.61000061035156,93.31999969482422,94.29000091552734,253473792
2026-08-21 23:00:00+00:00,94.19999694824219,94.94999694824219,93.37999725341797,93.72000122070312,173543424
2026-08-22 00:00:00+00:00,93.73999786376953,94.38999938964844,92.87999725341797,93.87000274658203,18427392
2026-08-22 01:00:00+00:00,93.86000061035156,94.41000366210938,93.47000122070312,93.68000030517578,0
2026-08-22 02:00:00+00:00,93.76000213623047,95.73999786376953,93.69000244140625,95.62999725341797,0
2026-08-22 03:00:00+00:00,95.63999938964844,97.52999877929688,95.4800033569336,96.76000213623047,311845376
2026-08-22 04:00:00+00:00,96.80000305175781,102.6500015258789,96.16000366210938,99.0999984741211,889795072
2026-08-22 05:00:00+00:00,99.0999984741211,99.93000030517578,88.05999755859375,94.19999694824219,1918846464
2026-08-22 06:00:00+00:00,94.16999816894531,95.04000091552734,93.08999633789062,94.2699966430664,257771520
2026-08-22 07:00:00+00:00,94.2699966430664,95.4800033569336,94.04000091552734,94.43000030517578,18427904
2026-08-22 08:00:00+00:00,94.5,94.98999786376953,93.08000183105469,94.06999969482422,0
2026-08-22 09:00:00+00:00,94.08000183105469,94.55999755859375,93.06999969482422,93.87999725341797,0
2026-08-22 10:00:00+00:00,93.94999694824219,93.94999694824219,91.33999633789062,92.86000061035156,167880704
2026-08-22 11:00:00+00:00,92.86000061035156,93.4800033569336,92.55999755859375,93.2699966430664,0
2026-08-22 12:00:00+00:00,93.27999877929688,94.30999755859375,93.12000274658203,93.81999969482422,0
2026-08-22 13:00:00+00:00,93.80999755859375,94.20999908447266,93.5199966430664,94.11000061035156,0
2026-08-22 14:00:00+00:00,94.08999633789062,94.26000213623047,92.93000030517578,93.20999908447266,0
2026-08-22 15:00:00+00:00,93.23999786376953,93.56999969482422,92.81999969482422,93.06999969482422,0
2026-08-22 16:00:00+00:00,93.05999755859375,94.61000061035156,93.05999755859375,94.29000091552734,17544192
2026-08-22 17:00:00+00:00,94.30999755859375,94.52999877929688,93.76000213623047,94.25,0
2026-08-22 18:00:00+00:00,94.25,94.51000213623047,94.02999877929688,94.44999694824219,0
2026-08-22 19:00:00+00:00,94.44000244140625,94.79000091552734,94.26000213623047,94.4800033569336,0
2026-08-22 20:00:00+00:00,94.51000213623047,94.79000091552734,94.30000305175781,94.43000030517578,0
2026-08-22 21:00:00+00:00,94.37999725341797,94.37999725341797,92.70999908447266,92.81999969482422,0
2026-08-22 22:00:00+00:00,92.87000274658203,94.0,92.62999725341797,93.58999633789062,0
2026-08-22 23:00:00+00:00,93.56999969482422,93.9800033569336,93.36000061035156,93.80000305175781,0
2026-08-23 00:00:00+00:00,93.83999633789062,97.1500015258789,93.56999969482422,96.33000183105469,153432064
2026-08-23 01:00:00+00:00,96.3499984741211,96.55999755859375,95.6500015258789,96.0,68147200
2026-08-23 02:00:00+00:00,96.02999877929688,96.25,94.1500015258789,94.87999725341797,38188032
2026-08-23 03:00:00+00:00,94.9000015258789,95.01000213623047,93.43000030517578,93.69999694824219,0
2026-08-23 04:00:00+00:00,93.70999908447266,94.08000183105469,92.16000366210938,92.61000061035156,0
2026-08-23 05:00:00+00:00,92.5199966430664,93.30000305175781,91.61000061035156,92.30000305175781,0
2026-08-23 06:00:00+00:00,92.33999633789062,92.75,91.77999877929688,92.2300033569336,0
2026-08-23 07:00:00+00:00,92.22000122070312,92.95999908447266,92.12000274658203,92.43000030517578,0
2026-08-23 08:00:00+00:00,92.44000244140625,93.41000366210938,92.30000305175781,93.18000030517578,0
2026-08-23 09:00:00+00:00,93.1500015258789,93.5199966430664,92.91999816894531,93.30999755859375,0
2026-08-23 10:00:00+00:00,93.29000091552734,94.08000183105469,93.27999877929688,93.62000274658203,0
2026-08-23 11:00:00+00:00,93.5999984741211,94.77999877929688,93.52999877929688,94.5999984741211,0
2026-08-23 12:00:00+00:00,94.56999969482422,94.7699966430664,94.0999984741211,94.56999969482422,0
2026-08-23 13:00:00+00:00,94.55999755859375,95.77999877929688,94.55999755859375,95.37000274658203,76600832
2026-08-23 14:00:00+00:00,95.38999938964844,95.66000366210938,93.4800033569336,95.04000091552734,107334144
2026-08-23 15:00:00+00:00,95.08000183105469,95.86000061035156,94.69000244140625,95.33000183105469,60610048
2026-08-23 16:00:00+00:00,95.37000274658203,95.68000030517578,95.13999938964844,95.37999725341797,0
2026-08-23 17:00:00+00:00,95.4000015258789,95.5,94.83000183105469,95.0999984741211,0
2026-08-23 18:00:00+00:00,95.11000061035156,95.41999816894531,94.94000244140625,95.27999877929688,0
2026-08-23 19:00:00+00:00,95.30000305175781,95.44000244140625,94.83999633789062,95.05000305175781,0
2026-08-23 20:00:00+00:00,95.06999969482422,95.37999725341797,94.80999755859375,95.05000305175781,0
2026-08-23 21:00:00+00:00,95.05999755859375,96.25,95.05999755859375,95.3499984741211,0
2026-08-23 22:00:00+00:00,95.48999786376953,95.72000122070312,94.83999633789062,95.5999984741211,79383040
2026-08-23 23:00:00+00:00,95.61000061035156,95.8499984741211,95.0199966430664,95.41999816894531,33205248
2026-08-24 00:00:00+00:00,95.44000244140625,95.54000091552734,94.13999938964844,95.54000091552734,0
2026-08-24 01:00:00+00:00,95.55999755859375,95.55999755859375,93.7699966430664,93.8499984741211,0
2026-08-24 02:00:00+00:00,93.9000015258789,95.04000091552734,93.66999816894531,94.58999633789062,0
2026-08-24 03:00:00+00:00,94.55999755859375,94.66000366210938,93.5199966430664,93.66000366210938,0
2026-08-24 04:00:00+00:00,93.66999816894531,94.3499984741211,93.66000366210938,94.22000122070312,0
2026-08-24 05:00:00+00:00,94.16999816894531,94.62999725341797,93.48999786376953,94.2699966430664,0
2026-08-24 06:00:00+00:00,94.26000213623047,94.62000274658203,93.80999755859375,94.54000091552734,0
2026-08-24 07:00:00+00:00,94.54000091552734,95.41000366210938,93.9800033569336,94.05000305175781,90117376
2026-08-24 08:00:00+00:00,94.12999725341797,94.33000183105469,93.2300033569336,93.91999816894531,16747008
2026-08-24 09:00:00+00:00,93.9000015258789,94.87000274658203,93.87000274658203,94.6500015258789,36906496
2026-08-24 10:00:00+00:00,94.63999938964844,95.02999877929688,94.55999755859375,94.68000030517578,52487936
2026-08-24 11:00:00+00:00,94.66000366210938,96.2699966430664,94.2699966430664,95.81999969482422,122980608
2026-08-24 12:00:00+00:00,95.80000305175781,96.61000061035156,94.5199966430664,96.26000213623047,221410816
2026-08-24 13:00:00+00:00,96.30000305175781,96.51000213623047,94.30999755859375,95.0,184890368
2026-08-24 14:00:00+00:00,95.0199966430664,96.68000030517578,94.86000061035156,96.08000183105469,38486016
2026-08-24 15:00:00+00:00,96.08000183105469,97.55000305175781,96.0,96.43000030517578,155177472
2026-08-24 16:00:00+00:00,96.47000122070312,97.58999633789062,95.83000183105469,96.05000305175781,188018688
2026-08-24 17:00:00+00:00,96.05000305175781,96.19000244140625,94.81999969482422,95.37000274658203,242730496
2026-08-24 18:00:00+00:00,95.41999816894531,96.41999816894531,95.38999938964844,95.91000366210938,172781056
2026-08-24 19:00:00+00:00,95.94999694824219,96.63999938964844,95.43000030517578,96.5199966430664,168845312
2026-08-24 20:00:00+00:00,96.5999984741211,96.76000213623047,95.73999786376953,96.5,84946944
2026-08-24 21:00:00+00:00,96.52999877929688,97.55000305175781,96.52999877929688,97.47000122070312,0
2026-08-24 22:00:00+00:00,97.52999877929688,98.62999725341797,97.18000030517578,97.44000244140625,127032320
2026-08-24 23:00:00+00:00,97.45999908447266,98.9800033569336,97.27999877929688,98.9800033569336,126519296
2026-08-25 00:00:00+00:00,98.91999816894531,102.61000061035156,98.55999755859375,101.75,815753728
2026-08-25 01:00:00+00:00,101.79000091552734,102.45999908447266,100.08000183105469,100.45999908447266,241430016
2026-08-25 02:00:00+00:00,100.45999908447266,102.2699966430664,100.2300033569336,100.93000030517578,323461632
2026-08-25 03:00:00+00:00,100.94000244140625,102.01000213623047,100.87999725341797,101.5999984741211,131926016
2026-08-25 04:00:00+00:00,101.55999755859375,101.69000244140625,100.81999969482422,101.30000305175781,111881728
2026-08-25 05:00:00+00:00,101.31999969482422,102.93000030517578,101.20999908447266,101.87000274658203,101349888
2026-08-25 06:00:00+00:00,101.87999725341797,102.02999877929688,100.41999816894531,100.72000122070312,19023872
2026-08-25 07:00:00+00:00,100.66000366210938,101.91000366210938,99.56999969482422,100.19999694824219,103505408
2026-08-25 08:00:00+00:00,100.22000122070312,101.08000183105469,99.70999908447266,100.37000274658203,108531712
2026-08-25 09:00:00+00:00,100.37000274658203,100.58999633789062,99.30000305175781,99.79000091552734,41577984
2026-08-25 10:00:00+00:00,99.77999877929688,99.87000274658203,99.1500015258789,99.63999938964844,24434176
2026-08-25 11:00:00+00:00,99.62999725341797,99.68000030517578,98.48999786376953,98.58999633789062,0
2026-08-25 12:00:00+00:00,98.5999984741211,98.80999755859375,97.47000122070312,98.58999633789062,0
2026-08-25 13:00:00+00:00,98.61000061035156,98.80000305175781,96.27999877929688,97.12000274658203,0
2026-08-25 14:00:00+00:00,97.12999725341797,98.37999725341797,96.91000366210938,98.19999694824219,0
2026-08-25 15:00:00+00:00,98.19999694824219,98.41999816894531,97.62000274658203,98.37999725341797,0
2026-08-25 16:00:00+00:00,98.27999877929688,98.66000366210938,97.79000091552734,98.20999908447266,0
2026-08-25 17:00:00+00:00,98.18000030517578,98.20999908447266,97.45999908447266,98.19999694824219,0
2026-08-25 18:00:00+00:00,98.22000122070312,98.81999969482422,98.08000183105469,98.51000213623047,0
2026-08-25 19:00:00+00:00,98.5,98.62999725341797,97.4800033569336,97.97000122070312,0
2026-08-25 20:00:00+00:00,98.0,98.05999755859375,96.66000366210938,96.66000366210938,6830592
2026-08-25 21:00:00+00:00,96.66000366210938,97.2699966430664,95.63999938964844,97.16999816894531,115002880
2026-08-25 22:00:00+00:00,97.19999694824219,97.75,97.16000366210938,97.22000122070312,0
2026-08-25 23:00:00+00:00,97.19000244140625,97.4000015258789,96.4000015258789,96.58999633789062,0
2026-08-26 00:00:00+00:00,96.68000030517578,96.9000015258789,96.16999816894531,96.63999938964844,0
2026-08-26 01:00:00+00:00,96.62000274658203,97.26000213623047,96.62000274658203,97.0199966430664,0
2026-08-26 02:00:00+00:00,97.05000305175781,97.54000091552734,96.79000091552734,97.27999877929688,0
2026-08-26 03:00:00+00:00,97.26000213623047,97.37000274658203,96.80999755859375,97.04000091552734,0
2026-08-26 04:00:00+00:00,97.0199966430664,97.30000305175781,96.55999755859375,96.62000274658203,0
2026-08-26 05:00:00+00:00,96.63999938964844,97.18000030517578,96.23999786376953,97.06999969482422,0
2026-08-26 06:00:00+00:00,97.05999755859375,97.2699966430664,96.51000213623047,96.80000305175781,0
2026-08-26 07:00:00+00:00,96.79000091552734,97.16000366210938,96.66999816894531,96.93000030517578,0
2026-08-26 08:00:00+00:00,96.94000244140625,97.37000274658203,96.69999694824219,96.80999755859375,0
2026-08-26 09:00:00+00:00,96.79000091552734,97.0,95.80000305175781,96.18000030517578,0
2026-08-26 10:00:00+00:00,96.13999938964844,97.87000274658203,96.0,97.5,0
2026-08-26 11:00:00+00:00,97.5,97.6500015258789,96.70999908447266,97.0199966430664,0
2026-08-26 12:00:00+00:00,97.06999969482422,97.54000091552734,96.38999938964844,97.0,0
2026-08-26 13:00:00+00:00,97.01000213623047,97.22000122070312,95.83999633789062,96.55000305175781,0
2026-08-26 14:00:00+00:00,96.44000244140625,96.95999908447266,95.43000030517578,95.4800033569336,0
2026-08-26 15:00:00+00:00,95.45999908447266,96.33000183105469,95.0,95.94000244140625,22859776
2026-08-26 16:00:00+00:00,95.94999694824219,96.16999816894531,95.4800033569336,95.94000244140625,0
2026-08-26 17:00:00+00:00,95.94000244140625,97.2300033569336,95.87000274658203,96.95999908447266,31192576
2026-08-26 18:00:00+00:00,96.98999786376953,97.13999938964844,96.62999725341797,96.83000183105469,0
2026-08-26 19:00:00+00:00,96.77999877929688,96.91999816894531,96.33999633789062,96.80000305175781,0
2026-08-26 20:00:00+00:00,96.79000091552734,97.04000091552734,96.33000183105469,96.94000244140625,0
2026-08-26 21:00:00+00:00,96.93000030517578,98.33000183105469,96.88999938964844,98.2699966430664,0
2026-08-26 22:00:00+00:00,98.22000122070312,100.91000366210938,98.08000183105469,99.70999908447266,293450496
2026-08-26 23:00:00+00:00,99.66000366210938,102.41000366210938,99.5199966430664,102.0999984741211,290514432
2026-08-27 00:00:00+00:00,102.13999938964844,102.13999938964844,100.62000274658203,100.62000274658203,127989248
2026-08-27 01:00:00+00:00,100.58999633789062,101.91000366210938,100.55000305175781,101.47000122070312,82273536
2026-08-27 02:00:00+00:00,101.44999694824219,101.94999694824219,100.86000061035156,101.16000366210938,67845120
2026-08-27 03:00:00+00:00,101.1500015258789,101.77999877929688,100.87999725341797,101.05000305175781,64135424
2026-08-27 04:00:00+00:00,101.0999984741211,101.5199966430664,100.69000244140625,101.05999755859375,58180352
2026-08-27 05:00:00+00:00,101.06999969482422,102.22000122070312,100.7699966430664,102.0,76844032
2026-08-27 06:00:00+00:00,102.01000213623047,102.01000213623047,100.91000366210938,101.29000091552734,149822720
2026-08-27 07:00:00+00:00,101.2699966430664,102.05999755859375,101.04000091552734,101.7699966430664,41328128
2026-08-27 08:00:00+00:00,101.83000183105469,105.02999877929688,101.70999908447266,104.66000366210938,633748992
2026-08-27 09:00:00+00:00,104.62999725341797,105.70999908447266,104.12999725341797,104.38999938964844,305004032
2026-08-27 10:00:00+00:00,104.4000015258789,105.01000213623047,103.19999694824219,104.0999984741211,194320384
2026-08-27 11:00:00+00:00,104.08999633789062,104.86000061035156,103.41999816894531,103.94000244140625,120563200
2026-08-27 12:00:00+00:00,103.94000244140625,104.75,103.94000244140625,104.41999816894531,0
2026-08-27 13:00:00+00:00,104.4000015258789,106.2699966430664,104.19000244140625,106.06999969482422,57354752
2026-08-27 14:00:00+00:00,105.97000122070312,107.91999816894531,105.22000122070312,106.83000183105469,499900928
2026-08-27 15:00:00+00:00,106.83000183105469,107.91000366210938,106.58999633789062,107.22000122070312,349138944
2026-08-27 16:00:00+00:00,107.23999786376953,109.44000244140625,106.91000366210938,108.94999694824219,367351808
2026-08-27 17:00:00+00:00,108.98999786376953,109.62999725341797,107.80999755859375,108.19999694824219,247178752
2026-08-27 18:00:00+00:00,108.2300033569336,108.37999725341797,106.70999908447266,108.37999725341797,175633920
2026-08-27 19:00:00+00:00,108.37999725341797,109.87000274658203,108.31999969482422,109.41999816894531,195144192
2026-08-27 20:00:00+00:00,109.26000213623047,109.77999877929688,108.44999694824219,109.05999755859375,138960896
2026-08-27 21:00:00+00:00,109.12000274658203,109.1500015258789,108.26000213623047,108.7699966430664,23963648
2026-08-27 22:00:00+00:00,108.79000091552734,110.41999816894531,108.79000091552734,109.22000122070312,0
2026-08-27 23:00:00+00:00,109.19000244140625,110.05999755859375,108.9000015258789,109.18000030517578,0
2026-08-28 00:00:00+00:00,109.19999694824219,110.05999755859375,108.77999877929688,109.1500015258789,0
2026-08-28 01:00:00+00:00,109.16999816894531,109.70999908447266,107.76000213623047,107.87999725341797,25079296
2026-08-28 02:00:00+00:00,107.87999725341797,107.98999786376953,106.19999694824219,106.55000305175781,91834368
2026-08-28 03:00:00+00:00,106.58000183105469,107.31999969482422,105.9000015258789,106.87999725341797,73751552
2026-08-28 04:00:00+00:00,106.86000061035156,107.62999725341797,106.30000305175781,106.76000213623047,0
2026-08-28 05:00:00+00:00,106.77999877929688,107.48999786376953,106.66999816894531,107.25,0
2026-08-28 06:00:00+00:00,107.23999786376953,107.86000061035156,107.19999694824219,107.56999969482422,0
2026-08-28 07:00:00+00:00,107.56999969482422,107.56999969482422,106.33000183105469,106.36000061035156,0
2026-08-28 08:00:00+00:00,106.38999938964844,106.9000015258789,105.83000183105469,106.05000305175781,0
2026-08-28 09:00:00+00:00,106.08000183105469,106.62999725341797,105.56999969482422,105.95999908447266,0
2026-08-28 10:00:00+00:00,105.9800033569336,106.25,104.58000183105469,106.20999908447266,0
2026-08-28 11:00:00+00:00,106.19000244140625,106.70999908447266,105.58000183105469,105.8499984741211,0
2026-08-28 12:00:00+00:00,105.83999633789062,106.01000213623047,104.55999755859375,104.9000015258789,89785856
2026-08-28 13:00:00+00:00,104.86000061035156,105.58999633789062,104.6500015258789,105.5199966430664,0
2026-08-28 14:00:00+00:00,105.08000183105469,106.62999725341797,103.6500015258789,106.29000091552734,191005696
2026-08-28 15:00:00+00:00,106.29000091552734,107.94000244140625,105.23999786376953,105.29000091552734,47451136
2026-08-28 16:00:00+00:00,105.43000030517578,105.70999908447266,102.98999786376953,105.18000030517578,278476800
2026-08-28 17:00:00+00:00,105.16000366210938,105.25,104.30000305175781,104.69999694824219,0
2026-08-28 18:00:00+00:00,104.66999816894531,104.69999694824219,102.30999755859375,103.0199966430664,0
2026-08-28 19:00:00+00:00,103.06999969482422,103.86000061035156,103.0,103.37999725341797,0
2026-08-28 20:00:00+00:00,103.3499984741211,104.19000244140625,102.88999938964844,103.86000061035156,0
2026-08-28 21:00:00+00:00,103.88999938964844,104.02999877929688,103.31999969482422,103.41999816894531,0
2026-08-28 22:00:00+00:00,103.45999908447266,104.22000122070312,103.41000366210938,104.1500015258789,0
2026-08-28 23:00:00+00:00,104.12000274658203,104.38999938964844,103.97000122070312,104.1500015258789,0
2026-08-29 00:00:00+00:00,104.12000274658203,104.55999755859375,103.9000015258789,103.9000015258789,0
2026-08-29 01:00:00+00:00,103.91000366210938,104.37000274658203,103.80999755859375,104.16999816894531,0
2026-08-29 02:00:00+00:00,104.16999816894531,104.4000015258789,103.63999938964844,103.94000244140625,0
2026-08-29 03:00:00+00:00,103.95999908447266,104.25,103.8499984741211,103.87000274658203,0
2026-08-29 04:00:00+00:00,103.87000274658203,104.05999755859375,103.47000122070312,103.87999725341797,0
2026-08-29 05:00:00+00:00,103.87999725341797,104.20999908447266,103.83000183105469,104.02999877929688,0
2026-08-29 06:00:00+00:00,104.02999877929688,104.02999877929688,103.33000183105469,103.5999984741211,0
2026-08-29 07:00:00+00:00,103.5999984741211,103.97000122070312,103.5999984741211,103.75,0
2026-08-29 08:00:00+00:00,103.7300033569336,103.7300033569336,103.20999908447266,103.4800033569336,0
2026-08-29 09:00:00+00:00,103.48999786376953,103.63999938964844,103.30000305175781,103.33999633789062,0
2026-08-29 10:00:00+00:00,103.30999755859375,103.61000061035156,103.02999877929688,103.45999908447266,0
2026-08-29 11:00:00+00:00,103.44000244140625,103.70999908447266,103.41000366210938,103.51000213623047,0
2026-08-29 12:00:00+00:00,103.51000213623047,104.0199966430664,103.37999725341797,103.62999725341797,0
2026-08-29 13:00:00+00:00,103.62999725341797,103.97000122070312,103.52999877929688,103.81999969482422,0
2026-08-29 14:00:00+00:00,103.81999969482422,105.51000213623047,103.79000091552734,105.36000061035156,0
2026-08-29 15:00:00+00:00,105.4000015258789,105.51000213623047,104.62999725341797,105.0199966430664,0
2026-08-29 16:00:00+00:00,105.0199966430664,105.33000183105469,104.83999633789062,104.87999725341797,0
2026-08-29 17:00:00+00:00,104.91999816894531,105.16000366210938,104.43000030517578,104.87999725341797,0
2026-08-29 18:00:00+00:00,104.87999725341797,105.2699966430664,104.75,105.12999725341797,0
2026-08-29 19:00:00+00:00,105.12000274658203,105.83999633789062,105.12000274658203,105.37000274658203,0
2026-08-29 20:00:00+00:00,105.4000015258789,105.51000213623047,105.08999633789062,105.2300033569336,0
2026-08-29 21:00:00+00:00,105.23999786376953,105.4000015258789,104.87999725341797,105.04000091552734,0
2026-08-29 22:00:00+00:00,105.01000213623047,105.55999755859375,104.91000366210938,105.5199966430664,0
2026-08-29 23:00:00+00:00,105.51000213623047,105.79000091552734,105.47000122070312,105.61000061035156,0
2026-08-30 00:00:00+00:00,105.62999725341797,105.72000122070312,105.2300033569336,105.27999877929688,0
2026-08-30 01:00:00+00:00,105.27999877929688,105.37000274658203,105.0199966430664,105.25,0
2026-08-30 02:00:00+00:00,105.26000213623047,105.48999786376953,105.18000030517578,105.23999786376953,0
2026-08-30 03:00:00+00:00,105.23999786376953,105.36000061035156,105.01000213623047,105.06999969482422,0
2026-08-30 04:00:00+00:00,105.05000305175781,105.13999938964844,104.66999816894531,105.12999725341797,0
2026-08-30 05:00:00+00:00,105.06999969482422,105.2699966430664,104.88999938964844,105.06999969482422,0
2026-08-30 06:00:00+00:00,105.08000183105469,105.41999816894531,104.93000030517578,105.41999816894531,0
2026-08-30 07:00:00+00:00,105.44999694824219,105.44999694824219,104.7300033569336,104.81999969482422,0
2026-08-30 08:00:00+00:00,104.83999633789062,105.05999755859375,104.52999877929688,104.75,0
2026-08-30 09:00:00+00:00,104.73999786376953,104.97000122070312,104.47000122070312,104.61000061035156,0
2026-08-30 10:00:00+00:00,104.5999984741211,105.2300033569336,104.48999786376953,105.11000061035156,0
2026-08-30 11:00:00+00:00,105.13999938964844,105.30999755859375,104.93000030517578,105.12000274658203,21489024
2026-08-30 12:00:00+00:00,105.11000061035156,106.13999938964844,105.06999969482422,106.0999984741211,71855488
2026-08-30 13:00:00+00:00,106.0999984741211,107.41999816894531,105.88999938964844,107.12000274658203,174994048
2026-08-30 14:00:00+00:00,107.12000274658203,107.23999786376953,106.6500015258789,106.73999786376953,0
2026-08-30 15:00:00+00:00,106.7300033569336,106.80000305175781,105.98999786376953,106.2699966430664,0
2026-08-30 16:00:00+00:00,106.29000091552734,107.13999938964844,106.13999938964844,106.91000366210938,29435392
2026-08-30 17:00:00+00:00,106.8499984741211,106.87000274658203,105.4800033569336,106.38999938964844,100531584
2026-08-30 18:00:00+00:00,106.41000366210938,106.86000061035156,106.04000091552734,106.68000030517578,25571584
2026-08-30 19:00:00+00:00,106.69000244140625,106.80999755859375,105.44999694824219,105.81999969482422,0
2026-08-30 20:00:00+00:00,105.86000061035156,106.0,104.41999816894531,104.76000213623047,104845056
2026-08-30 21:00:00+00:00,104.7699966430664,104.7699966430664,103.44000244140625,104.45999908447266,132074240
2026-08-30 22:00:00+00:00,104.33999633789062,104.75,103.33999633789062,103.79000091552734,84055296
2026-08-30 23:00:00+00:00,103.79000091552734,103.79000091552734,100.37000274658203,101.76000213623047,302199040
2026-08-31 00:00:00+00:00,101.56999969482422,102.58999633789062,101.11000061035156,102.13999938964844,137054464
2026-08-31 01:00:00+00:00,102.12999725341797,102.2300033569336,101.4000015258789,101.51000213623047,53993984
2026-08-31 02:00:00+00:00,101.48999786376953,102.33000183105469,101.19999694824219,101.44000244140625,40497152
2026-08-31 03:00:00+00:00,101.44000244140625,102.19999694824219,101.29000091552734,101.94999694824219,54515712
2026-08-31 04:00:00+00:00,102.01000213623047,102.01000213623047,100.88999938964844,101.44000244140625,66704128
2026-08-31 05:00:00+00:00,101.43000030517578,103.0,101.23999786376953,102.63999938964844,146604032
2026-08-31 06:00:00+00:00,102.62999725341797,102.88999938964844,102.33999633789062,102.70999908447266,103487744
2026-08-31 07:00:00+00:00,102.69999694824219,103.13999938964844,102.63999938964844,102.9800033569336,68996352
2026-08-31 08:00:00+00:00,102.94000244140625,103.43000030517578,102.47000122070312,103.2300033569336,68173312
2026-08-31 09:00:00+00:00,103.2300033569336,103.47000122070312,102.9800033569336,103.06999969482422,55722752
2026-08-31 10:00:00+00:00,103.08999633789062,104.0,102.63999938964844,103.6500015258789,49329408
2026-08-31 11:00:00+00:00,103.6500015258789,104.13999938964844,103.23999786376953,103.37999725341797,56355328
2026-08-31 12:00:00+00:00,103.37000274658203,103.73999786376953,102.4800033569336,102.75,0
2026-08-31 13:00:00+00:00,102.75,103.02999877929688,102.16999816894531,102.31999969482422,0
2026-08-31 14:00:00+00:00,102.33000183105469,103.83999633789062,102.19000244140625,103.4800033569336,36479488
2026-08-31 15:00:00+00:00,103.52999877929688,103.62999725341797,102.72000122070312,102.87000274658203,2689536
2026-08-31 16:00:00+00:00,102.83999633789062,103.29000091552734,102.41999816894531,102.81999969482422,0
2026-08-31 17:00:00+00:00,102.79000091552734,103.7699966430664,102.63999938964844,103.61000061035156,0
2026-08-31 18:00:00+00:00,103.62999725341797,104.97000122070312,103.4000015258789,104.45999908447266,59511808
2026-08-31 19:00:00+00:00,104.45999908447266,104.75,103.52999877929688,103.62000274658203,5867520
2026-08-31 20:00:00+00:00,103.5999984741211,104.27999877929688,103.52999877929688,103.72000122070312,0
2026-08-31 21:00:00+00:00,103.7300033569336,103.95999908447266,103.2300033569336,103.63999938964844,0
2026-08-31 22:00:00+00:00,103.70999908447266,103.77999877929688,103.0999984741211,103.19999694824219,0
2026-08-31 23:00:00+00:00,103.19000244140625,103.19999694824219,102.86000061035156,103.05000305175781,0
2026-09-01 00:00:00+00:00,103.02999877929688,103.52999877929688,102.93000030517578,103.16999816894531,0
2026-09-01 01:00:00+00:00,103.19999694824219,103.51000213623047,102.7699966430664,103.2300033569336,0
2026-09-01 02:00:00+00:00,103.13999938964844,103.41999816894531,102.80000305175781,103.37000274658203,0
2026-09-01 03:00:00+00:00,103.37000274658203,104.16999816894531,103.25,103.62000274658203,0
2026-09-01 04:00:00+00:00,103.5999984741211,104.05000305175781,103.51000213623047,103.58999633789062,0
2026-09-01 05:00:00+00:00,103.62000274658203,104.3499984741211,103.58000183105469,104.29000091552734,0
2026-09-01 06:00:00+00:00,104.23999786376953,104.2699966430664,103.33999633789062,103.36000061035156,0
2026-09-01 07:00:00+00:00,103.30999755859375,103.54000091552734,102.87000274658203,103.12999725341797,17927936
2026-09-01 08:00:00+00:00,103.12999725341797,103.19999694824219,101.80000305175781,102.04000091552734,45555712
2026-09-01 09:00:00+00:00,102.08999633789062,102.26000213623047,101.83999633789062,101.94999694824219,0
2026-09-01 10:00:00+00:00,101.93000030517578,102.69999694824219,101.91999816894531,102.3499984741211,19673856
2026-09-01 11:00:00+00:00,102.3499984741211,102.56999969482422,102.05999755859375,102.26000213623047,10886144
2026-09-01 12:00:00+00:00,102.2699966430664,102.43000030517578,101.4800033569336,101.91000366210938,0
2026-09-01 13:00:00+00:00,101.87999725341797,102.44000244140625,101.36000061035156,101.93000030517578,28596480
2026-09-01 14:00:00+00:00,101.94000244140625,102.54000091552734,101.86000061035156,101.97000122070312,0
2026-09-01 15:00:00+00:00,101.98999786376953,102.30999755859375,101.01000213623047,102.0,21021440
2026-09-01 16:00:00+00:00,102.02999877929688,102.02999877929688,100.58999633789062,100.88999938964844,26653184
2026-09-01 17:00:00+00:00,100.9000015258789,101.20999908447266,100.45999908447266,100.56999969482422,9806080
2026-09-01 18:00:00+00:00,100.5999984741211,100.68000030517578,98.33999633789062,99.58000183105469,188440064
2026-09-01 19:00:00+00:00,99.58000183105469,100.30000305175781,99.5,100.02999877929688,58714624
2026-09-01 20:00:00+00:00,100.04000091552734,100.30000305175781,99.62999725341797,100.05999755859375,29502720
2026-09-01 21:00:00+00:00,100.08000183105469,100.18000030517578,98.9000015258789,99.55000305175781,23136768
2026-09-01 22:00:00+00:00,99.56999969482422,99.87999725341797,99.33000183105469,99.62000274658203,39299328
2026-09-01 23:00:00+00:00,99.63999938964844,100.19999694824219,99.56999969482422,99.94000244140625,23517440
2026-09-02 00:00:00+00:00,99.95999908447266,100.20999908447266,99.56999969482422,99.62000274658203,12769536
2026-09-02 01:00:00+00:00,99.56999969482422,99.88999938964844,98.45999908447266,99.05999755859375,29608960
2026-09-02 02:00:00+00:00,99.05000305175781,99.88999938964844,98.72000122070312,99.88999938964844,98186496
2026-09-02 03:00:00+00:00,99.87999725341797,100.6500015258789,99.80999755859375,100.25,35570432
2026-09-02 04:00:00+00:00,100.22000122070312,100.23999786376953,99.68000030517578,100.04000091552734,9462528
2026-09-02 05:00:00+00:00,100.05999755859375,100.3499984741211,99.73999786376953,100.2300033569336,0
2026-09-02 06:00:00+00:00,100.23999786376953,100.31999969482422,99.62999725341797,100.05000305175781,0
2026-09-02 07:00:00+00:00,100.05000305175781,100.37999725341797,99.77999877929688,99.80000305175781,0
2026-09-02 08:00:00+00:00,99.83000183105469,99.97000122070312,98.80000305175781,98.94000244140625,0
2026-09-02 09:00:00+00:00,98.95999908447266,99.27999877929688,98.18000030517578,98.5999984741211,27962880
2026-09-02 10:00:00+00:00,98.55999755859375,98.62000274658203,97.45999908447266,98.16999816894531,0
2026-09-02 11:00:00+00:00,98.12999725341797,98.2300033569336,97.3499984741211,98.06999969482422,12320256
2026-09-02 12:00:00+00:00,98.01000213623047,98.4000015258789,97.58999633789062,97.6500015258789,0
2026-09-02 13:00:00+00:00,97.6500015258789,99.58000183105469,97.6500015258789,99.16000366210938,0
2026-09-02 14:00:00+00:00,99.1500015258789,99.73999786376953,98.87000274658203,98.88999938964844,5138944
2026-09-02 15:00:00+00:00,98.87000274658203,99.45999908447266,98.4000015258789,99.25,2212096
2026-09-02 16:00:00+00:00,99.23999786376953,99.76000213623047,98.72000122070312,98.75,0
2026-09-02 17:00:00+00:00,98.79000091552734,99.29000091552734,98.16000366210938,99.26000213623047,14599168
2026-09-02 18:00:00+00:00,99.29000091552734,99.58999633789062,99.13999938964844,99.48999786376953,0
2026-09-02 19:00:00+00:00,99.44000244140625,99.5999984741211,99.05000305175781,99.37999725341797,0
2026-09-02 20:00:00+00:00,99.4000015258789,99.9800033569336,99.30999755859375,99.66000366210938,11176192
2026-09-02 21:00:00+00:00,99.69000244140625,99.81999969482422,99.4000015258789,99.62999725341797,0
2026-09-02 22:00:00+00:00,99.62000274658203,99.72000122070312,99.19000244140625,99.51000213623047,0
2026-09-02 23:00:00+00:00,99.51000213623047,100.48999786376953,99.38999938964844,100.4000015258789,2604800
2026-09-03 00:00:00+00:00,100.37999725341797,100.43000030517578,99.4800033569336,99.48999786376953,205312
2026-09-03 01:00:00+00:00,99.45999908447266,100.55000305175781,99.19999694824219,100.13999938964844,20102400
2026-09-03 02:00:00+00:00,100.11000061035156,101.2699966430664,99.91000366210938,101.05000305175781,0
2026-09-03 03:00:00+00:00,101.0999984741211,101.16000366210938,100.16000366210938,100.4800033569336,90693632
2026-09-03 04:00:00+00:00,100.51000213623047,100.93000030517578,100.04000091552734,100.93000030517578,12605440
2026-09-03 05:00:00+00:00,100.94000244140625,101.01000213623047,99.66000366210938,100.81999969482422,69517056
2026-09-03 06:00:00+00:00,100.83999633789062,100.95999908447266,100.55000305175781,100.83999633789062,20414976
2026-09-03 07:00:00+00:00,100.83000183105469,101.33000183105469,100.2300033569336,100.36000061035156,80174592
2026-09-03 08:00:00+00:00,100.36000061035156,101.08000183105469,100.36000061035156,100.58999633789062,12844800
2026-09-03 09:00:00+00:00,100.58000183105469,100.75,100.0999984741211,100.12999725341797,0
2026-09-03 10:00:00+00:00,100.12000274658203,100.44000244140625,99.87999725341797,100.41000366210938,0
2026-09-03 11:00:00+00:00,100.38999938964844,100.95999908447266,100.27999877929688,100.76000213623047,0
2026-09-03 12:00:00+00:00,100.73999786376953,101.79000091552734,100.58000183105469,101.6500015258789,65831936
2026-09-03 13:00:00+00:00,101.63999938964844,102.0,101.0999984741211,101.45999908447266,51692800
2026-09-03 14:00:00+00:00,101.41999816894531,104.83000183105469,101.2300033569336,104.83000183105469,216511488
2026-09-03 15:00:00+00:00,104.80000305175781,105.62999725341797,103.7699966430664,105.16999816894531,362143488
2026-09-03 16:00:00+00:00,105.08000183105469,105.18000030517578,103.8499984741211,104.55000305175781,142351360
2026-09-03 17:00:00+00:00,104.55999755859375,105.22000122070312,104.4000015258789,105.0999984741211,23482624
2026-09-03 18:00:00+00:00,105.16000366210938,105.2699966430664,104.62999725341797,105.22000122070312,8789248
2026-09-03 19:00:00+00:00,105.19999694824219,105.79000091552734,105.04000091552734,105.29000091552734,78008064
2026-09-03 20:00:00+00:00,105.30000305175781,105.47000122070312,104.76000213623047,104.93000030517578,9812480
2026-09-03 21:00:00+00:00,104.93000030517578,105.68000030517578,104.79000091552734,105.22000122070312,95545856
2026-09-03 22:00:00+00:00,105.20999908447266,105.33000183105469,103.73999786376953,104.18000030517578,89459456
2026-09-03 23:00:00+00:00,104.18000030517578,104.23999786376953,103.8499984741211,103.94000244140625,46136064
2026-09-04 00:00:00+00:00,103.94000244140625,104.31999969482422,103.44000244140625,103.4800033569336,86326016
2026-09-04 01:00:00+00:00,103.5,103.87999725341797,103.26000213623047,103.81999969482422,0
2026-09-04 02:00:00+00:00,103.83999633789062,103.83999633789062,103.33999633789062,103.79000091552734,0
2026-09-04 03:00:00+00:00,103.80999755859375,104.13999938964844,103.70999908447266,103.70999908447266,0
2026-09-04 04:00:00+00:00,103.72000122070312,104.3499984741211,103.58000183105469,103.91000366210938,0
2026-09-04 05:00:00+00:00,103.86000061035156,104.05999755859375,103.45999908447266,103.69999694824219,0
2026-09-04 06:00:00+00:00,103.66999816894531,104.05999755859375,103.3499984741211,103.62000274658203,0
2026-09-04 07:00:00+00:00,103.62000274658203,104.05000305175781,103.54000091552734,103.5999984741211,0
2026-09-04 08:00:00+00:00,103.61000061035156,104.48999786376953,103.23999786376953,104.37000274658203,82420480
2026-09-04 09:00:00+00:00,104.37000274658203,104.75,103.9800033569336,104.04000091552734,95517440
2026-09-04 10:00:00+00:00,104.05999755859375,104.13999938964844,103.54000091552734,104.13999938964844,9125120
2026-09-04 11:00:00+00:00,104.11000061035156,104.5199966430664,103.95999908447266,104.08000183105469,0
2026-09-04 12:00:00+00:00,104.08000183105469,104.43000030517578,100.37999725341797,101.58000183105469,394120960
2026-09-04 13:00:00+00:00,101.55999755859375,102.26000213623047,101.04000091552734,101.66000366210938,125632512
2026-09-04 14:00:00+00:00,101.62000274658203,101.81999969482422,100.30999755859375,100.77999877929688,0
2026-09-04 15:00:00+00:00,100.77999877929688,101.68000030517578,100.66000366210938,101.44999694824219,0
2026-09-04 16:00:00+00:00,101.43000030517578,102.05999755859375,101.33999633789062,101.81999969482422,0
2026-09-04 17:00:00+00:00,101.8499984741211,101.86000061035156,101.0999984741211,101.25,0
2026-09-04 18:00:00+00:00,101.2699966430664,101.70999908447266,101.20999908447266,101.66000366210938,0
2026-09-04 19:00:00+00:00,101.66000366210938,101.97000122070312,101.62000274658203,101.70999908447266,0
2026-09-04 20:00:00+00:00,101.68000030517578,101.9000015258789,101.62000274658203,101.77999877929688,0
2026-09-04 21:00:00+00:00,101.79000091552734,101.98999786376953,101.5199966430664,101.61000061035156,0
2026-09-04 22:00:00+00:00,101.61000061035156,101.87999725341797,101.61000061035156,101.7699966430664,0
2026-09-04 23:00:00+00:00,101.7699966430664,102.0,101.66999816894531,101.94000244140625,0
2026-09-05 00:00:00+00:00,101.94999694824219,102.0199966430664,101.73999786376953,101.83999633789062,0
2026-09-05 01:00:00+00:00,101.87000274658203,102.19999694824219,101.75,101.87000274658203,0
2026-09-05 02:00:00+00:00,101.86000061035156,101.98999786376953,101.70999908447266,101.97000122070312,0
2026-09-05 03:00:00+00:00,101.9800033569336,102.04000091552734,101.77999877929688,101.88999938964844,0
2026-09-05 04:00:00+00:00,101.91999816894531,101.94999694824219,101.72000122070312,101.7699966430664,0
2026-09-05 05:00:00+00:00,101.79000091552734,101.95999908447266,101.5999984741211,101.88999938964844,0
2026-09-05 06:00:00+00:00,101.9000015258789,102.4000015258789,101.83000183105469,102.30999755859375,0
2026-09-05 07:00:00+00:00,102.30000305175781,102.61000061035156,102.19000244140625,102.25,0
2026-09-05 08:00:00+00:00,102.2300033569336,102.5999984741211,102.12000274658203,102.58000183105469,0
2026-09-05 09:00:00+00:00,102.5999984741211,102.83000183105469,102.51000213623047,102.54000091552734,0
2026-09-05 10:00:00+00:00,102.55999755859375,102.72000122070312,102.38999938964844,102.54000091552734,0
2026-09-05 11:00:00+00:00,102.54000091552734,102.62000274658203,102.19999694824219,102.33999633789062,0
2026-09-05 12:00:00+00:00,102.3499984741211,103.23999786376953,102.30999755859375,103.23999786376953,0
2026-09-05 13:00:00+00:00,103.26000213623047,103.43000030517578,102.58999633789062,102.66000366210938,0
2026-09-05 14:00:00+00:00,102.66000366210938,102.9800033569336,102.66000366210938,102.87999725341797,0
2026-09-05 15:00:00+00:00,102.87000274658203,102.98999786376953,102.66000366210938,102.95999908447266,0
2026-09-05 16:00:00+00:00,102.95999908447266,103.52999877929688,102.80999755859375,103.41999816894531,0
2026-09-05 17:00:00+00:00,103.4000015258789,104.29000091552734,103.33000183105469,104.26000213623047,128167936
2026-09-05 18:00:00+00:00,104.27999877929688,104.30999755859375,103.75,103.91999816894531,47816064
2026-09-05 19:00:00+00:00,103.88999938964844,103.95999908447266,103.22000122070312,103.41999816894531,11146240
2026-09-05 20:00:00+00:00,103.43000030517578,103.62999725341797,103.12000274658203,103.25,44435584
2026-09-05 21:00:00+00:00,103.2300033569336,103.9800033569336,103.22000122070312,103.73999786376953,0
2026-09-05 22:00:00+00:00,103.76000213623047,103.88999938964844,103.19999694824219,103.37999725341797,13659648
2026-09-05 23:00:00+00:00,103.36000061035156,103.4000015258789,103.04000091552734,103.19000244140625,37526016
2026-09-06 00:00:00+00:00,103.18000030517578,103.52999877929688,103.16999816894531,103.30000305175781,5844992
2026-09-06 01:00:00+00:00,103.31999969482422,104.2300033569336,103.26000213623047,104.05999755859375,54332928
2026-09-06 02:00:00+00:00,104.08000183105469,104.75,103.87999725341797,104.37000274658203,67504384
2026-09-06 03:00:00+00:00,104.38999938964844,107.01000213623047,104.36000061035156,105.97000122070312,271160064
2026-09-06 04:00:00+00:00,106.06999969482422,106.33000183105469,105.62000274658203,105.73999786376953,127263488
2026-09-06 05:00:00+00:00,105.75,106.83000183105469,105.4800033569336,106.37000274658203,106568448
2026-09-06 06:00:00+00:00,106.44999694824219,106.44999694824219,105.30999755859375,105.37999725341797,60461312
2026-09-06 07:00:00+00:00,105.37999725341797,105.56999969482422,104.72000122070312,105.29000091552734,76362240
2026-09-06 08:00:00+00:00,105.2699966430664,105.4000015258789,105.0,105.19999694824219,20922112
2026-09-06 09:00:00+00:00,105.18000030517578,107.22000122070312,105.16000366210938,106.5,255680256
2026-09-06 10:00:00+00:00,106.48999786376953,106.9000015258789,106.36000061035156,106.68000030517578,127566336
2026-09-06 11:00:00+00:00,106.63999938964844,106.7300033569336,106.25,106.45999908447266,46904576
2026-09-06 12:00:00+00:00,106.47000122070312,107.33000183105469,106.38999938964844,106.80000305175781,54153216
2026-09-06 13:00:00+00:00,106.8499984741211,107.16000366210938,105.94000244140625,107.08000183105469,45970688
2026-09-06 14:00:00+00:00,107.05000305175781,107.05000305175781,105.33999633789062,105.72000122070312,142000640
2026-09-06 15:00:00+00:00,105.73999786376953,105.98999786376953,104.91999816894531,105.73999786376953,81596672
2026-09-06 16:00:00+00:00,105.76000213623047,106.38999938964844,105.48999786376953,106.08000183105469,0
2026-09-06 17:00:00+00:00,106.08999633789062,106.41999816894531,105.56999969482422,106.19999694824219,0
2026-09-06 18:00:00+00:00,106.19999694824219,106.56999969482422,105.8499984741211,105.98999786376953,0
2026-09-06 19:00:00+00:00,105.9800033569336,105.98999786376953,105.4000015258789,105.48999786376953,6207744
2026-09-06 20:00:00+00:00,105.5,105.87999725341797,105.37000274658203,105.69000244140625,0
2026-09-06 21:00:00+00:00,105.73999786376953,106.25,105.73999786376953,105.91999816894531,26991872
2026-09-06 22:00:00+00:00,105.94000244140625,106.0199966430664,105.0199966430664,105.8499984741211,56995584
2026-09-06 23:00:00+00:00,105.87999725341797,106.7300033569336,105.80999755859375,106.55999755859375,72180992
2026-09-07 00:00:00+00:00,106.54000091552734,106.63999938964844,105.8499984741211,106.1500015258789,99121408
2026-09-07 01:00:00+00:00,106.11000061035156,106.3499984741211,105.05999755859375,105.33000183105469,19407616
2026-09-07 02:00:00+00:00,105.30999755859375,107.06999969482422,104.91999816894531,105.75,54211328
2026-09-07 03:00:00+00:00,105.79000091552734,105.87999725341797,104.94000244140625,104.94999694824219,0
2026-09-07 04:00:00+00:00,104.91999816894531,105.30000305175781,104.80000305175781,105.08999633789062,0
2026-09-07 05:00:00+00:00,105.05000305175781,105.80000305175781,105.02999877929688,105.13999938964844,0
2026-09-07 06:00:00+00:00,105.12000274658203,105.38999938964844,104.86000061035156,105.05000305175781,0
2026-09-07 07:00:00+00:00,105.06999969482422,105.5199966430664,103.83000183105469,104.47000122070312,86882048
2026-09-07 08:00:00+00:00,104.47000122070312,104.88999938964844,104.41999816894531,104.69999694824219,38587392
2026-09-07 09:00:00+00:00,104.72000122070312,105.18000030517578,104.58999633789062,104.6500015258789,0
2026-09-07 10:00:00+00:00,104.6500015258789,105.1500015258789,104.6500015258789,105.0,0
2026-09-07 11:00:00+00:00,105.0199966430664,105.1500015258789,104.72000122070312,104.91999816894531,0
2026-09-07 12:00:00+00:00,104.93000030517578,105.91999816894531,104.9000015258789,105.7300033569336,0
2026-09-07 13:00:00+00:00,105.72000122070312,105.80000305175781,104.88999938964844,105.08999633789062,0
2026-09-07 14:00:00+00:00,105.05000305175781,105.16999816894531,104.02999877929688,104.6500015258789,0
2026-09-07 15:00:00+00:00,104.63999938964844,104.66000366210938,103.04000091552734,103.22000122070312,20250880
2026-09-07 16:00:00+00:00,103.20999908447266,103.87999725341797,103.20999908447266,103.86000061035156,6707712
2026-09-07 17:00:00+00:00,103.83000183105469,104.2300033569336,103.77999877929688,103.98999786376953,0
2026-09-07 18:00:00+00:00,103.98999786376953,104.08000183105469,103.55999755859375,103.91000366210938,0
2026-09-07 19:00:00+00:00,103.91000366210938,104.41000366210938,103.80999755859375,104.37000274658203,0
2026-09-07 20:00:00+00:00,104.33999633789062,104.4000015258789,103.9000015258789,104.08000183105469,2830080
2026-09-07 21:00:00+00:00,104.08999633789062,104.1500015258789,103.73999786376953,103.88999938964844,0
2026-09-07 22:00:00+00:00,103.87999725341797,104.04000091552734,103.18000030517578,103.52999877929688,46325504
2026-09-07 23:00:00+00:00,103.48999786376953,104.01000213623047,103.48999786376953,103.79000091552734,0
2026-09-08 00:00:00+00:00,103.75,104.1500015258789,103.44000244140625,104.08000183105469,0
2026-09-08 01:00:00+00:00,104.05000305175781,104.41000366210938,103.98999786376953,104.3499984741211,0
2026-09-08 02:00:00+00:00,104.37999725341797,104.48999786376953,103.2699966430664,103.27999877929688,0
2026-09-08 03:00:00+00:00,103.29000091552734,103.43000030517578,102.7300033569336,103.33000183105469,4003584
2026-09-08 04:00:00+00:00,103.30000305175781,103.43000030517578,102.95999908447266,102.98999786376953,0
2026-09-08 05:00:00+00:00,102.98999786376953,103.48999786376953,102.83000183105469,102.94999694824219,25450496
2026-09-08 06:00:00+00:00,102.94000244140625,103.08000183105469,102.41999816894531,102.6500015258789,32277760
2026-09-08 07:00:00+00:00,102.68000030517578,103.11000061035156,102.5999984741211,102.91999816894531,0
2026-09-08 08:00:00+00:00,102.87999725341797,103.22000122070312,102.4800033569336,102.98999786376953,0
2026-09-08 09:00:00+00:00,103.01000213623047,103.80999755859375,102.91000366210938,103.68000030517578,0
2026-09-08 10:00:00+00:00,103.63999938964844,104.02999877929688,103.3499984741211,103.3499984741211,1788928
2026-09-08 11:00:00+00:00,103.36000061035156,103.41000366210938,102.61000061035156,102.83999633789062,9670656
2026-09-08 12:00:00+00:00,102.81999969482422,103.27999877929688,102.4800033569336,103.05000305175781,5758976
2026-09-08 13:00:00+00:00,103.05000305175781,103.11000061035156,101.72000122070312,102.66999816894531,25342208
2026-09-08 14:00:00+00:00,102.62000274658203,103.41000366210938,102.41000366210938,103.31999969482422,0
2026-09-08 15:00:00+00:00,103.30999755859375,104.36000061035156,103.19999694824219,104.27999877929688,0
2026-09-08 16:00:00+00:00,104.22000122070312,104.79000091552734,103.58000183105469,104.19000244140625,0
2026-09-08 17:00:00+00:00,104.20999908447266,104.41999816894531,103.66000366210938,103.69000244140625,43769600
2026-09-08 18:00:00+00:00,103.69000244140625,104.44999694824219,103.2300033569336,103.36000061035156,24110848
2026-09-08 19:00:00+00:00,103.38999938964844,103.58999633789062,102.87999725341797,103.2300033569336,80368896
2026-09-08 20:00:00+00:00,103.26000213623047,103.77999877929688,103.05999755859375,103.11000061035156,13138944
2026-09-08 21:00:00+00:00,103.08000183105469,103.3499984741211,102.80000305175781,103.02999877929688,19136000
2026-09-08 22:00:00+00:00,103.0199966430664,103.47000122070312,102.9800033569336,103.4000015258789,0
2026-09-08 23:00:00+00:00,103.41999816894531,103.58999633789062,103.2699966430664,103.37000274658203,0
2026-09-09 00:00:00+00:00,103.37999725341797,103.88999938964844,103.3499984741211,103.7699966430664,0
2026-09-09 01:00:00+00:00,103.7699966430664,103.94000244140625,103.37999725341797,103.77999877929688,0
2026-09-09 02:00:00+00:00,103.77999877929688,104.01000213623047,103.4000015258789,103.44999694824219,0
2026-09-09 03:00:00+00:00,103.4800033569336,103.4800033569336,102.9800033569336,103.30999755859375,0
2026-09-09 04:00:00+00:00,103.30000305175781,104.41999816894531,103.30000305175781,104.41000366210938,53652480
2026-09-09 05:00:00+00:00,104.41999816894531,104.69999694824219,103.76000213623047,104.08000183105469,4845824
2026-09-09 06:00:00+00:00,104.08999633789062,104.75,103.98999786376953,104.5199966430664,0
2026-09-09 07:00:00+00:00,104.5199966430664,105.16999816894531,104.4800033569336,104.55999755859375,0
2026-09-09 08:00:00+00:00,104.5999984741211,105.04000091552734,104.54000091552734,104.81999969482422,0
2026-09-09 09:00:00+00:00,104.80000305175781,104.80000305175781,103.44000244140625,103.5,881920
2026-09-09 10:00:00+00:00,103.48999786376953,104.05000305175781,103.4800033569336,103.79000091552734,864512
2026-09-09 11:00:00+00:00,103.7699966430664,104.30000305175781,103.29000091552734,104.22000122070312,16446208
2026-09-09 12:00:00+00:00,104.23999786376953,104.80000305175781,104.11000061035156,104.63999938964844,34255104
2026-09-09 13:00:00+00:00,104.6500015258789,104.66999816894531,103.5999984741211,103.7699966430664,0
2026-09-09 14:00:00+00:00,103.7699966430664,104.1500015258789,103.3499984741211,103.4800033569336,8915200
2026-09-09 15:00:00+00:00,103.5199966430664,104.0999984741211,102.08000183105469,103.05000305175781,140716288
2026-09-09 16:00:00+00:00,103.04000091552734,103.5,102.73999786376953,103.38999938964844,0
2026-09-09 17:00:00+00:00,103.37000274658203,103.79000091552734,103.19999694824219,103.5199966430664,0
2026-09-09 18:00:00+00:00,103.5199966430664,103.7300033569336,103.20999908447266,103.2699966430664,0
2026-09-09 19:00:00+00:00,103.26000213623047,103.37000274658203,102.16000366210938,102.33000183105469,0
2026-09-09 20:00:00+00:00,102.33999633789062,102.66000366210938,101.87000274658203,102.55000305175781,67806976
2026-09-09 21:00:00+00:00,102.55999755859375,102.5999984741211,101.81999969482422,102.08000183105469,44311552
2026-09-09 22:00:00+00:00,102.0999984741211,102.16999816894531,100.45999908447266,100.80000305175781,140748544
2026-09-09 23:00:00+00:00,100.7300033569336,101.7300033569336,100.7300033569336,101.54000091552734,38750976
2026-09-10 00:00:00+00:00,101.5,101.69000244140625,100.91999816894531,100.9800033569336,43231488
2026-09-10 01:00:00+00:00,101.0,101.70999908447266,100.4800033569336,101.0199966430664,73943296
2026-09-10 02:00:00+00:00,101.0,101.87000274658203,100.9800033569336,101.8499984741211,0
2026-09-10 03:00:00+00:00,101.9000015258789,102.02999877929688,101.63999938964844,101.80999755859375,5540864
2026-09-10 04:00:00+00:00,101.80000305175781,102.18000030517578,101.7699966430664,101.94999694824219,0
2026-09-10 05:00:00+00:00,101.94999694824219,102.12999725341797,101.61000061035156,102.08999633789062,0
2026-09-10 06:00:00+00:00,102.04000091552734,102.0999984741211,101.37999725341797,101.91999816894531,0
2026-09-10 07:00:00+00:00,101.91000366210938,101.91000366210938,100.80000305175781,101.29000091552734,0
2026-09-10 08:00:00+00:00,101.29000091552734,101.38999938964844,101.0199966430664,101.13999938964844,41268736
2026-09-10 09:00:00+00:00,101.13999938964844,101.37999725341797,100.79000091552734,101.04000091552734,0
2026-09-10 10:00:00+00:00,101.06999969482422,101.3499984741211,100.83000183105469,101.0199966430664,0
2026-09-10 11:00:00+00:00,101.01000213623047,101.5,100.80000305175781,100.9800033569336,0
2026-09-10 12:00:00+00:00,101.0,101.37000274658203,98.62000274658203,98.88999938964844,246578176
2026-09-10 13:00:00+00:00,98.91000366210938,99.80000305175781,98.87999725341797,99.72000122070312,165211136
2026-09-10 14:00:00+00:00,99.75,100.31999969482422,99.23999786376953,100.16999816894531,0
2026-09-10 15:00:00+00:00,100.16000366210938,100.16000366210938,99.4000015258789,99.69999694824219,0
2026-09-10 16:00:00+00:00,99.62000274658203,99.86000061035156,98.79000091552734,99.62999725341797,0
2026-09-10 17:00:00+00:00,99.58999633789062,100.41000366210938,99.51000213623047,99.93000030517578,44404736
2026-09-10 18:00:00+00:00,99.91999816894531,99.94999694824219,99.19000244140625,99.88999938964844,0
2026-09-10 19:00:00+00:00,99.87000274658203,100.08999633789062,99.55000305175781,99.62999725341797,0
2026-09-10 20:00:00+00:00,99.61000061035156,100.12000274658203,99.5999984741211,100.0199966430664,0
2026-09-10 21:00:00+00:00,100.0199966430664,100.12000274658203,99.73999786376953,99.77999877929688,0
2026-09-10 22:00:00+00:00,99.79000091552734,100.06999969482422,99.22000122070312,99.25,0
2026-09-10 23:00:00+00:00,99.23999786376953,99.3499984741211,98.58999633789062,98.61000061035156,241920
2026-09-11 00:00:00+00:00,98.62000274658203,99.37000274658203,98.55999755859375,99.12000274658203,18400768
2026-09-11 01:00:00+00:00,99.12999725341797,99.47000122070312,98.69999694824219,99.41999816894531,0
2026-09-11 02:00:00+00:00,99.41000366210938,99.4800033569336,99.0199966430664,99.27999877929688,2549760
2026-09-11 03:00:00+00:00,99.25,99.44000244140625,98.9000015258789,99.27999877929688,0
2026-09-11 04:00:00+00:00,99.29000091552734,99.9000015258789,99.19999694824219,99.63999938964844,16601088
2026-09-11 05:00:00+00:00,99.6500015258789,99.86000061035156,99.5,99.8499984741211,0
2026-09-11 06:00:00+00:00,99.87000274658203,99.94999694824219,99.5,99.79000091552734,10571776
2026-09-11 07:00:00+00:00,99.7699966430664,100.08999633789062,99.63999938964844,99.72000122070312,0
2026-09-11 08:00:00+00:00,99.69000244140625,100.25,99.44999694824219,99.88999938964844,0
2026-09-11 09:00:00+00:00,99.87999725341797,99.91999816894531,98.97000122070312,99.37000274658203,93869824
2026-09-11 10:00:00+00:00,99.36000061035156,99.69999694824219,99.13999938964844,99.16000366210938,5176064
2026-09-11 11:00:00+00:00,99.12000274658203,99.5,98.55999755859375,99.47000122070312,14724096
2026-09-11 12:00:00+00:00,99.41999816894531,101.77999877929688,98.2300033569336,101.63999938964844,157210624
2026-09-11 13:00:00+00:00,101.58000183105469,104.8499984741211,100.5999984741211,104.79000091552734,159241984
2026-09-11 14:00:00+00:00,104.87000274658203,105.7699966430664,102.80000305175781,103.2699966430664,565889024
2026-09-11 15:00:00+00:00,103.20999908447266,103.58999633789062,101.23999786376953,101.58000183105469,137208320
2026-09-11 16:00:00+00:00,101.55999755859375,102.38999938964844,101.27999877929688,102.31999969482422,162143232
2026-09-11 17:00:00+00:00,102.33000183105469,102.45999908447266,101.80000305175781,101.94000244140625,0
2026-09-11 18:00:00+00:00,101.93000030517578,102.0,100.43000030517578,101.02999877929688,154892800
2026-09-11 19:00:00+00:00,101.05000305175781,102.0999984741211,100.80000305175781,102.0,42812160
2026-09-11 20:00:00+00:00,101.98999786376953,102.9800033569336,101.98999786376953,102.44999694824219,123516416
2026-09-11 21:00:00+00:00,102.4800033569336,103.0,102.02999877929688,102.05999755859375,74898944
2026-09-11 22:00:00+00:00,102.05000305175781,102.44000244140625,101.51000213623047,101.83999633789062,105134592
2026-09-11 23:00:00+00:00,101.83000183105469,102.4800033569336,101.7699966430664,102.44999694824219,5841920
2026-09-12 00:00:00+00:00,102.41000366210938,102.55999755859375,101.7699966430664,101.9000015258789,0
2026-09-12 01:00:00+00:00,101.8499984741211,102.26000213623047,101.83000183105469,101.9800033569336,0
2026-09-12 02:00:00+00:00,101.9800033569336,102.05999755859375,101.62000274658203,101.87000274658203,915968
2026-09-12 03:00:00+00:00,101.83000183105469,101.91999816894531,101.44999694824219,101.62000274658203,0
2026-09-12 04:00:00+00:00,101.61000061035156,101.88999938964844,101.54000091552734,101.58999633789062,0
2026-09-12 05:00:00+00:00,101.58999633789062,101.72000122070312,101.41000366210938,101.63999938964844,0
2026-09-12 06:00:00+00:00,101.6500015258789,101.87999725341797,101.48999786376953,101.68000030517578,0
2026-09-12 07:00:00+00:00,101.68000030517578,101.9000015258789,101.5999984741211,101.6500015258789,0
2026-09-12 08:00:00+00:00,101.63999938964844,101.83999633789062,101.55999755859375,101.81999969482422,0
2026-09-12 09:00:00+00:00,101.81999969482422,102.20999908447266,101.75,101.9800033569336,13912576
2026-09-12 10:00:00+00:00,102.0,102.23999786376953,101.94000244140625,102.12000274658203,0
2026-09-12 11:00:00+00:00,102.12999725341797,102.22000122070312,101.95999908447266,102.11000061035156,0
2026-09-12 12:00:00+00:00,102.11000061035156,102.38999938964844,101.91999816894531,102.05000305175781,0
2026-09-12 13:00:00+00:00,102.02999877929688,102.18000030517578,101.72000122070312,101.94999694824219,0
2026-09-12 14:00:00+00:00,101.95999908447266,102.0999984741211,101.87999725341797,101.9800033569336,0
2026-09-12 15:00:00+00:00,102.0,102.12999725341797,101.83999633789062,102.04000091552734,0
2026-09-12 16:00:00+00:00,102.05999755859375,102.0999984741211,101.9000015258789,102.05999755859375,0
2026-09-12 17:00:00+00:00,102.06999969482422,102.12999725341797,101.93000030517578,101.93000030517578,0
2026-09-12 18:00:00+00:00,101.94000244140625,101.94000244140625,101.55000305175781,101.62999725341797,0
2026-09-12 19:00:00+00:00,101.62999725341797,101.70999908447266,101.20999908447266,101.26000213623047,0
2026-09-12 20:00:00+00:00,101.25,101.55999755859375,101.2300033569336,101.33999633789062,0
2026-09-12 21:00:00+00:00,101.33999633789062,101.58999633789062,101.33000183105469,101.47000122070312,0
2026-09-12 22:00:00+00:00,101.44000244140625,101.7699966430664,101.38999938964844,101.6500015258789,0
2026-09-12 23:00:00+00:00,101.68000030517578,101.8499984741211,101.62000274658203,101.73999786376953,0
2026-09-13 00:00:00+00:00,101.75,101.7699966430664,101.55999755859375,101.70999908447266,0
2026-09-13 01:00:00+00:00,101.72000122070312,102.31999969482422,101.72000122070312,102.2699966430664,21268736
2026-09-13 02:00:00+00:00,102.2699966430664,102.30999755859375,101.75,101.87999725341797,642432
2026-09-13 03:00:00+00:00,101.87999725341797,102.0199966430664,101.5199966430664,101.5999984741211,0
2026-09-13 04:00:00+00:00,101.5999984741211,101.77999877929688,101.5199966430664,101.69999694824219,0
2026-09-13 05:00:00+00:00,101.69999694824219,101.9000015258789,101.66000366210938,101.79000091552734,0
2026-09-13 06:00:00+00:00,101.79000091552734,101.80000305175781,101.06999969482422,101.22000122070312,0
2026-09-13 07:00:00+00:00,101.19000244140625,101.37000274658203,100.63999938964844,100.69000244140625,42772352
2026-09-13 08:00:00+00:00,100.62999725341797,100.83999633789062,99.88999938964844,99.97000122070312,70685952
2026-09-13 09:00:00+00:00,99.9800033569336,100.13999938964844,99.38999938964844,99.83000183105469,31866368
2026-09-13 10:00:00+00:00,99.80999755859375,99.87000274658203,99.41000366210938,99.5,1724928
2026-09-13 11:00:00+00:00,99.52999877929688,99.83000183105469,99.48999786376953,99.79000091552734,11111936
2026-09-13 12:00:00+00:00,99.76000213623047,99.80000305175781,99.5199966430664,99.69000244140625,0
2026-09-13 13:00:00+00:00,99.66999816894531,100.1500015258789,99.43000030517578,100.08000183105469,0
2026-09-13 14:00:00+00:00,100.08999633789062,100.79000091552734,100.08000183105469,100.63999938964844,22510336
2026-09-13 15:00:00+00:00,100.62999725341797,100.63999938964844,100.1500015258789,100.22000122070312,0
2026-09-13 16:00:00+00:00,100.22000122070312,100.93000030517578,100.22000122070312,100.79000091552734,28881280
2026-09-13 17:00:00+00:00,100.79000091552734,101.19999694824219,100.77999877929688,100.97000122070312,20182400
2026-09-13 18:00:00+00:00,100.94000244140625,101.2699966430664,100.91000366210938,101.18000030517578,0
2026-09-13 19:00:00+00:00,101.18000030517578,101.29000091552734,100.80999755859375,100.91999816894531,0
2026-09-13 20:00:00+00:00,100.97000122070312,101.4800033569336,100.91999816894531,101.43000030517578,2751872
2026-09-13 21:00:00+00:00,101.44999694824219,101.58000183105469,101.18000030517578,101.30000305175781,23695360
2026-09-13 22:00:00+00:00,101.16000366210938,101.16000366210938,99.41999816894531,99.69000244140625,118405632
2026-09-13 23:00:00+00:00,99.69000244140625,99.97000122070312,99.16000366210938,99.25,73227776
2026-09-14 00:00:00+00:00,99.33999633789062,99.80999755859375,98.95999908447266,99.62999725341797,56301952
2026-09-14 01:00:00+00:00,99.58999633789062,100.16999816894531,99.16999816894531,100.12000274658203,0
2026-09-14 02:00:00+00:00,100.08000183105469,101.0199966430664,99.93000030517578,100.95999908447266,37179392
2026-09-14 03:00:00+00:00,100.95999908447266,101.29000091552734,100.73999786376953,100.94999694824219,37873024
2026-09-14 04:00:00+00:00,100.93000030517578,101.33999633789062,100.83000183105469,101.12999725341797,35863424
2026-09-14 05:00:00+00:00,101.1500015258789,101.19000244140625,100.91000366210938,101.06999969482422,32490240
2026-09-14 06:00:00+00:00,101.11000061035156,101.94000244140625,101.05999755859375,101.5,82411520
2026-09-14 07:00:00+00:00,101.5,101.69000244140625,101.38999938964844,101.55999755859375,0
2026-09-14 08:00:00+00:00,101.56999969482422,101.77999877929688,101.27999877929688,101.45999908447266,0
2026-09-14 09:00:00+00:00,101.45999908447266,102.29000091552734,101.16999816894531,101.91000366210938,10047872
2026-09-14 10:00:00+00:00,101.91000366210938,101.9800033569336,101.69000244140625,101.7300033569336,52112000
2026-09-14 11:00:00+00:00,101.73999786376953,101.86000061035156,101.2699966430664,101.33000183105469,25102464
2026-09-14 12:00:00+00:00,101.33999633789062,101.94000244140625,101.16999816894531,101.31999969482422,38800256
2026-09-14 13:00:00+00:00,101.31999969482422,101.86000061035156,100.6500015258789,101.33000183105469,113304832
2026-09-14 14:00:00+00:00,101.30999755859375,101.9800033569336,101.22000122070312,101.5999984741211,77597952
2026-09-14 15:00:00+00:00,101.54000091552734,102.23999786376953,101.33000183105469,101.94999694824219,125000704
2026-09-14 16:00:00+00:00,101.94000244140625,102.81999969482422,101.83000183105469,102.58999633789062,110496000
2026-09-14 17:00:00+00:00,102.58000183105469,103.27999877929688,102.51000213623047,103.05000305175781,85866496
2026-09-14 18:00:00+00:00,103.05000305175781,103.86000061035156,102.91000366210938,103.61000061035156,134914048
2026-09-14 19:00:00+00:00,103.56999969482422,103.5999984741211,102.95999908447266,103.26000213623047,74736128
2026-09-14 20:00:00+00:00,103.27999877929688,104.80999755859375,103.2300033569336,103.9800033569336,212579840
2026-09-14 21:00:00+00:00,104.0199966430664,104.0199966430664,103.19000244140625,103.20999908447266,122116352
2026-09-14 22:00:00+00:00,103.2300033569336,103.58000183105469,102.79000091552734,102.8499984741211,0
2026-09-14 23:00:00+00:00,102.83999633789062,103.0,102.43000030517578,102.5199966430664,0
2026-09-15 00:00:00+00:00,102.52999877929688,102.83999633789062,102.4000015258789,102.45999908447266,0
2026-09-15 01:00:00+00:00,102.47000122070312,102.58000183105469,102.13999938964844,102.23999786376953,21082368
2026-09-15 02:00:00+00:00,102.25,102.38999938964844,101.94000244140625,101.94000244140625,0
2026-09-15 03:00:00+00:00,101.94000244140625,101.94000244140625,101.23999786376953,101.54000091552734,2382848
2026-09-15 04:00:00+00:00,101.48999786376953,101.68000030517578,101.13999938964844,101.2699966430664,2542336
2026-09-15 05:00:00+00:00,101.23999786376953,101.38999938964844,100.58000183105469,101.30999755859375,76928000
2026-09-15 06:00:00+00:00,101.31999969482422,101.56999969482422,100.72000122070312,100.8499984741211,0
2026-09-15 07:00:00+00:00,100.86000061035156,101.0199966430664,100.31999969482422,100.41999816894531,31872256
2026-09-15 08:00:00+00:00,100.37999725341797,100.62000274658203,100.06999969482422,100.62000274658203,34681088
2026-09-15 09:00:00+00:00,100.61000061035156,101.05999755859375,100.4800033569336,100.79000091552734,0
2026-09-15 10:00:00+00:00,100.79000091552734,101.06999969482422,100.62999725341797,100.93000030517578,0
2026-09-15 11:00:00+00:00,100.93000030517578,100.97000122070312,100.4000015258789,100.81999969482422,2019072
2026-09-15 12:00:00+00:00,100.7699966430664,101.16000366210938,100.7699966430664,100.95999908447266,28849152
2026-09-15 13:00:00+00:00,100.94000244140625,101.33999633789062,99.7300033569336,100.5199966430664,19536384
2026-09-15 14:00:00+00:00,100.54000091552734,100.72000122070312,97.98999786376953,98.80000305175781,117347840
2026-09-15 15:00:00+00:00,98.76000213623047,99.68000030517578,98.5199966430664,99.31999969482422,79170816
2026-09-15 16:00:00+00:00,99.31999969482422,99.4000015258789,98.83000183105469,99.04000091552734,0
2026-09-15 17:00:00+00:00,99.01000213623047,100.62999725341797,98.63999938964844,100.1500015258789,14866432
2026-09-15 18:00:00+00:00,100.16000366210938,100.25,95.72000122070312,98.12999725341797,386106112
2026-09-15 19:00:00+00:00,98.08999633789062,98.55000305175781,97.44999694824219,97.80999755859375,246450432
2026-09-15 20:00:00+00:00,97.79000091552734,98.01000213623047,96.5999984741211,97.36000061035156,0
2026-09-15 21:00:00+00:00,97.36000061035156,97.36000061035156,96.45999908447266,96.47000122070312,0
2026-09-15 22:00:00+00:00,96.58000183105469,97.23999786376953,96.23999786376953,97.08000183105469,31308800
2026-09-15 23:00:00+00:00,97.06999969482422,97.5999984741211,96.81999969482422,96.81999969482422,55001856
2026-09-16 00:00:00+00:00,96.81999969482422,97.26000213623047,96.7699966430664,97.02999877929688,4906496
2026-09-16 01:00:00+00:00,97.01000213623047,97.2300033569336,96.33000183105469,96.41999816894531,0
2026-09-16 02:00:00+00:00,96.41999816894531,97.51000213623047,96.37000274658203,97.18000030517578,50273792
2026-09-16 03:00:00+00:00,97.18000030517578,97.5199966430664,96.95999908447266,97.19000244140625,0
2026-09-16 04:00:00+00:00,97.19000244140625,97.62000274658203,97.06999969482422,97.19999694824219,25021696
2026-09-16 05:00:00+00:00,97.20999908447266,97.26000213623047,96.80999755859375,97.16000366210938,0
2026-09-16 06:00:00+00:00,97.16999816894531,97.33999633789062,96.80000305175781,97.33999633789062,0
2026-09-16 07:00:00+00:00,97.30999755859375,97.44999694824219,96.8499984741211,96.9000015258789,0
2026-09-16 08:00:00+00:00,96.83999633789062,96.97000122070312,96.33000183105469,96.97000122070312,0
2026-09-16 09:00:00+00:00,96.94999694824219,97.2699966430664,96.94999694824219,97.20999908447266,8505856
2026-09-16 10:00:00+00:00,97.2300033569336,97.30000305175781,97.05000305175781,97.1500015258789,0
2026-09-16 11:00:00+00:00,97.22000122070312,98.22000122070312,96.94999694824219,97.93000030517578,33452288
2026-09-16 12:00:00+00:00,97.93000030517578,98.0199966430664,97.11000061035156,97.5,0
2026-09-16 13:00:00+00:00,97.4800033569336,97.55999755859375,96.81999969482422,97.0999984741211,0
2026-09-16 14:00:00+00:00,97.08999633789062,97.19999694824219,96.55999755859375,96.97000122070312,0
2026-09-16 15:00:00+00:00,96.94999694824219,97.5199966430664,96.77999877929688,97.0199966430664,0
2026-09-16 16:00:00+00:00,97.04000091552734,97.44000244140625,96.9000015258789,97.1500015258789,0
2026-09-16 17:00:00+00:00,97.13999938964844,97.25,96.02999877929688,97.08999633789062,0
2026-09-16 18:00:00+00:00,96.98999786376953,98.81999969482422,96.31999969482422,97.68000030517578,0
2026-09-16 19:00:00+00:00,97.80000305175781,98.62999725341797,96.80000305175781,97.97000122070312,0
2026-09-16 20:00:00+00:00,98.04000091552734,98.77999877929688,97.91999816894531,98.61000061035156,0
2026-09-16 21:00:00+00:00,98.61000061035156,98.69999694824219,98.04000091552734,98.30999755859375,0
2026-09-16 22:00:00+00:00,98.36000061035156,98.36000061035156,97.36000061035156,97.41000366210938,0
2026-09-16 23:00:00+00:00,97.38999938964844,98.7699966430664,97.31999969482422,98.56999969482422,8505600
2026-09-17 00:00:00+00:00,98.55000305175781,99.12999725341797,98.37999725341797,98.62000274658203,5224192
2026-09-17 01:00:00+00:00,98.63999938964844,99.55000305175781,98.4000015258789,99.16999816894531,23693312
2026-09-17 02:00:00+00:00,99.16999816894531,99.6500015258789,98.75,99.29000091552734,0
2026-09-17 03:00:00+00:00,99.29000091552734,99.95999908447266,99.29000091552734,99.87999725341797,1992448
2026-09-17 04:00:00+00:00,99.87999725341797,99.91000366210938,99.05000305175781,99.83000183105469,0
2026-09-17 05:00:00+00:00,99.83000183105469,99.9800033569336,99.4000015258789,99.45999908447266,0
2026-09-17 06:00:00+00:00,99.44999694824219,99.88999938964844,99.37999725341797,99.6500015258789,17790208
2026-09-17 07:00:00+00:00,99.6500015258789,100.2699966430664,99.62999725341797,99.94000244140625,30072832
2026-09-17 08:00:00+00:00,99.94000244140625,100.25,99.80000305175781,100.23999786376953,0
2026-09-17 09:00:00+00:00,100.2300033569336,100.7699966430664,100.08999633789062,100.16000366210938,36009216
2026-09-17 10:00:00+00:00,100.16000366210938,100.16000366210938,99.4800033569336,99.76000213623047,49400064
2026-09-17 11:00:00+00:00,99.75,100.13999938964844,99.44999694824219,100.0199966430664,0
2026-09-17 12:00:00+00:00,100.0199966430664,101.31999969482422,100.0,100.63999938964844,118616320
2026-09-17 13:00:00+00:00,100.63999938964844,100.88999938964844,99.58000183105469,100.63999938964844,31350528
2026-09-17 14:00:00+00:00,100.66999816894531,101.68000030517578,99.9800033569336,100.95999908447266,129193728
2026-09-17 15:00:00+00:00,101.0199966430664,101.26000213623047,100.16000366210938,101.19999694824219,40408832
2026-09-17 16:00:00+00:00,101.16000366210938,101.41999816894531,100.6500015258789,101.30999755859375,66510592
2026-09-17 17:00:00+00:00,101.33000183105469,101.94999694824219,101.12000274658203,101.44000244140625,73505024
2026-09-17 18:00:00+00:00,101.44999694824219,101.55000305175781,100.75,100.7699966430664,0
2026-09-17 19:00:00+00:00,100.73999786376953,101.04000091552734,100.63999938964844,100.9000015258789,0
2026-09-17 20:00:00+00:00,100.87000274658203,101.30999755859375,100.81999969482422,101.22000122070312,0
2026-09-17 21:00:00+00:00,101.22000122070312,101.37999725341797,101.01000213623047,101.06999969482422,14972672
2026-09-17 22:00:00+00:00,101.08999633789062,101.45999908447266,100.70999908447266,101.37000274658203,22603520
2026-09-17 23:00:00+00:00,101.3499984741211,101.66999816894531,101.23999786376953,101.54000091552734,0
2026-09-18 00:00:00+00:00,101.54000091552734,101.62000274658203,100.80000305175781,101.33000183105469,19824128
2026-09-18 01:00:00+00:00,101.33999633789062,102.79000091552734,101.30999755859375,102.41000366210938,41096448
2026-09-18 02:00:00+00:00,102.41999816894531,102.81999969482422,102.08000183105469,102.66999816894531,57689344
2026-09-18 03:00:00+00:00,102.66000366210938,104.98999786376953,102.56999969482422,104.4800033569336,275181056
2026-09-18 04:00:00+00:00,104.54000091552734,105.83000183105469,104.33999633789062,105.72000122070312,219713792
2026-09-18 05:00:00+00:00,105.58999633789062,105.98999786376953,105.23999786376953,105.27999877929688,221596672
2026-09-18 06:00:00+00:00,105.30000305175781,105.7300033569336,105.22000122070312,105.4800033569336,108605696
2026-09-18 07:00:00+00:00,105.41999816894531,106.0,105.37999725341797,105.69000244140625,96329472
2026-09-18 08:00:00+00:00,105.72000122070312,106.27999877929688,105.2699966430664,106.27999877929688,128081408
2026-09-18 09:00:00+00:00,106.16999816894531,106.4800033569336,105.83000183105469,106.33000183105469,62307072
2026-09-18 10:00:00+00:00,106.31999969482422,106.56999969482422,106.16000366210938,106.19000244140625,24736768
2026-09-18 11:00:00+00:00,106.16999816894531,106.27999877929688,105.3499984741211,105.63999938964844,96078080
2026-09-18 12:00:00+00:00,105.68000030517578,106.05000305175781,105.33000183105469,105.69000244140625,0
2026-09-18 13:00:00+00:00,105.68000030517578,109.29000091552734,105.37000274658203,108.47000122070312,249587456
2026-09-18 14:00:00+00:00,108.45999908447266,110.93000030517578,108.37999725341797,110.70999908447266,499321856
2026-09-18 15:00:00+00:00,110.76000213623047,111.5199966430664,109.36000061035156,111.12999725341797,381039104
2026-09-18 16:00:00+00:00,111.16999816894531,112.23999786376953,110.98999786376953,111.66000366210938,318252032
2026-09-18 17:00:00+00:00,111.69000244140625,112.66000366210938,111.36000061035156,112.56999969482422,84466176
2026-09-18 18:00:00+00:00,112.55999755859375,112.8499984741211,112.02999877929688,112.12999725341797,116041728
2026-09-18 19:00:00+00:00,112.16000366210938,114.33000183105469,112.16000366210938,114.33000183105469,264199168
2026-09-18 20:00:00+00:00,114.1500015258789,114.1500015258789,113.0999984741211,113.51000213623047,153565696
2026-09-18 21:00:00+00:00,113.52999877929688,113.76000213623047,113.0199966430664,113.16999816894531,76560384
2026-09-18 22:00:00+00:00,113.19000244140625,113.56999969482422,112.7699966430664,113.11000061035156,28256256
2026-09-18 23:00:00+00:00,113.16999816894531,113.44999694824219,112.48999786376953,112.69999694824219,24940544
2026-09-19 00:00:00+00:00,112.75,113.75,112.37999725341797,113.62999725341797,69678592
2026-09-19 01:00:00+00:00,113.66000366210938,114.0199966430664,112.87000274658203,113.38999938964844,0
2026-09-19 02:00:00+00:00,113.37000274658203,113.80999755859375,113.31999969482422,113.58000183105469,0
2026-09-19 03:00:00+00:00,113.58999633789062,113.80000305175781,113.11000061035156,113.20999908447266,0
2026-09-19 04:00:00+00:00,113.20999908447266,113.41999816894531,112.05000305175781,112.33000183105469,0
2026-09-19 05:00:00+00:00,112.31999969482422,112.95999908447266,111.86000061035156,111.87999725341797,0
2026-09-19 06:00:00+00:00,111.9000015258789,112.0199966430664,111.19000244140625,111.79000091552734,0
2026-09-19 07:00:00+00:00,111.79000091552734,112.18000030517578,111.54000091552734,111.55999755859375,0
2026-09-19 08:00:00+00:00,111.58000183105469,112.41000366210938,111.4800033569336,112.23999786376953,0
2026-09-19 09:00:00+00:00,112.2300033569336,112.43000030517578,111.44000244140625,111.79000091552734,0
2026-09-19 10:00:00+00:00,111.76000213623047,112.08999633789062,111.56999969482422,111.58000183105469,0
2026-09-19 11:00:00+00:00,111.58000183105469,112.02999877929688,111.55999755859375,111.8499984741211,0
2026-09-19 12:00:00+00:00,111.8499984741211,112.0,111.58000183105469,111.7300033569336,0
2026-09-19 13:00:00+00:00,111.72000122070312,111.80000305175781,111.25,111.58000183105469,0
2026-09-19 14:00:00+00:00,111.58000183105469,112.16000366210938,111.44999694824219,111.75,0
2026-09-19 15:00:00+00:00,111.76000213623047,112.08999633789062,111.47000122070312,111.62999725341797,0
2026-09-19 16:00:00+00:00,111.62999725341797,111.98999786376953,111.19000244140625,111.95999908447266,0
2026-09-19 17:00:00+00:00,111.93000030517578,112.33999633789062,111.31999969482422,111.37000274658203,0
2026-09-19 18:00:00+00:00,111.37000274658203,111.62000274658203,110.68000030517578,111.12000274658203,0
2026-09-19 19:00:00+00:00,111.11000061035156,111.55999755859375,110.75,111.13999938964844,0
2026-09-19 20:00:00+00:00,111.08000183105469,111.31999969482422,110.93000030517578,111.06999969482422,0
2026-09-19 21:00:00+00:00,111.0999984741211,111.25,110.19999694824219,110.5,0
2026-09-19 22:00:00+00:00,110.5,110.72000122070312,110.04000091552734,110.62000274658203,0
2026-09-19 23:00:00+00:00,110.62000274658203,111.1500015258789,110.56999969482422,111.0199966430664,0
2026-09-20 00:00:00+00:00,111.02999877929688,111.12000274658203,110.58000183105469,110.91999816894531,0
2026-09-20 01:00:00+00:00,110.9000015258789,110.94999694824219,109.7300033569336,110.12000274658203,0
2026-09-20 02:00:00+00:00,110.12000274658203,110.47000122070312,107.38999938964844,107.62000274658203,128865280
2026-09-20 03:00:00+00:00,107.62999725341797,109.05000305175781,107.37999725341797,108.86000061035156,151069952
2026-09-20 04:00:00+00:00,108.88999938964844,109.18000030517578,108.62000274658203,108.9800033569336,0
2026-09-20 05:00:00+00:00,109.01000213623047,109.20999908447266,108.55999755859375,108.72000122070312,4438784
2026-09-20 06:00:00+00:00,108.70999908447266,108.87000274658203,108.08000183105469,108.41000366210938,0
2026-09-20 07:00:00+00:00,108.41999816894531,108.77999877929688,108.41999816894531,108.43000030517578,0
2026-09-20 08:00:00+00:00,108.41999816894531,108.68000030517578,107.68000030517578,108.02999877929688,0
2026-09-20 09:00:00+00:00,108.0199966430664,108.80999755859375,108.0199966430664,108.25,0
2026-09-20 10:00:00+00:00,108.27999877929688,108.37000274658203,107.86000061035156,107.9800033569336,0
2026-09-20 11:00:00+00:00,107.9800033569336,108.62000274658203,107.87999725341797,108.41000366210938,0
2026-09-20 12:00:00+00:00,108.41999816894531,108.80000305175781,108.08000183105469,108.3499984741211,0
2026-09-20 13:00:00+00:00,108.29000091552734,108.54000091552734,107.91000366210938,108.19999694824219,0
2026-09-20 14:00:00+00:00,108.18000030517578,108.61000061035156,107.94000244140625,108.11000061035156,0
2026-09-20 15:00:00+00:00,108.12000274658203,108.80000305175781,108.0,108.77999877929688,32660736
2026-09-20 16:00:00+00:00,108.79000091552734,110.69000244140625,108.48999786376953,110.30999755859375,212366848
2026-09-20 17:00:00+00:00,110.16999816894531,110.48999786376953,109.47000122070312,109.88999938964844,67748864
2026-09-20 18:00:00+00:00,109.87000274658203,110.33999633789062,109.18000030517578,109.37000274658203,0
2026-09-20 19:00:00+00:00,109.44999694824219,110.83000183105469,109.30999755859375,110.41999816894531,10944000
2026-09-20 20:00:00+00:00,110.44000244140625,110.61000061035156,110.08000183105469,110.0999984741211,8739584
2026-09-20 21:00:00+00:00,110.0999984741211,110.11000061035156,109.0999984741211,109.86000061035156,0
2026-09-20 22:00:00+00:00,109.91000366210938,111.02999877929688,109.55000305175781,111.0199966430664,16927488
2026-09-20 23:00:00+00:00,110.95999908447266,111.43000030517578,110.55000305175781,111.13999938964844,76111616
2026-09-21 00:00:00+00:00,111.1500015258789,112.81999969482422,111.12999725341797,112.27999877929688,226554624
2026-09-21 01:00:00+00:00,112.27999877929688,113.30999755859375,110.75,110.93000030517578,132626432
2026-09-21 02:00:00+00:00,110.94999694824219,111.95999908447266,110.72000122070312,111.19000244140625,0
2026-09-21 03:00:00+00:00,111.2699966430664,111.9000015258789,111.1500015258789,111.5199966430664,0
2026-09-21 04:00:00+00:00,111.54000091552734,111.79000091552734,111.01000213623047,111.44999694824219,17697024
2026-09-21 05:00:00+00:00,111.44000244140625,112.19999694824219,111.25,111.73999786376953,34193664
2026-09-21 06:00:00+00:00,111.76000213623047,112.51000213623047,111.48999786376953,112.16999816894531,57887232
2026-09-21 07:00:00+00:00,112.0999984741211,112.36000061035156,111.37999725341797,112.08999633789062,67105792
2026-09-21 08:00:00+00:00,112.06999969482422,116.30999755859375,112.06999969482422,115.30000305175781,487685120
2026-09-21 09:00:00+00:00,115.27999877929688,116.81999969482422,114.93000030517578,115.94000244140625,446832896
2026-09-21 10:00:00+00:00,115.9000015258789,116.05999755859375,115.48999786376953,115.98999786376953,237335552
2026-09-21 11:00:00+00:00,115.87999725341797,117.12000274658203,115.81999969482422,116.7699966430664,190692864
2026-09-21 12:00:00+00:00,116.76000213623047,117.0199966430664,116.16000366210938,116.79000091552734,201469440
2026-09-21 13:00:00+00:00,116.80000305175781,118.37999725341797,116.69999694824219,118.01000213623047,490915840
2026-09-21 14:00:00+00:00,118.0199966430664,118.83000183105469,117.4000015258789,118.0199966430664,473498112
2026-09-21 15:00:00+00:00,118.01000213623047,119.05999755859375,117.36000061035156,117.93000030517578,338377728
2026-09-21 16:00:00+00:00,117.93000030517578,118.31999969482422,116.77999877929688,117.5199966430664,0
2026-09-21 17:00:00+00:00,117.52999877929688,117.91000366210938,116.69999694824219,117.19000244140625,16423936
2026-09-21 18:00:00+00:00,117.16000366210938,117.86000061035156,116.8499984741211,117.7300033569336,28424704
2026-09-21 19:00:00+00:00,117.75,118.4800033569336,117.25,118.37999725341797,46716928
2026-09-21 20:00:00+00:00,118.37999725341797,119.51000213623047,118.19999694824219,119.20999908447266,198510080
2026-09-21 21:00:00+00:00,119.16000366210938,119.97000122070312,118.66000366210938,119.11000061035156,74056192
2026-09-21 22:00:00+00:00,119.1500015258789,119.80000305175781,118.80999755859375,119.44999694824219,70549504
2026-09-21 23:00:00+00:00,119.3499984741211,119.88999938964844,118.4000015258789,118.88999938964844,0
2026-09-22 00:00:00+00:00,118.87000274658203,119.43000030517578,118.06999969482422,118.33999633789062,0
2026-09-22 01:00:00+00:00,118.38999938964844,118.41000366210938,117.08999633789062,117.55999755859375,6036480
2026-09-22 02:00:00+00:00,117.58999633789062,118.06999969482422,116.51000213623047,116.88999938964844,0
2026-09-22 03:00:00+00:00,116.87000274658203,117.01000213623047,116.27999877929688,116.77999877929688,103448064
2026-09-22 04:00:00+00:00,116.81999969482422,117.08999633789062,116.2300033569336,116.33000183105469,116888576
2026-09-22 05:00:00+00:00,116.41999816894531,117.1500015258789,115.54000091552734,116.80999755859375,139149312
2026-09-22 06:00:00+00:00,116.8499984741211,117.0199966430664,116.37999725341797,116.51000213623047,0
2026-09-22 07:00:00+00:00,116.5199966430664,116.80000305175781,115.98999786376953,116.29000091552734,30874112
2026-09-22 08:00:00+00:00,116.30000305175781,117.95999908447266,115.79000091552734,117.48999786376953,0
2026-09-22 09:00:00+00:00,117.45999908447266,117.51000213623047,116.66999816894531,117.44000244140625,0
2026-09-22 10:00:00+00:00,117.44999694824219,117.45999908447266,116.37000274658203,116.83999633789062,0
2026-09-22 11:00:00+00:00,116.81999969482422,117.45999908447266,116.44000244140625,117.30999755859375,0
2026-09-22 12:00:00+00:00,117.30999755859375,117.72000122070312,116.83000183105469,117.41999816894531,0
2026-09-22 13:00:00+00:00,117.44999694824219,117.95999908447266,116.7699966430664,117.94000244140625,0
2026-09-22 14:00:00+00:00,117.94999694824219,117.94999694824219,115.94000244140625,116.9000015258789,0
2026-09-22 15:00:00+00:00,116.91000366210938,117.87999725341797,116.80999755859375,117.37000274658203,0
2026-09-22 16:00:00+00:00,117.36000061035156,117.8499984741211,116.72000122070312,117.45999908447266,0
2026-09-22 17:00:00+00:00,117.51000213623047,118.19999694824219,117.3499984741211,117.9800033569336,0
2026-09-22 18:00:00+00:00,117.98999786376953,118.44000244140625,117.6500015258789,118.16000366210938,21812736
2026-09-22 19:00:00+00:00,118.12999725341797,118.70999908447266,117.80999755859375,118.22000122070312,0
2026-09-22 20:00:00+00:00,118.26000213623047,118.4000015258789,117.81999969482422,118.0199966430664,0
2026-09-22 21:00:00+00:00,118.01000213623047,118.2699966430664,117.7300033569336,118.0999984741211,0
2026-09-22 22:00:00+00:00,118.08999633789062,118.79000091552734,117.62999725341797,118.47000122070312,0
2026-09-22 23:00:00+00:00,118.51000213623047,119.30000305175781,118.2300033569336,118.55999755859375,19782656
2026-09-23 00:00:00+00:00,118.52999877929688,119.19999694824219,118.30000305175781,118.80999755859375,0
2026-09-23 01:00:00+00:00,118.81999969482422,119.3499984741211,117.83000183105469,118.33999633789062,0
2026-09-23 02:00:00+00:00,118.3499984741211,118.52999877929688,117.9000015258789,118.48999786376953,0
2026-09-23 03:00:00+00:00,118.45999908447266,119.61000061035156,118.26000213623047,119.12999725341797,0
2026-09-23 04:00:00+00:00,119.13999938964844,119.73999786376953,118.7699966430664,119.48999786376953,0
2026-09-23 05:00:00+00:00,119.5,119.51000213623047,118.25,118.41000366210938,0
2026-09-23 06:00:00+00:00,118.41999816894531,119.27999877929688,118.36000061035156,118.93000030517578,13292800
2026-09-23 07:00:00+00:00,118.9000015258789,119.08000183105469,117.58000183105469,117.87999725341797,62671360
2026-09-23 08:00:00+00:00,117.94000244140625,118.22000122070312,116.9800033569336,117.38999938964844,66636288
2026-09-23 09:00:00+00:00,117.37999725341797,117.70999908447266,117.08000183105469,117.36000061035156,16233472
2026-09-23 10:00:00+00:00,117.41999816894531,117.62000274658203,116.8499984741211,117.62000274658203,63894528
2026-09-23 11:00:00+00:00,117.62999725341797,117.68000030517578,116.4800033569336,117.08000183105469,46541824
2026-09-23 12:00:00+00:00,117.11000061035156,117.2300033569336,116.55999755859375,116.88999938964844,23257600
2026-09-23 13:00:00+00:00,116.91999816894531,117.16000366210938,115.94000244140625,116.79000091552734,0
2026-09-23 14:00:00+00:00,116.7699966430664,117.01000213623047,113.05999755859375,115.1500015258789,615127040
2026-09-23 15:00:00+00:00,115.16000366210938,115.91999816894531,113.7699966430664,113.86000061035156,203988480
2026-09-23 16:00:00+00:00,113.91000366210938,115.26000213623047,113.20999908447266,114.37999725341797,203981312
2026-09-23 17:00:00+00:00,114.37999725341797,114.83000183105469,113.56999969482422,114.55000305175781,14090752
2026-09-23 18:00:00+00:00,114.55000305175781,114.58999633789062,113.95999908447266,114.27999877929688,0
2026-09-23 19:00:00+00:00,114.2699966430664,114.87999725341797,113.9800033569336,114.51000213623047,0
2026-09-23 20:00:00+00:00,114.52999877929688,114.69000244140625,113.9800033569336,114.02999877929688,0
2026-09-23 21:00:00+00:00,114.02999877929688,114.75,113.94000244140625,114.69999694824219,8615936
2026-09-23 22:00:00+00:00,114.69999694824219,115.63999938964844,114.62999725341797,115.12999725341797,4966912
2026-09-23 23:00:00+00:00,115.06999969482422,115.19999694824219,114.72000122070312,114.98999786376953,0
2026-09-24 00:00:00+00:00,114.95999908447266,115.66000366210938,114.8499984741211,115.12999725341797,0
2026-09-24 01:00:00+00:00,115.13999938964844,115.51000213623047,114.56999969482422,114.69999694824219,0
2026-09-24 02:00:00+00:00,114.73999786376953,115.44000244140625,114.06999969482422,115.30000305175781,29941248
2026-09-24 03:00:00+00:00,115.27999877929688,115.66999816894531,114.52999877929688,114.69000244140625,0
2026-09-24 04:00:00+00:00,114.66000366210938,115.44999694824219,114.37999725341797,115.4000015258789,0
2026-09-24 05:00:00+00:00,115.37999725341797,116.0999984741211,114.81999969482422,114.81999969482422,0
2026-09-24 06:00:00+00:00,114.83000183105469,115.26000213623047,114.70999908447266,114.80999755859375,0
2026-09-24 07:00:00+00:00,114.81999969482422,115.6500015258789,114.48999786376953,115.51000213623047,0
2026-09-24 08:00:00+00:00,115.51000213623047,115.62000274658203,113.33999633789062,114.08999633789062,0
2026-09-24 09:00:00+00:00,114.13999938964844,114.2699966430664,112.54000091552734,113.12000274658203,32686592
2026-09-24 10:00:00+00:00,113.06999969482422,113.54000091552734,112.72000122070312,113.36000061035156,0
2026-09-24 11:00:00+00:00,113.33000183105469,113.52999877929688,113.01000213623047,113.33000183105469,0
2026-09-24 12:00:00+00:00,113.30000305175781,113.87999725341797,113.08999633789062,113.79000091552734,0
2026-09-24 13:00:00+00:00,113.80999755859375,115.37999725341797,113.80999755859375,114.94999694824219,1529344
2026-09-24 14:00:00+00:00,114.94000244140625,116.4000015258789,114.0999984741211,114.58000183105469,0
2026-09-24 15:00:00+00:00,114.44999694824219,116.56999969482422,114.37999725341797,116.27999877929688,0
2026-09-24 16:00:00+00:00,116.30000305175781,117.72000122070312,115.91999816894531,117.05999755859375,0
2026-09-24 17:00:00+00:00,116.94999694824219,117.33999633789062,116.45999908447266,116.73999786376953,11557632
2026-09-24 18:00:00+00:00,116.73999786376953,117.5199966430664,116.26000213623047,117.37000274658203,53130752
2026-09-24 19:00:00+00:00,117.4000015258789,117.66000366210938,117.06999969482422,117.2699966430664,31730944
2026-09-24 20:00:00+00:00,117.23999786376953,117.41999816894531,116.6500015258789,116.81999969482422,21966592
2026-09-24 21:00:00+00:00,116.81999969482422,117.19000244140625,116.62999725341797,116.83999633789062,0
2026-09-24 22:00:00+00:00,116.80000305175781,116.93000030517578,116.12999725341797,116.58000183105469,0
2026-09-24 23:00:00+00:00,116.58000183105469,117.22000122070312,116.52999877929688,117.0199966430664,35340544
2026-09-25 00:00:00+00:00,117.01000213623047,117.66999816894531,117.01000213623047,117.4000015258789,19763968
2026-09-25 01:00:00+00:00,117.3499984741211,117.9000015258789,117.12999725341797,117.45999908447266,5539840
2026-09-25 02:00:00+00:00,117.47000122070312,118.41000366210938,116.80999755859375,116.86000061035156,34708992
2026-09-25 03:00:00+00:00,116.80999755859375,117.29000091552734,116.47000122070312,116.83999633789062,25028352
2026-09-25 04:00:00+00:00,116.8499984741211,117.31999969482422,116.33999633789062,116.36000061035156,24408064
2026-09-25 05:00:00+00:00,116.38999938964844,116.62999725341797,116.12999725341797,116.4000015258789,26430208
2026-09-25 06:00:00+00:00,116.41000366210938,116.7300033569336,116.06999969482422,116.25,12920064
2026-09-25 07:00:00+00:00,116.22000122070312,116.5999984741211,115.87000274658203,116.36000061035156,0
2026-09-25 08:00:00+00:00,116.38999938964844,117.51000213623047,116.30000305175781,117.29000091552734,0
2026-09-25 09:00:00+00:00,117.27999877929688,118.8499984741211,117.2699966430664,118.37999725341797,0
2026-09-25 10:00:00+00:00,118.33000183105469,119.52999877929688,117.9000015258789,119.16000366210938,115621376
2026-09-25 11:00:00+00:00,119.16999816894531,122.16999816894531,119.13999938964844,120.80999755859375,611461376
2026-09-25 12:00:00+00:00,120.83999633789062,121.13999938964844,118.61000061035156,120.62999725341797,410207744
2026-09-25 13:00:00+00:00,120.72000122070312,121.08000183105469,118.5,119.4800033569336,224147456
2026-09-25 14:00:00+00:00,119.58999633789062,120.44999694824219,118.36000061035156,120.41999816894531,226318848
2026-09-25 15:00:00+00:00,120.33999633789062,121.44999694824219,118.98999786376953,120.11000061035156,150867968
2026-09-25 16:00:00+00:00,120.12999725341797,121.81999969482422,120.06999969482422,120.8499984741211,73139712
2026-09-25 17:00:00+00:00,120.87999725341797,121.61000061035156,120.27999877929688,121.0,22036480
2026-09-25 18:00:00+00:00,121.0,122.73999786376953,120.91000366210938,121.91999816894531,122255872
2026-09-25 19:00:00+00:00,121.94999694824219,122.16999816894531,121.44000244140625,121.87999725341797,17244160
2026-09-25 20:00:00+00:00,121.9000015258789,122.9000015258789,121.4800033569336,121.5999984741211,66989056
2026-09-25 21:00:00+00:00,121.55999755859375,121.7300033569336,120.87000274658203,120.98999786376953,27165184
2026-09-25 22:00:00+00:00,120.94999694824219,122.41999816894531,120.83999633789062,122.19000244140625,0
2026-09-25 23:00:00+00:00,122.19999694824219,122.36000061035156,121.9000015258789,122.1500015258789,0
2026-09-26 00:00:00+00:00,122.12000274658203,122.41000366210938,121.20999908447266,121.5199966430664,0
2026-09-26 01:00:00+00:00,121.48999786376953,122.25,121.4800033569336,122.02999877929688,0
2026-09-26 02:00:00+00:00,122.06999969482422,122.27999877929688,121.55000305175781,121.58999633789062,0
2026-09-26 03:00:00+00:00,121.55000305175781,121.58000183105469,120.55999755859375,120.62999725341797,0
2026-09-26 04:00:00+00:00,120.62999725341797,120.95999908447266,120.2699966430664,120.66000366210938,0
2026-09-26 05:00:00+00:00,120.66000366210938,120.7300033569336,120.30999755859375,120.51000213623047,0
2026-09-26 06:00:00+00:00,120.48999786376953,120.51000213623047,120.16000366210938,120.20999908447266,0
2026-09-26 07:00:00+00:00,120.20999908447266,120.79000091552734,120.13999938964844,120.75,0
2026-09-26 08:00:00+00:00,120.73999786376953,121.23999786376953,120.30000305175781,120.68000030517578,0
2026-09-26 09:00:00+00:00,120.69999694824219,120.69999694824219,119.8499984741211,119.97000122070312,0
2026-09-26 10:00:00+00:00,119.95999908447266,120.70999908447266,119.95999908447266,120.5999984741211,0
2026-09-26 11:00:00+00:00,120.61000061035156,121.44000244140625,120.29000091552734,121.2699966430664,0
2026-09-26 12:00:00+00:00,121.2699966430664,121.55999755859375,120.91999816894531,121.05999755859375,0
2026-09-26 13:00:00+00:00,121.05999755859375,121.30000305175781,120.25,120.76000213623047,0
2026-09-26 14:00:00+00:00,120.76000213623047,121.0999984741211,120.5999984741211,120.93000030517578,0
2026-09-26 15:00:00+00:00,120.93000030517578,122.05999755859375,120.80000305175781,121.86000061035156,0
2026-09-26 16:00:00+00:00,121.86000061035156,121.87000274658203,121.37000274658203,121.62000274658203,0
2026-09-26 17:00:00+00:00,121.58000183105469,121.62000274658203,120.9800033569336,121.47000122070312,0
2026-09-26 18:00:00+00:00,121.47000122070312,121.6500015258789,120.80000305175781,121.04000091552734,0
2026-09-26 19:00:00+00:00,121.05000305175781,121.30000305175781,120.91000366210938,121.12000274658203,0
2026-09-26 20:00:00+00:00,121.13999938964844,121.48999786376953,120.08000183105469,120.33999633789062,0
2026-09-26 21:00:00+00:00,120.33999633789062,121.6500015258789,120.27999877929688,121.30000305175781,0
2026-09-26 22:00:00+00:00,121.30999755859375,121.7699966430664,121.06999969482422,121.12000274658203,0
2026-09-26 23:00:00+00:00,121.12000274658203,121.80999755859375,121.12000274658203,121.37000274658203,0
2026-09-27 00:00:00+00:00,121.37000274658203,121.41000366210938,120.69999694824219,120.83000183105469,0
2026-09-27 01:00:00+00:00,120.80000305175781,121.55999755859375,120.66999816894531,121.41999816894531,0
2026-09-27 02:00:00+00:00,121.41999816894531,121.66000366210938,121.06999969482422,121.12999725341797,0
2026-09-27 03:00:00+00:00,121.12999725341797,121.3499984741211,120.5199966430664,120.56999969482422,0
2026-09-27 04:00:00+00:00,120.55999755859375,120.83999633789062,120.08999633789062,120.13999938964844,9998592
2026-09-27 05:00:00+00:00,120.12999725341797,121.44999694824219,120.11000061035156,121.0999984741211,37619456
2026-09-27 06:00:00+00:00,121.06999969482422,121.55000305175781,121.06999969482422,121.30999755859375,0
2026-09-27 07:00:00+00:00,121.29000091552734,124.20999908447266,121.27999877929688,123.9800033569336,46354688
2026-09-27 08:00:00+00:00,124.38999938964844,124.9000015258789,123.91999816894531,124.08999633789062,429388032
2026-09-27 09:00:00+00:00,124.05000305175781,124.4800033569336,123.4000015258789,124.44000244140625,128152832
2026-09-27 10:00:00+00:00,124.3499984741211,124.73999786376953,123.83000183105469,124.0,53103360
2026-09-27 11:00:00+00:00,123.97000122070312,124.16999816894531,123.6500015258789,123.9000015258789,0
2026-09-27 12:00:00+00:00,123.93000030517578,124.36000061035156,123.30999755859375,123.31999969482422,0
2026-09-27 13:00:00+00:00,123.30000305175781,123.62999725341797,122.37000274658203,123.13999938964844,178908160
2026-09-27 14:00:00+00:00,123.18000030517578,123.20999908447266,121.44999694824219,121.69000244140625,139581952
2026-09-27 15:00:00+00:00,121.69000244140625,121.86000061035156,121.29000091552734,121.75,18987264
2026-09-27 16:00:00+00:00,121.75,122.30000305175781,121.69999694824219,121.80999755859375,37977088
2026-09-27 17:00:00+00:00,121.80999755859375,122.16999816894531,121.69999694824219,122.05000305175781,0
2026-09-27 18:00:00+00:00,122.02999877929688,123.27999877929688,121.9000015258789,123.27999877929688,29080064
2026-09-27 19:00:00+00:00,123.27999877929688,123.4000015258789,122.8499984741211,123.0199966430664,38397952
2026-09-27 20:00:00+00:00,123.01000213623047,123.41999816894531,122.55000305175781,122.69000244140625,0
2026-09-27 21:00:00+00:00,122.69999694824219,123.2699966430664,122.19999694824219,122.83000183105469,0
2026-09-27 22:00:00+00:00,122.83000183105469,122.9800033569336,120.94000244140625,121.37000274658203,123999232
2026-09-27 23:00:00+00:00,121.37000274658203,122.19000244140625,121.30999755859375,121.9800033569336,64562944
2026-09-28 00:00:00+00:00,121.9800033569336,122.87000274658203,121.41999816894531,121.66000366210938,91075072
2026-09-28 01:00:00+00:00,121.62000274658203,122.19000244140625,120.38999938964844,120.70999908447266,147667200
2026-09-28 02:00:00+00:00,120.69999694824219,121.4000015258789,119.87000274658203,120.0,159426560
2026-09-28 03:00:00+00:00,120.04000091552734,120.41999816894531,119.47000122070312,119.81999969482422,50326272
2026-09-28 04:00:00+00:00,119.83999633789062,120.19999694824219,119.19000244140625,119.95999908447266,15569664
2026-09-28 05:00:00+00:00,119.93000030517578,120.13999938964844,118.13999938964844,119.12000274658203,75854336
2026-09-28 06:00:00+00:00,119.11000061035156,119.45999908447266,118.27999877929688,118.69000244140625,56391424
2026-09-28 07:00:00+00:00,118.69999694824219,119.11000061035156,117.91999816894531,117.98999786376953,0
2026-09-28 08:00:00+00:00,118.0,118.55999755859375,117.94999694824219,118.30000305175781,0
2026-09-28 09:00:00+00:00,118.30000305175781,118.63999938964844,117.52999877929688,117.72000122070312,0
2026-09-28 10:00:00+00:00,117.73999786376953,118.7300033569336,117.73999786376953,118.43000030517578,0
2026-09-28 11:00:00+00:00,118.41999816894531,118.77999877929688,118.33000183105469,118.69000244140625,22260224
2026-09-28 12:00:00+00:00,118.63999938964844,120.19999694824219,118.45999908447266,119.98999786376953,152780288
2026-09-28 13:00:00+00:00,119.98999786376953,120.33000183105469,119.36000061035156,119.80999755859375,0
2026-09-28 14:00:00+00:00,119.76000213623047,119.76000213623047,117.41000366210938,118.0,49184256
2026-09-28 15:00:00+00:00,118.05999755859375,118.80999755859375,117.45999908447266,118.70999908447266,47312640
2026-09-28 16:00:00+00:00,118.68000030517578,120.36000061035156,118.23999786376953,119.19999694824219,107369984
